#pragma once
#include <cstdint>

static const uint16_t LOGO_DATA[] = {
  0x0000, 0x0000, 0x0000, 0x0000, 0x0000, 0x0000, 0x0000, 0x0000, 0x0000, 0x0000, 0x0000, 0x0000, 0x0000, 0x0000, 0x0000, 0x0000,
  0x0000, 0x0000, 0x0000, 0x0000, 0x0000, 0x0000, 0x0000, 0x0000, 0x0000, 0x0000, 0x0000, 0x0000, 0x0000, 0x0000, 0x0000, 0x0000,
  0x0000, 0x0000, 0x0000, 0x0000, 0x0000, 0x0000, 0x0000, 0x0000, 0x0000, 0x0000, 0x0000, 0x0000, 0x0000, 0x0000, 0x0000, 0x0000,
  0x0000, 0x0000, 0x0000, 0x0000, 0x0000, 0x0000, 0x0000, 0x0000, 0x0000, 0x0000, 0x0000, 0x0000, 0x0000, 0x0000, 0x0000, 0x0000,
  0x0000, 0x0000, 0x0000, 0x0000, 0x0000, 0x0000, 0x0000, 0x0000, 0x0000, 0x0000, 0x0000, 0x0000, 0x0000, 0x0000, 0x0000, 0x0000,
  0x0000, 0x0000, 0x0000, 0x0000, 0x0000, 0x0000, 0x0000, 0x0000, 0x0000, 0x0000, 0x0000, 0x0000, 0x0000, 0x0000, 0x0000, 0x0000,
  0x0000, 0x0000, 0x0000, 0x0000, 0x0000, 0x0000, 0x0000, 0x0000, 0x0000, 0x0000, 0x0000, 0x0000, 0x0000, 0x0000, 0x0000, 0x0000,
  0x0000, 0x0000, 0x0000, 0x0000, 0x0000, 0x0000, 0x0000, 0x0000, 0x0000, 0x0000, 0x0000, 0x0000, 0x0000, 0x0000, 0x0000, 0x0000,
  0x0000, 0x0000, 0x0000, 0x0000, 0x0000, 0x0000, 0x0000, 0x0000, 0x0000, 0x0000, 0x0000, 0x0000, 0x0000, 0x0000, 0x0000, 0x0000,
  0x0000, 0x0000, 0x0000, 0x0000, 0x0000, 0x0000, 0x0000, 0x0000, 0x0000, 0x0000, 0x0000, 0x0000, 0x0000, 0x0000, 0x0000, 0x0000,
  0x0000, 0x0000, 0x0000, 0x0000, 0x0000, 0x0000, 0x0000, 0x0000, 0x0000, 0x0000, 0x0000, 0x0000, 0x0000, 0x0000, 0x0000, 0x0000,
  0x0000, 0x0000, 0x0000, 0x0000, 0x0000, 0x0000, 0x0000, 0x0000, 0x0000, 0x0000, 0x0000, 0x0000, 0x0000, 0x0000, 0x0000, 0x0000,
  0x0000, 0x0000, 0x0000, 0x0000, 0x0000, 0x0000, 0x0000, 0x0000, 0x0000, 0x0000, 0x0000, 0x0000, 0x0000, 0x0000, 0x0000, 0x0000,
  0x0000, 0x0000, 0x0000, 0x0000, 0x0000, 0x0000, 0x0000, 0x0000, 0x0000, 0x0000, 0x0000, 0x0000, 0x0000, 0x0000, 0x0000, 0x0000,
  0x0000, 0x0000, 0x0000, 0x0000, 0x0000, 0x0000, 0x0000, 0x0000, 0x0000, 0x0000, 0x0000, 0x0000, 0x0000, 0x0000, 0x0000, 0x0000,
  0x0000, 0x0000, 0x0000, 0x0000, 0x0000, 0x0000, 0x0000, 0x0000, 0x0000, 0x0000, 0x0000, 0x0000, 0x0000, 0x0000, 0x0000, 0x0000,
  0x0000, 0x0000, 0x0000, 0x0000, 0x0000, 0x0000, 0x0000, 0x0000, 0x0000, 0x0000, 0x0000, 0x0000, 0x0000, 0x0000, 0x0000, 0x0000,
  0x0000, 0x0000, 0x0000, 0x0000, 0x0000, 0x0000, 0x0000, 0x0000, 0x0000, 0x0000, 0x0000, 0x0000, 0x0000, 0x0000, 0x0000, 0x0000,
  0x0000, 0x0000, 0x0000, 0x0000, 0x0000, 0x0000, 0x0000, 0x0000, 0x0000, 0x0000, 0x0000, 0x0000, 0x0000, 0x0000, 0x0000, 0x0000,
  0x0000, 0x0000, 0x0000, 0x0000, 0x0000, 0x0000, 0x0000, 0x0000, 0x0000, 0x0000, 0x0000, 0x0000, 0x0000, 0x0000, 0x0000, 0x0000,
  0x0000, 0x0000, 0x0000, 0x0000, 0x0000, 0x0000, 0x0000, 0x0000, 0x0000, 0x0000, 0x0000, 0x0000, 0x0000, 0x0000, 0x0000, 0x0000,
  0x0000, 0x0000, 0x0000, 0x0000, 0x0000, 0x0000, 0x0000, 0x0000, 0x0000, 0x0000, 0x0000, 0x0000, 0x0000, 0x0000, 0x0000, 0x0000,
  0x0000, 0x0000, 0x0000, 0x0000, 0x0000, 0x0000, 0x0000, 0x0000, 0x0000, 0x0000, 0x0000, 0x0000, 0x0000, 0x0000, 0x0000, 0x0000,
  0x0000, 0x0000, 0x0000, 0x0000, 0x0000, 0x0000, 0x0000, 0x0000, 0x0000, 0x0000, 0x0000, 0x0000, 0x0000, 0x0000, 0x0000, 0x0000,
  0x0000, 0x0000, 0x0000, 0x0000, 0x0000, 0x0000, 0x0000, 0x0000, 0x0000, 0x0000, 0x0000, 0x0000, 0x0000, 0x0000, 0x0000, 0x0000,
  0x0000, 0x0000, 0x0000, 0x0000, 0x0000, 0x0000, 0x0000, 0x0000, 0x0000, 0x0000, 0x0000, 0x0000, 0x0000, 0x0000, 0x0000, 0x0000,
  0x0000, 0x0000, 0x0000, 0x0000, 0x0000, 0x0000, 0x0000, 0x0000, 0x0000, 0x0000, 0x0000, 0x0000, 0x0000, 0x0000, 0x0000, 0x0000,
  0x0000, 0x0000, 0x0000, 0x0000, 0x0000, 0x0000, 0x0000, 0x0000, 0x0000, 0x0000, 0x0000, 0x0000, 0x0000, 0x0000, 0x0000, 0x0000,
  0x0000, 0x0000, 0x0000, 0x0000, 0x0000, 0x0000, 0x0000, 0x0000, 0x0000, 0x0000, 0x0000, 0x0000, 0x0000, 0x0000, 0x0000, 0x0000,
  0x0000, 0x0000, 0x0000, 0x0000, 0x0000, 0x0000, 0x0000, 0x0000, 0x0000, 0x0000, 0x0000, 0x0000, 0x0000, 0x0000, 0x0000, 0x0000,
  0x0000, 0x0000, 0x0000, 0x0000, 0x0000, 0x0000, 0x0000, 0x0000, 0x0000, 0x0000, 0x0000, 0x0000, 0x0000, 0x0000, 0x0000, 0x0000,
  0x0000, 0x0000, 0x0000, 0x0000, 0x0000, 0x0000, 0x0000, 0x0000, 0x0000, 0x0000, 0x0000, 0x0000, 0x0000, 0x0000, 0x0000, 0x0000,
  0x0000, 0x0000, 0x0000, 0x0000, 0x0000, 0x0000, 0x0000, 0x0000, 0x0000, 0x0000, 0x0000, 0x0000, 0x0000, 0x0000, 0x0000, 0x0000,
  0x0000, 0x0000, 0x0000, 0x0000, 0x0000, 0x0000, 0x0000, 0x0000, 0x0000, 0x0000, 0x0000, 0x0000, 0x0000, 0x0000, 0x0000, 0x0000,
  0x0000, 0x0000, 0x0000, 0x0000, 0x0000, 0x0000, 0x0000, 0x0000, 0x0000, 0x0000, 0x0000, 0x0000, 0x0000, 0x0000, 0x0000, 0x0000,
  0x0000, 0x0000, 0x0000, 0x0000, 0x0000, 0x0000, 0x0000, 0x0000, 0x0000, 0x0000, 0x0000, 0x0000, 0x0000, 0x0000, 0x0000, 0x0000,
  0x0000, 0x0000, 0x0000, 0x0000, 0x0000, 0x0000, 0x0000, 0x0000, 0x0000, 0x0000, 0x0000, 0x0000, 0x0000, 0x0000, 0x0000, 0x0000,
  0x0000, 0x0000, 0x0000, 0x0000, 0x0000, 0x0000, 0x0000, 0x0000, 0x0000, 0x0000, 0x0000, 0x0000, 0x0000, 0x0000, 0x0000, 0x0000,
  0x0000, 0x0000, 0x0000, 0x0000, 0x0000, 0x0000, 0x0000, 0x0000, 0x0000, 0x0000, 0x0000, 0x0000, 0x0000, 0x0000, 0x0000, 0x0000,
  0x0000, 0x0000, 0x0000, 0x0000, 0x0000, 0x0000, 0x0000, 0x0000, 0x0000, 0x0000, 0x0000, 0x0000, 0x0000, 0x0000, 0x0000, 0x0000,
  0x0000, 0x0000, 0x0000, 0x0000, 0x0000, 0x0000, 0x0000, 0x0000, 0x0000, 0x0000, 0x0000, 0x0000, 0x0000, 0x0000, 0x0000, 0x0000,
  0x0000, 0x0000, 0x0000, 0x0000, 0x0000, 0x0000, 0x0000, 0x0000, 0x0000, 0x0000, 0x0000, 0x0000, 0x0000, 0x0000, 0x0000, 0x0000,
  0x0000, 0x0000, 0x0000, 0x0000, 0x0000, 0x0000, 0x0000, 0x0000, 0x0000, 0x0000, 0x0000, 0x0000, 0x0000, 0x0000, 0x0000, 0x0000,
  0x0000, 0x0000, 0x0000, 0x0000, 0x0000, 0x0000, 0x0000, 0x0000, 0x0000, 0x0000, 0x0000, 0x0000, 0x0000, 0x0000, 0x0000, 0x0000,
  0x0000, 0x0000, 0x0000, 0x0000, 0x0000, 0x0000, 0x0000, 0x0000, 0x0000, 0x0000, 0x0000, 0x0000, 0x0000, 0x0000, 0x0000, 0x0000,
  0x0000, 0x0000, 0x0000, 0x0000, 0x0000, 0x0000, 0x0000, 0x0000, 0x0000, 0x0000, 0x0000, 0x0000, 0x0000, 0x0000, 0x0000, 0x0000,
  0x0000, 0x0000, 0x0000, 0x0000, 0x0000, 0x0000, 0x0000, 0x0000, 0x0000, 0x0000, 0x0000, 0x0000, 0x0000, 0x0000, 0x0000, 0x0000,
  0x0000, 0x0000, 0x0000, 0x0000, 0x0000, 0x0000, 0x0000, 0x0000, 0x0000, 0x0000, 0x0000, 0x0000, 0x0000, 0x0000, 0x0000, 0x0000,
  0x0000, 0x0000, 0x0000, 0x0000, 0x0000, 0x0000, 0x0000, 0x0000, 0x0000, 0x0000, 0x0000, 0x0000, 0x0000, 0x0000, 0x0000, 0x0000,
  0x0000, 0x0000, 0x0000, 0x0000, 0x0000, 0x0000, 0x0000, 0x0000, 0x0000, 0x0000, 0x0000, 0x0000, 0x0000, 0x0000, 0x0000, 0x0000,
  0x0000, 0x0000, 0x0000, 0x0000, 0x0000, 0x0000, 0x0000, 0x0000, 0x0000, 0x0000, 0x0000, 0x0000, 0x0000, 0x0000, 0x0000, 0x0000,
  0x0000, 0x0000, 0x0000, 0x0000, 0x0000, 0x0000, 0x0000, 0x0000, 0x0000, 0x0000, 0x0000, 0x0000, 0x0000, 0x0000, 0x0000, 0x0000,
  0x0000, 0x0000, 0x0000, 0x0000, 0x0000, 0x0000, 0x0000, 0x0000, 0x0000, 0x0000, 0x0000, 0x0000, 0x0000, 0x0000, 0x0000, 0x0000,
  0x0000, 0x0000, 0x0000, 0x0000, 0x0000, 0x0000, 0x0000, 0x0000, 0x0000, 0x0000, 0x0000, 0x0000, 0x0000, 0x0000, 0x0000, 0x0000,
  0x0000, 0x0000, 0x0000, 0x0000, 0x0000, 0x0000, 0x0000, 0x0000, 0x0000, 0x0000, 0x0000, 0x0000, 0x0000, 0x0000, 0x0000, 0x0000,
  0x0000, 0x0000, 0x0000, 0x0000, 0x0000, 0x0000, 0x0000, 0x0000, 0x0000, 0x0000, 0x0000, 0x0000, 0x0000, 0x0000, 0x0000, 0x0000,
  0x0000, 0x0000, 0x0000, 0x0000, 0x0000, 0x0000, 0x0000, 0x0000, 0x0000, 0x0000, 0x0000, 0x0000, 0x0000, 0x0000, 0x0000, 0x0000,
  0x0000, 0x0000, 0x0000, 0x0000, 0x0000, 0x0000, 0x0000, 0x0000, 0x0000, 0x0000, 0x0000, 0x0000, 0x0000, 0x0000, 0x0000, 0x0000,
  0x0000, 0x0000, 0x0000, 0x0000, 0x0000, 0x0000, 0x0000, 0x0000, 0x0000, 0x0000, 0x0000, 0x0000, 0x0000, 0x0000, 0x0000, 0x0000,
  0x0000, 0x0000, 0x0000, 0x0000, 0x0000, 0x0000, 0x0000, 0x0000, 0x0000, 0x0000, 0x0000, 0x0000, 0x0000, 0x0000, 0x0000, 0x0000,
  0x0000, 0x0000, 0x0000, 0x0000, 0x0000, 0x0000, 0x0000, 0x0000, 0x0000, 0x0000, 0x0000, 0x0000, 0x0000, 0x0000, 0x0000, 0x0000,
  0x0000, 0x0000, 0x0000, 0x0000, 0x0000, 0x0000, 0x0000, 0x0000, 0x0000, 0x0000, 0x0000, 0x0000, 0x0000, 0x0000, 0x0000, 0x0000,
  0x0000, 0x0000, 0x0000, 0x0000, 0x0000, 0x0000, 0x0000, 0x0000, 0x0000, 0x0000, 0x0000, 0x0000, 0x0000, 0x0000, 0x0000, 0x0000,
  0x0000, 0x0000, 0x0000, 0x0000, 0x0000, 0x0000, 0x0000, 0x0000, 0x0000, 0x0000, 0x0000, 0x0000, 0x0000, 0x0000, 0x0000, 0x0000,
  0x0000, 0x0000, 0x0000, 0x0000, 0x0000, 0x0000, 0x0000, 0x0000, 0x0000, 0x0000, 0x0000, 0x0000, 0x0000, 0x0000, 0x0000, 0x0000,
  0x0000, 0x0000, 0x0000, 0x0000, 0x0000, 0x0000, 0x0000, 0x0000, 0x0000, 0x0000, 0x0000, 0x0000, 0x0000, 0x0000, 0x0000, 0x0000,
  0x0000, 0x0000, 0x0000, 0x0000, 0x0000, 0x0000, 0x0000, 0x0000, 0x0000, 0x0000, 0x0000, 0x0000, 0x0000, 0x0000, 0x0000, 0x0000,
  0x0000, 0x0000, 0x0000, 0x0000, 0x0000, 0x0000, 0x0000, 0x0000, 0x0000, 0x0000, 0x0000, 0x0000, 0x0000, 0x0000, 0x0000, 0x0000,
  0x0000, 0x0000, 0x0000, 0x0000, 0x0000, 0x0000, 0x0000, 0x0000, 0x0000, 0x0000, 0x0000, 0x0000, 0x0000, 0x0000, 0x0000, 0x0000,
  0x0000, 0x0000, 0x0000, 0x0000, 0x0000, 0x0000, 0x0000, 0x0000, 0x0000, 0x0000, 0x0000, 0x0000, 0x0000, 0x0000, 0x0000, 0x0000,
  0x0000, 0x0000, 0x0000, 0x0000, 0x0000, 0x0000, 0x0000, 0x0000, 0x0000, 0x0000, 0x0000, 0x0000, 0x0000, 0x0000, 0x0000, 0x0000,
  0x0000, 0x0000, 0x0000, 0x0000, 0x0000, 0x0000, 0x0000, 0x0000, 0x0000, 0x0000, 0x0000, 0x0000, 0x0000, 0x0000, 0x0000, 0x0000,
  0x0000, 0x0000, 0x0000, 0x0000, 0x0000, 0x0000, 0x0000, 0x0000, 0x0000, 0x0000, 0x0000, 0x0000, 0x0000, 0x0000, 0x0000, 0x0000,
  0x0000, 0x0000, 0x0000, 0x0000, 0x0000, 0x0000, 0x0000, 0x0000, 0x0000, 0x0000, 0x0000, 0x0000, 0x0000, 0x0000, 0x0000, 0x0000,
  0x0000, 0x0000, 0x0000, 0x0000, 0x0000, 0x0000, 0x0000, 0x0000, 0x0000, 0x0000, 0x0000, 0x0000, 0x0000, 0x0000, 0x0000, 0x0000,
  0x0000, 0x0000, 0x0000, 0x0000, 0x0000, 0x0000, 0x0000, 0x0000, 0x0000, 0x0000, 0x0000, 0x0000, 0x0000, 0x0000, 0x0000, 0x0000,
  0x0000, 0x0000, 0x0000, 0x0000, 0x0000, 0x0000, 0x0000, 0x0000, 0x0000, 0x0000, 0x0000, 0x0000, 0x0000, 0x0000, 0x0000, 0x0000,
  0x0000, 0x0000, 0x0000, 0x0000, 0x0000, 0x0000, 0x0000, 0x0000, 0x0000, 0x0000, 0x0000, 0x0000, 0x0000, 0x0000, 0x0000, 0x0000,
  0x0000, 0x0000, 0x0000, 0x0000, 0x0000, 0x0000, 0x0000, 0x0000, 0x0000, 0x0000, 0x0000, 0x0000, 0x0000, 0x0000, 0x0000, 0x0000,
  0x0000, 0x0000, 0x0000, 0x0000, 0x0000, 0x0000, 0x0000, 0x0000, 0x0000, 0x0000, 0x0000, 0x0000, 0x0000, 0x0000, 0x0000, 0x0000,
  0x0000, 0x0000, 0x0000, 0x0000, 0x0000, 0x0000, 0x0000, 0x0000, 0x0000, 0x0000, 0x0000, 0x0000, 0x0000, 0x0000, 0x0000, 0x0000,
  0x0000, 0x0000, 0x0000, 0x0000, 0x0000, 0x0000, 0x0000, 0x0000, 0x0000, 0x0000, 0x0000, 0x0000, 0x0000, 0x0000, 0x0000, 0x0000,
  0x0000, 0x0000, 0x0000, 0x0000, 0x0000, 0x0000, 0x0000, 0x0000, 0x0000, 0x0000, 0x0000, 0x0000, 0x0000, 0x0000, 0x0000, 0x0000,
  0x0000, 0x0000, 0x0000, 0x0000, 0x0000, 0x0000, 0x0000, 0x0000, 0x0000, 0x0000, 0x0000, 0x0000, 0x0000, 0x0000, 0x0000, 0x0000,
  0x0000, 0x0000, 0x0000, 0x0000, 0x0000, 0x0000, 0x0000, 0x0000, 0x0000, 0x0000, 0x0000, 0x0000, 0x0000, 0x0000, 0x0000, 0x0000,
  0x0000, 0x0000, 0x0000, 0x0000, 0x0000, 0x0000, 0x0000, 0x0000, 0x0000, 0x0000, 0x0000, 0x0000, 0x0000, 0x0000, 0x0000, 0x0000,
  0x0000, 0x0000, 0x0000, 0x0000, 0x0000, 0x0000, 0x0000, 0x0000, 0x0000, 0x0000, 0x0000, 0x0000, 0x0000, 0x0000, 0x0000, 0x0000,
  0x0000, 0x0000, 0x0000, 0x0000, 0x0000, 0x0000, 0x0000, 0x0000, 0x0000, 0x0000, 0x0000, 0x0000, 0x0000, 0x0000, 0x0000, 0x0000,
  0x0000, 0x0000, 0x0000, 0x0000, 0x0000, 0x0000, 0x0000, 0x0000, 0x0000, 0x0000, 0x0000, 0x0000, 0x0000, 0x0000, 0x0000, 0x0000,
  0x0000, 0x0000, 0x0000, 0x0000, 0x0000, 0x0000, 0x0000, 0x0000, 0x0000, 0x0000, 0x0000, 0x0000, 0x0000, 0x0000, 0x0000, 0x0000,
  0x0000, 0x0000, 0x0000, 0x0000, 0x0000, 0x0000, 0x0000, 0x0000, 0x0000, 0x0000, 0x0000, 0x0000, 0x0000, 0x0000, 0x0000, 0x0000,
  0x0000, 0x0000, 0x0000, 0x0000, 0x0000, 0x0000, 0x0000, 0x0000, 0x0000, 0x0000, 0x0000, 0x0000, 0x0000, 0x0000, 0x0000, 0x0000,
  0x0000, 0x0000, 0x0000, 0x0000, 0x0000, 0x0000, 0x0000, 0x0000, 0x0000, 0x0000, 0x0000, 0x0000, 0x0000, 0x0000, 0x0000, 0x0000,
  0x0000, 0x0000, 0x0000, 0x0000, 0x0000, 0x0000, 0x0000, 0x0000, 0x0000, 0x0000, 0x0000, 0x0000, 0x0000, 0x0000, 0x0000, 0x0000,
  0x0000, 0x0000, 0x0000, 0x0000, 0x0000, 0x0000, 0x0000, 0x0000, 0x0000, 0x0000, 0x0000, 0x0000, 0x0000, 0x0000, 0x0000, 0x0000,
  0x0000, 0x0000, 0x0000, 0x0000, 0x0000, 0x0000, 0x0000, 0x0000, 0x0000, 0x0000, 0x0000, 0x0000, 0x0000, 0x0000, 0x0000, 0x0000,
  0x0000, 0x0000, 0x0000, 0x0000, 0x0000, 0x0000, 0x0000, 0x0000, 0x0000, 0x0000, 0x0000, 0x0000, 0x0000, 0x0000, 0x0000, 0x0000,
  0x0000, 0x0000, 0x0000, 0x0000, 0x0000, 0x0000, 0x0000, 0x0000, 0x0000, 0x0000, 0x0000, 0x0000, 0x0000, 0x0000, 0x0000, 0x0000,
  0x0000, 0x0000, 0x0000, 0x0000, 0x0000, 0x0000, 0x0000, 0x0000, 0x0000, 0x0000, 0x0000, 0x0000, 0x0000, 0x0000, 0x0000, 0x0000,
  0x0000, 0x0000, 0x0000, 0x0000, 0x0000, 0x0000, 0x0000, 0x0000, 0x0000, 0x0000, 0x0000, 0x0000, 0x0000, 0x0000, 0x0000, 0x0000,
  0x0000, 0x0000, 0x0000, 0x0000, 0x0000, 0x0000, 0x0000, 0x0000, 0x0000, 0x0000, 0x0000, 0x0000, 0x0000, 0x0000, 0x0000, 0x0000,
  0x0000, 0x0000, 0x0000, 0x0000, 0x0000, 0x0000, 0x0000, 0x0000, 0x0000, 0x0000, 0x0000, 0x0000, 0x0000, 0x0000, 0x0000, 0x0000,
  0x0000, 0x0000, 0x0000, 0x0000, 0x0000, 0x0000, 0x0000, 0x0000, 0x0000, 0x0000, 0x0000, 0x0000, 0x0000, 0x0000, 0x0000, 0x0000,
  0x0000, 0x0000, 0x0000, 0x0000, 0x0000, 0x0000, 0x0000, 0x0000, 0x0000, 0x0000, 0x0000, 0x0000, 0x0000, 0x0000, 0x0000, 0x0000,
  0x0000, 0x0000, 0x0000, 0x0000, 0x0000, 0x0000, 0x0000, 0x0000, 0x0000, 0x0000, 0x0000, 0x0000, 0x0000, 0x0000, 0x0000, 0x0000,
  0x0000, 0x0000, 0x0000, 0x0000, 0x0000, 0x0000, 0x0000, 0x0000, 0x0000, 0x0000, 0x0000, 0x0000, 0x0000, 0x0000, 0x0000, 0x0000,
  0x0000, 0x0000, 0x0000, 0x0000, 0x0000, 0x0000, 0x0000, 0x0000, 0x0000, 0x0000, 0x0000, 0x0000, 0x0000, 0x0000, 0x0000, 0x0000,
  0x0000, 0x0000, 0x0000, 0x0000, 0x0000, 0x0000, 0x0000, 0x0000, 0x0000, 0x0000, 0x0000, 0x0000, 0x0000, 0x0000, 0x0000, 0x0000,
  0x0000, 0x0000, 0x0000, 0x0000, 0x0000, 0x0000, 0x0000, 0x0000, 0x0000, 0x0000, 0x0000, 0x0000, 0x0000, 0x0000, 0x0000, 0x0000,
  0x0000, 0x0000, 0x0000, 0x0000, 0x0000, 0x0000, 0x0000, 0x0000, 0x0000, 0x0000, 0x0000, 0x0000, 0x0000, 0x0000, 0x0000, 0x0000,
  0x0000, 0x0000, 0x0000, 0x0000, 0x0000, 0x0000, 0x0000, 0x0000, 0x0000, 0x0000, 0x0000, 0x0000, 0x0000, 0x0000, 0x0000, 0x0000,
  0x0000, 0x0000, 0x0000, 0x0000, 0x0000, 0x0000, 0x0000, 0x0000, 0x0000, 0x0000, 0x0000, 0x0000, 0x0000, 0x0000, 0x0000, 0x0000,
  0x0000, 0x0000, 0x0000, 0x0000, 0x0000, 0x0000, 0x0000, 0x0000, 0x0000, 0x0000, 0x0000, 0x0000, 0x0000, 0x0000, 0x0000, 0x0000,
  0x0000, 0x0000, 0x0000, 0x0000, 0x0000, 0x0000, 0x0000, 0x0000, 0x0000, 0x0000, 0x0000, 0x0000, 0x0000, 0x0000, 0x0000, 0x0000,
  0x0000, 0x0000, 0x0000, 0x0000, 0x0000, 0x0000, 0x0000, 0x0000, 0x0000, 0x0000, 0x0000, 0x0000, 0x0000, 0x0000, 0x0000, 0x0000,
  0x0000, 0x0000, 0x0000, 0x0000, 0x0000, 0x0000, 0x0000, 0x0000, 0x0000, 0x0000, 0x0000, 0x0000, 0x0000, 0x0000, 0x0000, 0x0000,
  0x0000, 0x0000, 0x0000, 0x0000, 0x0000, 0x0000, 0x0000, 0x0000, 0x0000, 0x0000, 0x0000, 0x0000, 0x0000, 0x0000, 0x0000, 0x0000,
  0x0000, 0x0000, 0x0000, 0x0000, 0x0000, 0x0000, 0x0000, 0x0000, 0x0000, 0x0000, 0x0000, 0x0000, 0x0000, 0x0000, 0x0000, 0x0000,
  0x0000, 0x0000, 0x0000, 0x0000, 0x0000, 0x0000, 0x0000, 0x0000, 0x0000, 0x0000, 0x0000, 0x0000, 0x0000, 0x0000, 0x0000, 0x0000,
  0x0000, 0x0000, 0x0000, 0x0000, 0x0000, 0x0000, 0x0000, 0x0000, 0x0000, 0x0000, 0x0000, 0x0000, 0x0000, 0x0000, 0x0000, 0x0000,
  0x0000, 0x0000, 0x0000, 0x0000, 0x0000, 0x0000, 0x0000, 0x0000, 0x0000, 0x0000, 0x0000, 0x0000, 0x0000, 0x0000, 0x0000, 0x0000,
  0x0000, 0x0000, 0x0000, 0x0000, 0x0000, 0x0000, 0x0000, 0x0000, 0x0000, 0x0000, 0x0000, 0x0000, 0x0000, 0x0000, 0x0000, 0x0000,
  0x0000, 0x0000, 0x0000, 0x0000, 0x0000, 0x0000, 0x0000, 0x0000, 0x0000, 0x0000, 0x0000, 0x0000, 0x0000, 0x0000, 0x0000, 0x0000,
  0x0000, 0x0000, 0x0000, 0x0000, 0x0000, 0x0000, 0x0000, 0x0000, 0x0000, 0x0000, 0x0000, 0x0000, 0x0000, 0x0000, 0x0000, 0x0000,
  0x0000, 0x0000, 0x0000, 0x0000, 0x0000, 0x0000, 0x0000, 0x0000, 0x0000, 0x0000, 0x0000, 0x0000, 0x0000, 0x0000, 0x0000, 0x0000,
  0x0000, 0x0000, 0x0000, 0x0000, 0x0000, 0x0000, 0x0000, 0x0000, 0x0000, 0x0000, 0x0000, 0x0000, 0x0000, 0x0000, 0x0000, 0x0000,
  0x0000, 0x0000, 0x0000, 0x0000, 0x0000, 0x0000, 0x0000, 0x0000, 0x0000, 0x0000, 0x0000, 0x0000, 0x0000, 0x0000, 0x0000, 0x0000,
  0x0000, 0x0000, 0x0000, 0x0000, 0x0000, 0x0000, 0x0000, 0x0000, 0x0000, 0x0000, 0x0000, 0x0000, 0x0000, 0x0000, 0x0000, 0x0000,
  0x0000, 0x0000, 0x0000, 0x0000, 0x0000, 0x0000, 0x0000, 0x0000, 0x0000, 0x0000, 0x0000, 0x0000, 0x0000, 0x0000, 0x0000, 0x0000,
  0x0000, 0x0000, 0x0000, 0x0000, 0x0000, 0x0000, 0x0000, 0x0000, 0x0000, 0x0000, 0x0000, 0x0000, 0x0000, 0x0000, 0x0000, 0x0000,
  0x0000, 0x0000, 0x0000, 0x0000, 0x0000, 0x0000, 0x0000, 0x0000, 0x0000, 0x0000, 0x0000, 0x0000, 0x0000, 0x0000, 0x0000, 0x0000,
  0x0000, 0x0000, 0x0000, 0x0000, 0x0000, 0x0000, 0x0000, 0x0000, 0x0000, 0x0000, 0x0000, 0x0000, 0x0000, 0x0000, 0x0000, 0x0000,
  0x0000, 0x0000, 0x0000, 0x0000, 0x0000, 0x0000, 0x0000, 0x0000, 0x0000, 0x0000, 0x0000, 0x0000, 0x0000, 0x0000, 0x0000, 0x0000,
  0x0000, 0x0000, 0x0000, 0x0000, 0x0000, 0x0000, 0x0000, 0x0000, 0x0000, 0x0000, 0x0000, 0x0000, 0x0000, 0x0000, 0x0000, 0x0000,
  0x0000, 0x0000, 0x0000, 0x0000, 0x0000, 0x0000, 0x0000, 0x0000, 0x0000, 0x0000, 0x0000, 0x0000, 0x0000, 0x0000, 0x0000, 0x0000,
  0x0000, 0x0000, 0x0000, 0x0000, 0x0000, 0x0000, 0x0000, 0x0000, 0x0000, 0x0000, 0x0000, 0x0000, 0x0000, 0x0000, 0x0000, 0x0000,
  0x0000, 0x0000, 0x0000, 0x0000, 0x0000, 0x0000, 0x0000, 0x0000, 0x0000, 0x0000, 0x0000, 0x0000, 0x0000, 0x0000, 0x0000, 0x0000,
  0x0000, 0x0000, 0x0000, 0x0000, 0x0000, 0x0000, 0x0000, 0x0000, 0x0000, 0x0000, 0x0000, 0x0000, 0x0000, 0x0000, 0x0000, 0x0000,
  0x0000, 0x0000, 0x0000, 0x0000, 0x0000, 0x0000, 0x0000, 0x0000, 0x0000, 0x0000, 0x0000, 0x0000, 0x0000, 0x0000, 0x0000, 0x0000,
  0x0000, 0x0000, 0x0000, 0x0000, 0x0000, 0x0000, 0x0000, 0x0000, 0x0000, 0x0000, 0x0000, 0x0000, 0x0000, 0x0000, 0x0000, 0x0000,
  0x0000, 0x0000, 0x0000, 0x0000, 0x0000, 0x0000, 0x0000, 0x0000, 0x0000, 0x0000, 0x0000, 0x0000, 0x0000, 0x0000, 0x0000, 0x0000,
  0x0000, 0x0000, 0x0000, 0x0000, 0x0000, 0x0000, 0x0000, 0x0000, 0x0000, 0x0000, 0x0000, 0x0000, 0x0000, 0x0000, 0x0000, 0x0000,
  0x0000, 0x0000, 0x0000, 0x0000, 0x0000, 0x0000, 0x0000, 0x0000, 0x0000, 0x0000, 0x0000, 0x0000, 0x0000, 0x0000, 0x0000, 0x0000,
  0x0000, 0x0000, 0x0000, 0x0000, 0x0000, 0x0000, 0x0000, 0x0000, 0x0000, 0x0000, 0x0000, 0x0000, 0x0000, 0x0000, 0x0000, 0x0000,
  0x0000, 0x0000, 0x0000, 0x0000, 0x0000, 0x0000, 0x0000, 0x0000, 0x0000, 0x0000, 0x0000, 0x0000, 0x0000, 0x0000, 0x0000, 0x0000,
  0x0000, 0x0000, 0x0000, 0x0000, 0x0000, 0x0000, 0x0000, 0x0000, 0x0000, 0x0000, 0x0000, 0x0000, 0x0000, 0x0000, 0x0000, 0x0000,
  0x0000, 0x0000, 0x0000, 0x0000, 0x0000, 0x0000, 0x0000, 0x0000, 0x0000, 0x0000, 0x0000, 0x0000, 0x0000, 0x0000, 0x0000, 0x0000,
  0x0000, 0x0000, 0x0000, 0x0000, 0x0000, 0x0000, 0x0000, 0x0000, 0x0000, 0x0000, 0x0000, 0x0000, 0x0000, 0x0000, 0x0000, 0x0000,
  0x0000, 0x0000, 0x0000, 0x0000, 0x0000, 0x0000, 0x0000, 0x0000, 0x0000, 0x0000, 0x0000, 0x0000, 0x0000, 0x0000, 0x0000, 0x0000,
  0x0000, 0x0000, 0x0000, 0x0000, 0x0000, 0x0000, 0x0000, 0x0000, 0x0000, 0x0000, 0x0000, 0x0000, 0x0000, 0x0000, 0x0000, 0x0000,
  0x0000, 0x0000, 0x0000, 0x0000, 0x0000, 0x0000, 0x0000, 0x0000, 0x0000, 0x0000, 0x0000, 0x0000, 0x0000, 0x0000, 0x0000, 0x0000,
  0x0000, 0x0000, 0x0000, 0x0000, 0x0000, 0x0000, 0x0000, 0x0000, 0x0000, 0x0000, 0x0000, 0x0000, 0x0000, 0x0000, 0x0000, 0x0000,
  0x0000, 0x0000, 0x0000, 0x0000, 0x0000, 0x0000, 0x0000, 0x0000, 0x0000, 0x0000, 0x0000, 0x0000, 0x0000, 0x0000, 0x0000, 0x0000,
  0x0000, 0x0000, 0x0000, 0x0000, 0x0000, 0x0000, 0x0000, 0x0000, 0x0000, 0x0000, 0x0000, 0x0000, 0x0000, 0x0000, 0x0000, 0x0000,
  0x0000, 0x0000, 0x0000, 0x0000, 0x0000, 0x0000, 0x0000, 0x0000, 0x0000, 0x0000, 0x0000, 0x0000, 0x0000, 0x0000, 0x0000, 0x0000,
  0x0000, 0x0000, 0x0000, 0x0000, 0x0000, 0x0000, 0x0000, 0x0000, 0x0000, 0x0000, 0x0000, 0x0000, 0x0000, 0x0000, 0x0000, 0x0000,
  0x0000, 0x0000, 0x0000, 0x0000, 0x0000, 0x0000, 0x0000, 0x0000, 0x0000, 0x0000, 0x0000, 0x0000, 0x0000, 0x0000, 0x0000, 0x0000,
  0x0000, 0x0000, 0x0000, 0x0000, 0x0000, 0x0000, 0x0000, 0x0000, 0x0000, 0x0000, 0x0000, 0x0000, 0x0000, 0x0000, 0x0000, 0x0000,
  0x0000, 0x0000, 0x0000, 0x0000, 0x0000, 0x0000, 0x0000, 0x0000, 0x0000, 0x0000, 0x0000, 0x0000, 0x0000, 0x0000, 0x0000, 0x0000,
  0x0000, 0x0000, 0x0000, 0x0000, 0x0000, 0x0000, 0x0000, 0x0000, 0x0000, 0x0000, 0x0000, 0x0000, 0x0000, 0x0000, 0x0000, 0x0000,
  0x0000, 0x0000, 0x0000, 0x0000, 0x0000, 0x0000, 0x0000, 0x0000, 0x0000, 0x0000, 0x0000, 0x0000, 0x0000, 0x0000, 0x0000, 0x0000,
  0x0000, 0x0000, 0x0000, 0x0000, 0x0000, 0x0000, 0x0000, 0x0000, 0x0000, 0x0000, 0x0000, 0x0000, 0x0000, 0x0000, 0x0000, 0x0000,
  0x0000, 0x0000, 0x0000, 0x0000, 0x0000, 0x0000, 0x0000, 0x0000, 0x0000, 0x0000, 0x0000, 0x0000, 0x0000, 0x0000, 0x0000, 0x0000,
  0x0000, 0x0000, 0x0000, 0x0000, 0x0000, 0x0000, 0x0000, 0x0000, 0x0000, 0x0000, 0x0000, 0x0000, 0x0000, 0x0000, 0x0000, 0x0000,
  0x0000, 0x0000, 0x0000, 0x0000, 0x0000, 0x0000, 0x0000, 0x0000, 0x0000, 0x0000, 0x0000, 0x0000, 0x0000, 0x0000, 0x0000, 0x0000,
  0x0000, 0x0000, 0x0000, 0x0000, 0x0000, 0x0000, 0x0000, 0x0000, 0x0000, 0x0000, 0x0000, 0x0000, 0x0000, 0x0000, 0x0000, 0x0000,
  0x0000, 0x0000, 0x0000, 0x0000, 0x0000, 0x0000, 0x0000, 0x0000, 0x0000, 0x0000, 0x0000, 0x0000, 0x0000, 0x0000, 0x0000, 0x0000,
  0x0000, 0x0000, 0x0000, 0x0000, 0x0000, 0x0000, 0x0000, 0x0000, 0x0000, 0x0000, 0x0000, 0x0000, 0x0000, 0x0000, 0x0000, 0x0000,
  0x0000, 0x0000, 0x0000, 0x0000, 0x0000, 0x0000, 0x0000, 0x0000, 0x0000, 0x0000, 0x0000, 0x0000, 0x0000, 0x0000, 0x0000, 0x0000,
  0x0000, 0x0000, 0x0000, 0x0000, 0x0000, 0x0000, 0x0000, 0x0000, 0x0000, 0x0000, 0x0000, 0x0000, 0x0000, 0x0000, 0x0000, 0x0000,
  0x0000, 0x0000, 0x0000, 0x0000, 0x0000, 0x0000, 0x0000, 0x0000, 0x0000, 0x0000, 0x0000, 0x0000, 0x0000, 0x0000, 0x0000, 0x0000,
  0x0000, 0x0000, 0x0000, 0x0000, 0x0000, 0x0000, 0x0000, 0x0000, 0x0000, 0x0000, 0x0000, 0x0000, 0x0000, 0x0000, 0x0000, 0x0000,
  0x0000, 0x0000, 0x0000, 0x0000, 0x0000, 0x0000, 0x0000, 0x0000, 0x0000, 0x0000, 0x0000, 0x0000, 0x0000, 0x0000, 0x0000, 0x0000,
  0x0000, 0x0000, 0x0000, 0x0000, 0x0000, 0x0000, 0x0000, 0x0000, 0x0000, 0x0000, 0x0000, 0x0000, 0x0000, 0x0000, 0x0000, 0x0000,
  0x0000, 0x0000, 0x0000, 0x0000, 0x0000, 0x0000, 0x0000, 0x0000, 0x0000, 0x0000, 0x0000, 0x0000, 0x0000, 0x0000, 0x0000, 0x0000,
  0x0000, 0x0000, 0x0000, 0x0000, 0x0000, 0x0000, 0x0000, 0x0000, 0x0000, 0x0000, 0x0000, 0x0000, 0x0000, 0x0000, 0x0000, 0x0000,
  0x0000, 0x0000, 0x0000, 0x0000, 0x0000, 0x0000, 0x0000, 0x0000, 0x0000, 0x0000, 0x0000, 0x0000, 0x0000, 0x0000, 0x0000, 0x0000,
  0x0000, 0x0000, 0x0000, 0x0000, 0x0000, 0x0000, 0x0000, 0x0000, 0x0000, 0x0000, 0x0000, 0x0000, 0x0000, 0x0000, 0x0000, 0x0000,
  0x0000, 0x0000, 0x0000, 0x0000, 0x0000, 0x0000, 0x0000, 0x0000, 0x0000, 0x0000, 0x0000, 0x0000, 0x0000, 0x0000, 0x0000, 0x0000,
  0x0000, 0x0000, 0x0000, 0x0000, 0x0000, 0x0000, 0x0000, 0x0000, 0x0000, 0x0000, 0x0000, 0x0000, 0x0000, 0x0000, 0x0000, 0x0000,
  0x0000, 0x0000, 0x0000, 0x0000, 0x0000, 0x0000, 0x0000, 0x0000, 0x0000, 0x0000, 0x0000, 0x0000, 0x0000, 0x0000, 0x0000, 0x0000,
  0x0000, 0x0000, 0x0000, 0x0000, 0x0000, 0x0000, 0x0000, 0x0000, 0x0000, 0x0000, 0x0000, 0x0000, 0x0000, 0x0000, 0x0000, 0x0000,
  0x0000, 0x0000, 0x0000, 0x0000, 0x0000, 0x0000, 0x0000, 0x0000, 0x0000, 0x0000, 0x0000, 0x0000, 0x0000, 0x0000, 0x0000, 0x0000,
  0x0000, 0x0000, 0x0000, 0x0000, 0x0000, 0x0000, 0x0000, 0x0000, 0x0000, 0x0000, 0x0000, 0x0000, 0x0000, 0x0000, 0x0000, 0x0000,
  0x0000, 0x0000, 0x0000, 0x0000, 0x0000, 0x0000, 0x0000, 0x0000, 0x0000, 0x0000, 0x0000, 0x0000, 0x0000, 0x0000, 0x0000, 0x0000,
  0x0000, 0x0000, 0x0000, 0x0000, 0x0000, 0x0000, 0x0000, 0x0000, 0x0000, 0x0000, 0x0000, 0x0000, 0x0000, 0x0000, 0x0000, 0x0000,
  0x0000, 0x0000, 0x0000, 0x0000, 0x0000, 0x0000, 0x0000, 0x0000, 0x0000, 0x0000, 0x0000, 0x0000, 0x0000, 0x0000, 0x0000, 0x0000,
  0x0000, 0x0000, 0x0000, 0x0000, 0x0000, 0x0000, 0x0000, 0x0000, 0x0000, 0x0000, 0x0000, 0x0000, 0x0000, 0x0000, 0x0000, 0x0000,
  0x0000, 0x0000, 0x0000, 0x0000, 0x0000, 0x0000, 0x0000, 0x0000, 0x0000, 0x0000, 0x0000, 0x0000, 0x0000, 0x0000, 0x0000, 0x0000,
  0x0000, 0x0000, 0x0000, 0x0000, 0x0000, 0x0000, 0x0000, 0x0000, 0x0000, 0x0000, 0x0000, 0x0000, 0x0000, 0x0000, 0x0000, 0x0000,
  0x0000, 0x0000, 0x0000, 0x0000, 0x0000, 0x0000, 0x0000, 0x0000, 0x0000, 0x0000, 0x0000, 0x0000, 0x0000, 0x0000, 0x0000, 0x0000,
  0x0000, 0x0000, 0x0000, 0x0000, 0x0000, 0x0000, 0x0000, 0x0000, 0x0000, 0x0000, 0x0000, 0x0000, 0x0000, 0x0000, 0x0000, 0x0000,
  0x0000, 0x0000, 0x0000, 0x0000, 0x0000, 0x0000, 0x0000, 0x0000, 0x0000, 0x0000, 0x0000, 0x0000, 0x0000, 0x0000, 0x0000, 0x0000,
  0x0000, 0x0000, 0x0000, 0x0000, 0x0000, 0x0000, 0x0000, 0x0000, 0x0000, 0x0000, 0x0000, 0x0000, 0x0000, 0x0000, 0x0000, 0x0000,
  0x0000, 0x0000, 0x0000, 0x0000, 0x0000, 0x0000, 0x0000, 0x0000, 0x0000, 0x0000, 0x0000, 0x0000, 0x0000, 0x0000, 0x0000, 0x0000,
  0x0000, 0x0000, 0x0000, 0x0000, 0x0000, 0x0000, 0x0000, 0x0000, 0x0000, 0x0000, 0x0000, 0x0000, 0x0000, 0x0000, 0x0000, 0x0000,
  0x0000, 0x0000, 0x0000, 0x0000, 0x0000, 0x0000, 0x0000, 0x0000, 0x0000, 0x0000, 0x0000, 0x0000, 0x0000, 0x0000, 0x0000, 0x0000,
  0x0000, 0x0000, 0x0000, 0x0000, 0x0000, 0x0000, 0x0000, 0x0000, 0x0000, 0x0000, 0x0000, 0x0000, 0x0000, 0x0000, 0x0000, 0x0000,
  0x0000, 0x0000, 0x0000, 0x0000, 0x0000, 0x0000, 0x0000, 0x0000, 0x0000, 0x0000, 0x0000, 0x0000, 0x0000, 0x0000, 0x0000, 0x0000,
  0x0000, 0x0000, 0x0000, 0x0000, 0x0000, 0x0000, 0x0000, 0x0000, 0x0000, 0x0000, 0x0000, 0x0000, 0x0000, 0x0000, 0x0000, 0x0000,
  0x0000, 0x0000, 0x0000, 0x0000, 0x0000, 0x0000, 0x0000, 0x0000, 0x0000, 0x0000, 0x0000, 0x0000, 0x0000, 0x0000, 0x0000, 0x0000,
  0x0000, 0x0000, 0x0000, 0x0000, 0x0000, 0x0000, 0x0000, 0x0000, 0x0000, 0x0000, 0x0000, 0x0000, 0x0000, 0x0000, 0x0000, 0x0000,
  0x0000, 0x0000, 0x0000, 0x0000, 0x0000, 0x0000, 0x0000, 0x0000, 0x0000, 0x0000, 0x0000, 0x0000, 0x0000, 0x0000, 0x0000, 0x0000,
  0x0000, 0x0000, 0x0000, 0x0000, 0x0000, 0x0000, 0x0000, 0x0000, 0x0000, 0x0000, 0x0000, 0x0000, 0x0000, 0x0000, 0x0000, 0x0000,
  0x0000, 0x0000, 0x0000, 0x0000, 0x0000, 0x0000, 0x0000, 0x0000, 0x0000, 0x0000, 0x0000, 0x0000, 0x0000, 0x0000, 0x0000, 0x0000,
  0x0000, 0x0000, 0x0000, 0x0000, 0x0000, 0x0000, 0x0000, 0x0000, 0x0000, 0x0000, 0x0000, 0x0000, 0x0000, 0x0000, 0x0000, 0x0000,
  0x0000, 0x0000, 0x0000, 0x0000, 0x0000, 0x0000, 0x0000, 0x0000, 0x0000, 0x0000, 0x0000, 0x0000, 0x0000, 0x0000, 0x0000, 0x0000,
  0x0000, 0x0000, 0x0000, 0x0000, 0x0000, 0x0000, 0x0000, 0x0000, 0x0000, 0x0000, 0x0000, 0x0000, 0x0000, 0x0000, 0x0000, 0x0000,
  0x0000, 0x0000, 0x0000, 0x0000, 0x0000, 0x0000, 0x0000, 0x0000, 0x0000, 0x0000, 0x0000, 0x0000, 0x0000, 0x0000, 0x0000, 0x0000,
  0x0000, 0x0000, 0x0000, 0x0000, 0x0000, 0x0000, 0x0000, 0x0000, 0x0000, 0x0000, 0x0000, 0x0000, 0x0000, 0x0000, 0x0000, 0x0000,
  0x0000, 0x0000, 0x0000, 0x0000, 0x0000, 0x0000, 0x0000, 0x0000, 0x0000, 0x0000, 0x0000, 0x0000, 0x0000, 0x0000, 0x0000, 0x0000,
  0x0000, 0x0000, 0x0000, 0x0000, 0x0000, 0x0000, 0x0000, 0x0000, 0x0000, 0x0000, 0x0000, 0x0000, 0x0000, 0x0000, 0x0000, 0x0000,
  0x0000, 0x0000, 0x0000, 0x0000, 0x0000, 0x0000, 0x0000, 0x0000, 0x0000, 0x0000, 0x0000, 0x0000, 0x0000, 0x0000, 0x0000, 0x0000,
  0x0000, 0x0000, 0x0000, 0x0000, 0x0000, 0x0000, 0x0000, 0x0000, 0x0000, 0x0000, 0x0000, 0x0000, 0x0000, 0x0000, 0x0000, 0x0000,
  0x0000, 0x0000, 0x0000, 0x0000, 0x0000, 0x0000, 0x0000, 0x0000, 0x0000, 0x0000, 0x0000, 0x0000, 0x0000, 0x0000, 0x0000, 0x0000,
  0x0000, 0x0000, 0x0000, 0x0000, 0x0000, 0x0000, 0x0000, 0x0000, 0x0000, 0x0000, 0x0000, 0x0000, 0x0000, 0x0000, 0x0000, 0x0000,
  0x0000, 0x0000, 0x0000, 0x0000, 0x0000, 0x0000, 0x0000, 0x0000, 0x0000, 0x0000, 0x0000, 0x0000, 0x0000, 0x0000, 0x0000, 0x0000,
  0x0000, 0x0000, 0x0000, 0x0000, 0x0000, 0x0000, 0x0000, 0x0000, 0x0000, 0x0000, 0x0000, 0x0000, 0x0000, 0x0000, 0x0000, 0x0000,
  0x0000, 0x0000, 0x0000, 0x0000, 0x0000, 0x0000, 0x0000, 0x0000, 0x0000, 0x0000, 0x0000, 0x0000, 0x0000, 0x0000, 0x0000, 0x0000,
  0x0000, 0x0000, 0x0000, 0x0000, 0x0000, 0x0000, 0x0000, 0x0000, 0x0000, 0x0000, 0x0000, 0x0000, 0x0000, 0x0000, 0x0000, 0x0000,
  0x0000, 0x0000, 0x0000, 0x0000, 0x0000, 0x0000, 0x0000, 0x0000, 0x0000, 0x0000, 0x0000, 0x0000, 0x0000, 0x0000, 0x0000, 0x0000,
  0x0000, 0x0000, 0x0000, 0x0000, 0x0000, 0x0000, 0x0000, 0x0000, 0x0000, 0x0000, 0x0000, 0x0000, 0x0000, 0x0000, 0x0000, 0x0000,
  0x0000, 0x0000, 0x0000, 0x0000, 0x0000, 0x0000, 0x0000, 0x0000, 0x0000, 0x0000, 0x0000, 0x0000, 0x0000, 0x0000, 0x0000, 0x0000,
  0x0000, 0x0000, 0x0000, 0x0000, 0x0000, 0x0000, 0x0000, 0x0000, 0x0000, 0x0000, 0x0000, 0x0000, 0x0000, 0x0000, 0x0000, 0x0000,
  0x0000, 0x0000, 0x0000, 0x0000, 0x0000, 0x0000, 0x0000, 0x0000, 0x0000, 0x0000, 0x0000, 0x0000, 0x0000, 0x0000, 0x0000, 0x0000,
  0x0000, 0x0000, 0x0000, 0x0000, 0x0000, 0x0000, 0x0000, 0x0000, 0x0000, 0x0000, 0x0000, 0x0000, 0x0000, 0x0000, 0x0000, 0x0000,
  0x0000, 0x0000, 0x0000, 0x0000, 0x0000, 0x0000, 0x0000, 0x0000, 0x0000, 0x0000, 0x0000, 0x0000, 0x0000, 0x0000, 0x0000, 0x0000,
  0x0000, 0x0000, 0x0000, 0x0000, 0x0000, 0x0000, 0x0000, 0x0000, 0x0000, 0x0000, 0x0000, 0x0000, 0x0000, 0x0000, 0x0000, 0x0000,
  0x0000, 0x0000, 0x0000, 0x0000, 0x0000, 0x0000, 0x0000, 0x0000, 0x0000, 0x0000, 0x0000, 0x0000, 0x0000, 0x0000, 0x0000, 0x0000,
  0x0000, 0x0000, 0x0000, 0x0000, 0x0000, 0x0000, 0x0000, 0x0000, 0x0000, 0x0000, 0x0000, 0x0000, 0x0000, 0x0000, 0x0000, 0x0000,
  0x0000, 0x0000, 0x0000, 0x0000, 0x0000, 0x0000, 0x0000, 0x0000, 0x0000, 0x0000, 0x0000, 0x0000, 0x0000, 0x0000, 0x0000, 0x0000,
  0x0000, 0x0000, 0x0000, 0x0000, 0x0000, 0x0000, 0x0000, 0x0000, 0x0000, 0x0000, 0x0000, 0x0000, 0x0000, 0x0000, 0x0000, 0x0000,
  0x0000, 0x0000, 0x0000, 0x0000, 0x0000, 0x0000, 0x0000, 0x0000, 0x0000, 0x0000, 0x0000, 0x0000, 0x0000, 0x0000, 0x0000, 0x0000,
  0x0000, 0x0000, 0x0000, 0x0000, 0x0000, 0x0000, 0x0000, 0x0000, 0x0000, 0x0000, 0x0000, 0x0000, 0x0000, 0x0000, 0x0000, 0x0000,
  0x0000, 0x0000, 0x0000, 0x0000, 0x0000, 0x0000, 0x0000, 0x0000, 0x0000, 0x0000, 0x0000, 0x0000, 0x0000, 0x0000, 0x0000, 0x0000,
  0x0000, 0x0000, 0x0000, 0x0000, 0x0000, 0x0000, 0x0000, 0x0000, 0x0000, 0x0000, 0x0000, 0x0000, 0x0000, 0x0000, 0x0000, 0x0000,
  0x0000, 0x0000, 0x0000, 0x0000, 0x0000, 0x0000, 0x0000, 0x0000, 0x0000, 0x0000, 0x0000, 0x0000, 0x0000, 0x0000, 0x0000, 0x0000,
  0x0000, 0x0000, 0x0000, 0x0000, 0x0000, 0x0000, 0x0000, 0x0000, 0x0000, 0x0000, 0x0000, 0x0000, 0x0000, 0x0000, 0x0000, 0x0000,
  0x0000, 0x0000, 0x0000, 0x0000, 0x0000, 0x0000, 0x0000, 0x0000, 0x0000, 0x0000, 0x0000, 0x0000, 0x0000, 0x0000, 0x0000, 0x0000,
  0x0000, 0x0000, 0x0000, 0x0000, 0x0000, 0x0000, 0x0000, 0x0000, 0x0000, 0x0000, 0x0000, 0x0000, 0x0000, 0x0000, 0x0000, 0x0000,
  0x0000, 0x0000, 0x0000, 0x0000, 0x0000, 0x0000, 0x0000, 0x0000, 0x0000, 0x0000, 0x0000, 0x0000, 0x0000, 0x0000, 0x0000, 0x0000,
  0x0000, 0x0000, 0x0000, 0x0000, 0x0000, 0x0000, 0x0000, 0x0000, 0x0000, 0x0000, 0x0000, 0x0000, 0x0000, 0x0000, 0x0000, 0x0000,
  0x0000, 0x0000, 0x0000, 0x0000, 0x0000, 0x0000, 0x0000, 0x0000, 0x0000, 0x0000, 0x0000, 0x0000, 0x0000, 0x0000, 0x0000, 0x0000,
  0x0000, 0x0000, 0x0000, 0x0000, 0x0000, 0x0000, 0x0000, 0x0000, 0x0000, 0x0000, 0x0000, 0x0000, 0x0000, 0x0000, 0x0000, 0x0000,
  0x0000, 0x0000, 0x0000, 0x0000, 0x0000, 0x0000, 0x0000, 0x0000, 0x0000, 0x0000, 0x0000, 0x0000, 0x0000, 0x0000, 0x0000, 0x0000,
  0x0000, 0x0000, 0x0000, 0x0000, 0x0000, 0x0000, 0x0000, 0x0000, 0x0000, 0x0000, 0x0000, 0x0000, 0x0000, 0x0000, 0x0000, 0x0000,
  0x0000, 0x0000, 0x0000, 0x0000, 0x0000, 0x0000, 0x0000, 0x0000, 0x0000, 0x0000, 0x0000, 0x0000, 0x0000, 0x0000, 0x0000, 0x0000,
  0x0000, 0x0000, 0x0000, 0x0000, 0x0000, 0x0000, 0x0000, 0x0000, 0x0000, 0x0000, 0x0000, 0x0000, 0x0000, 0x0000, 0x0000, 0x0000,
  0x0000, 0x0000, 0x0000, 0x0000, 0x0000, 0x0000, 0x0000, 0x0000, 0x0000, 0x0000, 0x0000, 0x0000, 0x0000, 0x0000, 0x0000, 0x0000,
  0x0000, 0x0000, 0x0000, 0x0000, 0x0000, 0x0000, 0x0000, 0x0000, 0x0000, 0x0000, 0x0000, 0x0000, 0x0000, 0x0000, 0x0000, 0x0000,
  0x0000, 0x0000, 0x0000, 0x0000, 0x0000, 0x0000, 0x0000, 0x0000, 0x0000, 0x0000, 0x0000, 0x0000, 0x0000, 0x0000, 0x0000, 0x0000,
  0x0000, 0x0000, 0x0000, 0x0000, 0x0000, 0x0000, 0x0000, 0x0000, 0x0000, 0x0000, 0x0000, 0x0000, 0x0000, 0x0000, 0x0000, 0x0000,
  0x0000, 0x0000, 0x0000, 0x0000, 0x0000, 0x0000, 0x0000, 0x0000, 0x0000, 0x0000, 0x0000, 0x0000, 0x0000, 0x0000, 0x0000, 0x0000,
  0x0000, 0x0000, 0x0000, 0x0000, 0x0000, 0x0000, 0x0000, 0x0000, 0x0000, 0x0000, 0x0000, 0x0000, 0x0000, 0x0000, 0x0000, 0x0000,
  0x0000, 0x0000, 0x0000, 0x0000, 0x0000, 0x0000, 0x0000, 0x0000, 0x0000, 0x0000, 0x0000, 0x0000, 0x0000, 0x0000, 0x0000, 0x0000,
  0x0000, 0x0000, 0x0000, 0x0000, 0x0000, 0x0000, 0x0000, 0x0000, 0x0000, 0x0000, 0x0000, 0x0000, 0x0000, 0x0000, 0x0000, 0x0000,
  0x0000, 0x0000, 0x0000, 0x0000, 0x0000, 0x0000, 0x0000, 0x0000, 0x0000, 0x0000, 0x0000, 0x0000, 0x0000, 0x0000, 0x0000, 0x0000,
  0x0000, 0x0000, 0x0000, 0x0000, 0x0000, 0x0000, 0x0000, 0x0000, 0x0000, 0x0000, 0x0000, 0x0000, 0x0000, 0x0000, 0x0000, 0x0000,
  0x0000, 0x0000, 0x0000, 0x0000, 0x0000, 0x0000, 0x0000, 0x0000, 0x0000, 0x0000, 0x0000, 0x0000, 0x0000, 0x0000, 0x0000, 0x0000,
  0x0000, 0x0000, 0x0000, 0x0000, 0x0000, 0x0000, 0x0000, 0x0000, 0x0000, 0x0000, 0x0000, 0x0000, 0x0000, 0x0000, 0x0000, 0x0000,
  0x0000, 0x0000, 0x0000, 0x0000, 0x0000, 0x0000, 0x0000, 0x0000, 0x0000, 0x0000, 0x0000, 0x0000, 0x0000, 0x0000, 0x0000, 0x0000,
  0x0000, 0x0000, 0x0000, 0x0000, 0x0000, 0x0000, 0x0000, 0x0000, 0x0000, 0x0000, 0x0000, 0x0000, 0x0000, 0x0000, 0x0000, 0x0000,
  0x0000, 0x0000, 0x0000, 0x0000, 0x0000, 0x0000, 0x0000, 0x0000, 0x0000, 0x0000, 0x0000, 0x0000, 0x0000, 0x0000, 0x0000, 0x0000,
  0x0000, 0x0000, 0x0000, 0x0000, 0x0000, 0x0000, 0x0000, 0x0000, 0x0000, 0x0000, 0x0000, 0x0000, 0x0000, 0x0000, 0x0000, 0x0000,
  0x0000, 0x0000, 0x0000, 0x0000, 0x0000, 0x0000, 0x0000, 0x0000, 0x0000, 0x0000, 0x0000, 0x0000, 0x0000, 0x0000, 0x0000, 0x0000,
  0x0000, 0x0000, 0x0000, 0x0000, 0x0000, 0x0000, 0x0000, 0x0000, 0x0000, 0x0000, 0x0000, 0x0000, 0x0000, 0x0000, 0x0000, 0x0000,
  0x0000, 0x0000, 0x0000, 0x0000, 0x0000, 0x0000, 0x0000, 0x0000, 0x0000, 0x0000, 0x0000, 0x0000, 0x0000, 0x0000, 0x0000, 0x0000,
  0x0000, 0x0000, 0x0000, 0x0000, 0x0000, 0x0000, 0x0000, 0x0000, 0x0000, 0x0000, 0x0000, 0x0000, 0x0000, 0x0000, 0x0000, 0x0000,
  0x0000, 0x0000, 0x0000, 0x0000, 0x0000, 0x0000, 0x0000, 0x0000, 0x0000, 0x0000, 0x0000, 0x0000, 0x0000, 0x0000, 0x0000, 0x0000,
  0x0000, 0x0000, 0x0000, 0x0000, 0x0000, 0x0000, 0x0000, 0x0000, 0x0000, 0x0000, 0x0000, 0x0000, 0x0000, 0x0000, 0x0000, 0x0000,
  0x0000, 0x0000, 0x0000, 0x0000, 0x0000, 0x0000, 0x0000, 0x0000, 0x0000, 0x0000, 0x0000, 0x0000, 0x0000, 0x0000, 0x0000, 0x0000,
  0x0000, 0x0000, 0x0000, 0x0000, 0x0000, 0x0000, 0x0000, 0x0000, 0x0000, 0x0000, 0x0000, 0x0000, 0x0000, 0x0000, 0x0000, 0x0000,
  0x0000, 0x0000, 0x0000, 0x0000, 0x0000, 0x0000, 0x0000, 0x0000, 0x0000, 0x0000, 0x0000, 0x0000, 0x0000, 0x0000, 0x0000, 0x0000,
  0x0000, 0x0000, 0x0000, 0x0000, 0x0000, 0x0000, 0x0000, 0x0000, 0x0000, 0x0000, 0x0000, 0x0000, 0x0000, 0x0000, 0x0000, 0x0000,
  0x0000, 0x0000, 0x0000, 0x0000, 0x0000, 0x0000, 0x0000, 0x0000, 0x0000, 0x0000, 0x0000, 0x0000, 0x0000, 0x0000, 0x0000, 0x0000,
  0x0000, 0x0000, 0x0000, 0x0000, 0x0000, 0x0000, 0x0000, 0x0000, 0x0000, 0x0000, 0x0000, 0x0000, 0x0000, 0x0000, 0x0000, 0x0000,
  0x0000, 0x0000, 0x0000, 0x0000, 0x0000, 0x0000, 0x0000, 0x0000, 0x0000, 0x0000, 0x0000, 0x0000, 0x0000, 0x0000, 0x0000, 0x0000,
  0x0000, 0x0000, 0x0000, 0x0000, 0x0000, 0x0000, 0x0000, 0x0000, 0x0000, 0x0000, 0x0000, 0x0000, 0x0000, 0x0000, 0x0000, 0x0000,
  0x0000, 0x0000, 0x0000, 0x0000, 0x0000, 0x0000, 0x0000, 0x0000, 0x0000, 0x0000, 0x0000, 0x0000, 0x0000, 0x0000, 0x0000, 0x0000,
  0x0000, 0x0000, 0x0000, 0x0000, 0x0000, 0x0000, 0x0000, 0x0000, 0x0000, 0x0000, 0x0000, 0x0000, 0x0000, 0x0000, 0x0000, 0x0000,
  0x0000, 0x0000, 0x0000, 0x0000, 0x0000, 0x0000, 0x0000, 0x0000, 0x0000, 0x0000, 0x0000, 0x0000, 0x0000, 0x0000, 0x0000, 0x0000,
  0x0000, 0x0000, 0x0000, 0x0000, 0x0000, 0x0000, 0x0000, 0x0000, 0x0000, 0x0000, 0x0000, 0x0000, 0x0000, 0x0000, 0x0000, 0x0000,
  0x0000, 0x0000, 0x0000, 0x0000, 0x0000, 0x0000, 0x0000, 0x0000, 0x0000, 0x0000, 0x0000, 0x0000, 0x0000, 0x0000, 0x0000, 0x0000,
  0x0000, 0x0000, 0x0000, 0x0000, 0x0000, 0x0000, 0x0000, 0x0000, 0x0000, 0x0000, 0x0000, 0x0000, 0x0000, 0x0000, 0x0000, 0x0000,
  0x0000, 0x0000, 0x0000, 0x0000, 0x0000, 0x0000, 0x0000, 0x0000, 0x0000, 0x0000, 0x0000, 0x0000, 0x0000, 0x0000, 0x0000, 0x0000,
  0x0000, 0x0000, 0x0000, 0x0000, 0x0000, 0x0000, 0x0000, 0x0000, 0x0000, 0x0000, 0x0000, 0x0000, 0x0000, 0x0000, 0x0000, 0x0000,
  0x0000, 0x0000, 0x0000, 0x0000, 0x0000, 0x0000, 0x0000, 0x0000, 0x0000, 0x0000, 0x0000, 0x0000, 0x0000, 0x0000, 0x0000, 0x0000,
  0x0000, 0x0000, 0x0000, 0x0000, 0x0000, 0x0000, 0x0000, 0x0000, 0x0000, 0x0000, 0x0000, 0x0000, 0x0000, 0x0000, 0x0000, 0x0000,
  0x0000, 0x0000, 0x0000, 0x0000, 0x0000, 0x0000, 0x0000, 0x0000, 0x0000, 0x0000, 0x0000, 0x0000, 0x0000, 0x0000, 0x0000, 0x0000,
  0x0000, 0x0000, 0x0000, 0x0000, 0x0000, 0x0000, 0x0000, 0x0000, 0x0000, 0x0000, 0x0000, 0x0000, 0x0000, 0x0000, 0x0000, 0x0000,
  0x0000, 0x0000, 0x0000, 0x0000, 0x0000, 0x0000, 0x0000, 0x0000, 0x0000, 0x0000, 0x0000, 0x0000, 0x0000, 0x0000, 0x0000, 0x0000,
  0x0000, 0x0000, 0x0000, 0x0000, 0x0000, 0x0000, 0x0000, 0x0000, 0x0000, 0x0000, 0x0000, 0x0000, 0x0000, 0x0000, 0x0000, 0x0000,
  0x0000, 0x0000, 0x0000, 0x0000, 0x0000, 0x0000, 0x0000, 0x0000, 0x0000, 0x0000, 0x0000, 0x0000, 0x0000, 0x0000, 0x0000, 0x0000,
  0x0000, 0x0000, 0x0000, 0x0000, 0x0000, 0x0000, 0x0000, 0x0000, 0x0000, 0x0000, 0x0000, 0x0000, 0x0000, 0x0000, 0x0000, 0x0000,
  0x0000, 0x0000, 0x0000, 0x0000, 0x0000, 0x0000, 0x0000, 0x0000, 0x0000, 0x0000, 0x0000, 0x0000, 0x0000, 0x0000, 0x0000, 0x0000,
  0x0000, 0x0000, 0x0000, 0x0000, 0x0000, 0x0000, 0x0000, 0x0000, 0x0000, 0x0000, 0x0000, 0x0000, 0x0000, 0x0000, 0x0000, 0x0000,
  0x0000, 0x0000, 0x0000, 0x0000, 0x0000, 0x0000, 0x0000, 0x0000, 0x0000, 0x0000, 0x0000, 0x0000, 0x0000, 0x0000, 0x0000, 0x0000,
  0x0000, 0x0000, 0x0000, 0x0000, 0x0000, 0x0000, 0x0000, 0x0000, 0x0000, 0x0000, 0x0000, 0x0000, 0x0000, 0x0000, 0x0000, 0x0000,
  0x0000, 0x0000, 0x0000, 0x0000, 0x0000, 0x0000, 0x0000, 0x0000, 0x0000, 0x0000, 0x0000, 0x0000, 0x0000, 0x0000, 0x0000, 0x0000,
  0x0000, 0x0000, 0x0000, 0x0000, 0x0000, 0x0000, 0x0000, 0x0000, 0x0000, 0x0000, 0x0000, 0x0000, 0x0000, 0x0000, 0x0000, 0x0000,
  0x0000, 0x0000, 0x0000, 0x0000, 0x0000, 0x0000, 0x0000, 0x0000, 0x0000, 0x0000, 0x0000, 0x0000, 0x0000, 0x0000, 0x0000, 0x0000,
  0x0000, 0x0000, 0x0000, 0x0000, 0x0000, 0x0000, 0x0000, 0x0000, 0x0000, 0x0000, 0x0000, 0x0000, 0x0000, 0x0000, 0x0000, 0x0000,
  0x0000, 0x0000, 0x0000, 0x0000, 0x0000, 0x0000, 0x0000, 0x0000, 0x0000, 0x0000, 0x0000, 0x0000, 0x0000, 0x0000, 0x0000, 0x0000,
  0x0000, 0x0000, 0x0000, 0x0000, 0x0000, 0x0000, 0x0000, 0x0000, 0x0000, 0x0000, 0x0000, 0x0000, 0x0000, 0x0000, 0x0000, 0x0000,
  0x0000, 0x0000, 0x0000, 0x0000, 0x0000, 0x0000, 0x0000, 0x0000, 0x0000, 0x0000, 0x0000, 0x0000, 0x0000, 0x0000, 0x0000, 0x0000,
  0x0000, 0x0000, 0x0000, 0x0000, 0x0000, 0x0000, 0x0000, 0x0000, 0x0000, 0x0000, 0x0000, 0x0000, 0x0000, 0x0000, 0x0000, 0x0000,
  0x0000, 0x0000, 0x0000, 0x0000, 0x0000, 0x0000, 0x0000, 0x0000, 0x0000, 0x0000, 0x0000, 0x0000, 0x0000, 0x0000, 0x0000, 0x0000,
  0x0000, 0x0000, 0x0000, 0x0000, 0x0000, 0x0000, 0x0000, 0x0000, 0x0000, 0x0000, 0x0000, 0x0000, 0x0000, 0x0000, 0x0000, 0x0000,
  0x0000, 0x0000, 0x0000, 0x0000, 0x0000, 0x0000, 0x0000, 0x0000, 0x0000, 0x0000, 0x0000, 0x0000, 0x0000, 0x0000, 0x0000, 0x0000,
  0x0000, 0x0000, 0x0000, 0x0000, 0x0000, 0x0000, 0x0000, 0x0000, 0x0000, 0x0000, 0x0000, 0x0000, 0x0000, 0x0000, 0x0000, 0x0000,
  0x0000, 0x0000, 0x0000, 0x0000, 0x0000, 0x0000, 0x0000, 0x0000, 0x0000, 0x0000, 0x0000, 0x0000, 0x0000, 0x0000, 0x0000, 0x0000,
  0x0000, 0x0000, 0x0000, 0x0000, 0x0000, 0x0000, 0x0000, 0x0000, 0x0000, 0x0000, 0x0000, 0x0000, 0x0000, 0x0000, 0x0000, 0x0000,
  0x0000, 0x0000, 0x0000, 0x0000, 0x0000, 0x0000, 0x0000, 0x0000, 0x0000, 0x0000, 0x0000, 0x0000, 0x0000, 0x0000, 0x0000, 0x0000,
  0x0000, 0x0000, 0x0000, 0x0000, 0x0000, 0x0000, 0x0000, 0x0000, 0x0000, 0x0000, 0x0000, 0x0000, 0x0000, 0x0000, 0x0000, 0x0000,
  0x0000, 0x0000, 0x0000, 0x0000, 0x0000, 0x0000, 0x0000, 0x0000, 0x0000, 0x0000, 0x0000, 0x0000, 0x0000, 0x0000, 0x0000, 0x0000,
  0x0000, 0x0000, 0x0000, 0x0000, 0x0000, 0x0000, 0x0000, 0x0000, 0x0000, 0x0000, 0x0000, 0x0000, 0x0000, 0x0000, 0x0000, 0x0000,
  0x0000, 0x0000, 0x0000, 0x0000, 0x0000, 0x0000, 0x0000, 0x0000, 0x0000, 0x0000, 0x0000, 0x0000, 0x0000, 0x0000, 0x0000, 0x0000,
  0x0000, 0x0000, 0x0000, 0x0000, 0x0000, 0x0000, 0x0000, 0x0000, 0x0000, 0x0000, 0x0000, 0x0000, 0x0000, 0x0000, 0x0000, 0x0000,
  0x0000, 0x0000, 0x0000, 0x0000, 0x0000, 0x0000, 0x0000, 0x0000, 0x0000, 0x0000, 0x0000, 0x0000, 0x0000, 0x0000, 0x0000, 0x0000,
  0x0000, 0x0000, 0x0000, 0x0000, 0x0000, 0x0000, 0x0000, 0x0000, 0x0000, 0x0000, 0x0000, 0x0000, 0x0000, 0x0000, 0x0000, 0x0000,
  0x0000, 0x0000, 0x0000, 0x0000, 0x0000, 0x0000, 0x0000, 0x0000, 0x0000, 0x0000, 0x0000, 0x0000, 0x0000, 0x0000, 0x0000, 0x0000,
  0x0000, 0x0000, 0x0000, 0x0000, 0x0000, 0x0000, 0x0000, 0x0000, 0x0000, 0x0000, 0x0000, 0x0000, 0x0000, 0x0000, 0x0000, 0x0000,
  0x0000, 0x0000, 0x0000, 0x0000, 0x0000, 0x0000, 0x0000, 0x0000, 0x0000, 0x0000, 0x0000, 0x0000, 0x0000, 0x0000, 0x0000, 0x0000,
  0x0000, 0x0000, 0x0000, 0x0000, 0x0000, 0x0000, 0x0000, 0x0000, 0x0000, 0x0000, 0x0000, 0x0000, 0x0000, 0x0000, 0x0000, 0x0000,
  0x0000, 0x0000, 0x0000, 0x0000, 0x0000, 0x0000, 0x0000, 0x0000, 0x0000, 0x0000, 0x0000, 0x0000, 0x0000, 0x0000, 0x0000, 0x0000,
  0x0000, 0x0000, 0x0000, 0x0000, 0x0000, 0x0000, 0x0000, 0x0000, 0x0000, 0x0000, 0x0000, 0x0000, 0x0000, 0x0000, 0x0000, 0x0000,
  0x0000, 0x0000, 0x0000, 0x0000, 0x0000, 0x0000, 0x0000, 0x0000, 0x0000, 0x0000, 0x0000, 0x0000, 0x0000, 0x0000, 0x0000, 0x0000,
  0x0000, 0x0000, 0x0000, 0x0000, 0x0000, 0x0000, 0x0000, 0x0000, 0x0000, 0x0000, 0x0000, 0x0000, 0x0000, 0x0000, 0x0000, 0x0000,
  0x0000, 0x0000, 0x0000, 0x0000, 0x0000, 0x0000, 0x0000, 0x0000, 0x0000, 0x0000, 0x0000, 0x0000, 0x0000, 0x0000, 0x0000, 0x0000,
  0x0000, 0x0000, 0x0000, 0x0000, 0x0000, 0x0000, 0x0000, 0x0000, 0x0000, 0x0000, 0x0000, 0x0000, 0x0000, 0x0000, 0x0000, 0x0000,
  0x0000, 0x0000, 0x0000, 0x0000, 0x0000, 0x0000, 0x0000, 0x0000, 0x0000, 0x0000, 0x0000, 0x0000, 0x0000, 0x0000, 0x0000, 0x0000,
  0x0000, 0x0000, 0x0000, 0x0000, 0x0000, 0x0000, 0x0000, 0x0000, 0x0000, 0x0000, 0x0000, 0x0000, 0x0000, 0x0000, 0x0000, 0x0000,
  0x0000, 0x0000, 0x0000, 0x0020, 0x0000, 0x0000, 0x0000, 0x0000, 0x0000, 0x0000, 0x0020, 0x0020, 0x0000, 0x0000, 0x0000, 0x0000,
  0x0000, 0x0000, 0x0000, 0x0000, 0x0000, 0x0000, 0x0000, 0x0000, 0x0000, 0x0000, 0x0000, 0x0000, 0x0000, 0x0000, 0x0000, 0x0000,
  0x0000, 0x0000, 0x0000, 0x0000, 0x0000, 0x0000, 0x0000, 0x0000, 0x0000, 0x0000, 0x0000, 0x0000, 0x0000, 0x0000, 0x0000, 0x0000,
  0x0000, 0x0000, 0x0000, 0x0000, 0x0000, 0x0000, 0x0000, 0x0000, 0x0000, 0x0000, 0x0000, 0x0000, 0x0000, 0x0000, 0x0000, 0x0000,
  0x0000, 0x0000, 0x0000, 0x0000, 0x0000, 0x0000, 0x0000, 0x0000, 0x0000, 0x0000, 0x0000, 0x0000, 0x0000, 0x0000, 0x0000, 0x0000,
  0x0000, 0x0000, 0x0000, 0x0000, 0x0000, 0x0000, 0x0000, 0x0000, 0x0000, 0x0000, 0x0000, 0x0000, 0x0000, 0x0000, 0x0000, 0x0000,
  0x0000, 0x0000, 0x0000, 0x0000, 0x0000, 0x0000, 0x0000, 0x0000, 0x0000, 0x0000, 0x0000, 0x0000, 0x0000, 0x0000, 0x0000, 0x0000,
  0x0000, 0x0000, 0x0000, 0x0000, 0x0000, 0x0000, 0x0000, 0x0000, 0x0000, 0x0000, 0x0000, 0x0000, 0x0000, 0x0000, 0x0000, 0x0000,
  0x0000, 0x0000, 0x0000, 0x0000, 0x0000, 0x0000, 0x0000, 0x0000, 0x0000, 0x0000, 0x0000, 0x0000, 0x0000, 0x0000, 0x0000, 0x0000,
  0x0000, 0x0000, 0x0000, 0x0000, 0x0000, 0x0000, 0x0000, 0x0000, 0x0000, 0x0000, 0x0000, 0x0000, 0x0000, 0x0000, 0x0000, 0x0000,
  0x0000, 0x0000, 0x0000, 0x0000, 0x0000, 0x0000, 0x0000, 0x0000, 0x0000, 0x0000, 0x0000, 0x0000, 0x0000, 0x0000, 0x0000, 0x0000,
  0x0000, 0x0000, 0x0000, 0x0000, 0x0000, 0x0000, 0x0000, 0x0000, 0x0000, 0x0000, 0x0000, 0x0000, 0x0000, 0x0000, 0x0000, 0x0000,
  0x0000, 0x0000, 0x0000, 0x0000, 0x0000, 0x0000, 0x0000, 0x0000, 0x0000, 0x0000, 0x0000, 0x0000, 0x0000, 0x0000, 0x0000, 0x0000,
  0x0000, 0x0000, 0x0000, 0x0000, 0x0000, 0x0000, 0x0000, 0x0000, 0x0000, 0x0000, 0x0000, 0x0000, 0x0000, 0x0000, 0x0000, 0x0000,
  0x0000, 0x0000, 0x0000, 0x0000, 0x0000, 0x0000, 0x0000, 0x0000, 0x0000, 0x0000, 0x0000, 0x0000, 0x0000, 0x0000, 0x0000, 0x0000,
  0x0000, 0x0000, 0x0000, 0x0000, 0x0000, 0x0000, 0x0000, 0x0000, 0x0000, 0x0000, 0x0000, 0x0000, 0x0000, 0x0000, 0x0000, 0x0000,
  0x0000, 0x0000, 0x0000, 0x0000, 0x0000, 0x0000, 0x0000, 0x0000, 0x0000, 0x0000, 0x0000, 0x0000, 0x0000, 0x0000, 0x0000, 0x0000,
  0x0000, 0x0000, 0x0000, 0x0000, 0x0000, 0x0000, 0x0000, 0x0000, 0x0000, 0x0000, 0x0000, 0x0000, 0x0000, 0x0000, 0x0000, 0x0000,
  0x0000, 0x0000, 0x0000, 0x0000, 0x0000, 0x0000, 0x0000, 0x0000, 0x0000, 0x0000, 0x0000, 0x0000, 0x0000, 0x0000, 0x0000, 0x0000,
  0x0000, 0x0000, 0x0000, 0x0000, 0x0000, 0x0000, 0x0000, 0x0000, 0x0000, 0x0000, 0x0000, 0x0000, 0x0000, 0x0000, 0x0000, 0x0000,
  0x0000, 0x0020, 0x0000, 0x0000, 0x0000, 0x0000, 0x0000, 0x0000, 0x0000, 0x0000, 0x0000, 0x0000, 0x0000, 0x0020, 0x0000, 0x0000,
  0x0000, 0x0000, 0x0000, 0x0000, 0x0000, 0x0000, 0x0000, 0x0000, 0x0000, 0x0000, 0x0000, 0x0000, 0x0000, 0x0000, 0x0000, 0x0000,
  0x0000, 0x0000, 0x0000, 0x0000, 0x0000, 0x0000, 0x0000, 0x0000, 0x0000, 0x0000, 0x0000, 0x0000, 0x0000, 0x0000, 0x0000, 0x0000,
  0x0000, 0x0000, 0x0000, 0x0000, 0x0000, 0x0000, 0x0000, 0x0000, 0x0000, 0x0000, 0x0000, 0x0000, 0x0000, 0x0000, 0x0000, 0x0000,
  0x0000, 0x0000, 0x0000, 0x0000, 0x0000, 0x0000, 0x0000, 0x0000, 0x0000, 0x0000, 0x0000, 0x0000, 0x0000, 0x0000, 0x0000, 0x0000,
  0x0000, 0x0000, 0x0000, 0x0000, 0x0000, 0x0000, 0x0000, 0x0000, 0x0000, 0x0000, 0x0000, 0x0000, 0x0000, 0x0000, 0x0000, 0x0000,
  0x0000, 0x0000, 0x0000, 0x0000, 0x0000, 0x0000, 0x0000, 0x0000, 0x0000, 0x0000, 0x0000, 0x0000, 0x0000, 0x0000, 0x0000, 0x0000,
  0x0000, 0x0000, 0x0000, 0x0000, 0x0000, 0x0000, 0x0000, 0x0000, 0x0000, 0x0000, 0x0000, 0x0000, 0x0000, 0x0000, 0x0000, 0x0000,
  0x0000, 0x0000, 0x0000, 0x0000, 0x0000, 0x0000, 0x0000, 0x0000, 0x0000, 0x0000, 0x0000, 0x0000, 0x0000, 0x0000, 0x0000, 0x0000,
  0x0000, 0x0000, 0x0000, 0x0000, 0x0000, 0x0000, 0x0000, 0x0000, 0x0000, 0x0000, 0x0000, 0x0000, 0x0000, 0x0000, 0x0000, 0x0000,
  0x0000, 0x0000, 0x0000, 0x0000, 0x0000, 0x0000, 0x0000, 0x0000, 0x0000, 0x0000, 0x0000, 0x0000, 0x0000, 0x0000, 0x0000, 0x0000,
  0x0000, 0x0000, 0x0000, 0x0000, 0x0000, 0x0000, 0x0000, 0x0000, 0x0000, 0x0000, 0x0000, 0x0000, 0x0000, 0x0000, 0x0000, 0x0000,
  0x0000, 0x0000, 0x0000, 0x0000, 0x0000, 0x0000, 0x0000, 0x0000, 0x0000, 0x0000, 0x0000, 0x0000, 0x0000, 0x0000, 0x0000, 0x0000,
  0x0000, 0x0000, 0x0000, 0x0000, 0x0000, 0x0000, 0x0000, 0x0000, 0x0000, 0x0000, 0x0000, 0x0000, 0x0000, 0x0000, 0x0000, 0x0000,
  0x0000, 0x0000, 0x0000, 0x0000, 0x0000, 0x0000, 0x0000, 0x0000, 0x0000, 0x0000, 0x0000, 0x0000, 0x0000, 0x0000, 0x0000, 0x0000,
  0x0000, 0x0000, 0x0000, 0x0000, 0x0000, 0x0000, 0x0000, 0x0000, 0x0000, 0x0000, 0x0000, 0x0000, 0x0000, 0x0000, 0x0000, 0x0000,
  0x0000, 0x0000, 0x0000, 0x0000, 0x0000, 0x0000, 0x0000, 0x0000, 0x0000, 0x0000, 0x0000, 0x0000, 0x0000, 0x0000, 0x0000, 0x0000,
  0x0000, 0x0000, 0x0000, 0x0000, 0x0000, 0x0000, 0x0000, 0x0000, 0x0000, 0x0000, 0x0000, 0x0000, 0x0000, 0x0000, 0x0000, 0x0000,
  0x0000, 0x0000, 0x0000, 0x0000, 0x0000, 0x0000, 0x0000, 0x0000, 0x0000, 0x0000, 0x0000, 0x0000, 0x0000, 0x0000, 0x0000, 0x0000,
  0x0000, 0x0000, 0x0000, 0x0000, 0x0000, 0x0000, 0x0000, 0x0000, 0x0000, 0x0000, 0x0000, 0x0000, 0x0000, 0x0000, 0x0000, 0x0000,
  0x0000, 0x0000, 0x18E3, 0x738C, 0xAD32, 0xD6B5, 0xD693, 0xD692, 0xD672, 0xD693, 0x9CD0, 0x7C0F, 0x1082, 0x0000, 0x0000, 0x0000,
  0x0000, 0x0000, 0x0000, 0x0000, 0x0000, 0x0000, 0x0000, 0x0000, 0x0000, 0x0000, 0x0000, 0x0000, 0x0000, 0x0000, 0x0000, 0x0000,
  0x0000, 0x0000, 0x0000, 0x0000, 0x0000, 0x0000, 0x0000, 0x0000, 0x0000, 0x0000, 0x0000, 0x0000, 0x0000, 0x0000, 0x0000, 0x0000,
  0x0000, 0x0000, 0x0000, 0x0000, 0x0000, 0x0000, 0x0000, 0x0000, 0x0000, 0x0000, 0x0000, 0x0000, 0x0000, 0x0000, 0x0000, 0x0000,
  0x0000, 0x0000, 0x0000, 0x0000, 0x0000, 0x0000, 0x0000, 0x0000, 0x0000, 0x0000, 0x0000, 0x0000, 0x0000, 0x0000, 0x0000, 0x0000,
  0x0000, 0x0000, 0x0000, 0x0000, 0x0000, 0x0000, 0x0000, 0x0000, 0x0000, 0x0000, 0x0000, 0x0000, 0x0000, 0x0000, 0x0000, 0x0000,
  0x0000, 0x0000, 0x0000, 0x0000, 0x0000, 0x0000, 0x0000, 0x0000, 0x0000, 0x0000, 0x0000, 0x0000, 0x0000, 0x0000, 0x0000, 0x0000,
  0x0000, 0x0000, 0x0000, 0x0000, 0x0000, 0x0000, 0x0000, 0x0000, 0x0000, 0x0000, 0x0000, 0x0000, 0x0000, 0x0000, 0x0000, 0x0000,
  0x0000, 0x0000, 0x0000, 0x0000, 0x0000, 0x0000, 0x0000, 0x0000, 0x0000, 0x0000, 0x0000, 0x0000, 0x0000, 0x0000, 0x0000, 0x0000,
  0x0000, 0x0000, 0x0000, 0x0000, 0x0000, 0x0000, 0x0000, 0x0000, 0x0000, 0x0000, 0x0000, 0x0000, 0x0000, 0x0000, 0x0000, 0x0000,
  0x0000, 0x0000, 0x0000, 0x0000, 0x0000, 0x0000, 0x0000, 0x0000, 0x0000, 0x0000, 0x0000, 0x0000, 0x0000, 0x0000, 0x0000, 0x0000,
  0x0000, 0x0000, 0x0000, 0x0000, 0x0000, 0x0000, 0x0000, 0x0000, 0x0000, 0x0000, 0x0000, 0x0000, 0x0000, 0x0000, 0x0000, 0x0000,
  0x0000, 0x0000, 0x0000, 0x0000, 0x0000, 0x0000, 0x0000, 0x0000, 0x0000, 0x0000, 0x0000, 0x0000, 0x0000, 0x0000, 0x0000, 0x0000,
  0x0000, 0x0000, 0x0000, 0x0000, 0x0000, 0x0000, 0x0000, 0x0000, 0x0000, 0x0000, 0x0000, 0x0000, 0x0000, 0x0000, 0x0000, 0x0000,
  0x0000, 0x0000, 0x0000, 0x0000, 0x0000, 0x0000, 0x0000, 0x0000, 0x0000, 0x0000, 0x0000, 0x0000, 0x0000, 0x0000, 0x0000, 0x0000,
  0x0000, 0x0000, 0x0000, 0x0000, 0x0000, 0x0000, 0x0000, 0x0000, 0x0000, 0x0000, 0x0000, 0x0000, 0x0000, 0x0000, 0x0000, 0x0000,
  0x0000, 0x0000, 0x0000, 0x0000, 0x0000, 0x0000, 0x0000, 0x0000, 0x0000, 0x0000, 0x0000, 0x0000, 0x0000, 0x0000, 0x0000, 0x0000,
  0x0000, 0x0000, 0x0000, 0x0000, 0x0000, 0x0000, 0x0000, 0x0000, 0x0000, 0x0000, 0x0000, 0x0000, 0x0000, 0x0000, 0x0000, 0x0000,
  0x0000, 0x0000, 0x0000, 0x0000, 0x0000, 0x0000, 0x0000, 0x0000, 0x0000, 0x0000, 0x0000, 0x0000, 0x0000, 0x0000, 0x0000, 0x0000,
  0x0000, 0x0000, 0x0000, 0x0000, 0x0000, 0x0000, 0x0000, 0x0000, 0x0000, 0x0000, 0x0000, 0x0000, 0x0000, 0x0000, 0x0000, 0x0000,
  0x0841, 0x632B, 0xEF58, 0xFFF5, 0xFF4E, 0xFEC9, 0xFEA7, 0xFEA6, 0xFEA7, 0xFEC9, 0xFF4E, 0xFFD5, 0xE737, 0x94D3, 0x0841, 0x0000,
  0x0000, 0x0000, 0x0000, 0x0000, 0x0000, 0x0000, 0x0000, 0x0000, 0x0000, 0x0000, 0x0000, 0x0000, 0x0000, 0x0000, 0x0000, 0x0000,
  0x0000, 0x0000, 0x0000, 0x0000, 0x0000, 0x0000, 0x0000, 0x0000, 0x0000, 0x0000, 0x0000, 0x0000, 0x0000, 0x0000, 0x0000, 0x0000,
  0x0000, 0x0000, 0x0000, 0x0000, 0x0000, 0x0000, 0x0000, 0x0000, 0x0000, 0x0000, 0x0000, 0x0000, 0x0000, 0x0000, 0x0000, 0x0000,
  0x0000, 0x0000, 0x0000, 0x0000, 0x0000, 0x0000, 0x0000, 0x0000, 0x0000, 0x0000, 0x0000, 0x0000, 0x0000, 0x0000, 0x0000, 0x0000,
  0x0000, 0x0000, 0x0000, 0x0000, 0x0000, 0x0000, 0x0000, 0x0000, 0x0000, 0x0000, 0x0000, 0x0000, 0x0000, 0x0000, 0x0000, 0x0000,
  0x0000, 0x0000, 0x0000, 0x0000, 0x0000, 0x0000, 0x0000, 0x0000, 0x0000, 0x0000, 0x0000, 0x0000, 0x0000, 0x0000, 0x0000, 0x0000,
  0x0000, 0x0000, 0x0000, 0x0000, 0x0000, 0x0000, 0x0000, 0x0000, 0x0000, 0x0000, 0x0000, 0x0000, 0x0000, 0x0000, 0x0000, 0x0000,
  0x0000, 0x0000, 0x0000, 0x0000, 0x0000, 0x0000, 0x0000, 0x0000, 0x0000, 0x0000, 0x0000, 0x0000, 0x0000, 0x0000, 0x0000, 0x0000,
  0x0000, 0x0000, 0x0000, 0x0000, 0x0000, 0x0000, 0x0000, 0x0000, 0x0000, 0x0000, 0x0000, 0x0000, 0x0000, 0x0000, 0x0000, 0x0000,
  0x0000, 0x0000, 0x0000, 0x0000, 0x0000, 0x0000, 0x0000, 0x0000, 0x0000, 0x0000, 0x0000, 0x0000, 0x0000, 0x0000, 0x0000, 0x0000,
  0x0000, 0x0000, 0x0000, 0x0000, 0x0000, 0x0000, 0x0000, 0x0000, 0x0000, 0x0000, 0x0000, 0x0000, 0x0000, 0x0000, 0x0000, 0x0000,
  0x0000, 0x0000, 0x0000, 0x0000, 0x0000, 0x0000, 0x0000, 0x0000, 0x0000, 0x0000, 0x0000, 0x0000, 0x0000, 0x0000, 0x0000, 0x0000,
  0x0000, 0x0000, 0x0000, 0x0000, 0x0000, 0x0000, 0x0000, 0x0000, 0x0000, 0x0000, 0x0000, 0x0000, 0x0000, 0x0000, 0x0000, 0x0000,
  0x0000, 0x0000, 0x0000, 0x0000, 0x0000, 0x0000, 0x0000, 0x0000, 0x0000, 0x0000, 0x0000, 0x0000, 0x0000, 0x0000, 0x0000, 0x0000,
  0x0000, 0x0000, 0x0000, 0x0000, 0x0000, 0x0000, 0x0000, 0x0000, 0x0000, 0x0000, 0x0000, 0x0000, 0x0000, 0x0000, 0x0000, 0x0000,
  0x0000, 0x0000, 0x0000, 0x0000, 0x0000, 0x0000, 0x0000, 0x0000, 0x0000, 0x0000, 0x0000, 0x0000, 0x0000, 0x0000, 0x0000, 0x0000,
  0x0000, 0x0000, 0x0000, 0x0000, 0x0000, 0x0000, 0x0000, 0x0000, 0x0000, 0x0000, 0x0000, 0x0000, 0x0000, 0x0000, 0x0000, 0x0000,
  0x0000, 0x0000, 0x0000, 0x0000, 0x0000, 0x0000, 0x0000, 0x0000, 0x0000, 0x0000, 0x0000, 0x0000, 0x0000, 0x0000, 0x0000, 0x0000,
  0x0000, 0x0000, 0x0000, 0x0000, 0x0000, 0x0000, 0x0000, 0x0000, 0x0000, 0x0000, 0x0000, 0x0000, 0x0000, 0x0000, 0x0000, 0x0000,
  0xA512, 0xFFFA, 0xF6ED, 0xEE46, 0xF687, 0xF6A8, 0xF686, 0xF643, 0xFE63, 0xF663, 0xF644, 0xEE05, 0xE60C, 0xFFFA, 0x73AE, 0x0021,
  0x0020, 0x0000, 0x0000, 0x0000, 0x0000, 0x0000, 0x0000, 0x0000, 0x0000, 0x0000, 0x0000, 0x0000, 0x0000, 0x0000, 0x0000, 0x0000,
  0x0000, 0x0000, 0x0000, 0x0000, 0x0000, 0x0000, 0x0000, 0x0000, 0x0000, 0x0000, 0x0000, 0x0000, 0x0000, 0x0000, 0x0000, 0x0000,
  0x0000, 0x0000, 0x0000, 0x0000, 0x0000, 0x0000, 0x0000, 0x0000, 0x0000, 0x0000, 0x0000, 0x0000, 0x0000, 0x0000, 0x0000, 0x0000,
  0x0000, 0x0000, 0x0000, 0x0000, 0x0000, 0x0000, 0x0000, 0x0000, 0x0000, 0x0000, 0x0000, 0x0000, 0x0000, 0x0000, 0x0000, 0x0000,
  0x0000, 0x0000, 0x0000, 0x0000, 0x0000, 0x0000, 0x0000, 0x0000, 0x0000, 0x0000, 0x0000, 0x0000, 0x0000, 0x0000, 0x0000, 0x0000,
  0x0000, 0x0000, 0x0000, 0x0000, 0x0000, 0x0000, 0x0000, 0x0000, 0x0000, 0x0000, 0x0000, 0x0000, 0x0000, 0x0000, 0x0000, 0x0000,
  0x0000, 0x0000, 0x0000, 0x0000, 0x0000, 0x0000, 0x0000, 0x0000, 0x0000, 0x0000, 0x0000, 0x0000, 0x0000, 0x0000, 0x0000, 0x0000,
  0x0000, 0x0000, 0x0000, 0x0000, 0x0000, 0x0000, 0x0000, 0x0000, 0x0000, 0x0000, 0x0000, 0x0000, 0x0000, 0x0000, 0x0000, 0x0000,
  0x0000, 0x0000, 0x0000, 0x0000, 0x0000, 0x0000, 0x0000, 0x0000, 0x0000, 0x0000, 0x0000, 0x0000, 0x0000, 0x0000, 0x0000, 0x0000,
  0x0000, 0x0000, 0x0000, 0x0000, 0x0000, 0x0000, 0x0000, 0x0000, 0x0000, 0x0000, 0x0000, 0x0000, 0x0000, 0x0000, 0x0000, 0x0000,
  0x0000, 0x0000, 0x0000, 0x0000, 0x0000, 0x0000, 0x0000, 0x0000, 0x0000, 0x0000, 0x0000, 0x0000, 0x0000, 0x0000, 0x0000, 0x0000,
  0x0000, 0x0000, 0x0000, 0x0000, 0x0000, 0x0000, 0x0000, 0x0000, 0x0000, 0x0000, 0x0000, 0x0000, 0x0000, 0x0000, 0x0000, 0x0000,
  0x0000, 0x0000, 0x0000, 0x0000, 0x0000, 0x0000, 0x0000, 0x0000, 0x0000, 0x0000, 0x0000, 0x0000, 0x0000, 0x0000, 0x0000, 0x0000,
  0x0000, 0x0000, 0x0000, 0x0000, 0x0000, 0x0000, 0x0000, 0x0000, 0x0000, 0x0000, 0x0000, 0x0000, 0x0000, 0x0000, 0x0000, 0x0000,
  0x0000, 0x0000, 0x0000, 0x0000, 0x0000, 0x0000, 0x0000, 0x0000, 0x0000, 0x0000, 0x0000, 0x0000, 0x0000, 0x0000, 0x0000, 0x0000,
  0x0000, 0x0000, 0x0000, 0x0000, 0x0000, 0x0000, 0x0000, 0x0000, 0x0000, 0x0000, 0x0000, 0x0000, 0x0000, 0x0000, 0x0000, 0x0000,
  0x0000, 0x0000, 0x0000, 0x0000, 0x0000, 0x0000, 0x0000, 0x0000, 0x0000, 0x0000, 0x0000, 0x0000, 0x0000, 0x0000, 0x0000, 0x0000,
  0x0000, 0x0000, 0x0000, 0x0000, 0x0000, 0x0000, 0x0000, 0x0000, 0x0000, 0x0000, 0x0000, 0x0000, 0x0000, 0x0000, 0x0000, 0x0000,
  0x0000, 0x0000, 0x0000, 0x0000, 0x0000, 0x0000, 0x0000, 0x0000, 0x0000, 0x0000, 0x0000, 0x0000, 0x0000, 0x0020, 0x0000, 0x7BEE,
  0xFFF9, 0xEE6A, 0xEE45, 0xFF0B, 0xFF70, 0xFF71, 0xFF6F, 0xF6A8, 0xF684, 0xFE84, 0xFE84, 0xFE85, 0xED84, 0xDD48, 0xFFD9, 0xA553,
  0x0000, 0x0000, 0x0000, 0x0000, 0x0000, 0x0000, 0x0000, 0x0000, 0x0000, 0x0000, 0x0000, 0x0000, 0x0000, 0x0000, 0x0000, 0x0000,
  0x0000, 0x0000, 0x0000, 0x0000, 0x0000, 0x0000, 0x0000, 0x0000, 0x0000, 0x0000, 0x0000, 0x0000, 0x0000, 0x0000, 0x0000, 0x0000,
  0x0000, 0x0000, 0x0000, 0x0000, 0x0000, 0x0000, 0x0000, 0x0000, 0x0000, 0x0000, 0x0000, 0x0000, 0x0000, 0x0000, 0x0000, 0x0000,
  0x0000, 0x0000, 0x0000, 0x0000, 0x0000, 0x0000, 0x0000, 0x0000, 0x0000, 0x0000, 0x0000, 0x0000, 0x0000, 0x0000, 0x0000, 0x0000,
  0x0000, 0x0000, 0x0000, 0x0000, 0x0000, 0x0000, 0x0000, 0x0000, 0x0000, 0x0000, 0x0000, 0x0000, 0x0000, 0x0000, 0x0000, 0x0000,
  0x0000, 0x0000, 0x0000, 0x0000, 0x0000, 0x0000, 0x0000, 0x0000, 0x0000, 0x0000, 0x0000, 0x0000, 0x0000, 0x0000, 0x0000, 0x0000,
  0x0000, 0x0000, 0x0000, 0x0000, 0x0000, 0x0000, 0x0000, 0x0000, 0x0000, 0x0000, 0x0000, 0x0000, 0x0000, 0x0000, 0x0000, 0x0000,
  0x0000, 0x0000, 0x0000, 0x0000, 0x0000, 0x0000, 0x0000, 0x0000, 0x0000, 0x0000, 0x0000, 0x0000, 0x0000, 0x0000, 0x0000, 0x0000,
  0x0000, 0x0000, 0x0000, 0x0000, 0x0000, 0x0000, 0x0000, 0x0000, 0x0000, 0x0000, 0x0000, 0x0000, 0x0000, 0x0000, 0x0000, 0x0000,
  0x0000, 0x0000, 0x0000, 0x0000, 0x0000, 0x0000, 0x0000, 0x0000, 0x0000, 0x0000, 0x0000, 0x0000, 0x0000, 0x0000, 0x0000, 0x0000,
  0x0000, 0x0000, 0x0000, 0x0000, 0x0000, 0x0000, 0x0000, 0x0000, 0x0000, 0x0000, 0x0000, 0x0000, 0x0000, 0x0000, 0x0000, 0x0000,
  0x0000, 0x0000, 0x0000, 0x0000, 0x0000, 0x0000, 0x0000, 0x0000, 0x0000, 0x0000, 0x0000, 0x0000, 0x0000, 0x0000, 0x0000, 0x0000,
  0x0000, 0x0000, 0x0000, 0x0000, 0x0000, 0x0000, 0x0000, 0x0000, 0x0000, 0x0000, 0x0000, 0x0000, 0x0000, 0x0000, 0x0000, 0x0000,
  0x0000, 0x0000, 0x0000, 0x0000, 0x0000, 0x0000, 0x0000, 0x0000, 0x0000, 0x0000, 0x0000, 0x0000, 0x0000, 0x0000, 0x0000, 0x0000,
  0x0000, 0x0000, 0x0000, 0x0000, 0x0000, 0x0000, 0x0000, 0x0000, 0x0000, 0x0000, 0x0000, 0x0000, 0x0000, 0x0000, 0x0000, 0x0000,
  0x0000, 0x0000, 0x0000, 0x0000, 0x0000, 0x0000, 0x0000, 0x0000, 0x0000, 0x0000, 0x0000, 0x0000, 0x0000, 0x0000, 0x0000, 0x0000,
  0x0000, 0x0000, 0x0000, 0x0000, 0x0000, 0x0000, 0x0000, 0x0000, 0x0000, 0x0000, 0x0000, 0x0000, 0x0000, 0x0000, 0x0000, 0x0000,
  0x0000, 0x0000, 0x0000, 0x0000, 0x0000, 0x0000, 0x0000, 0x0000, 0x0000, 0x0000, 0x0000, 0x0000, 0x0000, 0x0000, 0x0000, 0x0000,
  0x0000, 0x0000, 0x0000, 0x0000, 0x0000, 0x0000, 0x0000, 0x0000, 0x0000, 0x0000, 0x0000, 0x0000, 0x0000, 0x0000, 0x2124, 0xFFDA,
  0xF6ED, 0xF643, 0xF685, 0xFF6F, 0xFF72, 0xFF71, 0xFF8F, 0xF6C7, 0xF663, 0xFE83, 0xFE83, 0xFE83, 0xFE24, 0xED23, 0xEDEB, 0xF779,
  0x10A3, 0x0000, 0x0000, 0x0000, 0x0000, 0x0000, 0x0000, 0x0000, 0x0000, 0x0000, 0x0000, 0x0000, 0x0000, 0x0000, 0x0000, 0x0000,
  0x0000, 0x0000, 0x0000, 0x0000, 0x0000, 0x0000, 0x0000, 0x0000, 0x0000, 0x0000, 0x0000, 0x0000, 0x0000, 0x0000, 0x0000, 0x0000,
  0x0000, 0x0000, 0x0000, 0x0000, 0x0000, 0x0000, 0x0000, 0x0000, 0x0000, 0x0000, 0x0000, 0x0000, 0x0000, 0x0000, 0x0000, 0x0000,
  0x0000, 0x0000, 0x0000, 0x0000, 0x0000, 0x0000, 0x0000, 0x0000, 0x0000, 0x0000, 0x0000, 0x0000, 0x0000, 0x0000, 0x0000, 0x0000,
  0x0000, 0x0000, 0x0000, 0x0000, 0x0000, 0x0000, 0x0000, 0x0000, 0x0000, 0x0000, 0x0000, 0x0000, 0x0000, 0x0000, 0x0000, 0x0000,
  0x0000, 0x0000, 0x0000, 0x0000, 0x0000, 0x0000, 0x0000, 0x0000, 0x0000, 0x0000, 0x0000, 0x0000, 0x0000, 0x0000, 0x0000, 0x0000,
  0x0000, 0x0000, 0x0000, 0x0000, 0x0000, 0x0000, 0x0000, 0x0000, 0x0000, 0x0000, 0x0000, 0x0000, 0x0000, 0x0000, 0x0000, 0x0000,
  0x0000, 0x0000, 0x0000, 0x0000, 0x0000, 0x0000, 0x0000, 0x0000, 0x0000, 0x0000, 0x0000, 0x0000, 0x0000, 0x0000, 0x0000, 0x0000,
  0x0000, 0x0000, 0x0000, 0x0000, 0x0000, 0x0000, 0x0000, 0x0000, 0x0000, 0x0000, 0x0000, 0x0000, 0x0000, 0x0000, 0x0000, 0x0000,
  0x0000, 0x0000, 0x0000, 0x0000, 0x0000, 0x0000, 0x0000, 0x0000, 0x0000, 0x0000, 0x0000, 0x0000, 0x0000, 0x0000, 0x0000, 0x0000,
  0x0000, 0x0000, 0x0000, 0x0000, 0x0000, 0x0000, 0x0000, 0x0000, 0x0000, 0x0000, 0x0000, 0x0000, 0x0000, 0x0000, 0x0000, 0x0000,
  0x0000, 0x0000, 0x0000, 0x0000, 0x0000, 0x0000, 0x0000, 0x0000, 0x0000, 0x0000, 0x0000, 0x0000, 0x0000, 0x0000, 0x0000, 0x0000,
  0x0000, 0x0000, 0x0000, 0x0000, 0x0000, 0x0000, 0x0000, 0x0000, 0x0000, 0x0000, 0x0000, 0x0000, 0x0000, 0x0000, 0x0000, 0x0000,
  0x0000, 0x0000, 0x0000, 0x0000, 0x0000, 0x0000, 0x0000, 0x0000, 0x0000, 0x0000, 0x0000, 0x0000, 0x0000, 0x0000, 0x0000, 0x0000,
  0x0000, 0x0000, 0x0000, 0x0000, 0x0000, 0x0000, 0x0000, 0x0000, 0x0000, 0x0000, 0x0000, 0x0000, 0x0000, 0x0000, 0x0000, 0x0000,
  0x0000, 0x0000, 0x0000, 0x0000, 0x0000, 0x0000, 0x0000, 0x0000, 0x0000, 0x0000, 0x0000, 0x0000, 0x0000, 0x0000, 0x0000, 0x0000,
  0x0000, 0x0000, 0x0000, 0x0000, 0x0000, 0x0000, 0x0000, 0x0000, 0x0000, 0x0000, 0x0000, 0x0000, 0x0000, 0x0000, 0x0000, 0x0000,
  0x0000, 0x0000, 0x0000, 0x0000, 0x0000, 0x0000, 0x0000, 0x0000, 0x0000, 0x0000, 0x0000, 0x0000, 0x0000, 0x0000, 0x0000, 0x0000,
  0x0000, 0x0000, 0x0000, 0x0000, 0x0000, 0x0000, 0x0000, 0x0000, 0x0000, 0x0000, 0x0000, 0x0000, 0x0000, 0x0000, 0x2964, 0xFFF6,
  0xEE67, 0xFE63, 0xF664, 0xF6E9, 0xFF4C, 0xFF2C, 0xF6C8, 0xF663, 0xFE83, 0xFE83, 0xFE63, 0xFE83, 0xFE03, 0xF563, 0xE526, 0xFFB7,
  0x528A, 0x0000, 0x0020, 0x0000, 0x0000, 0x0000, 0x0000, 0x0000, 0x0000, 0x0000, 0x0000, 0x0000, 0x0000, 0x0000, 0x0000, 0x0000,
  0x0000, 0x0000, 0x0000, 0x0000, 0x0000, 0x0000, 0x0000, 0x0000, 0x0000, 0x0000, 0x0000, 0x0000, 0x0000, 0x0000, 0x0000, 0x0000,
  0x0000, 0x0000, 0x0000, 0x0000, 0x0000, 0x0000, 0x0000, 0x0000, 0x0000, 0x0000, 0x0000, 0x0000, 0x0000, 0x0000, 0x0000, 0x0000,
  0x0000, 0x0000, 0x0000, 0x0000, 0x0000, 0x0000, 0x0000, 0x0000, 0x0000, 0x0000, 0x0000, 0x0000, 0x0000, 0x0000, 0x0000, 0x0000,
  0x0000, 0x0000, 0x0000, 0x0000, 0x0000, 0x0000, 0x0000, 0x0000, 0x0000, 0x0000, 0x0000, 0x0000, 0x0000, 0x0000, 0x0000, 0x0000,
  0x0000, 0x0000, 0x0000, 0x0000, 0x0000, 0x0000, 0x0000, 0x0000, 0x0000, 0x0000, 0x0000, 0x0000, 0x0000, 0x0000, 0x0000, 0x0000,
  0x0000, 0x0000, 0x0000, 0x0000, 0x0000, 0x0000, 0x0000, 0x0000, 0x0000, 0x0000, 0x0000, 0x0000, 0x0000, 0x0000, 0x0000, 0x0000,
  0x0000, 0x0000, 0x0000, 0x0000, 0x0000, 0x0000, 0x0000, 0x0000, 0x0000, 0x0000, 0x0000, 0x0000, 0x0000, 0x0000, 0x0000, 0x0000,
  0x0000, 0x0000, 0x0000, 0x0000, 0x0000, 0x0000, 0x0000, 0x0000, 0x0000, 0x0000, 0x0000, 0x0000, 0x0000, 0x0000, 0x0000, 0x0000,
  0x0000, 0x0000, 0x0000, 0x0000, 0x0000, 0x0000, 0x0000, 0x0000, 0x0000, 0x0000, 0x0000, 0x0000, 0x0000, 0x0000, 0x0000, 0x0000,
  0x0000, 0x0000, 0x0000, 0x0000, 0x0000, 0x0000, 0x0000, 0x0000, 0x0000, 0x0000, 0x0000, 0x0000, 0x0000, 0x0000, 0x0000, 0x0000,
  0x0000, 0x0000, 0x0000, 0x0000, 0x0000, 0x0000, 0x0000, 0x0000, 0x0000, 0x0000, 0x0000, 0x0000, 0x0000, 0x0000, 0x0000, 0x0000,
  0x0000, 0x0000, 0x0000, 0x0000, 0x0000, 0x0000, 0x0000, 0x0000, 0x0000, 0x0000, 0x0000, 0x0000, 0x0000, 0x0000, 0x0000, 0x0000,
  0x0000, 0x0000, 0x0000, 0x0000, 0x0000, 0x0000, 0x0000, 0x0000, 0x0000, 0x0000, 0x0000, 0x0000, 0x0000, 0x0000, 0x0000, 0x0000,
  0x0000, 0x0000, 0x0000, 0x0000, 0x0000, 0x0000, 0x0000, 0x0000, 0x0000, 0x0000, 0x0000, 0x0000, 0x0000, 0x0000, 0x0000, 0x0000,
  0x0000, 0x0000, 0x0000, 0x0000, 0x0000, 0x0000, 0x0000, 0x0000, 0x0000, 0x0000, 0x0000, 0x0000, 0x0000, 0x0000, 0x0000, 0x0000,
  0x0000, 0x0000, 0x0000, 0x0000, 0x0000, 0x0000, 0x0000, 0x0000, 0x0000, 0x0000, 0x0000, 0x0000, 0x0000, 0x0000, 0x0000, 0x0000,
  0x0000, 0x0000, 0x0000, 0x0000, 0x0000, 0x0000, 0x0000, 0x0000, 0x0000, 0x0000, 0x0000, 0x0000, 0x0000, 0x0000, 0x0000, 0x0000,
  0x0000, 0x0000, 0x0000, 0x0000, 0x0000, 0x0000, 0x0000, 0x0000, 0x0000, 0x0000, 0x0000, 0x0000, 0x0000, 0x0000, 0x4A48, 0xFFD5,
  0xEE46, 0xFE63, 0xFE83, 0xF663, 0xF663, 0xF663, 0xF662, 0xFE83, 0xFE83, 0xFE83, 0xFE63, 0xFE84, 0xF5A3, 0xF563, 0xE525, 0xFF74,
  0x9CF1, 0x0000, 0x0000, 0x0000, 0x0000, 0x0000, 0x0000, 0x0000, 0x0000, 0x0000, 0x0000, 0x0000, 0x0000, 0x0000, 0x0000, 0x0000,
  0x0000, 0x0000, 0x0000, 0x0000, 0x0000, 0x0000, 0x0000, 0x0000, 0x0000, 0x0000, 0x0000, 0x0000, 0x0000, 0x0000, 0x0000, 0x0000,
  0x0000, 0x0000, 0x0000, 0x0000, 0x0000, 0x0000, 0x0000, 0x0000, 0x0000, 0x0000, 0x0000, 0x0000, 0x0000, 0x0000, 0x0000, 0x0000,
  0x0000, 0x0000, 0x0000, 0x0000, 0x0000, 0x0000, 0x0000, 0x0000, 0x0000, 0x0000, 0x0000, 0x0000, 0x0000, 0x0000, 0x0000, 0x0000,
  0x0000, 0x0000, 0x0000, 0x0000, 0x0000, 0x0000, 0x0000, 0x0000, 0x0000, 0x0000, 0x0000, 0x0000, 0x0000, 0x0000, 0x0000, 0x0000,
  0x0000, 0x0000, 0x0000, 0x0000, 0x0000, 0x0000, 0x0000, 0x0000, 0x0000, 0x0000, 0x0000, 0x0000, 0x0000, 0x0000, 0x0000, 0x0000,
  0x0000, 0x0000, 0x0000, 0x0000, 0x0000, 0x0000, 0x0000, 0x0000, 0x0000, 0x0000, 0x0000, 0x0000, 0x0000, 0x0000, 0x0000, 0x0000,
  0x0000, 0x0000, 0x0000, 0x0000, 0x0000, 0x0000, 0x0000, 0x0000, 0x0000, 0x0000, 0x0000, 0x0000, 0x0000, 0x0000, 0x0000, 0x0000,
  0x0000, 0x0000, 0x0000, 0x0000, 0x0000, 0x0000, 0x0000, 0x0000, 0x0000, 0x0000, 0x0000, 0x0000, 0x0000, 0x0000, 0x0000, 0x0000,
  0x0000, 0x0000, 0x0000, 0x0000, 0x0000, 0x0000, 0x0000, 0x0000, 0x0000, 0x0000, 0x0000, 0x0000, 0x0000, 0x0000, 0x0000, 0x0000,
  0x0000, 0x0000, 0x0000, 0x0000, 0x0000, 0x0000, 0x0000, 0x0000, 0x0000, 0x0000, 0x0000, 0x0000, 0x0000, 0x0000, 0x0000, 0x0000,
  0x0000, 0x0000, 0x0000, 0x0000, 0x0000, 0x0000, 0x0000, 0x0000, 0x0000, 0x0000, 0x0000, 0x0000, 0x0000, 0x0000, 0x0000, 0x0000,
  0x0000, 0x0000, 0x0000, 0x0000, 0x0000, 0x0000, 0x0000, 0x0000, 0x0000, 0x0000, 0x0000, 0x0000, 0x0000, 0x0000, 0x0000, 0x0000,
  0x0000, 0x0000, 0x0000, 0x0000, 0x0000, 0x0000, 0x0000, 0x0000, 0x0000, 0x0000, 0x0000, 0x0000, 0x0000, 0x0000, 0x0000, 0x0000,
  0x0000, 0x0000, 0x0000, 0x0000, 0x0000, 0x0000, 0x0000, 0x0000, 0x0000, 0x0000, 0x0000, 0x0000, 0x0000, 0x0000, 0x0000, 0x0000,
  0x0000, 0x0000, 0x0000, 0x0000, 0x0000, 0x0000, 0x0000, 0x0000, 0x0000, 0x0000, 0x0000, 0x0000, 0x0000, 0x0000, 0x0000, 0x0000,
  0x0000, 0x0000, 0x0000, 0x0000, 0x0000, 0x0000, 0x0000, 0x0000, 0x0000, 0x0000, 0x0000, 0x0000, 0x0000, 0x0000, 0x0000, 0x0000,
  0x0000, 0x0000, 0x0000, 0x0000, 0x0000, 0x0000, 0x0000, 0x0000, 0x0000, 0x0000, 0x0000, 0x0000, 0x0000, 0x0000, 0x0000, 0x0000,
  0x0000, 0x0000, 0x0000, 0x0000, 0x0000, 0x0000, 0x0000, 0x0000, 0x0000, 0x0000, 0x0000, 0x0000, 0x0000, 0x0000, 0x39E6, 0xFFD6,
  0xEE47, 0xFE83, 0xFE83, 0xFE83, 0xFE83, 0xFE83, 0xFE83, 0xFE63, 0xFE83, 0xFE63, 0xFE83, 0xF623, 0xED62, 0xF563, 0xE525, 0xFF74,
  0xBDF5, 0x0000, 0x0000, 0x0000, 0x0000, 0x0000, 0x0000, 0x0000, 0x0000, 0x0000, 0x0000, 0x0000, 0x0000, 0x0000, 0x0000, 0x0000,
  0x0000, 0x0000, 0x0000, 0x0000, 0x0000, 0x0000, 0x0000, 0x0000, 0x0000, 0x0000, 0x0000, 0x0000, 0x0000, 0x0000, 0x0000, 0x0000,
  0x0000, 0x0000, 0x0000, 0x0000, 0x0000, 0x0000, 0x0000, 0x0000, 0x0000, 0x0000, 0x0000, 0x0000, 0x0000, 0x0000, 0x0000, 0x0000,
  0x0000, 0x0000, 0x0000, 0x0000, 0x0000, 0x0000, 0x0000, 0x0000, 0x0000, 0x0000, 0x0000, 0x0000, 0x0000, 0x0000, 0x0000, 0x0000,
  0x0000, 0x0000, 0x0000, 0x0000, 0x0000, 0x0000, 0x0000, 0x0000, 0x0000, 0x0000, 0x0000, 0x0000, 0x0000, 0x0000, 0x0000, 0x0000,
  0x0000, 0x0000, 0x0000, 0x0000, 0x0000, 0x0000, 0x0000, 0x0000, 0x0000, 0x0000, 0x0000, 0x0000, 0x0000, 0x0000, 0x0000, 0x0000,
  0x0000, 0x0000, 0x0000, 0x0000, 0x0000, 0x0000, 0x0000, 0x0000, 0x0000, 0x0000, 0x0000, 0x0000, 0x0000, 0x0000, 0x0000, 0x0000,
  0x0000, 0x0000, 0x0000, 0x0000, 0x0000, 0x0000, 0x0000, 0x0000, 0x0000, 0x0000, 0x0000, 0x0000, 0x0000, 0x0000, 0x0000, 0x0000,
  0x0000, 0x0000, 0x0000, 0x0000, 0x0000, 0x0000, 0x0000, 0x0000, 0x0000, 0x0000, 0x0000, 0x0000, 0x0000, 0x0000, 0x0000, 0x0000,
  0x0000, 0x0000, 0x0000, 0x0000, 0x0000, 0x0000, 0x0000, 0x0000, 0x0000, 0x0000, 0x0000, 0x0000, 0x0000, 0x0000, 0x0000, 0x0000,
  0x0000, 0x0000, 0x0000, 0x0000, 0x0000, 0x0000, 0x0000, 0x0000, 0x0000, 0x0000, 0x0000, 0x0000, 0x0000, 0x0000, 0x0000, 0x0000,
  0x0000, 0x0000, 0x0000, 0x0000, 0x0000, 0x0000, 0x0000, 0x0000, 0x0000, 0x0000, 0x0000, 0x0000, 0x0000, 0x0000, 0x0000, 0x0000,
  0x0000, 0x0000, 0x0000, 0x0000, 0x0000, 0x0000, 0x0000, 0x0000, 0x0000, 0x0000, 0x0000, 0x0000, 0x0000, 0x0000, 0x0000, 0x0000,
  0x0000, 0x0000, 0x0000, 0x0000, 0x0000, 0x0000, 0x0000, 0x0000, 0x0000, 0x0000, 0x0000, 0x0000, 0x0000, 0x0000, 0x0000, 0x0000,
  0x0000, 0x0000, 0x0000, 0x0000, 0x0000, 0x0000, 0x0000, 0x0000, 0x0000, 0x0000, 0x0000, 0x0000, 0x0000, 0x0000, 0x0000, 0x0000,
  0x0000, 0x0000, 0x0000, 0x0000, 0x0000, 0x0000, 0x0000, 0x0000, 0x0000, 0x0000, 0x0000, 0x0000, 0x0000, 0x0000, 0x0000, 0x0000,
  0x0000, 0x0000, 0x0000, 0x0000, 0x0000, 0x0000, 0x0000, 0x0000, 0x0000, 0x0000, 0x0000, 0x0000, 0x0000, 0x0000, 0x0000, 0x0000,
  0x0000, 0x0000, 0x0000, 0x0000, 0x0000, 0x0000, 0x0000, 0x0000, 0x0000, 0x0000, 0x0000, 0x0000, 0x0000, 0x0000, 0x0000, 0x0000,
  0x0000, 0x0000, 0x0000, 0x0000, 0x0000, 0x0000, 0x0000, 0x0000, 0x0000, 0x0000, 0x0000, 0x0000, 0x0000, 0x0000, 0x2965, 0xFFFB,
  0xEE8A, 0xF663, 0xFE84, 0xFE83, 0xFE63, 0xFE83, 0xFE83, 0xFE83, 0xFE83, 0xFE83, 0xFE24, 0xED63, 0xF543, 0xF543, 0xDD47, 0xFFF9,
  0x5ACA, 0x0000, 0x0020, 0x0000, 0x0000, 0x0000, 0x0000, 0x0000, 0x0000, 0x0000, 0x0000, 0x0000, 0x0000, 0x0000, 0x0000, 0x0000,
  0x0000, 0x0000, 0x0000, 0x0000, 0x0000, 0x0000, 0x0000, 0x0000, 0x0000, 0x0000, 0x0000, 0x0000, 0x0000, 0x0000, 0x0000, 0x0000,
  0x0000, 0x0000, 0x0000, 0x0000, 0x0000, 0x0000, 0x0000, 0x0000, 0x0000, 0x0000, 0x0000, 0x0000, 0x0000, 0x0000, 0x0000, 0x0000,
  0x0000, 0x0000, 0x0000, 0x0000, 0x0000, 0x0000, 0x0000, 0x0000, 0x0000, 0x0000, 0x0000, 0x0000, 0x0000, 0x0000, 0x0000, 0x0000,
  0x0000, 0x0000, 0x0000, 0x0000, 0x0000, 0x0000, 0x0000, 0x0000, 0x0000, 0x0000, 0x0000, 0x0000, 0x0000, 0x0000, 0x0000, 0x0000,
  0x0000, 0x0000, 0x0000, 0x0000, 0x0000, 0x0000, 0x0000, 0x0000, 0x0000, 0x0000, 0x0000, 0x0000, 0x0000, 0x0000, 0x0000, 0x0000,
  0x0000, 0x0000, 0x0000, 0x0000, 0x0000, 0x0000, 0x0000, 0x0000, 0x0000, 0x0000, 0x0000, 0x0000, 0x0000, 0x0000, 0x0000, 0x0000,
  0x0000, 0x0000, 0x0000, 0x0000, 0x0000, 0x0000, 0x0000, 0x0000, 0x0000, 0x0000, 0x0000, 0x0000, 0x0000, 0x0000, 0x0000, 0x0000,
  0x0000, 0x0000, 0x0000, 0x0000, 0x0000, 0x0000, 0x0000, 0x0000, 0x0000, 0x0000, 0x0000, 0x0000, 0x0000, 0x0000, 0x0000, 0x0000,
  0x0000, 0x0000, 0x0000, 0x0000, 0x0000, 0x0000, 0x0000, 0x0000, 0x0000, 0x0000, 0x0000, 0x0000, 0x0000, 0x0000, 0x0000, 0x0000,
  0x0000, 0x0000, 0x0000, 0x0000, 0x0000, 0x0000, 0x0000, 0x0000, 0x0000, 0x0000, 0x0000, 0x0000, 0x0000, 0x0000, 0x0000, 0x0000,
  0x0000, 0x0000, 0x0000, 0x0000, 0x0000, 0x0000, 0x0000, 0x0000, 0x0000, 0x0000, 0x0000, 0x0000, 0x0000, 0x0000, 0x0000, 0x0000,
  0x0000, 0x0000, 0x0000, 0x0000, 0x0000, 0x0000, 0x0000, 0x0000, 0x0000, 0x0000, 0x0000, 0x0000, 0x0000, 0x0000, 0x0000, 0x0000,
  0x0000, 0x0000, 0x0000, 0x0000, 0x0000, 0x0000, 0x0000, 0x0000, 0x0000, 0x0000, 0x0000, 0x0000, 0x0000, 0x0000, 0x0000, 0x0000,
  0x0000, 0x0000, 0x0000, 0x0000, 0x0000, 0x0000, 0x0000, 0x0000, 0x0000, 0x0000, 0x0000, 0x0000, 0x0000, 0x0000, 0x0000, 0x0000,
  0x0000, 0x0000, 0x0000, 0x0000, 0x0000, 0x0000, 0x0000, 0x0000, 0x0000, 0x0000, 0x0000, 0x0000, 0x0000, 0x0000, 0x0000, 0x0000,
  0x0000, 0x0000, 0x0000, 0x0000, 0x0000, 0x0000, 0x0000, 0x0000, 0x0000, 0x0000, 0x0000, 0x0000, 0x0000, 0x0000, 0x0000, 0x0000,
  0x0000, 0x0000, 0x0000, 0x0000, 0x0000, 0x0000, 0x0000, 0x0000, 0x0000, 0x0000, 0x0000, 0x0000, 0x0000, 0x0000, 0x0000, 0x0000,
  0x0000, 0x0000, 0x0000, 0x0000, 0x0000, 0x0000, 0x0000, 0x0000, 0x0000, 0x0000, 0x0000, 0x0000, 0x0000, 0x0000, 0x0861, 0xC637,
  0xFFD5, 0xEE47, 0xFE84, 0xFE84, 0xFEA4, 0xFEA4, 0xFE83, 0xFE83, 0xFE43, 0xF5E3, 0xED62, 0xF543, 0xF543, 0xDCE4, 0xFF33, 0xDEF9,
  0x1082, 0x0000, 0x0000, 0x0000, 0x0000, 0x0000, 0x0000, 0x0000, 0x0000, 0x0000, 0x0000, 0x0000, 0x0000, 0x0000, 0x0000, 0x0000,
  0x0000, 0x0000, 0x0000, 0x0000, 0x0000, 0x0000, 0x0000, 0x0000, 0x0000, 0x0000, 0x0000, 0x0000, 0x0000, 0x0000, 0x0000, 0x0000,
  0x0000, 0x0000, 0x0000, 0x0000, 0x0000, 0x0000, 0x0000, 0x0000, 0x0000, 0x0000, 0x0000, 0x0000, 0x0000, 0x0000, 0x0000, 0x0000,
  0x0000, 0x0000, 0x0000, 0x0000, 0x0000, 0x0000, 0x0000, 0x0000, 0x0000, 0x0000, 0x0000, 0x0000, 0x0000, 0x0000, 0x0000, 0x0000,
  0x0000, 0x0000, 0x0000, 0x0000, 0x0000, 0x0000, 0x0000, 0x0000, 0x0000, 0x0000, 0x0000, 0x0000, 0x0000, 0x0000, 0x0000, 0x0000,
  0x0000, 0x0000, 0x0000, 0x0000, 0x0000, 0x0000, 0x0000, 0x0000, 0x0000, 0x0000, 0x0000, 0x0000, 0x0000, 0x0000, 0x0000, 0x0000,
  0x0000, 0x0000, 0x0000, 0x0000, 0x0000, 0x0000, 0x0000, 0x0000, 0x0000, 0x0000, 0x0000, 0x0000, 0x0000, 0x0000, 0x0000, 0x0000,
  0x0000, 0x0000, 0x0000, 0x0000, 0x0000, 0x0000, 0x0000, 0x0000, 0x0000, 0x0000, 0x0000, 0x0000, 0x0000, 0x0000, 0x0000, 0x0000,
  0x0000, 0x0000, 0x0000, 0x0000, 0x0000, 0x0000, 0x0000, 0x0000, 0x0000, 0x0000, 0x0000, 0x0000, 0x0000, 0x0000, 0x0000, 0x0000,
  0x0000, 0x0000, 0x0000, 0x0000, 0x0000, 0x0000, 0x0000, 0x0000, 0x0000, 0x0000, 0x0000, 0x0000, 0x0000, 0x0000, 0x0000, 0x0000,
  0x0000, 0x0000, 0x0000, 0x0000, 0x0000, 0x0000, 0x0000, 0x0000, 0x0000, 0x0000, 0x0000, 0x0000, 0x0000, 0x0000, 0x0000, 0x0000,
  0x0000, 0x0000, 0x0000, 0x0000, 0x0000, 0x0000, 0x0000, 0x0000, 0x0000, 0x0000, 0x0000, 0x0000, 0x0000, 0x0000, 0x0000, 0x0000,
  0x0000, 0x0000, 0x0000, 0x0000, 0x0000, 0x0000, 0x0000, 0x0000, 0x0000, 0x0000, 0x0000, 0x0000, 0x0000, 0x0000, 0x0000, 0x0000,
  0x0000, 0x0000, 0x0000, 0x0000, 0x0000, 0x0000, 0x0000, 0x0000, 0x0000, 0x0000, 0x0000, 0x0000, 0x0000, 0x0000, 0x0000, 0x0000,
  0x0000, 0x0000, 0x0000, 0x0000, 0x0000, 0x0000, 0x0000, 0x0000, 0x0000, 0x0000, 0x0000, 0x0020, 0x0000, 0x0000, 0x0000, 0x0000,
  0x0000, 0x0000, 0x0000, 0x0000, 0x0020, 0x0000, 0x0000, 0x0000, 0x0000, 0x0000, 0x0000, 0x0000, 0x0000, 0x0000, 0x0000, 0x0000,
  0x0000, 0x0000, 0x0000, 0x0000, 0x0000, 0x0000, 0x0000, 0x0000, 0x0000, 0x0000, 0x0000, 0x0000, 0x0000, 0x0000, 0x0000, 0x0000,
  0x0000, 0x0000, 0x0000, 0x0000, 0x0000, 0x0000, 0x0000, 0x0000, 0x0000, 0x0000, 0x0000, 0x0000, 0x0000, 0x0000, 0x0000, 0x0000,
  0x0000, 0x0000, 0x0000, 0x0000, 0x0000, 0x0000, 0x0000, 0x0000, 0x0000, 0x0000, 0x0000, 0x0000, 0x0000, 0x0020, 0x0000, 0x9CF3,
  0xEFBD, 0xA4ED, 0xDDC8, 0xF605, 0xF5E4, 0xFDE4, 0xF5E3, 0xF5A3, 0xED63, 0xF543, 0xF523, 0xED02, 0xDD05, 0xFF12, 0xBDF5, 0x31A6,
  0x0000, 0x0000, 0x0000, 0x0000, 0x0000, 0x0000, 0x0000, 0x0000, 0x0000, 0x0000, 0x0000, 0x0000, 0x0000, 0x0000, 0x0000, 0x0000,
  0x0000, 0x0000, 0x0000, 0x0000, 0x0000, 0x0000, 0x0000, 0x0000, 0x0000, 0x0000, 0x0000, 0x0000, 0x0000, 0x0000, 0x0000, 0x0000,
  0x0000, 0x0000, 0x0000, 0x0000, 0x0000, 0x0000, 0x0000, 0x0000, 0x0000, 0x0000, 0x0000, 0x0000, 0x0000, 0x0000, 0x0000, 0x0000,
  0x0000, 0x0000, 0x0000, 0x0000, 0x0000, 0x0000, 0x0000, 0x0000, 0x0000, 0x0000, 0x0000, 0x0000, 0x0000, 0x0000, 0x0000, 0x0000,
  0x0000, 0x0000, 0x0000, 0x0000, 0x0000, 0x0000, 0x0000, 0x0000, 0x0000, 0x0000, 0x0000, 0x0000, 0x0000, 0x0000, 0x0000, 0x0000,
  0x0000, 0x0000, 0x0000, 0x0000, 0x0000, 0x0000, 0x0000, 0x0000, 0x0000, 0x0000, 0x0000, 0x0000, 0x0000, 0x0000, 0x0000, 0x0000,
  0x0000, 0x0000, 0x0000, 0x0000, 0x0000, 0x0000, 0x0000, 0x0000, 0x0000, 0x0000, 0x0000, 0x0000, 0x0000, 0x0000, 0x0000, 0x0000,
  0x0000, 0x0000, 0x0000, 0x0000, 0x0000, 0x0000, 0x0000, 0x0000, 0x0000, 0x0000, 0x0000, 0x0000, 0x0000, 0x0000, 0x0000, 0x0000,
  0x0000, 0x0000, 0x0000, 0x0000, 0x0000, 0x0000, 0x0000, 0x0000, 0x0000, 0x0000, 0x0000, 0x0000, 0x0000, 0x0000, 0x0000, 0x0000,
  0x0000, 0x0000, 0x0000, 0x0000, 0x0000, 0x0000, 0x0000, 0x0000, 0x0000, 0x0000, 0x0000, 0x0000, 0x0000, 0x0000, 0x0000, 0x0000,
  0x0000, 0x0000, 0x0000, 0x0000, 0x0000, 0x0000, 0x0000, 0x0000, 0x0000, 0x0000, 0x0000, 0x0000, 0x0000, 0x0000, 0x0000, 0x0000,
  0x0000, 0x0000, 0x0000, 0x0000, 0x0000, 0x0000, 0x0000, 0x0000, 0x0000, 0x0000, 0x0000, 0x0000, 0x0000, 0x0000, 0x0000, 0x0000,
  0x0000, 0x0000, 0x0000, 0x0000, 0x0000, 0x0000, 0x0000, 0x0000, 0x0000, 0x0000, 0x0000, 0x0000, 0x0000, 0x0000, 0x0000, 0x0000,
  0x0000, 0x0000, 0x0000, 0x0000, 0x0000, 0x0000, 0x0000, 0x0000, 0x0000, 0x0000, 0x0000, 0x0000, 0x0000, 0x0000, 0x0000, 0x0000,
  0x0000, 0x0000, 0x0000, 0x0000, 0x0000, 0x0000, 0x0000, 0x0000, 0x0000, 0x0000, 0x0000, 0x0000, 0x0000, 0x1082, 0x1082, 0x1082,
  0x1082, 0x1082, 0x1082, 0x0021, 0x0000, 0x0000, 0x0000, 0x0000, 0x0000, 0x0000, 0x0000, 0x0000, 0x0000, 0x0000, 0x0000, 0x0000,
  0x0000, 0x0000, 0x0000, 0x0000, 0x0000, 0x0000, 0x0000, 0x0000, 0x0000, 0x0000, 0x0000, 0x0000, 0x0000, 0x0000, 0x0000, 0x0000,
  0x0000, 0x0000, 0x0000, 0x0000, 0x0000, 0x0000, 0x0000, 0x0000, 0x0000, 0x0000, 0x0000, 0x0000, 0x0000, 0x0000, 0x0000, 0x0000,
  0x0000, 0x0000, 0x0000, 0x0000, 0x0000, 0x0000, 0x0000, 0x0000, 0x0000, 0x0000, 0x0000, 0x0000, 0x0000, 0x0000, 0x4A48, 0xD71C,
  0x6CB5, 0x4BF3, 0x7C90, 0xB50B, 0xDD26, 0xED44, 0xED44, 0xF544, 0xF564, 0xF564, 0xF5A7, 0xF66D, 0xF735, 0xBE15, 0x0861, 0x0000,
  0x0000, 0x0000, 0x0000, 0x0000, 0x0000, 0x0000, 0x0000, 0x0000, 0x0000, 0x0000, 0x0000, 0x0000, 0x0000, 0x0000, 0x0000, 0x0000,
  0x0000, 0x0000, 0x0000, 0x0000, 0x0000, 0x0000, 0x0000, 0x0000, 0x0000, 0x0000, 0x0000, 0x0000, 0x0000, 0x0000, 0x0000, 0x0000,
  0x0000, 0x0000, 0x0000, 0x0000, 0x0000, 0x0000, 0x0000, 0x0000, 0x0000, 0x0000, 0x0000, 0x0000, 0x0000, 0x0000, 0x0000, 0x0000,
  0x0000, 0x0000, 0x0000, 0x0000, 0x0000, 0x0000, 0x0000, 0x0000, 0x0000, 0x0000, 0x0000, 0x0000, 0x0000, 0x0000, 0x0000, 0x0000,
  0x0000, 0x0000, 0x0000, 0x0000, 0x0000, 0x0000, 0x0000, 0x0000, 0x0000, 0x0000, 0x0000, 0x0000, 0x0000, 0x0000, 0x0000, 0x0000,
  0x0000, 0x0000, 0x0000, 0x0000, 0x0000, 0x0000, 0x0000, 0x0000, 0x0000, 0x0000, 0x0000, 0x0000, 0x0000, 0x0000, 0x0000, 0x0000,
  0x0000, 0x0000, 0x0000, 0x0000, 0x0000, 0x0000, 0x0000, 0x0000, 0x0000, 0x0000, 0x0000, 0x0000, 0x0000, 0x0000, 0x0000, 0x0000,
  0x0000, 0x0000, 0x0000, 0x0000, 0x0000, 0x0000, 0x0000, 0x0000, 0x0000, 0x0000, 0x0000, 0x0000, 0x0000, 0x0000, 0x0000, 0x0000,
  0x0000, 0x0000, 0x0000, 0x0000, 0x0000, 0x0000, 0x0000, 0x0000, 0x0000, 0x0000, 0x0000, 0x0000, 0x0000, 0x0000, 0x0000, 0x0000,
  0x0000, 0x0000, 0x0000, 0x0000, 0x0000, 0x0000, 0x0000, 0x0000, 0x0000, 0x0000, 0x0000, 0x0000, 0x0000, 0x0000, 0x0000, 0x0000,
  0x0000, 0x0000, 0x0000, 0x0000, 0x0000, 0x0000, 0x0000, 0x0000, 0x0000, 0x0000, 0x0000, 0x0000, 0x0000, 0x0000, 0x0000, 0x0000,
  0x0000, 0x0000, 0x0000, 0x0000, 0x0000, 0x0000, 0x0000, 0x0000, 0x0000, 0x0000, 0x0000, 0x0000, 0x0000, 0x0000, 0x0000, 0x0000,
  0x0000, 0x0000, 0x0000, 0x0000, 0x0000, 0x0000, 0x0000, 0x0000, 0x0000, 0x0000, 0x0000, 0x0000, 0x0000, 0x0000, 0x0000, 0x0000,
  0x0000, 0x0000, 0x0000, 0x0000, 0x0000, 0x0000, 0x0000, 0x0000, 0x0000, 0x0000, 0x0000, 0x0000, 0x0000, 0x0000, 0x0000, 0x0000,
  0x0000, 0x0000, 0x0000, 0x0000, 0x0000, 0x0000, 0x0000, 0x0000, 0x0000, 0x0000, 0x0861, 0x73AE, 0xCE57, 0xEF38, 0xEF13, 0xEEF1,
  0xEEF1, 0xE6F1, 0xEEF5, 0xDEB7, 0x8C50, 0x31A6, 0x0841, 0x0000, 0x0000, 0x0000, 0x0000, 0x0000, 0x0000, 0x0000, 0x0000, 0x0000,
  0x0000, 0x0000, 0x0000, 0x0000, 0x0000, 0x0000, 0x0000, 0x0000, 0x0000, 0x0000, 0x0000, 0x0000, 0x0000, 0x0000, 0x0000, 0x0000,
  0x0000, 0x0000, 0x0000, 0x0000, 0x0000, 0x0000, 0x0000, 0x0000, 0x0000, 0x0000, 0x0000, 0x0000, 0x0000, 0x0000, 0x0000, 0x0000,
  0x0000, 0x0000, 0x0000, 0x0000, 0x0000, 0x0000, 0x0000, 0x0000, 0x0000, 0x0000, 0x0000, 0x0020, 0x0000, 0x5ACA, 0xEFDE, 0x6C95,
  0x43F4, 0x4C56, 0x4C15, 0x6C52, 0xE6F7, 0xF714, 0xD5EE, 0xD5CD, 0xD5CC, 0xD611, 0xBD91, 0x8C6F, 0x39C7, 0x0000, 0x0000, 0x0000,
  0x0000, 0x0000, 0x0000, 0x0000, 0x0000, 0x0000, 0x0000, 0x0000, 0x0000, 0x0000, 0x0000, 0x0000, 0x0000, 0x0000, 0x0000, 0x0000,
  0x0000, 0x0000, 0x0000, 0x0000, 0x0000, 0x0000, 0x0000, 0x0000, 0x0000, 0x0000, 0x0000, 0x0000, 0x0000, 0x0000, 0x0000, 0x0000,
  0x0000, 0x0000, 0x0000, 0x0000, 0x0000, 0x0000, 0x0000, 0x0000, 0x0000, 0x0000, 0x0000, 0x0000, 0x0000, 0x0000, 0x0000, 0x0000,
  0x0000, 0x0000, 0x0000, 0x0000, 0x0000, 0x0000, 0x0000, 0x0000, 0x0000, 0x0000, 0x0000, 0x0000, 0x0000, 0x0000, 0x0000, 0x0000,
  0x0000, 0x0000, 0x0000, 0x0000, 0x0000, 0x0000, 0x0000, 0x0000, 0x0000, 0x0000, 0x0000, 0x0000, 0x0000, 0x0000, 0x0000, 0x0000,
  0x0000, 0x0000, 0x0000, 0x0000, 0x0000, 0x0000, 0x0000, 0x0000, 0x0000, 0x0000, 0x0000, 0x0000, 0x0000, 0x0000, 0x0000, 0x0000,
  0x0000, 0x0000, 0x0000, 0x0000, 0x0000, 0x0000, 0x0000, 0x0000, 0x0000, 0x0000, 0x0000, 0x0000, 0x0000, 0x0000, 0x0000, 0x0000,
  0x0000, 0x0000, 0x0000, 0x0000, 0x0000, 0x0000, 0x0000, 0x0000, 0x0000, 0x0000, 0x0000, 0x0000, 0x0000, 0x0000, 0x0000, 0x0000,
  0x0000, 0x0000, 0x0000, 0x0000, 0x0000, 0x0000, 0x0000, 0x0000, 0x0000, 0x0000, 0x0000, 0x0000, 0x0000, 0x0000, 0x0000, 0x0000,
  0x0000, 0x0000, 0x0000, 0x0000, 0x0000, 0x0000, 0x0000, 0x0000, 0x0000, 0x0000, 0x0000, 0x0000, 0x0000, 0x0000, 0x0000, 0x0000,
  0x0000, 0x0000, 0x0000, 0x0000, 0x0000, 0x0000, 0x0000, 0x0000, 0x0000, 0x0000, 0x0000, 0x0000, 0x0000, 0x0000, 0x0000, 0x0000,
  0x0000, 0x0000, 0x0000, 0x0000, 0x0000, 0x0000, 0x0000, 0x0000, 0x0000, 0x0000, 0x0000, 0x0000, 0x0000, 0x0000, 0x0000, 0x0000,
  0x0000, 0x0000, 0x0000, 0x0000, 0x0000, 0x0000, 0x0000, 0x0000, 0x0000, 0x0000, 0x0000, 0x0000, 0x0000, 0x0000, 0x0000, 0x0000,
  0x0000, 0x0000, 0x0000, 0x0000, 0x0000, 0x0000, 0x0000, 0x0000, 0x0000, 0x0000, 0x0000, 0x0000, 0x0000, 0x0000, 0x0000, 0x0000,
  0x0000, 0x0000, 0x0000, 0x0000, 0x0000, 0x0000, 0x0000, 0x0000, 0x0000, 0x3186, 0xB5D4, 0xFFF9, 0xFF2F, 0xF688, 0xF666, 0xF685,
  0xFE85, 0xF685, 0xF687, 0xFECB, 0xFF32, 0xFFD9, 0xBDF6, 0x0841, 0x0000, 0x0000, 0x0000, 0x0000, 0x0000, 0x0000, 0x0000, 0x0000,
  0x0000, 0x0000, 0x0000, 0x0000, 0x0000, 0x0000, 0x0000, 0x0000, 0x0000, 0x0000, 0x0000, 0x0000, 0x0000, 0x0000, 0x0000, 0x0000,
  0x0000, 0x0000, 0x0000, 0x0000, 0x0000, 0x0000, 0x0000, 0x0000, 0x0000, 0x0000, 0x0000, 0x0000, 0x0000, 0x0000, 0x0000, 0x0000,
  0x0000, 0x0000, 0x0000, 0x0000, 0x0000, 0x0000, 0x0000, 0x0000, 0x0000, 0x0000, 0x0020, 0x0000, 0x4208, 0xE79D, 0x6C95, 0x43D4,
  0x4C35, 0x4C14, 0x5C34, 0xDF7D, 0x5B0B, 0x31A6, 0x0882, 0x0861, 0x0861, 0x0862, 0x0000, 0x0000, 0x0000, 0x0000, 0x0000, 0x0000,
  0x0000, 0x0000, 0x0000, 0x0000, 0x0000, 0x0000, 0x0000, 0x0000, 0x0000, 0x0000, 0x0000, 0x0000, 0x0000, 0x0000, 0x0000, 0x0000,
  0x0000, 0x0000, 0x0000, 0x0000, 0x0000, 0x0000, 0x0000, 0x0000, 0x0000, 0x0000, 0x0000, 0x0000, 0x0000, 0x0000, 0x0000, 0x0000,
  0x0000, 0x0000, 0x0000, 0x0000, 0x0000, 0x0000, 0x0000, 0x0000, 0x0000, 0x0000, 0x0000, 0x0000, 0x0000, 0x0000, 0x0000, 0x0000,
  0x0000, 0x0000, 0x0000, 0x0000, 0x0000, 0x0000, 0x0000, 0x0000, 0x0000, 0x0000, 0x0000, 0x0000, 0x0000, 0x0000, 0x0000, 0x0000,
  0x0000, 0x0000, 0x0000, 0x0000, 0x0000, 0x0000, 0x0000, 0x0000, 0x0000, 0x0000, 0x0000, 0x0000, 0x0000, 0x0000, 0x0000, 0x0000,
  0x0000, 0x0000, 0x0000, 0x0000, 0x0000, 0x0000, 0x0000, 0x0000, 0x0000, 0x0000, 0x0000, 0x0000, 0x0000, 0x0000, 0x0000, 0x0000,
  0x0000, 0x0000, 0x0000, 0x0000, 0x0000, 0x0000, 0x0000, 0x0000, 0x0000, 0x0000, 0x0000, 0x0000, 0x0000, 0x0000, 0x0000, 0x0000,
  0x0000, 0x0000, 0x0000, 0x0000, 0x0000, 0x0000, 0x0000, 0x0000, 0x0000, 0x0000, 0x0000, 0x0000, 0x0000, 0x0000, 0x0000, 0x0000,
  0x0000, 0x0000, 0x0000, 0x0000, 0x0000, 0x0000, 0x0000, 0x0000, 0x0000, 0x0000, 0x0000, 0x0000, 0x0000, 0x0000, 0x0000, 0x0000,
  0x0000, 0x0000, 0x0000, 0x0000, 0x0000, 0x0000, 0x0000, 0x0000, 0x0000, 0x0000, 0x0000, 0x0000, 0x0000, 0x0000, 0x0000, 0x0000,
  0x0000, 0x0000, 0x0000, 0x0000, 0x0000, 0x0000, 0x0000, 0x0000, 0x0000, 0x0000, 0x0000, 0x0000, 0x0000, 0x0000, 0x0000, 0x0000,
  0x0000, 0x0000, 0x0000, 0x0000, 0x0000, 0x0000, 0x0000, 0x0000, 0x0000, 0x0000, 0x0000, 0x0000, 0x0000, 0x0000, 0x0000, 0x0000,
  0x0000, 0x0000, 0x0000, 0x0000, 0x0000, 0x0000, 0x0000, 0x0000, 0x0000, 0x0000, 0x0000, 0x0000, 0x0000, 0x0000, 0x0000, 0x0000,
  0x0000, 0x0000, 0x0000, 0x0000, 0x0000, 0x0000, 0x0000, 0x0000, 0x0000, 0x0000, 0x0000, 0x0000, 0x0000, 0x0000, 0x0000, 0x0000,
  0x0000, 0x0000, 0x0000, 0x0000, 0x0000, 0x0000, 0x0000, 0x0000, 0x18E3, 0xFFDB, 0xFF93, 0xE627, 0xEE46, 0xF6C8, 0xF6C8, 0xF686,
  0xF664, 0xFE63, 0xF663, 0xF663, 0xEDC4, 0xDD87, 0xFFB6, 0xAD53, 0x0020, 0x0000, 0x0000, 0x0000, 0x0000, 0x0000, 0x0000, 0x0000,
  0x0000, 0x0000, 0x0000, 0x0000, 0x0000, 0x0000, 0x0000, 0x0000, 0x0000, 0x0000, 0x0000, 0x0000, 0x0000, 0x0000, 0x0000, 0x0000,
  0x0000, 0x0000, 0x0000, 0x0000, 0x0000, 0x0000, 0x0000, 0x0000, 0x0000, 0x0000, 0x0000, 0x0000, 0x0000, 0x0000, 0x0000, 0x0000,
  0x0000, 0x0000, 0x0000, 0x0000, 0x0000, 0x0000, 0x0000, 0x0000, 0x0000, 0x0020, 0x0000, 0x7BCF, 0xE79E, 0x74D5, 0x4C14, 0x5476,
  0x4415, 0x5C33, 0xDF9E, 0x738D, 0x0000, 0x0000, 0x0000, 0x0000, 0x0000, 0x0000, 0x0000, 0x0020, 0x0000, 0x0000, 0x0000, 0x0000,
  0x0000, 0x0000, 0x0000, 0x0000, 0x0000, 0x0000, 0x0000, 0x0000, 0x0000, 0x0000, 0x0000, 0x0000, 0x0000, 0x0000, 0x0000, 0x0000,
  0x0000, 0x0000, 0x0000, 0x0000, 0x0000, 0x0000, 0x0000, 0x0000, 0x0000, 0x0000, 0x0000, 0x0000, 0x0000, 0x0000, 0x0000, 0x0000,
  0x0000, 0x0000, 0x0000, 0x0000, 0x0000, 0x0000, 0x0000, 0x0000, 0x0000, 0x0000, 0x0000, 0x0000, 0x0000, 0x0000, 0x0000, 0x0000,
  0x0000, 0x0000, 0x0000, 0x0000, 0x0000, 0x0000, 0x0000, 0x0000, 0x0000, 0x0000, 0x0000, 0x0000, 0x0000, 0x0000, 0x0000, 0x0000,
  0x0000, 0x0000, 0x0000, 0x0000, 0x0000, 0x0000, 0x0000, 0x0000, 0x0000, 0x0000, 0x0000, 0x0000, 0x0000, 0x0000, 0x0000, 0x0000,
  0x0000, 0x0000, 0x0000, 0x0000, 0x0000, 0x0000, 0x0000, 0x0000, 0x0000, 0x0000, 0x0000, 0x0000, 0x0000, 0x0000, 0x0000, 0x0000,
  0x0000, 0x0000, 0x0000, 0x0000, 0x0000, 0x0000, 0x0000, 0x0000, 0x0000, 0x0000, 0x0000, 0x0000, 0x0000, 0x0000, 0x0000, 0x0000,
  0x0000, 0x0000, 0x0000, 0x0000, 0x0000, 0x0000, 0x0000, 0x0000, 0x0000, 0x0000, 0x0000, 0x0000, 0x0000, 0x0000, 0x0000, 0x0000,
  0x0000, 0x0000, 0x0000, 0x0000, 0x0000, 0x0000, 0x0000, 0x0000, 0x0000, 0x0000, 0x0000, 0x0000, 0x0000, 0x0000, 0x0000, 0x0000,
  0x0000, 0x0000, 0x0000, 0x0000, 0x0000, 0x0000, 0x0000, 0x0000, 0x0000, 0x0000, 0x0000, 0x0000, 0x0000, 0x0000, 0x0000, 0x0000,
  0x0000, 0x0000, 0x0000, 0x0000, 0x0000, 0x0000, 0x0000, 0x0000, 0x0000, 0x0000, 0x0000, 0x0000, 0x0000, 0x0000, 0x0000, 0x0000,
  0x0000, 0x0000, 0x0000, 0x0000, 0x0000, 0x0000, 0x0000, 0x0000, 0x0000, 0x0000, 0x0000, 0x0000, 0x0000, 0x0000, 0x0000, 0x0000,
  0x0000, 0x0000, 0x0000, 0x0000, 0x0000, 0x0000, 0x0000, 0x0000, 0x0000, 0x0000, 0x0000, 0x0000, 0x0000, 0x0000, 0x0000, 0x0000,
  0x0000, 0x0000, 0x0000, 0x0000, 0x0000, 0x0000, 0x0000, 0x0000, 0x0000, 0x0000, 0x0000, 0x0000, 0x0000, 0x0000, 0x0000, 0x0000,
  0x0000, 0x0000, 0x0000, 0x0000, 0x0000, 0x0000, 0x0000, 0x18E4, 0xC5F6, 0xFF73, 0xE605, 0xF687, 0xFF4E, 0xFF91, 0xFF91, 0xFF4D,
  0xF686, 0xFE84, 0xFE84, 0xFE84, 0xFE84, 0xED83, 0xDD46, 0xFFF9, 0x7BCE, 0x0000, 0x0020, 0x0000, 0x0000, 0x0000, 0x0000, 0x0000,
  0x0000, 0x0000, 0x0000, 0x0000, 0x0000, 0x0000, 0x0000, 0x0000, 0x0000, 0x0000, 0x0000, 0x0000, 0x0000, 0x0000, 0x0000, 0x0000,
  0x0000, 0x0000, 0x0000, 0x0000, 0x0000, 0x0000, 0x0000, 0x0000, 0x0000, 0x0000, 0x0000, 0x0000, 0x0000, 0x0000, 0x0000, 0x0000,
  0x0000, 0x0000, 0x0000, 0x0000, 0x0000, 0x0000, 0x0000, 0x0000, 0x0020, 0x0000, 0x5289, 0xEFBE, 0x74F6, 0x4BF4, 0x5476, 0x4C35,
  0x5C54, 0xD75D, 0x7C2F, 0x0000, 0x0020, 0x0000, 0x0000, 0x0000, 0x0000, 0x0000, 0x0000, 0x0000, 0x0000, 0x0000, 0x0000, 0x0000,
  0x0000, 0x0000, 0x0000, 0x0000, 0x0000, 0x0000, 0x0000, 0x0000, 0x0000, 0x0000, 0x0000, 0x0000, 0x0000, 0x0000, 0x0000, 0x0000,
  0x0000, 0x0000, 0x0000, 0x0000, 0x0000, 0x0000, 0x0000, 0x0000, 0x0000, 0x0000, 0x0000, 0x0000, 0x0000, 0x0000, 0x0000, 0x0000,
  0x0000, 0x0000, 0x0000, 0x0000, 0x0000, 0x0000, 0x0000, 0x0000, 0x0000, 0x0000, 0x0000, 0x0000, 0x0000, 0x0000, 0x0000, 0x0000,
  0x0000, 0x0000, 0x0000, 0x0000, 0x0000, 0x0000, 0x0000, 0x0000, 0x0000, 0x0000, 0x0000, 0x0000, 0x0000, 0x0000, 0x0000, 0x0000,
  0x0000, 0x0000, 0x0000, 0x0000, 0x0000, 0x0000, 0x0000, 0x0000, 0x0000, 0x0000, 0x0000, 0x0000, 0x0000, 0x0000, 0x0000, 0x0000,
  0x0000, 0x0000, 0x0000, 0x0000, 0x0000, 0x0000, 0x0000, 0x0000, 0x0000, 0x0000, 0x0000, 0x0000, 0x0000, 0x0000, 0x0000, 0x0000,
  0x0000, 0x0000, 0x0000, 0x0000, 0x0000, 0x0000, 0x0000, 0x0000, 0x0000, 0x0000, 0x0000, 0x0000, 0x0000, 0x0000, 0x0000, 0x0000,
  0x0000, 0x0000, 0x0000, 0x0000, 0x0000, 0x0000, 0x0000, 0x0000, 0x0000, 0x0000, 0x0000, 0x0000, 0x0000, 0x0000, 0x0000, 0x0000,
  0x0000, 0x0000, 0x0000, 0x0000, 0x0000, 0x0000, 0x0000, 0x0000, 0x0000, 0x0000, 0x0000, 0x0000, 0x0000, 0x0000, 0x0000, 0x0000,
  0x0000, 0x0000, 0x0000, 0x0000, 0x0000, 0x0000, 0x0000, 0x0000, 0x0000, 0x0000, 0x0000, 0x0000, 0x0000, 0x0000, 0x0000, 0x0000,
  0x0000, 0x0000, 0x0000, 0x0000, 0x0000, 0x0000, 0x0000, 0x0000, 0x0000, 0x0000, 0x0000, 0x0000, 0x0000, 0x0000, 0x0000, 0x0000,
  0x0000, 0x0000, 0x0000, 0x0000, 0x0000, 0x0000, 0x0000, 0x0000, 0x0000, 0x0000, 0x0000, 0x0000, 0x0000, 0x0000, 0x0000, 0x0000,
  0x0000, 0x0000, 0x0000, 0x0000, 0x0000, 0x0000, 0x0000, 0x0000, 0x0000, 0x0000, 0x0000, 0x0000, 0x0000, 0x0000, 0x0000, 0x0000,
  0x0000, 0x0000, 0x0000, 0x0000, 0x0000, 0x0000, 0x0000, 0x0000, 0x0000, 0x0000, 0x0000, 0x0000, 0x0000, 0x0000, 0x0000, 0x0000,
  0x0000, 0x0000, 0x0000, 0x0000, 0x0000, 0x0020, 0x0000, 0x6B6D, 0xFFFB, 0xEE69, 0xF643, 0xF6E9, 0xFF90, 0xFF71, 0xFF91, 0xFF4D,
  0xF685, 0xFE84, 0xFE84, 0xFE84, 0xFE84, 0xF5C3, 0xED23, 0xEE4B, 0xE738, 0x1082, 0x0000, 0x0000, 0x0000, 0x0000, 0x0000, 0x0000,
  0x0000, 0x0000, 0x0000, 0x0000, 0x0000, 0x0000, 0x0000, 0x0000, 0x0000, 0x0000, 0x0000, 0x0000, 0x0000, 0x0000, 0x0000, 0x0000,
  0x0000, 0x0000, 0x0000, 0x0000, 0x0000, 0x0000, 0x0000, 0x0000, 0x0000, 0x0000, 0x0000, 0x0000, 0x0000, 0x0000, 0x0000, 0x0000,
  0x0000, 0x0000, 0x0000, 0x0000, 0x0000, 0x0000, 0x0000, 0x0020, 0x0000, 0x738D, 0xFFFF, 0x6CB5, 0x43D4, 0x4C36, 0x4415, 0x5434,
  0xD75D, 0x632C, 0x0000, 0x0020, 0x0000, 0x0000, 0x0000, 0x0000, 0x0000, 0x0000, 0x0000, 0x0000, 0x0000, 0x0000, 0x0000, 0x0000,
  0x0000, 0x0000, 0x0000, 0x0000, 0x0000, 0x0000, 0x0000, 0x0000, 0x0000, 0x0000, 0x0000, 0x0000, 0x0000, 0x0000, 0x0000, 0x0000,
  0x0000, 0x0000, 0x0000, 0x0000, 0x0000, 0x0000, 0x0000, 0x0000, 0x0000, 0x0000, 0x0000, 0x0000, 0x0000, 0x0000, 0x0000, 0x0000,
  0x0000, 0x0000, 0x0000, 0x0000, 0x0000, 0x0000, 0x0000, 0x0000, 0x0000, 0x0000, 0x0000, 0x0000, 0x0000, 0x0000, 0x0000, 0x0000,
  0x0000, 0x0000, 0x0000, 0x0000, 0x0000, 0x0000, 0x0000, 0x0000, 0x0000, 0x0000, 0x0000, 0x0000, 0x0000, 0x0000, 0x0000, 0x0000,
  0x0000, 0x0000, 0x0000, 0x0000, 0x0000, 0x0000, 0x0000, 0x0000, 0x0000, 0x0000, 0x0000, 0x0000, 0x0000, 0x0000, 0x0000, 0x0000,
  0x0000, 0x0000, 0x0000, 0x0000, 0x0000, 0x0000, 0x0000, 0x0000, 0x0000, 0x0000, 0x0000, 0x0000, 0x0000, 0x0000, 0x0000, 0x0000,
  0x0000, 0x0000, 0x0000, 0x0000, 0x0000, 0x0000, 0x0000, 0x0000, 0x0000, 0x0000, 0x0000, 0x0000, 0x0000, 0x0000, 0x0000, 0x0000,
  0x0000, 0x0000, 0x0000, 0x0000, 0x0000, 0x0000, 0x0000, 0x0000, 0x0000, 0x0000, 0x0000, 0x0000, 0x0000, 0x0000, 0x0000, 0x0000,
  0x0000, 0x0000, 0x0000, 0x0000, 0x0000, 0x0000, 0x0000, 0x0000, 0x0000, 0x0000, 0x0000, 0x0000, 0x0000, 0x0000, 0x0000, 0x0000,
  0x0000, 0x0000, 0x0000, 0x0000, 0x0000, 0x0000, 0x0000, 0x0000, 0x0000, 0x0000, 0x0000, 0x0000, 0x0000, 0x0000, 0x0000, 0x0000,
  0x0000, 0x0000, 0x0000, 0x0000, 0x0000, 0x0000, 0x0000, 0x0000, 0x0000, 0x0000, 0x0000, 0x0000, 0x0000, 0x0000, 0x0000, 0x0000,
  0x0000, 0x0000, 0x0000, 0x0000, 0x0000, 0x0000, 0x0000, 0x0000, 0x0000, 0x0000, 0x0000, 0x0000, 0x0000, 0x0000, 0x0000, 0x0000,
  0x0000, 0x0000, 0x0000, 0x0000, 0x0000, 0x0000, 0x0000, 0x0000, 0x0000, 0x0000, 0x0000, 0x0000, 0x0000, 0x0000, 0x0000, 0x0000,
  0x0000, 0x0000, 0x0000, 0x0000, 0x0000, 0x0000, 0x0000, 0x0000, 0x0000, 0x0000, 0x0000, 0x0000, 0x0000, 0x0000, 0x0000, 0x0000,
  0x0000, 0x0000, 0x0000, 0x0000, 0x0000, 0x0020, 0x0000, 0x6B4B, 0xFFF5, 0xEE46, 0xFE64, 0xF686, 0xFF0A, 0xFF2C, 0xFF0B, 0xF6A6,
  0xF684, 0xFE84, 0xFE83, 0xFE83, 0xFE64, 0xF5A3, 0xF563, 0xE586, 0xFF97, 0x2104, 0x0000, 0x0000, 0x0000, 0x0000, 0x0000, 0x0000,
  0x0000, 0x0000, 0x0000, 0x0000, 0x0000, 0x0000, 0x0000, 0x0000, 0x0000, 0x0000, 0x0000, 0x0000, 0x0000, 0x0000, 0x0000, 0x0000,
  0x0000, 0x0000, 0x0000, 0x0000, 0x0000, 0x0000, 0x0000, 0x0000, 0x0000, 0x0000, 0x0000, 0x0000, 0x0000, 0x0000, 0x0000, 0x0000,
  0x0000, 0x0000, 0x0000, 0x0000, 0x0000, 0x0000, 0x0020, 0x0000, 0x73AD, 0xEFBE, 0x6CB5, 0x43D4, 0x4C56, 0x4415, 0x4BD3, 0xD73D,
  0x94B2, 0x0000, 0x0020, 0x0000, 0x0000, 0x0000, 0x0000, 0x0000, 0x0000, 0x0000, 0x0000, 0x0000, 0x0000, 0x0000, 0x0000, 0x0000,
  0x0000, 0x0000, 0x0000, 0x0000, 0x0000, 0x0000, 0x0000, 0x0000, 0x0000, 0x0000, 0x0000, 0x0000, 0x0000, 0x0000, 0x0000, 0x0000,
  0x0000, 0x0000, 0x0000, 0x0000, 0x0000, 0x0000, 0x0000, 0x0000, 0x0000, 0x0000, 0x0000, 0x0000, 0x0000, 0x0000, 0x0000, 0x0000,
  0x0000, 0x0000, 0x0000, 0x0000, 0x0000, 0x0000, 0x0000, 0x0000, 0x0000, 0x0000, 0x0000, 0x0000, 0x0000, 0x0000, 0x0000, 0x0000,
  0x0000, 0x0000, 0x0000, 0x0000, 0x0000, 0x0000, 0x0000, 0x0000, 0x0000, 0x0000, 0x0000, 0x0000, 0x0000, 0x0000, 0x0000, 0x0000,
  0x0000, 0x0000, 0x0000, 0x0000, 0x0000, 0x0000, 0x0000, 0x0000, 0x0000, 0x0000, 0x0000, 0x0000, 0x0000, 0x0000, 0x0000, 0x0000,
  0x0000, 0x0000, 0x0000, 0x0000, 0x0000, 0x0000, 0x0000, 0x0000, 0x0000, 0x0000, 0x0000, 0x0000, 0x0000, 0x0000, 0x0000, 0x0000,
  0x0000, 0x0000, 0x0000, 0x0000, 0x0000, 0x0000, 0x0000, 0x0000, 0x0000, 0x0000, 0x0000, 0x0000, 0x0000, 0x0000, 0x0000, 0x0000,
  0x0000, 0x0000, 0x0000, 0x0000, 0x0000, 0x0000, 0x0000, 0x0000, 0x0000, 0x0000, 0x0000, 0x0000, 0x0000, 0x0000, 0x0000, 0x0000,
  0x0000, 0x0000, 0x0000, 0x0000, 0x0000, 0x0000, 0x0000, 0x0000, 0x0000, 0x0000, 0x0000, 0x0000, 0x0000, 0x0000, 0x0000, 0x0000,
  0x0000, 0x0000, 0x0000, 0x0000, 0x0000, 0x0000, 0x0000, 0x0000, 0x0000, 0x0000, 0x0000, 0x0000, 0x0000, 0x0000, 0x0000, 0x0000,
  0x0000, 0x0000, 0x0000, 0x0000, 0x0000, 0x0000, 0x0000, 0x0000, 0x0000, 0x0000, 0x0000, 0x0000, 0x0000, 0x0000, 0x0000, 0x0000,
  0x0000, 0x0000, 0x0000, 0x0000, 0x0000, 0x0000, 0x0000, 0x0000, 0x0000, 0x0000, 0x0000, 0x0000, 0x0000, 0x0000, 0x0000, 0x0000,
  0x0000, 0x0000, 0x0000, 0x0000, 0x0000, 0x0000, 0x0000, 0x0000, 0x0000, 0x0000, 0x0000, 0x0000, 0x0000, 0x0000, 0x0000, 0x0000,
  0x0000, 0x0000, 0x0000, 0x0000, 0x0000, 0x0000, 0x0000, 0x0000, 0x0000, 0x0000, 0x0000, 0x0000, 0x0000, 0x0000, 0x0000, 0x0000,
  0x0000, 0x0000, 0x0000, 0x0000, 0x0000, 0x0020, 0x0000, 0x6B4B, 0xFFF4, 0xEE45, 0xFE84, 0xFE84, 0xF664, 0xF684, 0xF663, 0xFE83,
  0xFE83, 0xFE83, 0xFE83, 0xFE83, 0xFE44, 0xF563, 0xFD83, 0xED86, 0xF733, 0x1903, 0x0000, 0x0000, 0x0000, 0x0000, 0x0000, 0x0000,
  0x0000, 0x0000, 0x0000, 0x0000, 0x0000, 0x0000, 0x0000, 0x0000, 0x0000, 0x0000, 0x0000, 0x0000, 0x0000, 0x0000, 0x0000, 0x0000,
  0x0000, 0x0000, 0x0000, 0x0000, 0x0000, 0x0000, 0x0000, 0x0000, 0x0000, 0x0000, 0x0000, 0x0000, 0x0000, 0x0000, 0x0000, 0x0000,
  0x0000, 0x0000, 0x0000, 0x0000, 0x0000, 0x0020, 0x0000, 0x4207, 0xF7FF, 0x6C94, 0x3BB3, 0x4C56, 0x4C36, 0x4BD3, 0xCF3D, 0x7BEF,
  0x0000, 0x0020, 0x0000, 0x0000, 0x0000, 0x0000, 0x0000, 0x0000, 0x0000, 0x0000, 0x0000, 0x0000, 0x0000, 0x0000, 0x0000, 0x0000,
  0x0000, 0x0000, 0x0000, 0x0000, 0x0000, 0x0000, 0x0000, 0x0000, 0x0000, 0x0000, 0x0000, 0x0000, 0x0000, 0x0000, 0x0000, 0x0000,
  0x0000, 0x0000, 0x0000, 0x0000, 0x0000, 0x0000, 0x0000, 0x0000, 0x0000, 0x0000, 0x0000, 0x0000, 0x0000, 0x0000, 0x0000, 0x0000,
  0x0000, 0x0000, 0x0000, 0x0000, 0x0000, 0x0000, 0x0000, 0x0000, 0x0000, 0x0000, 0x0000, 0x0000, 0x0000, 0x0000, 0x0000, 0x0000,
  0x0000, 0x0000, 0x0000, 0x0000, 0x0000, 0x0000, 0x0000, 0x0000, 0x0000, 0x0000, 0x0000, 0x0000, 0x0000, 0x0000, 0x0000, 0x0000,
  0x0000, 0x0000, 0x0000, 0x0000, 0x0000, 0x0000, 0x0000, 0x0000, 0x0000, 0x0000, 0x0000, 0x0000, 0x0000, 0x0000, 0x0000, 0x0000,
  0x0000, 0x0000, 0x0000, 0x0000, 0x0000, 0x0000, 0x0000, 0x0000, 0x0000, 0x0000, 0x0000, 0x0000, 0x0000, 0x0000, 0x0000, 0x0000,
  0x0000, 0x0000, 0x0000, 0x0000, 0x0000, 0x0000, 0x0000, 0x0000, 0x0000, 0x0000, 0x0000, 0x0000, 0x0000, 0x0000, 0x0000, 0x0000,
  0x0000, 0x0000, 0x0000, 0x0000, 0x0000, 0x0000, 0x0000, 0x0000, 0x0000, 0x0000, 0x0000, 0x0000, 0x0000, 0x0000, 0x0000, 0x0000,
  0x0000, 0x0000, 0x0000, 0x0000, 0x0000, 0x0000, 0x0000, 0x0000, 0x0000, 0x0000, 0x0000, 0x0000, 0x0000, 0x0000, 0x0000, 0x0000,
  0x0000, 0x0000, 0x0000, 0x0000, 0x0000, 0x0000, 0x0000, 0x0000, 0x0000, 0x0000, 0x0000, 0x0000, 0x0000, 0x0000, 0x0000, 0x0000,
  0x0000, 0x0000, 0x0000, 0x0000, 0x0000, 0x0000, 0x0000, 0x0000, 0x0000, 0x0000, 0x0000, 0x0000, 0x0000, 0x0000, 0x0000, 0x0000,
  0x0000, 0x0000, 0x0000, 0x0000, 0x0000, 0x0000, 0x0000, 0x0000, 0x0000, 0x0000, 0x0000, 0x0000, 0x0000, 0x0000, 0x0000, 0x0000,
  0x0000, 0x0000, 0x0000, 0x0000, 0x0000, 0x0000, 0x0000, 0x0000, 0x0000, 0x0000, 0x0000, 0x0000, 0x0000, 0x0000, 0x0000, 0x0000,
  0x0000, 0x0000, 0x0000, 0x0000, 0x0000, 0x0000, 0x0000, 0x0000, 0x0000, 0x0000, 0x0000, 0x0000, 0x0000, 0x0000, 0x0000, 0x0000,
  0x0000, 0x0000, 0x0000, 0x0000, 0x0000, 0x0020, 0x0000, 0x738C, 0xFFF6, 0xEE46, 0xFE84, 0xFE64, 0xFE84, 0xFE84, 0xFE83, 0xFE83,
  0xFE63, 0xFE63, 0xFE83, 0xFE64, 0xF5A3, 0xF543, 0xF563, 0xEDA7, 0xFFB8, 0x2104, 0x0000, 0x0000, 0x0000, 0x0000, 0x0000, 0x0000,
  0x0000, 0x0000, 0x0000, 0x0000, 0x0000, 0x0000, 0x0000, 0x0000, 0x0000, 0x0000, 0x0000, 0x0000, 0x0000, 0x0000, 0x0000, 0x0000,
  0x0000, 0x0000, 0x0000, 0x0000, 0x0000, 0x0000, 0x0000, 0x0000, 0x0000, 0x0000, 0x0000, 0x0000, 0x0000, 0x0000, 0x0000, 0x0000,
  0x0000, 0x0000, 0x0000, 0x0000, 0x0020, 0x0000, 0x4A48, 0xEF9E, 0x74D5, 0x3BB3, 0x4415, 0x4C15, 0x43D3, 0xD73D, 0x9491, 0x0000,
  0x0000, 0x0000, 0x0000, 0x0000, 0x0000, 0x0000, 0x0000, 0x0000, 0x0000, 0x0000, 0x0000, 0x0000, 0x0000, 0x0000, 0x0000, 0x0000,
  0x0000, 0x0000, 0x0000, 0x0000, 0x0000, 0x0000, 0x0000, 0x0000, 0x0000, 0x0000, 0x0000, 0x0000, 0x0000, 0x0000, 0x0000, 0x0000,
  0x0000, 0x0000, 0x0000, 0x0000, 0x0000, 0x0000, 0x0000, 0x0000, 0x0000, 0x0000, 0x0000, 0x0000, 0x0000, 0x0000, 0x0000, 0x0000,
  0x0000, 0x0000, 0x0000, 0x0000, 0x0000, 0x0000, 0x0000, 0x0000, 0x0000, 0x0000, 0x0000, 0x0000, 0x0000, 0x0000, 0x0000, 0x0000,
  0x0000, 0x0000, 0x0000, 0x0000, 0x0000, 0x0000, 0x0000, 0x0000, 0x0000, 0x0000, 0x0000, 0x0000, 0x0000, 0x0000, 0x0000, 0x0000,
  0x0000, 0x0000, 0x0000, 0x0000, 0x0000, 0x0000, 0x0000, 0x0000, 0x0000, 0x0000, 0x0000, 0x0000, 0x0000, 0x0000, 0x0000, 0x0000,
  0x0000, 0x0000, 0x0000, 0x0000, 0x0000, 0x0000, 0x0000, 0x0000, 0x0000, 0x0000, 0x0000, 0x0000, 0x0000, 0x0000, 0x0000, 0x0000,
  0x0000, 0x0000, 0x0000, 0x0000, 0x0000, 0x0000, 0x0000, 0x0000, 0x0000, 0x0000, 0x0000, 0x0000, 0x0000, 0x0000, 0x0000, 0x0000,
  0x0000, 0x0000, 0x0000, 0x0000, 0x0000, 0x0000, 0x0000, 0x0000, 0x0000, 0x0000, 0x0000, 0x0000, 0x0000, 0x0000, 0x0000, 0x0000,
  0x0000, 0x0000, 0x0000, 0x0000, 0x0000, 0x0000, 0x0000, 0x0000, 0x0000, 0x0000, 0x0000, 0x0000, 0x0000, 0x0000, 0x0000, 0x0000,
  0x0000, 0x0000, 0x0000, 0x0000, 0x0000, 0x0000, 0x0000, 0x0000, 0x0000, 0x0000, 0x0000, 0x0000, 0x0000, 0x0000, 0x0000, 0x0000,
  0x0000, 0x0000, 0x0000, 0x0000, 0x0000, 0x0000, 0x0000, 0x0000, 0x0000, 0x0000, 0x0000, 0x0000, 0x0000, 0x0000, 0x0000, 0x0000,
  0x0000, 0x0000, 0x0000, 0x0000, 0x0000, 0x0000, 0x0000, 0x0000, 0x0000, 0x0000, 0x0000, 0x0000, 0x0000, 0x0000, 0x0000, 0x0000,
  0x0000, 0x0000, 0x0000, 0x0000, 0x0000, 0x0000, 0x0000, 0x0000, 0x0000, 0x0000, 0x0000, 0x0000, 0x0000, 0x0000, 0x0000, 0x0000,
  0x0000, 0x0000, 0x0000, 0x0000, 0x0000, 0x0000, 0x0000, 0x0000, 0x0000, 0x0000, 0x0000, 0x0000, 0x0000, 0x0000, 0x0000, 0x0000,
  0x0000, 0x0000, 0x0000, 0x0000, 0x0000, 0x0000, 0x0000, 0x39A6, 0xFFFA, 0xEE8A, 0xFE64, 0xFE84, 0xFE63, 0xFE83, 0xFE83, 0xFE83,
  0xFE83, 0xFE84, 0xFE64, 0xF5C3, 0xF543, 0xF563, 0xED64, 0xF68D, 0xE739, 0x18C3, 0x0000, 0x0000, 0x0000, 0x0000, 0x0000, 0x0000,
  0x0000, 0x0000, 0x0000, 0x0000, 0x0000, 0x0000, 0x0000, 0x0000, 0x0000, 0x0000, 0x0000, 0x0000, 0x0000, 0x0000, 0x0000, 0x0000,
  0x0000, 0x0000, 0x0000, 0x0000, 0x0000, 0x0000, 0x0000, 0x0000, 0x0000, 0x0000, 0x0000, 0x0000, 0x0000, 0x0000, 0x0000, 0x0000,
  0x0000, 0x0000, 0x0000, 0x0020, 0x0000, 0x4A69, 0xE77D, 0x7D16, 0x43F4, 0x5477, 0x4C35, 0x43B2, 0xCF1C, 0xA554, 0x0000, 0x0020,
  0x0000, 0x0000, 0x0000, 0x0000, 0x0000, 0x0000, 0x0000, 0x0000, 0x0000, 0x0000, 0x0000, 0x0000, 0x0000, 0x0000, 0x0000, 0x0000,
  0x0000, 0x0000, 0x0000, 0x0000, 0x0000, 0x0000, 0x0000, 0x0000, 0x0000, 0x0000, 0x0000, 0x0000, 0x0000, 0x0000, 0x0000, 0x0000,
  0x0000, 0x0000, 0x0000, 0x0000, 0x0000, 0x0000, 0x0000, 0x0000, 0x0000, 0x0000, 0x0000, 0x0000, 0x0000, 0x0000, 0x0000, 0x0000,
  0x0000, 0x0000, 0x0000, 0x0000, 0x0000, 0x0000, 0x0000, 0x0000, 0x0000, 0x0000, 0x0000, 0x0000, 0x0000, 0x0000, 0x0000, 0x0000,
  0x0000, 0x0000, 0x0000, 0x0000, 0x0000, 0x0000, 0x0000, 0x0000, 0x0000, 0x0000, 0x0000, 0x0000, 0x0000, 0x0000, 0x0000, 0x0000,
  0x0000, 0x0000, 0x0000, 0x0000, 0x0000, 0x0000, 0x0000, 0x0000, 0x0000, 0x0000, 0x0000, 0x0000, 0x0000, 0x0000, 0x0000, 0x0000,
  0x0000, 0x0000, 0x0000, 0x0000, 0x0000, 0x0000, 0x0000, 0x0000, 0x0000, 0x0000, 0x0000, 0x0000, 0x0000, 0x0000, 0x0000, 0x0000,
  0x0000, 0x0000, 0x0000, 0x0000, 0x0000, 0x0000, 0x0000, 0x0000, 0x0000, 0x0000, 0x0000, 0x0000, 0x0000, 0x0000, 0x0000, 0x0000,
  0x0000, 0x0000, 0x0000, 0x0000, 0x0000, 0x0000, 0x0000, 0x0000, 0x0000, 0x0000, 0x0000, 0x0000, 0x0000, 0x0000, 0x0000, 0x0000,
  0x0000, 0x0000, 0x0000, 0x0000, 0x0000, 0x0000, 0x0000, 0x0000, 0x0000, 0x0000, 0x0000, 0x0000, 0x0000, 0x0000, 0x0000, 0x0000,
  0x0000, 0x0000, 0x0000, 0x0000, 0x0000, 0x0000, 0x0000, 0x0000, 0x0000, 0x0000, 0x0000, 0x0000, 0x0000, 0x0000, 0x0000, 0x0000,
  0x0000, 0x0000, 0x0000, 0x0000, 0x0000, 0x0000, 0x0000, 0x0000, 0x0000, 0x0000, 0x0000, 0x0000, 0x0000, 0x0000, 0x0000, 0x0000,
  0x0000, 0x0000, 0x0000, 0x0000, 0x0000, 0x0000, 0x0000, 0x0000, 0x0000, 0x0000, 0x0000, 0x0000, 0x0000, 0x0000, 0x0000, 0x0000,
  0x0000, 0x0000, 0x0000, 0x0000, 0x0000, 0x0000, 0x0000, 0x0000, 0x0000, 0x0000, 0x0000, 0x0000, 0x0000, 0x0000, 0x0000, 0x0000,
  0x0000, 0x0000, 0x0000, 0x0000, 0x0000, 0x0000, 0x0000, 0x0000, 0x0000, 0x0000, 0x0000, 0x0000, 0x0000, 0x0000, 0x0000, 0x0000,
  0x0000, 0x0000, 0x0000, 0x0000, 0x0000, 0x0000, 0x0000, 0x0000, 0x9CCF, 0xFFB5, 0xDD85, 0xF623, 0xFE64, 0xFE64, 0xFE64, 0xFE64,
  0xFE44, 0xF5E3, 0xF583, 0xF543, 0xF542, 0xF563, 0xDD68, 0xFFD9, 0xAD74, 0x0000, 0x0020, 0x0000, 0x0000, 0x0000, 0x0000, 0x0000,
  0x0000, 0x0000, 0x0000, 0x0000, 0x0000, 0x0000, 0x0000, 0x0000, 0x0000, 0x0000, 0x0000, 0x0000, 0x0000, 0x0000, 0x0000, 0x0000,
  0x0000, 0x0000, 0x0000, 0x0000, 0x0000, 0x0000, 0x0000, 0x0000, 0x0000, 0x0000, 0x0000, 0x0000, 0x0000, 0x0000, 0x0000, 0x0000,
  0x0000, 0x0000, 0x0020, 0x0000, 0x4228, 0xFFFF, 0x7D16, 0x43F4, 0x5477, 0x4C56, 0x4BD3, 0xCF1D, 0x8450, 0x0000, 0x0020, 0x0000,
  0x0000, 0x0000, 0x0000, 0x0000, 0x0000, 0x0000, 0x0000, 0x0000, 0x0000, 0x0000, 0x0000, 0x0000, 0x0000, 0x0000, 0x0000, 0x0000,
  0x0000, 0x0000, 0x0000, 0x0000, 0x0000, 0x0000, 0x0000, 0x0000, 0x0000, 0x0000, 0x0000, 0x0000, 0x0000, 0x0000, 0x0000, 0x0000,
  0x0000, 0x0000, 0x0000, 0x0000, 0x0000, 0x0000, 0x0000, 0x0000, 0x0000, 0x0000, 0x0000, 0x0000, 0x0000, 0x0000, 0x0000, 0x0000,
  0x0000, 0x0000, 0x0000, 0x0000, 0x0000, 0x0000, 0x0000, 0x0000, 0x0000, 0x0000, 0x0000, 0x0000, 0x0000, 0x0000, 0x0000, 0x0000,
  0x0000, 0x0000, 0x0000, 0x0000, 0x0000, 0x0000, 0x0000, 0x0000, 0x0000, 0x0000, 0x0000, 0x0000, 0x0000, 0x0000, 0x0000, 0x0000,
  0x0000, 0x0000, 0x0000, 0x0000, 0x0000, 0x0000, 0x0000, 0x0000, 0x0000, 0x0000, 0x0000, 0x0000, 0x0000, 0x0000, 0x0000, 0x0000,
  0x0000, 0x0000, 0x0000, 0x0000, 0x0000, 0x0000, 0x0000, 0x0000, 0x0000, 0x0000, 0x0000, 0x0000, 0x0000, 0x0000, 0x0000, 0x0000,
  0x0000, 0x0000, 0x0000, 0x0000, 0x0000, 0x0000, 0x0000, 0x0000, 0x0000, 0x0000, 0x0000, 0x0000, 0x0000, 0x0000, 0x0000, 0x0000,
  0x0000, 0x0000, 0x0000, 0x0000, 0x0000, 0x0000, 0x0000, 0x0000, 0x0000, 0x0000, 0x0000, 0x0000, 0x0000, 0x0000, 0x0000, 0x0000,
  0x0000, 0x0000, 0x0000, 0x0000, 0x0000, 0x0000, 0x0000, 0x0000, 0x0000, 0x0000, 0x0000, 0x0000, 0x0000, 0x0000, 0x0000, 0x0000,
  0x0000, 0x0000, 0x0000, 0x0000, 0x0000, 0x0000, 0x0000, 0x0000, 0x0000, 0x0000, 0x0000, 0x0000, 0x0000, 0x0000, 0x0000, 0x0000,
  0x0000, 0x0000, 0x0000, 0x0000, 0x0000, 0x0000, 0x0000, 0x0000, 0x0000, 0x0000, 0x0000, 0x0000, 0x0000, 0x0000, 0x0000, 0x0000,
  0x0000, 0x0000, 0x0000, 0x0000, 0x0000, 0x0000, 0x0000, 0x0000, 0x0000, 0x0000, 0x0000, 0x0000, 0x0000, 0x0000, 0x0000, 0x0000,
  0x0000, 0x0000, 0x0000, 0x0000, 0x0000, 0x0000, 0x0000, 0x0000, 0x0000, 0x0000, 0x0000, 0x0000, 0x0000, 0x0000, 0x0000, 0x0000,
  0x0000, 0x0000, 0x0000, 0x0000, 0x0000, 0x0000, 0x0000, 0x0000, 0x0000, 0x0000, 0x0000, 0x0000, 0x0000, 0x0000, 0x0000, 0x0000,
  0x0000, 0x0000, 0x0000, 0x0000, 0x0000, 0x0000, 0x0000, 0x0000, 0x0000, 0xC614, 0xFF73, 0xEDA7, 0xED42, 0xED61, 0xED62, 0xED63,
  0xED43, 0xED22, 0xF542, 0xED22, 0xF584, 0xD569, 0x844E, 0x8D15, 0xEFBE, 0x8430, 0x0000, 0x0000, 0x0000, 0x0000, 0x0000, 0x0000,
  0x0000, 0x0000, 0x0000, 0x0000, 0x0000, 0x0000, 0x0000, 0x0000, 0x0000, 0x0000, 0x0000, 0x0000, 0x0000, 0x0000, 0x0000, 0x0000,
  0x0000, 0x0000, 0x0000, 0x0000, 0x0000, 0x0000, 0x0000, 0x0000, 0x0000, 0x0000, 0x0000, 0x0000, 0x0000, 0x0000, 0x0000, 0x0000,
  0x0000, 0x0020, 0x0000, 0x31A6, 0xDF3C, 0x8D78, 0x43F4, 0x5456, 0x4C36, 0x4BD3, 0xC6BB, 0xBDF7, 0x0000, 0x0000, 0x0000, 0x0000,
  0x0000, 0x0000, 0x0000, 0x0000, 0x0000, 0x0000, 0x0000, 0x0000, 0x0000, 0x0000, 0x0000, 0x0000, 0x0000, 0x0000, 0x0000, 0x0000,
  0x0000, 0x0000, 0x0000, 0x0000, 0x0000, 0x0000, 0x0000, 0x0000, 0x0000, 0x0000, 0x0000, 0x0000, 0x0000, 0x0000, 0x0000, 0x0000,
  0x0000, 0x0000, 0x0000, 0x0000, 0x0000, 0x0000, 0x0000, 0x0000, 0x0000, 0x0000, 0x0000, 0x0000, 0x0000, 0x0000, 0x0000, 0x0000,
  0x0000, 0x0000, 0x0000, 0x0000, 0x0000, 0x0000, 0x0000, 0x0000, 0x0000, 0x0000, 0x0000, 0x0000, 0x0000, 0x0000, 0x0000, 0x0000,
  0x0000, 0x0000, 0x0000, 0x0000, 0x0000, 0x0000, 0x0000, 0x0000, 0x0000, 0x0000, 0x0000, 0x0000, 0x0000, 0x0000, 0x0000, 0x0000,
  0x0000, 0x0000, 0x0000, 0x0000, 0x0000, 0x0000, 0x0000, 0x0000, 0x0000, 0x0000, 0x0000, 0x0000, 0x0000, 0x0000, 0x0000, 0x0000,
  0x0000, 0x0000, 0x0000, 0x0000, 0x0000, 0x0000, 0x0000, 0x0000, 0x0000, 0x0000, 0x0000, 0x0000, 0x0000, 0x0000, 0x0000, 0x0000,
  0x0000, 0x0000, 0x0000, 0x0000, 0x0000, 0x0000, 0x0000, 0x0000, 0x0000, 0x0000, 0x0000, 0x0000, 0x0000, 0x0000, 0x0000, 0x0000,
  0x0000, 0x0000, 0x0000, 0x0000, 0x0000, 0x0000, 0x0000, 0x0000, 0x0000, 0x0000, 0x0000, 0x0000, 0x0000, 0x0000, 0x0000, 0x0000,
  0x0000, 0x0000, 0x0000, 0x0000, 0x0000, 0x0000, 0x0000, 0x0000, 0x0000, 0x0000, 0x0000, 0x0000, 0x0000, 0x0000, 0x0000, 0x0000,
  0x0000, 0x0000, 0x0000, 0x0000, 0x0000, 0x0000, 0x0000, 0x0000, 0x0000, 0x0000, 0x0000, 0x0000, 0x0000, 0x0000, 0x0000, 0x0000,
  0x0000, 0x0000, 0x0000, 0x0000, 0x0000, 0x0000, 0x0000, 0x0000, 0x0000, 0x0000, 0x0000, 0x0000, 0x0000, 0x0000, 0x0000, 0x0000,
  0x0000, 0x0000, 0x0000, 0x0000, 0x0000, 0x0000, 0x0000, 0x0000, 0x0000, 0x0000, 0x0000, 0x0000, 0x0000, 0x0000, 0x0000, 0x0000,
  0x0000, 0x0000, 0x0000, 0x0000, 0x0000, 0x0000, 0x0000, 0x0000, 0x0000, 0x0000, 0x0000, 0x0000, 0x0000, 0x0000, 0x0000, 0x0000,
  0x0000, 0x0000, 0x0000, 0x0000, 0x0000, 0x0000, 0x0000, 0x0000, 0x0000, 0x0000, 0x0000, 0x0000, 0x0000, 0x0000, 0x0000, 0x0000,
  0x0000, 0x0000, 0x0000, 0x0000, 0x0000, 0x0000, 0x0000, 0x0000, 0x0000, 0x0000, 0x6B6C, 0xE6D6, 0xF6AF, 0xFE4A, 0xFDE6, 0xF5A5,
  0xF5A5, 0xF5A5, 0xF5C7, 0xE5EB, 0x8C4B, 0x6411, 0x5434, 0x4C14, 0x7CF6, 0xF7FF, 0x5AEB, 0x0000, 0x0020, 0x0000, 0x0000, 0x0000,
  0x0000, 0x0000, 0x0000, 0x0000, 0x0000, 0x0000, 0x0000, 0x0000, 0x0000, 0x0000, 0x0000, 0x0000, 0x0000, 0x0000, 0x0000, 0x0000,
  0x0000, 0x0000, 0x0000, 0x0000, 0x0000, 0x0000, 0x0000, 0x0000, 0x0000, 0x0000, 0x0000, 0x0000, 0x0000, 0x0000, 0x0000, 0x0000,
  0x0020, 0x0000, 0x39C7, 0xF7DF, 0x8D78, 0x43F4, 0x5476, 0x4C36, 0x4BD3, 0xD75E, 0x8C51, 0x0000, 0x0020, 0x0000, 0x0000, 0x0000,
  0x0000, 0x0000, 0x0000, 0x0000, 0x0000, 0x0000, 0x0000, 0x0000, 0x0000, 0x0000, 0x0000, 0x0000, 0x0000, 0x0000, 0x0000, 0x0000,
  0x0000, 0x0000, 0x0000, 0x0000, 0x0000, 0x0000, 0x0000, 0x0000, 0x0000, 0x0000, 0x0000, 0x0000, 0x0000, 0x0000, 0x0000, 0x0000,
  0x0000, 0x0000, 0x0000, 0x0000, 0x0000, 0x0000, 0x0000, 0x0000, 0x0000, 0x0000, 0x0000, 0x0000, 0x0000, 0x0000, 0x0000, 0x0000,
  0x0000, 0x0000, 0x0000, 0x0000, 0x0000, 0x0000, 0x0000, 0x0000, 0x0000, 0x0000, 0x0000, 0x0000, 0x0000, 0x0000, 0x0000, 0x0000,
  0x0000, 0x0000, 0x0000, 0x0000, 0x0000, 0x0000, 0x0000, 0x0000, 0x0000, 0x0000, 0x0000, 0x0000, 0x0000, 0x0000, 0x0000, 0x0000,
  0x0000, 0x0000, 0x0000, 0x0000, 0x0000, 0x0000, 0x0000, 0x0000, 0x0000, 0x0000, 0x0000, 0x0000, 0x0000, 0x0000, 0x0000, 0x0000,
  0x0000, 0x0000, 0x0000, 0x0000, 0x0000, 0x0000, 0x0000, 0x0000, 0x0000, 0x0000, 0x0000, 0x0000, 0x0000, 0x0000, 0x0000, 0x0000,
  0x0000, 0x0000, 0x0000, 0x0000, 0x0000, 0x0000, 0x0000, 0x0000, 0x0000, 0x0000, 0x0000, 0x0000, 0x0000, 0x0000, 0x0000, 0x0000,
  0x0000, 0x0000, 0x0000, 0x0000, 0x0000, 0x0000, 0x0000, 0x0000, 0x0000, 0x0000, 0x0000, 0x0000, 0x0000, 0x0000, 0x0000, 0x0000,
  0x0000, 0x0000, 0x0000, 0x0000, 0x0000, 0x0000, 0x0000, 0x0000, 0x0000, 0x0000, 0x0000, 0x0000, 0x0000, 0x0000, 0x0000, 0x0000,
  0x0000, 0x0000, 0x0000, 0x0000, 0x0000, 0x0000, 0x0000, 0x0000, 0x0000, 0x0000, 0x0000, 0x0000, 0x0000, 0x0000, 0x0000, 0x0000,
  0x0000, 0x0000, 0x0000, 0x0000, 0x0000, 0x0000, 0x0000, 0x0000, 0x0000, 0x0000, 0x0000, 0x0000, 0x0000, 0x0000, 0x0000, 0x0000,
  0x0000, 0x0000, 0x0000, 0x0000, 0x0000, 0x0000, 0x0000, 0x0000, 0x0000, 0x0000, 0x0000, 0x0000, 0x0000, 0x0000, 0x0000, 0x0000,
  0x0000, 0x0000, 0x0000, 0x0000, 0x0000, 0x0000, 0x0000, 0x0000, 0x0000, 0x0000, 0x0000, 0x0000, 0x0000, 0x0000, 0x0000, 0x0000,
  0x0000, 0x0000, 0x0000, 0x0000, 0x0000, 0x0000, 0x0000, 0x0000, 0x0000, 0x0000, 0x0000, 0x0000, 0x0000, 0x0000, 0x0000, 0x0000,
  0x0000, 0x0000, 0x0000, 0x0000, 0x0000, 0x0000, 0x0000, 0x0000, 0x0000, 0x0000, 0x0000, 0x0862, 0x39E7, 0x7BAC, 0x944C, 0xC5AF,
  0xC58E, 0xC5B1, 0xC5F2, 0xDED7, 0xAE39, 0x43B3, 0x5456, 0x5476, 0x4C14, 0x6C95, 0xEFBF, 0x9CD2, 0x0000, 0x0000, 0x0000, 0x0000,
  0x0000, 0x0000, 0x0000, 0x0000, 0x0000, 0x0000, 0x0000, 0x0000, 0x0000, 0x0000, 0x0000, 0x0000, 0x0000, 0x0000, 0x0000, 0x0000,
  0x0000, 0x0000, 0x0000, 0x0000, 0x0000, 0x0000, 0x0000, 0x0000, 0x0000, 0x0000, 0x0000, 0x0000, 0x0000, 0x0000, 0x0000, 0x0020,
  0x0000, 0x41E7, 0xD6FB, 0x8557, 0x43F4, 0x5476, 0x5456, 0x4BF3, 0xC6BB, 0x9CF3, 0x0000, 0x0000, 0x0000, 0x0000, 0x0000, 0x0000,
  0x0000, 0x0000, 0x0000, 0x0000, 0x0000, 0x0000, 0x0000, 0x0000, 0x0000, 0x0000, 0x0000, 0x0000, 0x0000, 0x0000, 0x0000, 0x0000,
  0x0000, 0x0000, 0x0000, 0x0000, 0x0000, 0x0000, 0x0000, 0x0000, 0x0000, 0x0000, 0x0000, 0x0000, 0x0000, 0x0000, 0x0000, 0x0000,
  0x0000, 0x0000, 0x0000, 0x0000, 0x0000, 0x0000, 0x0000, 0x0000, 0x0000, 0x0000, 0x0000, 0x0000, 0x0000, 0x0000, 0x0000, 0x0000,
  0x0000, 0x0000, 0x0000, 0x0000, 0x0000, 0x0000, 0x0000, 0x0000, 0x0000, 0x0000, 0x0000, 0x0000, 0x0000, 0x0000, 0x0000, 0x0000,
  0x0000, 0x0000, 0x0000, 0x0000, 0x0000, 0x0000, 0x0000, 0x0000, 0x0000, 0x0000, 0x0000, 0x0000, 0x0000, 0x0000, 0x0000, 0x0000,
  0x0000, 0x0000, 0x0000, 0x0000, 0x0000, 0x0000, 0x0000, 0x0000, 0x0000, 0x0000, 0x0000, 0x0000, 0x0000, 0x0000, 0x0000, 0x0000,
  0x0000, 0x0000, 0x0000, 0x0000, 0x0000, 0x0000, 0x0000, 0x0000, 0x0000, 0x0000, 0x0000, 0x0000, 0x0000, 0x0000, 0x0000, 0x0000,
  0x0000, 0x0000, 0x0000, 0x0000, 0x0000, 0x0000, 0x0000, 0x0000, 0x0000, 0x0000, 0x0000, 0x0000, 0x0000, 0x0000, 0x0000, 0x0000,
  0x0000, 0x0000, 0x0000, 0x0000, 0x0000, 0x0000, 0x0000, 0x0000, 0x0000, 0x0000, 0x0000, 0x0000, 0x0000, 0x0000, 0x0000, 0x0000,
  0x0000, 0x0000, 0x0000, 0x0000, 0x0000, 0x0000, 0x0000, 0x0000, 0x0000, 0x0000, 0x0000, 0x0000, 0x0000, 0x0000, 0x0000, 0x0000,
  0x0000, 0x0000, 0x0000, 0x0000, 0x0000, 0x0000, 0x0000, 0x0000, 0x0000, 0x0000, 0x0000, 0x0000, 0x0000, 0x0000, 0x0000, 0x0000,
  0x0000, 0x0000, 0x0000, 0x0000, 0x0000, 0x0000, 0x0000, 0x0000, 0x0000, 0x0000, 0x0000, 0x0000, 0x0000, 0x0000, 0x0000, 0x0000,
  0x0000, 0x0000, 0x0000, 0x0000, 0x0000, 0x0000, 0x0000, 0x0000, 0x0000, 0x0000, 0x0000, 0x0000, 0x0000, 0x0000, 0x0000, 0x0000,
  0x0000, 0x0000, 0x0000, 0x0000, 0x0000, 0x0000, 0x0000, 0x0000, 0x0000, 0x0000, 0x0000, 0x0000, 0x0000, 0x0000, 0x0000, 0x0000,
  0x0000, 0x0000, 0x0000, 0x0000, 0x0000, 0x0000, 0x0000, 0x0000, 0x0000, 0x0000, 0x0000, 0x0000, 0x0000, 0x0000, 0x0000, 0x0000,
  0x0000, 0x0000, 0x0000, 0x0000, 0x0000, 0x0000, 0x0000, 0x0000, 0x0000, 0x0000, 0x0000, 0x0000, 0x0000, 0x0000, 0x0000, 0x0000,
  0x0000, 0x0000, 0x0000, 0x0841, 0xBDB6, 0xD73D, 0x5413, 0x5435, 0x5476, 0x4C35, 0x6474, 0xDF5D, 0xAD54, 0x0000, 0x0000, 0x0000,
  0x0000, 0x0000, 0x0000, 0x0000, 0x0000, 0x0000, 0x0000, 0x0000, 0x0000, 0x0000, 0x0000, 0x0000, 0x0000, 0x0000, 0x0000, 0x0000,
  0x0000, 0x0000, 0x0000, 0x0000, 0x0000, 0x0000, 0x0000, 0x0000, 0x0000, 0x0000, 0x0000, 0x0000, 0x0000, 0x0000, 0x0000, 0x0000,
  0x3165, 0xEFBE, 0x8D78, 0x3BB3, 0x5476, 0x5476, 0x4BD3, 0xC6DC, 0x9491, 0x0000, 0x0000, 0x0000, 0x0000, 0x0000, 0x0000, 0x0000,
  0x0000, 0x0000, 0x0000, 0x0000, 0x0000, 0x0000, 0x0000, 0x0000, 0x0000, 0x0000, 0x0000, 0x0000, 0x0000, 0x0000, 0x0000, 0x0000,
  0x0000, 0x0000, 0x0000, 0x0000, 0x0000, 0x0000, 0x0000, 0x0000, 0x0000, 0x0000, 0x0000, 0x0000, 0x0000, 0x0000, 0x0000, 0x0000,
  0x0000, 0x0000, 0x0000, 0x0000, 0x0000, 0x0000, 0x0000, 0x0000, 0x0000, 0x0000, 0x0000, 0x0000, 0x0000, 0x0000, 0x0000, 0x0000,
  0x0000, 0x0000, 0x0000, 0x0000, 0x0000, 0x0000, 0x0000, 0x0000, 0x0000, 0x0000, 0x0000, 0x0000, 0x0000, 0x0000, 0x0000, 0x0000,
  0x0000, 0x0000, 0x0000, 0x0000, 0x0000, 0x0000, 0x0000, 0x0000, 0x0000, 0x0000, 0x0000, 0x0000, 0x0000, 0x0000, 0x0000, 0x0000,
  0x0000, 0x0000, 0x0000, 0x0000, 0x0000, 0x0000, 0x0000, 0x0000, 0x0000, 0x0000, 0x0000, 0x0000, 0x0000, 0x0000, 0x0000, 0x0000,
  0x0000, 0x0000, 0x0000, 0x0000, 0x0000, 0x0000, 0x0000, 0x0000, 0x0000, 0x0000, 0x0000, 0x0000, 0x0000, 0x0000, 0x0000, 0x0000,
  0x0000, 0x0000, 0x0000, 0x0000, 0x0000, 0x0000, 0x0000, 0x0000, 0x0000, 0x0000, 0x0000, 0x0000, 0x0000, 0x0000, 0x0000, 0x0000,
  0x0000, 0x0000, 0x0000, 0x0000, 0x0000, 0x0000, 0x0000, 0x0000, 0x0000, 0x0000, 0x0000, 0x0000, 0x0000, 0x0000, 0x0000, 0x0000,
  0x0000, 0x0000, 0x0000, 0x0000, 0x0000, 0x0000, 0x0000, 0x0000, 0x0000, 0x0000, 0x0000, 0x0000, 0x0000, 0x0000, 0x0000, 0x0000,
  0x0000, 0x0000, 0x0000, 0x0000, 0x0000, 0x0000, 0x0000, 0x0000, 0x0000, 0x0000, 0x0000, 0x0000, 0x0000, 0x0000, 0x0000, 0x0000,
  0x0000, 0x0000, 0x0000, 0x0000, 0x0000, 0x0000, 0x0000, 0x0000, 0x0000, 0x0000, 0x0000, 0x0000, 0x0000, 0x0000, 0x0000, 0x0000,
  0x0000, 0x0000, 0x0000, 0x0000, 0x0000, 0x0000, 0x0000, 0x0000, 0x0000, 0x0000, 0x0000, 0x0000, 0x0000, 0x0000, 0x0000, 0x0000,
  0x0000, 0x0000, 0x0000, 0x0000, 0x0000, 0x0000, 0x0000, 0x0000, 0x0000, 0x0000, 0x0000, 0x0000, 0x0000, 0x0000, 0x0000, 0x0000,
  0x0000, 0x0000, 0x0000, 0x0000, 0x0000, 0x0000, 0x0000, 0x0000, 0x0000, 0x0000, 0x0000, 0x0000, 0x0000, 0x0000, 0x0000, 0x0000,
  0x0000, 0x0000, 0x0000, 0x0000, 0x0000, 0x0000, 0x0000, 0x0000, 0x0000, 0x0000, 0x0000, 0x0000, 0x0000, 0x0020, 0x0000, 0x0000,
  0x0000, 0x0000, 0x0000, 0x0000, 0x0841, 0xAD75, 0xD75D, 0x5C34, 0x4C35, 0x5476, 0x4C15, 0x5414, 0xD75D, 0xA554, 0x0820, 0x0000,
  0x0000, 0x0000, 0x0000, 0x0000, 0x0000, 0x0000, 0x0000, 0x0000, 0x0000, 0x0000, 0x0000, 0x0000, 0x0000, 0x0000, 0x0000, 0x0000,
  0x0000, 0x0000, 0x0000, 0x0000, 0x0000, 0x0000, 0x0000, 0x0000, 0x0000, 0x0000, 0x0000, 0x0000, 0x0000, 0x0000, 0x0000, 0x31C6,
  0xE75C, 0x8D78, 0x43D4, 0x4435, 0x4C56, 0x4BF3, 0xC6DC, 0xAD54, 0x0000, 0x0020, 0x0000, 0x0000, 0x0000, 0x0000, 0x0000, 0x0000,
  0x0000, 0x0000, 0x0000, 0x0000, 0x0000, 0x0000, 0x0000, 0x0000, 0x0000, 0x0000, 0x0000, 0x0000, 0x0000, 0x0000, 0x0000, 0x0000,
  0x0000, 0x0000, 0x0000, 0x0000, 0x0000, 0x0000, 0x0000, 0x0000, 0x0000, 0x0000, 0x0000, 0x0000, 0x0000, 0x0000, 0x0000, 0x0000,
  0x0000, 0x0000, 0x0000, 0x0000, 0x0000, 0x0000, 0x0000, 0x0000, 0x0000, 0x0000, 0x0000, 0x0000, 0x0000, 0x0000, 0x0000, 0x0000,
  0x0000, 0x0000, 0x0000, 0x0000, 0x0000, 0x0000, 0x0000, 0x0000, 0x0000, 0x0000, 0x0000, 0x0000, 0x0000, 0x0000, 0x0000, 0x0000,
  0x0000, 0x0000, 0x0000, 0x0000, 0x0000, 0x0000, 0x0000, 0x0000, 0x0000, 0x0000, 0x0000, 0x0000, 0x0000, 0x0000, 0x0000, 0x0000,
  0x0000, 0x0000, 0x0000, 0x0000, 0x0000, 0x0000, 0x0000, 0x0000, 0x0000, 0x0000, 0x0000, 0x0000, 0x0000, 0x0000, 0x0000, 0x0000,
  0x0000, 0x0000, 0x0000, 0x0000, 0x0000, 0x0000, 0x0000, 0x0000, 0x0000, 0x0000, 0x0000, 0x0000, 0x0000, 0x0000, 0x0000, 0x0000,
  0x0000, 0x0000, 0x0000, 0x0000, 0x0000, 0x0000, 0x0000, 0x0000, 0x0000, 0x0000, 0x0000, 0x0000, 0x0000, 0x0000, 0x0000, 0x0000,
  0x0000, 0x0000, 0x0000, 0x0000, 0x0000, 0x0000, 0x0000, 0x0000, 0x0000, 0x0000, 0x0000, 0x0000, 0x0000, 0x0000, 0x0000, 0x0000,
  0x0000, 0x0000, 0x0000, 0x0000, 0x0000, 0x0000, 0x0000, 0x0000, 0x0000, 0x0000, 0x0000, 0x0000, 0x0000, 0x0000, 0x0000, 0x0000,
  0x0000, 0x0000, 0x0000, 0x0000, 0x0000, 0x0000, 0x0000, 0x0000, 0x0000, 0x0000, 0x0000, 0x0000, 0x0000, 0x0000, 0x0000, 0x0000,
  0x0000, 0x0000, 0x0000, 0x0000, 0x0000, 0x0000, 0x0000, 0x0000, 0x0000, 0x0000, 0x0000, 0x0000, 0x0000, 0x0000, 0x0000, 0x0000,
  0x0000, 0x0000, 0x0000, 0x0000, 0x0000, 0x0000, 0x0000, 0x0000, 0x0000, 0x0000, 0x0000, 0x0000, 0x0000, 0x0000, 0x0000, 0x0000,
  0x0000, 0x0000, 0x0000, 0x0000, 0x0000, 0x0000, 0x0000, 0x0000, 0x0000, 0x0000, 0x0000, 0x0000, 0x0000, 0x0000, 0x0000, 0x0000,
  0x0000, 0x0000, 0x0000, 0x0000, 0x0000, 0x0000, 0x0000, 0x0000, 0x0000, 0x0000, 0x0000, 0x0000, 0x0000, 0x0000, 0x0000, 0x0000,
  0x0000, 0x0000, 0x0000, 0x0000, 0x0000, 0x0000, 0x0000, 0x0000, 0x0000, 0x0000, 0x0000, 0x0000, 0x0000, 0x0000, 0x0000, 0x0000,
  0x0000, 0x0000, 0x0000, 0x0000, 0x0000, 0x0000, 0x738E, 0xC6FC, 0x5C55, 0x4415, 0x5456, 0x4C15, 0x4BD3, 0xC6FC, 0xC678, 0x0000,
  0x0000, 0x0000, 0x0000, 0x0000, 0x0000, 0x0000, 0x0000, 0x0000, 0x0000, 0x0000, 0x0000, 0x0000, 0x0000, 0x0000, 0x0000, 0x0000,
  0x0000, 0x0000, 0x0000, 0x0000, 0x0000, 0x0000, 0x0000, 0x0000, 0x0000, 0x0000, 0x0000, 0x0000, 0x0000, 0x0000, 0x0840, 0xDF3B,
  0x95B8, 0x3BB3, 0x4C56, 0x4C35, 0x43D3, 0xB67B, 0x8430, 0x0000, 0x0000, 0x0000, 0x0000, 0x0000, 0x0000, 0x0000, 0x0000, 0x0000,
  0x0000, 0x0000, 0x0000, 0x0000, 0x0000, 0x0000, 0x0000, 0x0000, 0x0000, 0x0000, 0x0000, 0x0000, 0x0000, 0x0000, 0x0000, 0x0000,
  0x0000, 0x0000, 0x0000, 0x0000, 0x0000, 0x0000, 0x0000, 0x0000, 0x0000, 0x0000, 0x0000, 0x0000, 0x0000, 0x0000, 0x0000, 0x0000,
  0x0000, 0x0000, 0x0000, 0x0000, 0x0000, 0x0000, 0x0000, 0x0000, 0x0000, 0x0000, 0x0000, 0x0000, 0x0000, 0x0000, 0x0000, 0x0000,
  0x0000, 0x0000, 0x0000, 0x0000, 0x0000, 0x0000, 0x0000, 0x0000, 0x0000, 0x0000, 0x0000, 0x0000, 0x0000, 0x0000, 0x0000, 0x0000,
  0x0000, 0x0000, 0x0000, 0x0000, 0x0000, 0x0000, 0x0000, 0x0000, 0x0000, 0x0000, 0x0000, 0x0000, 0x0000, 0x0000, 0x0000, 0x0000,
  0x0000, 0x0000, 0x0000, 0x0000, 0x0000, 0x0000, 0x0000, 0x0000, 0x0000, 0x0000, 0x0000, 0x0000, 0x0000, 0x0000, 0x0000, 0x0000,
  0x0000, 0x0000, 0x0000, 0x0000, 0x0000, 0x0000, 0x0000, 0x0000, 0x0000, 0x0000, 0x0000, 0x0000, 0x0000, 0x0000, 0x0000, 0x0000,
  0x0000, 0x0000, 0x0000, 0x0000, 0x0000, 0x0000, 0x0000, 0x0000, 0x0000, 0x0000, 0x0000, 0x0000, 0x0000, 0x0000, 0x0000, 0x0000,
  0x0000, 0x0000, 0x0000, 0x0000, 0x0000, 0x0000, 0x0000, 0x0000, 0x0000, 0x0000, 0x0000, 0x0000, 0x0000, 0x0000, 0x0000, 0x0000,
  0x0000, 0x0000, 0x0000, 0x0000, 0x0000, 0x0000, 0x0000, 0x0000, 0x0000, 0x0000, 0x0000, 0x0000, 0x0000, 0x0000, 0x0000, 0x0000,
  0x0000, 0x0000, 0x0000, 0x0000, 0x0000, 0x0000, 0x0000, 0x0000, 0x0000, 0x0000, 0x0000, 0x0000, 0x0000, 0x0000, 0x0000, 0x0000,
  0x0000, 0x0000, 0x0000, 0x0000, 0x0000, 0x0000, 0x0000, 0x0000, 0x0000, 0x0000, 0x0000, 0x0000, 0x0000, 0x0000, 0x0000, 0x0000,
  0x0000, 0x0000, 0x0000, 0x0000, 0x0000, 0x0000, 0x0000, 0x0000, 0x0000, 0x0000, 0x0000, 0x0000, 0x0000, 0x0000, 0x0000, 0x0000,
  0x0000, 0x0000, 0x0000, 0x0000, 0x0000, 0x0000, 0x0000, 0x0000, 0x0000, 0x0000, 0x0000, 0x0000, 0x0000, 0x0000, 0x0000, 0x0000,
  0x0000, 0x0000, 0x0000, 0x0000, 0x0000, 0x0000, 0x0000, 0x0000, 0x0000, 0x0000, 0x0000, 0x0000, 0x0000, 0x0000, 0x0000, 0x0000,
  0x0000, 0x0000, 0x0000, 0x0000, 0x0000, 0x0000, 0x0000, 0x0000, 0x0000, 0x0000, 0x0000, 0x0000, 0x0000, 0x0000, 0x0000, 0x0000,
  0x0000, 0x0000, 0x0000, 0x0000, 0x0000, 0x0020, 0x0000, 0x4A49, 0xD73D, 0x5C75, 0x43F5, 0x4C36, 0x4C36, 0x4BD3, 0xB67A, 0xC638,
  0x18C3, 0x0000, 0x0020, 0x0000, 0x0000, 0x0000, 0x0000, 0x0000, 0x0000, 0x0000, 0x0000, 0x0000, 0x0000, 0x0000, 0x0000, 0x0000,
  0x0000, 0x0000, 0x0000, 0x0000, 0x0000, 0x0000, 0x0000, 0x0000, 0x0000, 0x0000, 0x0000, 0x0000, 0x0000, 0x1082, 0xAD95, 0x9DB8,
  0x3B93, 0x4C56, 0x4C35, 0x43B2, 0xA63A, 0x6B6D, 0x0000, 0x0000, 0x0000, 0x0000, 0x0000, 0x0000, 0x0000, 0x0000, 0x0000, 0x0000,
  0x0000, 0x0000, 0x0000, 0x0000, 0x0000, 0x0000, 0x0000, 0x0000, 0x0000, 0x0000, 0x0000, 0x0000, 0x0000, 0x0000, 0x0000, 0x0000,
  0x0000, 0x0000, 0x0000, 0x0000, 0x0000, 0x0000, 0x0000, 0x0000, 0x0000, 0x0000, 0x0000, 0x0000, 0x0000, 0x0000, 0x0000, 0x0000,
  0x0000, 0x0000, 0x0000, 0x0000, 0x0000, 0x0000, 0x0000, 0x0000, 0x0000, 0x0000, 0x0000, 0x0000, 0x0000, 0x0000, 0x0000, 0x0000,
  0x0000, 0x0000, 0x0000, 0x0000, 0x0000, 0x0000, 0x0000, 0x0000, 0x0000, 0x0000, 0x0000, 0x0000, 0x0000, 0x0000, 0x0000, 0x0000,
  0x0000, 0x0000, 0x0000, 0x0000, 0x0000, 0x0000, 0x0000, 0x0000, 0x0000, 0x0000, 0x0000, 0x0000, 0x0000, 0x0000, 0x0000, 0x0000,
  0x0000, 0x0000, 0x0000, 0x0000, 0x0000, 0x0000, 0x0000, 0x0000, 0x0000, 0x0000, 0x0000, 0x0000, 0x0000, 0x0000, 0x0000, 0x0000,
  0x0000, 0x0000, 0x0000, 0x0000, 0x0000, 0x0000, 0x0000, 0x0000, 0x0000, 0x0000, 0x0000, 0x0000, 0x0000, 0x0000, 0x0000, 0x0000,
  0x0000, 0x0000, 0x0000, 0x0000, 0x0000, 0x0000, 0x0000, 0x0000, 0x0000, 0x0000, 0x0000, 0x0000, 0x0000, 0x0000, 0x0000, 0x0000,
  0x0000, 0x0000, 0x0000, 0x0000, 0x0000, 0x0000, 0x0000, 0x0000, 0x0000, 0x0000, 0x0000, 0x0000, 0x0000, 0x0000, 0x0000, 0x0000,
  0x0000, 0x0000, 0x0000, 0x0000, 0x0000, 0x0000, 0x0000, 0x0000, 0x0000, 0x0000, 0x0000, 0x0000, 0x0000, 0x0000, 0x0000, 0x0000,
  0x0000, 0x0000, 0x0000, 0x0000, 0x0000, 0x0000, 0x0000, 0x0000, 0x0000, 0x0000, 0x0000, 0x0000, 0x0000, 0x0000, 0x0000, 0x0000,
  0x0000, 0x0000, 0x0000, 0x0000, 0x0000, 0x0000, 0x0000, 0x0000, 0x0000, 0x0000, 0x0000, 0x0000, 0x0000, 0x0000, 0x0000, 0x0000,
  0x0000, 0x0000, 0x0000, 0x0000, 0x0000, 0x0000, 0x0000, 0x0000, 0x0000, 0x0000, 0x0000, 0x0000, 0x0000, 0x0000, 0x0000, 0x0000,
  0x0000, 0x0000, 0x0000, 0x0000, 0x0000, 0x0000, 0x0000, 0x0000, 0x0000, 0x0000, 0x0000, 0x0000, 0x0000, 0x0000, 0x0000, 0x0000,
  0x0000, 0x0000, 0x0000, 0x0000, 0x0000, 0x0000, 0x0000, 0x0000, 0x0000, 0x0000, 0x0000, 0x0000, 0x0000, 0x0000, 0x0000, 0x0000,
  0x0000, 0x0000, 0x0000, 0x0000, 0x0000, 0x0000, 0x0000, 0x0000, 0x0000, 0x0000, 0x0000, 0x0000, 0x0000, 0x0000, 0x0000, 0x0000,
  0x0000, 0x0000, 0x0000, 0x0000, 0x0000, 0x0000, 0x0020, 0x0000, 0x3165, 0xB618, 0x7517, 0x43D4, 0x4C56, 0x5477, 0x43D3, 0xAE5A,
  0xCE99, 0x1061, 0x0000, 0x0020, 0x0000, 0x0000, 0x0000, 0x0000, 0x0000, 0x0000, 0x0000, 0x0000, 0x0000, 0x0000, 0x0000, 0x0000,
  0x0000, 0x0000, 0x0000, 0x0000, 0x0000, 0x0000, 0x0000, 0x0000, 0x0000, 0x0000, 0x0000, 0x0000, 0x20E3, 0xCE79, 0xAE7A, 0x43D3,
  0x4C35, 0x4C35, 0x3B92, 0xAE5A, 0x8C92, 0x0000, 0x0000, 0x0000, 0x0000, 0x0000, 0x0000, 0x0000, 0x0000, 0x0000, 0x0000, 0x0000,
  0x0000, 0x0000, 0x0000, 0x0000, 0x0000, 0x0000, 0x0000, 0x0000, 0x0000, 0x0000, 0x0000, 0x0000, 0x0000, 0x0000, 0x0000, 0x0000,
  0x0000, 0x0000, 0x0000, 0x0000, 0x0000, 0x0000, 0x0000, 0x0000, 0x0000, 0x0000, 0x0000, 0x0000, 0x0000, 0x0000, 0x0000, 0x0000,
  0x0000, 0x0000, 0x0000, 0x0000, 0x0000, 0x0000, 0x0000, 0x0000, 0x0000, 0x0000, 0x0000, 0x0000, 0x0000, 0x0000, 0x0000, 0x0000,
  0x0000, 0x0000, 0x0000, 0x0000, 0x0000, 0x0000, 0x0000, 0x0000, 0x0000, 0x0000, 0x0000, 0x0000, 0x0000, 0x0000, 0x0000, 0x0000,
  0x0000, 0x0000, 0x0000, 0x0000, 0x0000, 0x0000, 0x0000, 0x0000, 0x0000, 0x0000, 0x0000, 0x0000, 0x0000, 0x0000, 0x0000, 0x0000,
  0x0000, 0x0000, 0x0000, 0x0000, 0x0000, 0x0000, 0x0000, 0x0000, 0x0000, 0x0000, 0x0000, 0x0000, 0x0000, 0x0000, 0x0000, 0x0000,
  0x0000, 0x0000, 0x0000, 0x0000, 0x0000, 0x0000, 0x0000, 0x0000, 0x0000, 0x0000, 0x0000, 0x0000, 0x0000, 0x0000, 0x0000, 0x0000,
  0x0000, 0x0000, 0x0000, 0x0000, 0x0000, 0x0000, 0x0000, 0x0000, 0x0000, 0x0000, 0x0000, 0x0000, 0x0000, 0x0000, 0x0000, 0x0000,
  0x0000, 0x0000, 0x0000, 0x0000, 0x0000, 0x0000, 0x0000, 0x0000, 0x0000, 0x0000, 0x0000, 0x0000, 0x0000, 0x0000, 0x0000, 0x0000,
  0x0000, 0x0000, 0x0000, 0x0000, 0x0000, 0x0000, 0x0000, 0x0000, 0x0000, 0x0000, 0x0000, 0x0000, 0x0000, 0x0000, 0x0000, 0x0000,
  0x0000, 0x0000, 0x0000, 0x0000, 0x0000, 0x0000, 0x0000, 0x0000, 0x0000, 0x0000, 0x0000, 0x0000, 0x0000, 0x0000, 0x0000, 0x0000,
  0x0000, 0x0000, 0x0000, 0x0000, 0x0000, 0x0000, 0x0000, 0x0000, 0x0000, 0x0000, 0x0000, 0x0000, 0x0000, 0x0000, 0x0000, 0x0000,
  0x0000, 0x0000, 0x0000, 0x0000, 0x0000, 0x0000, 0x0000, 0x0000, 0x0000, 0x0000, 0x0000, 0x0000, 0x0000, 0x0000, 0x0000, 0x0000,
  0x0000, 0x0000, 0x0000, 0x0000, 0x0000, 0x0000, 0x0000, 0x0000, 0x0000, 0x0000, 0x0000, 0x0000, 0x0000, 0x0000, 0x0000, 0x0000,
  0x0000, 0x0000, 0x0000, 0x0000, 0x0000, 0x0000, 0x0000, 0x0000, 0x0000, 0x0000, 0x0000, 0x0000, 0x0000, 0x0000, 0x0000, 0x0000,
  0x0000, 0x0000, 0x0000, 0x0000, 0x0000, 0x0000, 0x0000, 0x0000, 0x0000, 0x0000, 0x0000, 0x0000, 0x0000, 0x0000, 0x0000, 0x0000,
  0x0000, 0x0000, 0x0000, 0x0000, 0x0000, 0x0000, 0x0000, 0x0000, 0x0000, 0x20E3, 0xA576, 0x8578, 0x43F4, 0x5497, 0x5497, 0x4BD3,
  0x9DD8, 0xC638, 0x39E7, 0x0000, 0x0020, 0x0000, 0x0000, 0x0000, 0x0000, 0x0000, 0x0000, 0x0000, 0x0000, 0x0000, 0x0000, 0x0000,
  0x0000, 0x0000, 0x0000, 0x0000, 0x0000, 0x0000, 0x0000, 0x0000, 0x0000, 0x0000, 0x0000, 0x2965, 0xEF9D, 0xAE5A, 0x4BF3, 0x5476,
  0x5476, 0x43B2, 0xAE3A, 0x8C71, 0x0000, 0x0000, 0x0000, 0x0000, 0x0000, 0x0000, 0x0000, 0x0000, 0x0000, 0x0000, 0x0000, 0x0000,
  0x0000, 0x0000, 0x0000, 0x0000, 0x0000, 0x0000, 0x0000, 0x0000, 0x0000, 0x0000, 0x0000, 0x0000, 0x0000, 0x0000, 0x0000, 0x0000,
  0x0000, 0x0000, 0x0000, 0x0000, 0x0000, 0x0000, 0x0000, 0x0000, 0x0000, 0x0000, 0x0000, 0x0000, 0x0000, 0x0000, 0x0000, 0x0000,
  0x0000, 0x0000, 0x0000, 0x0000, 0x0000, 0x0000, 0x0000, 0x0000, 0x0000, 0x0000, 0x0000, 0x0000, 0x0000, 0x0000, 0x0000, 0x0000,
  0x0000, 0x0000, 0x0000, 0x0000, 0x0000, 0x0000, 0x0000, 0x0000, 0x0000, 0x0000, 0x0000, 0x0000, 0x0000, 0x0000, 0x0000, 0x0000,
  0x0000, 0x0000, 0x0000, 0x0000, 0x0000, 0x0000, 0x0000, 0x0000, 0x0000, 0x0000, 0x0000, 0x0000, 0x0000, 0x0000, 0x0000, 0x0000,
  0x0000, 0x0000, 0x0000, 0x0000, 0x0000, 0x0000, 0x0000, 0x0000, 0x0000, 0x0000, 0x0000, 0x0000, 0x0000, 0x0000, 0x0000, 0x0000,
  0x0000, 0x0000, 0x0000, 0x0000, 0x0000, 0x0000, 0x0000, 0x0000, 0x0000, 0x0000, 0x0000, 0x0000, 0x0000, 0x0000, 0x0000, 0x0000,
  0x0000, 0x0000, 0x0000, 0x0000, 0x0000, 0x0000, 0x0000, 0x0000, 0x0000, 0x0000, 0x0000, 0x0000, 0x0000, 0x0000, 0x0000, 0x0000,
  0x0000, 0x0000, 0x0000, 0x0000, 0x0000, 0x0000, 0x0000, 0x0000, 0x0000, 0x0000, 0x0000, 0x0000, 0x0000, 0x0000, 0x0000, 0x0000,
  0x0000, 0x0000, 0x0000, 0x0000, 0x0000, 0x0000, 0x0000, 0x0000, 0x0000, 0x0000, 0x0000, 0x0000, 0x0000, 0x0000, 0x0000, 0x0000,
  0x0000, 0x0000, 0x0000, 0x0000, 0x0000, 0x0000, 0x0000, 0x0000, 0x0000, 0x0000, 0x0000, 0x0000, 0x0000, 0x0000, 0x0000, 0x0000,
  0x0000, 0x0000, 0x0000, 0x0000, 0x0000, 0x0000, 0x0000, 0x0000, 0x0000, 0x0000, 0x0000, 0x0000, 0x0000, 0x0000, 0x0000, 0x0000,
  0x0000, 0x0000, 0x0000, 0x0000, 0x0000, 0x0000, 0x0000, 0x0000, 0x0000, 0x0000, 0x0000, 0x0000, 0x0000, 0x0000, 0x0000, 0x0000,
  0x0000, 0x0000, 0x0000, 0x0000, 0x0000, 0x0000, 0x0000, 0x0000, 0x0000, 0x0000, 0x0000, 0x0000, 0x0000, 0x0000, 0x0000, 0x0000,
  0x0000, 0x0000, 0x0000, 0x0000, 0x0000, 0x0000, 0x0000, 0x0000, 0x0000, 0x0000, 0x0000, 0x0000, 0x0000, 0x0000, 0x0000, 0x0000,
  0x0000, 0x0000, 0x0000, 0x0000, 0x0000, 0x0000, 0x0000, 0x0000, 0x0000, 0x0000, 0x0000, 0x0000, 0x0000, 0x0000, 0x0000, 0x0000,
  0x0000, 0x0000, 0x0000, 0x0000, 0x0000, 0x0000, 0x0000, 0x0000, 0x0000, 0x0000, 0x1082, 0xB5F7, 0x95D9, 0x4C15, 0x5497, 0x5476,
  0x4BD3, 0x8D98, 0xDF3C, 0x39C7, 0x0000, 0x0020, 0x0000, 0x0000, 0x0000, 0x0000, 0x0020, 0x0000, 0x0000, 0x0000, 0x0000, 0x0000,
  0x0000, 0x0000, 0x0000, 0x0000, 0x0000, 0x0000, 0x0020, 0x0000, 0x0020, 0x0000, 0x0861, 0xCE79, 0xA63A, 0x43D3, 0x5456, 0x5476,
  0x43D3, 0xAE3A, 0xB5D7, 0x0000, 0x0000, 0x0000, 0x0000, 0x0000, 0x0000, 0x0000, 0x0000, 0x0000, 0x0000, 0x0000, 0x0000, 0x0000,
  0x0000, 0x0000, 0x0000, 0x0000, 0x0000, 0x0000, 0x0000, 0x0000, 0x0000, 0x0000, 0x0000, 0x0000, 0x0000, 0x0000, 0x0000, 0x0000,
  0x0000, 0x0000, 0x0000, 0x0000, 0x0000, 0x0000, 0x0000, 0x0000, 0x0000, 0x0000, 0x0000, 0x0000, 0x0000, 0x0000, 0x0000, 0x0000,
  0x0000, 0x0000, 0x0000, 0x0000, 0x0000, 0x0000, 0x0000, 0x0000, 0x0000, 0x0000, 0x0000, 0x0000, 0x0000, 0x0000, 0x0000, 0x0000,
  0x0000, 0x0000, 0x0000, 0x0000, 0x0000, 0x0000, 0x0000, 0x0000, 0x0000, 0x0000, 0x0000, 0x0000, 0x0000, 0x0000, 0x0000, 0x0000,
  0x0000, 0x0000, 0x0000, 0x0000, 0x0000, 0x0000, 0x0000, 0x0000, 0x0000, 0x0000, 0x0000, 0x0000, 0x0000, 0x0000, 0x0000, 0x0000,
  0x0000, 0x0000, 0x0000, 0x0000, 0x0000, 0x0000, 0x0000, 0x0000, 0x0000, 0x0000, 0x0000, 0x0000, 0x0000, 0x0000, 0x0000, 0x0000,
  0x0000, 0x0000, 0x0000, 0x0000, 0x0000, 0x0000, 0x0000, 0x0000, 0x0000, 0x0000, 0x0000, 0x0000, 0x0000, 0x0000, 0x0000, 0x0000,
  0x0000, 0x0000, 0x0000, 0x0000, 0x0000, 0x0000, 0x0000, 0x0000, 0x0000, 0x0000, 0x0000, 0x0000, 0x0000, 0x0000, 0x0000, 0x0000,
  0x0000, 0x0000, 0x0000, 0x0000, 0x0000, 0x0000, 0x0000, 0x0000, 0x0000, 0x0000, 0x0000, 0x0000, 0x0000, 0x0000, 0x0000, 0x0000,
  0x0000, 0x0000, 0x0000, 0x0000, 0x0000, 0x0000, 0x0000, 0x0000, 0x0000, 0x0000, 0x0000, 0x0000, 0x0000, 0x0000, 0x0000, 0x0000,
  0x0000, 0x0000, 0x0000, 0x0000, 0x0000, 0x0000, 0x0000, 0x0000, 0x0000, 0x0000, 0x0000, 0x0000, 0x0000, 0x0000, 0x0000, 0x0000,
  0x0000, 0x0000, 0x0000, 0x0000, 0x0000, 0x0000, 0x0000, 0x0000, 0x0000, 0x0000, 0x0000, 0x0000, 0x0000, 0x0000, 0x0000, 0x0000,
  0x0000, 0x0000, 0x0000, 0x0000, 0x0000, 0x0000, 0x0000, 0x0000, 0x0000, 0x0000, 0x0000, 0x0000, 0x0000, 0x0000, 0x0000, 0x0000,
  0x0000, 0x0000, 0x0000, 0x0000, 0x0000, 0x0000, 0x0000, 0x0000, 0x0000, 0x0000, 0x0000, 0x0000, 0x0000, 0x0000, 0x0000, 0x0000,
  0x0000, 0x0000, 0x0000, 0x0000, 0x0000, 0x0000, 0x0000, 0x0000, 0x0000, 0x0000, 0x0000, 0x0000, 0x0000, 0x0000, 0x0000, 0x0000,
  0x0000, 0x0000, 0x0000, 0x0000, 0x0000, 0x0000, 0x0000, 0x0000, 0x0000, 0x0000, 0x0000, 0x0000, 0x0000, 0x0000, 0x0000, 0x0000,
  0x0000, 0x0000, 0x0000, 0x0000, 0x0000, 0x0000, 0x0000, 0x0000, 0x0000, 0x0000, 0x0000, 0x0000, 0x8C92, 0xA63B, 0x4BF4, 0x5477,
  0x5C97, 0x4BF4, 0x74D6, 0xE77D, 0x4A28, 0x0000, 0x0000, 0x0000, 0x0000, 0x0000, 0x0000, 0x0000, 0x0000, 0x0841, 0x18E4, 0x18E3,
  0x18E2, 0x18E3, 0x18E4, 0x0000, 0x0000, 0x0000, 0x0000, 0x0000, 0x0000, 0x0020, 0xBDF7, 0xB69B, 0x3B92, 0x4C35, 0x4C56, 0x43D3,
  0x9DD9, 0x8430, 0x0000, 0x0000, 0x0000, 0x0000, 0x0000, 0x0000, 0x0000, 0x0000, 0x0000, 0x0000, 0x0000, 0x0000, 0x0000, 0x0000,
  0x0000, 0x0000, 0x0000, 0x0000, 0x0000, 0x0000, 0x0000, 0x0000, 0x0000, 0x0000, 0x0000, 0x0000, 0x0000, 0x0000, 0x0000, 0x0000,
  0x0000, 0x0000, 0x0000, 0x0000, 0x0000, 0x0000, 0x0000, 0x0000, 0x0000, 0x0000, 0x0000, 0x0000, 0x0000, 0x0000, 0x0000, 0x0000,
  0x0000, 0x0000, 0x0000, 0x0000, 0x0000, 0x0000, 0x0000, 0x0000, 0x0000, 0x0000, 0x0000, 0x0000, 0x0000, 0x0000, 0x0000, 0x0000,
  0x0000, 0x0000, 0x0000, 0x0000, 0x0000, 0x0000, 0x0000, 0x0000, 0x0000, 0x0000, 0x0000, 0x0000, 0x0000, 0x0000, 0x0000, 0x0000,
  0x0000, 0x0000, 0x0000, 0x0000, 0x0000, 0x0000, 0x0000, 0x0000, 0x0000, 0x0000, 0x0000, 0x0000, 0x0000, 0x0000, 0x0000, 0x0000,
  0x0000, 0x0000, 0x0000, 0x0000, 0x0000, 0x0000, 0x0000, 0x0000, 0x0000, 0x0000, 0x0000, 0x0000, 0x0000, 0x0000, 0x0000, 0x0000,
  0x0000, 0x0000, 0x0000, 0x0000, 0x0000, 0x0000, 0x0000, 0x0000, 0x0000, 0x0000, 0x0000, 0x0000, 0x0000, 0x0000, 0x0000, 0x0000,
  0x0000, 0x0000, 0x0000, 0x0000, 0x0000, 0x0000, 0x0000, 0x0000, 0x0000, 0x0000, 0x0000, 0x0000, 0x0000, 0x0000, 0x0000, 0x0000,
  0x0000, 0x0000, 0x0000, 0x0000, 0x0000, 0x0000, 0x0000, 0x0000, 0x0000, 0x0000, 0x0000, 0x0000, 0x0000, 0x0000, 0x0000, 0x0000,
  0x0000, 0x0000, 0x0000, 0x0000, 0x0000, 0x0000, 0x0000, 0x0000, 0x0000, 0x0000, 0x0000, 0x0000, 0x0000, 0x0000, 0x0000, 0x0000,
  0x0000, 0x0000, 0x0000, 0x0000, 0x0000, 0x0000, 0x0000, 0x0000, 0x0000, 0x0000, 0x0000, 0x0000, 0x0000, 0x0000, 0x0000, 0x0000,
  0x0000, 0x0000, 0x0000, 0x0000, 0x0000, 0x0000, 0x0000, 0x0000, 0x0000, 0x0000, 0x0000, 0x0000, 0x0000, 0x0000, 0x0000, 0x0000,
  0x0000, 0x0000, 0x0000, 0x0000, 0x0000, 0x0000, 0x0000, 0x0000, 0x0000, 0x0000, 0x0000, 0x0000, 0x0000, 0x0000, 0x0000, 0x0000,
  0x0000, 0x0000, 0x0000, 0x0000, 0x0000, 0x0000, 0x0000, 0x0000, 0x0000, 0x0000, 0x0000, 0x0000, 0x0000, 0x0000, 0x0000, 0x0000,
  0x0000, 0x0000, 0x0000, 0x0000, 0x0000, 0x0000, 0x0000, 0x0000, 0x0000, 0x0000, 0x0000, 0x0000, 0x0000, 0x0000, 0x0000, 0x0000,
  0x0000, 0x0000, 0x0000, 0x0000, 0x0000, 0x0000, 0x0000, 0x0000, 0x0000, 0x0000, 0x0000, 0x0000, 0x0000, 0x0000, 0x0000, 0x0000,
  0x0000, 0x0000, 0x0000, 0x0000, 0x0000, 0x0000, 0x0000, 0x0000, 0x0000, 0x0000, 0x0000, 0x0000, 0x0000, 0x9CF3, 0xAE5B, 0x4BF4,
  0x5477, 0x5C97, 0x5435, 0x6C95, 0xD6FC, 0x632C, 0x2125, 0x2945, 0x2944, 0x5ACA, 0x736C, 0x9CAF, 0xBDB1, 0xD672, 0xF735, 0xF734,
  0xF732, 0xF735, 0xF756, 0xCE32, 0xBDB2, 0x946F, 0x738D, 0x2985, 0x52AA, 0xCE79, 0xC6DC, 0x4BD3, 0x4C35, 0x4C36, 0x43D3, 0x9DD9,
  0xDF1B, 0x0000, 0x0000, 0x0000, 0x0000, 0x0000, 0x0000, 0x0000, 0x0000, 0x0000, 0x0000, 0x0000, 0x0000, 0x0000, 0x0000, 0x0000,
  0x0000, 0x0000, 0x0000, 0x0000, 0x0000, 0x0000, 0x0000, 0x0000, 0x0000, 0x0000, 0x0000, 0x0000, 0x0000, 0x0000, 0x0000, 0x0000,
  0x0000, 0x0000, 0x0000, 0x0000, 0x0000, 0x0000, 0x0000, 0x0000, 0x0000, 0x0000, 0x0000, 0x0000, 0x0000, 0x0000, 0x0000, 0x0000,
  0x0000, 0x0000, 0x0000, 0x0000, 0x0000, 0x0000, 0x0000, 0x0000, 0x0000, 0x0000, 0x0000, 0x0000, 0x0000, 0x0000, 0x0000, 0x0000,
  0x0000, 0x0000, 0x0000, 0x0000, 0x0000, 0x0000, 0x0000, 0x0000, 0x0000, 0x0000, 0x0000, 0x0000, 0x0000, 0x0000, 0x0000, 0x0000,
  0x0000, 0x0000, 0x0000, 0x0000, 0x0000, 0x0000, 0x0000, 0x0000, 0x0000, 0x0000, 0x0000, 0x0000, 0x0000, 0x0000, 0x0000, 0x0000,
  0x0000, 0x0000, 0x0000, 0x0000, 0x0000, 0x0000, 0x0000, 0x0000, 0x0000, 0x0000, 0x0000, 0x0000, 0x0000, 0x0000, 0x0000, 0x0000,
  0x0000, 0x0000, 0x0000, 0x0000, 0x0000, 0x0000, 0x0000, 0x0000, 0x0000, 0x0000, 0x0000, 0x0000, 0x0000, 0x0000, 0x0000, 0x0000,
  0x0000, 0x0000, 0x0000, 0x0000, 0x0000, 0x0000, 0x0000, 0x0000, 0x0000, 0x0000, 0x0000, 0x0000, 0x0000, 0x0000, 0x0000, 0x0000,
  0x0000, 0x0000, 0x0000, 0x0000, 0x0000, 0x0000, 0x0000, 0x0000, 0x0000, 0x0000, 0x0000, 0x0000, 0x0000, 0x0000, 0x0000, 0x0000,
  0x0000, 0x0000, 0x0000, 0x0000, 0x0000, 0x0000, 0x0000, 0x0000, 0x0000, 0x0000, 0x0000, 0x0000, 0x0000, 0x0000, 0x0000, 0x0000,
  0x0000, 0x0000, 0x0000, 0x0000, 0x0000, 0x0000, 0x0000, 0x0000, 0x0000, 0x0000, 0x0000, 0x0000, 0x0000, 0x0000, 0x0000, 0x0000,
  0x0000, 0x0000, 0x0000, 0x0000, 0x0000, 0x0000, 0x0000, 0x0000, 0x0000, 0x0000, 0x0000, 0x0000, 0x0000, 0x0000, 0x0000, 0x0000,
  0x0000, 0x0000, 0x0000, 0x0000, 0x0000, 0x0000, 0x0000, 0x0000, 0x0000, 0x0000, 0x0000, 0x0000, 0x0000, 0x0000, 0x0000, 0x0000,
  0x0000, 0x0000, 0x0000, 0x0000, 0x0000, 0x0000, 0x0000, 0x0000, 0x0000, 0x0000, 0x0000, 0x0000, 0x0000, 0x0000, 0x0000, 0x0000,
  0x0000, 0x0000, 0x0000, 0x0000, 0x0000, 0x0000, 0x0000, 0x0000, 0x0000, 0x0000, 0x0000, 0x0000, 0x0000, 0x0000, 0x0000, 0x0000,
  0x0000, 0x0000, 0x0000, 0x0000, 0x0000, 0x0000, 0x0000, 0x0000, 0x0000, 0x0000, 0x0000, 0x0000, 0x0000, 0x0000, 0x0000, 0x0000,
  0x0000, 0x0000, 0x0000, 0x0000, 0x0000, 0x0000, 0x0000, 0x0000, 0x0000, 0x0000, 0x0000, 0x0000, 0x0000, 0x0000, 0x6B4D, 0xBEBC,
  0x5435, 0x5436, 0x5C76, 0x5415, 0x6474, 0xDF5C, 0xFFFB, 0xFFB7, 0xFF51, 0xFF4F, 0xFF4C, 0xFF09, 0xFEE7, 0xFEA6, 0xF665, 0xF665,
  0xF665, 0xF685, 0xF686, 0xFEC8, 0xFECA, 0xFE8C, 0xFEF0, 0xF6F2, 0xFFF9, 0xCED9, 0x53F3, 0x5456, 0x5476, 0x43F3, 0x9598, 0xC679,
  0x18E3, 0x0000, 0x0000, 0x0000, 0x0000, 0x0000, 0x0000, 0x0000, 0x0000, 0x0000, 0x0000, 0x0000, 0x0000, 0x0000, 0x0000, 0x0000,
  0x0000, 0x0000, 0x0000, 0x0000, 0x0000, 0x0000, 0x0000, 0x0000, 0x0000, 0x0000, 0x0000, 0x0000, 0x0000, 0x0000, 0x0000, 0x0000,
  0x0000, 0x0000, 0x0000, 0x0000, 0x0000, 0x0000, 0x0000, 0x0000, 0x0000, 0x0000, 0x0000, 0x0000, 0x0000, 0x0000, 0x0000, 0x0000,
  0x0000, 0x0000, 0x0000, 0x0000, 0x0000, 0x0000, 0x0000, 0x0000, 0x0000, 0x0000, 0x0000, 0x0000, 0x0000, 0x0000, 0x0000, 0x0000,
  0x0000, 0x0000, 0x0000, 0x0000, 0x0000, 0x0000, 0x0000, 0x0000, 0x0000, 0x0000, 0x0000, 0x0000, 0x0000, 0x0000, 0x0000, 0x0000,
  0x0000, 0x0000, 0x0000, 0x0000, 0x0000, 0x0000, 0x0000, 0x0000, 0x0000, 0x0000, 0x0000, 0x0000, 0x0000, 0x0000, 0x0000, 0x0000,
  0x0000, 0x0000, 0x0000, 0x0000, 0x0000, 0x0000, 0x0000, 0x0000, 0x0000, 0x0000, 0x0000, 0x0000, 0x0000, 0x0000, 0x0000, 0x0000,
  0x0000, 0x0000, 0x0000, 0x0000, 0x0000, 0x0000, 0x0000, 0x0000, 0x0000, 0x0000, 0x0000, 0x0000, 0x0000, 0x0000, 0x0000, 0x0000,
  0x0000, 0x0000, 0x0000, 0x0000, 0x0000, 0x0000, 0x0000, 0x0000, 0x0000, 0x0000, 0x0000, 0x0000, 0x0000, 0x0000, 0x0000, 0x0000,
  0x0000, 0x0000, 0x0000, 0x0000, 0x0000, 0x0000, 0x0000, 0x0000, 0x0000, 0x0000, 0x0000, 0x0000, 0x0000, 0x0000, 0x0000, 0x0000,
  0x0000, 0x0000, 0x0000, 0x0000, 0x0000, 0x0000, 0x0000, 0x0000, 0x0000, 0x0000, 0x0000, 0x0000, 0x0000, 0x0000, 0x0000, 0x0000,
  0x0000, 0x0000, 0x0000, 0x0000, 0x0000, 0x0000, 0x0000, 0x0000, 0x0000, 0x0000, 0x0000, 0x0000, 0x0000, 0x0000, 0x0000, 0x0000,
  0x0000, 0x0000, 0x0000, 0x0000, 0x0000, 0x0000, 0x0000, 0x0000, 0x0000, 0x0000, 0x0000, 0x0000, 0x0000, 0x0000, 0x0000, 0x0000,
  0x0000, 0x0000, 0x0000, 0x0000, 0x0000, 0x0000, 0x0000, 0x0000, 0x0000, 0x0000, 0x0000, 0x0000, 0x0000, 0x0000, 0x0000, 0x0000,
  0x0000, 0x0000, 0x0000, 0x0000, 0x0000, 0x0000, 0x0000, 0x0000, 0x0000, 0x0000, 0x0000, 0x0000, 0x0000, 0x0000, 0x0000, 0x0000,
  0x0000, 0x0000, 0x0000, 0x0000, 0x0000, 0x0000, 0x0000, 0x0000, 0x0000, 0x0000, 0x0000, 0x0000, 0x0000, 0x0000, 0x0000, 0x0000,
  0x0000, 0x0000, 0x0000, 0x0000, 0x0000, 0x0000, 0x0000, 0x0000, 0x0000, 0x0000, 0x0000, 0x0000, 0x0000, 0x0000, 0x0000, 0x0000,
  0x0000, 0x0000, 0x0000, 0x0000, 0x0000, 0x0000, 0x0000, 0x0000, 0x0000, 0x0000, 0x0000, 0x0000, 0x0000, 0x0020, 0x0000, 0x73AE,
  0xBE7A, 0x5434, 0x4C15, 0x5414, 0x640F, 0xA52C, 0xEECB, 0xEE45, 0xEE44, 0xEE65, 0xF686, 0xF684, 0xF663, 0xFE83, 0xFE83, 0xFE83,
  0xFE83, 0xFE83, 0xFE83, 0xFE82, 0xF662, 0xF623, 0xED62, 0xED44, 0xED87, 0xC50A, 0x94AF, 0x6453, 0x5414, 0x8D77, 0xD6FB, 0x18C3,
  0x0000, 0x0000, 0x0000, 0x0000, 0x0000, 0x0000, 0x0000, 0x0000, 0x0000, 0x0000, 0x0000, 0x0000, 0x0000, 0x0000, 0x0000, 0x0000,
  0x0000, 0x0000, 0x0000, 0x0000, 0x0000, 0x0000, 0x0000, 0x0000, 0x0000, 0x0000, 0x0000, 0x0000, 0x0000, 0x0000, 0x0000, 0x0000,
  0x0000, 0x0000, 0x0000, 0x0000, 0x0000, 0x0000, 0x0000, 0x0000, 0x0000, 0x0000, 0x0000, 0x0000, 0x0000, 0x0000, 0x0000, 0x0000,
  0x0000, 0x0000, 0x0000, 0x0000, 0x0000, 0x0000, 0x0000, 0x0000, 0x0000, 0x0000, 0x0000, 0x0000, 0x0000, 0x0000, 0x0000, 0x0000,
  0x0000, 0x0000, 0x0000, 0x0000, 0x0000, 0x0000, 0x0000, 0x0000, 0x0000, 0x0000, 0x0000, 0x0000, 0x0000, 0x0000, 0x0000, 0x0000,
  0x0000, 0x0000, 0x0000, 0x0000, 0x0000, 0x0000, 0x0000, 0x0000, 0x0000, 0x0000, 0x0000, 0x0000, 0x0000, 0x0000, 0x0000, 0x0000,
  0x0000, 0x0000, 0x0000, 0x0000, 0x0000, 0x0000, 0x0000, 0x0000, 0x0000, 0x0000, 0x0000, 0x0000, 0x0000, 0x0000, 0x0000, 0x0000,
  0x0000, 0x0000, 0x0000, 0x0000, 0x0000, 0x0000, 0x0000, 0x0000, 0x0000, 0x0000, 0x0000, 0x0000, 0x0000, 0x0000, 0x0000, 0x0000,
  0x0000, 0x0000, 0x0000, 0x0000, 0x0000, 0x0000, 0x0000, 0x0000, 0x0000, 0x0000, 0x0000, 0x0000, 0x0000, 0x0000, 0x0000, 0x0000,
  0x0000, 0x0000, 0x0000, 0x0000, 0x0000, 0x0000, 0x0000, 0x0000, 0x0000, 0x0000, 0x0000, 0x0000, 0x0000, 0x0000, 0x0000, 0x0000,
  0x0000, 0x0000, 0x0000, 0x0000, 0x0000, 0x0000, 0x0000, 0x0000, 0x0000, 0x0000, 0x0000, 0x0000, 0x0000, 0x0000, 0x0000, 0x0000,
  0x0000, 0x0000, 0x0000, 0x0000, 0x0000, 0x0000, 0x0000, 0x0000, 0x0000, 0x0000, 0x0000, 0x0000, 0x0000, 0x0000, 0x0000, 0x0000,
  0x0000, 0x0000, 0x0000, 0x0000, 0x0000, 0x0000, 0x0000, 0x0000, 0x0000, 0x0000, 0x0000, 0x0000, 0x0000, 0x0000, 0x0000, 0x0000,
  0x0000, 0x0000, 0x0000, 0x0000, 0x0000, 0x0000, 0x0000, 0x0000, 0x0000, 0x0000, 0x0000, 0x0000, 0x0000, 0x0000, 0x0000, 0x0000,
  0x0000, 0x0000, 0x0000, 0x0000, 0x0000, 0x0000, 0x0000, 0x0000, 0x0000, 0x0000, 0x0000, 0x0000, 0x0000, 0x0000, 0x0000, 0x0000,
  0x0000, 0x0000, 0x0000, 0x0000, 0x0000, 0x0000, 0x0000, 0x0000, 0x0000, 0x0000, 0x0000, 0x0000, 0x0000, 0x0000, 0x0000, 0x0000,
  0x0000, 0x0000, 0x0000, 0x0000, 0x0000, 0x0000, 0x0000, 0x0000, 0x0000, 0x0000, 0x0000, 0x0000, 0x0000, 0x0000, 0x0000, 0x0000,
  0x0000, 0x0000, 0x0000, 0x0000, 0x0000, 0x0000, 0x0000, 0x0000, 0x0000, 0x0000, 0x0000, 0x0000, 0x0000, 0x0000, 0x0020, 0x0000,
  0x738D, 0xDF5E, 0x7450, 0x9D2C, 0xDE48, 0xEE85, 0xF686, 0xF6EA, 0xFF2E, 0xFF70, 0xFF71, 0xFF6E, 0xF6A6, 0xFE83, 0xFE83, 0xFE83,
  0xFE83, 0xFE83, 0xFE83, 0xFE83, 0xFE83, 0xFE83, 0xFE64, 0xF5A3, 0xF542, 0xF584, 0xF586, 0xCD29, 0xACCD, 0xFFFD, 0x9CF2, 0x0000,
  0x0000, 0x0000, 0x0000, 0x0000, 0x0000, 0x0000, 0x0000, 0x0000, 0x0000, 0x0000, 0x0000, 0x0000, 0x0000, 0x0000, 0x0000, 0x0000,
  0x0000, 0x0000, 0x0000, 0x0000, 0x0000, 0x0000, 0x0000, 0x0000, 0x0000, 0x0000, 0x0000, 0x0000, 0x0000, 0x0000, 0x0000, 0x0000,
  0x0000, 0x0000, 0x0000, 0x0000, 0x0000, 0x0000, 0x0000, 0x0000, 0x0000, 0x0000, 0x0000, 0x0000, 0x0000, 0x0000, 0x0000, 0x0000,
  0x0000, 0x0000, 0x0000, 0x0000, 0x0000, 0x0000, 0x0000, 0x0000, 0x0000, 0x0000, 0x0000, 0x0000, 0x0000, 0x0000, 0x0000, 0x0000,
  0x0000, 0x0000, 0x0000, 0x0000, 0x0000, 0x0000, 0x0000, 0x0000, 0x0000, 0x0000, 0x0000, 0x0000, 0x0000, 0x0000, 0x0000, 0x0000,
  0x0000, 0x0000, 0x0000, 0x0000, 0x0000, 0x0000, 0x0000, 0x0000, 0x0000, 0x0000, 0x0000, 0x0000, 0x0000, 0x0000, 0x0000, 0x0000,
  0x0000, 0x0000, 0x0000, 0x0000, 0x0000, 0x0000, 0x0000, 0x0000, 0x0000, 0x0000, 0x0000, 0x0000, 0x0000, 0x0000, 0x0000, 0x0000,
  0x0000, 0x0000, 0x0000, 0x0000, 0x0000, 0x0000, 0x0000, 0x0000, 0x0000, 0x0000, 0x0000, 0x0000, 0x0000, 0x0000, 0x0000, 0x0000,
  0x0000, 0x0000, 0x0000, 0x0000, 0x0000, 0x0000, 0x0000, 0x0000, 0x0000, 0x0000, 0x0000, 0x0000, 0x0000, 0x0000, 0x0000, 0x0000,
  0x0000, 0x0000, 0x0000, 0x0000, 0x0000, 0x0000, 0x0000, 0x0000, 0x0000, 0x0000, 0x0000, 0x0000, 0x0000, 0x0000, 0x0000, 0x0000,
  0x0000, 0x0000, 0x0000, 0x0000, 0x0000, 0x0000, 0x0000, 0x0000, 0x0000, 0x0000, 0x0000, 0x0000, 0x0000, 0x0000, 0x0000, 0x0000,
  0x0000, 0x0000, 0x0000, 0x0000, 0x0000, 0x0000, 0x0000, 0x0000, 0x0000, 0x0000, 0x0000, 0x0000, 0x0000, 0x0000, 0x0000, 0x0000,
  0x0000, 0x0000, 0x0000, 0x0000, 0x0000, 0x0000, 0x0000, 0x0000, 0x0000, 0x0000, 0x0000, 0x0000, 0x0000, 0x0000, 0x0000, 0x0000,
  0x0000, 0x0000, 0x0000, 0x0000, 0x0000, 0x0000, 0x0000, 0x0000, 0x0000, 0x0000, 0x0000, 0x0000, 0x0000, 0x0000, 0x0000, 0x0000,
  0x0000, 0x0000, 0x0000, 0x0000, 0x0000, 0x0000, 0x0000, 0x0000, 0x0000, 0x0000, 0x0000, 0x0000, 0x0000, 0x0000, 0x0000, 0x0000,
  0x0000, 0x0000, 0x0000, 0x0000, 0x0000, 0x0000, 0x0000, 0x0000, 0x0000, 0x0000, 0x0000, 0x0000, 0x0000, 0x0000, 0x0000, 0x0000,
  0x0000, 0x0000, 0x0000, 0x0000, 0x0000, 0x0000, 0x0000, 0x0000, 0x0000, 0x0000, 0x0000, 0x0000, 0x0000, 0x0000, 0x0000, 0x0000,
  0x0000, 0x0000, 0x0000, 0x0000, 0x0000, 0x0000, 0x0000, 0x0000, 0x0000, 0x0000, 0x0000, 0x0000, 0x0000, 0x0020, 0x0000, 0x2104,
  0xC616, 0xFFB5, 0xE689, 0xF685, 0xF6A5, 0xFF0C, 0xFF71, 0xFF72, 0xFF72, 0xFF72, 0xFF72, 0xFF2D, 0xF684, 0xFE83, 0xFE83, 0xFE83,
  0xFE83, 0xFE83, 0xFE83, 0xFE63, 0xFE83, 0xFE83, 0xFE83, 0xFE44, 0xED62, 0xF543, 0xF542, 0xF563, 0xF585, 0xE5EA, 0xEF34, 0x7BED,
  0x0861, 0x0000, 0x0000, 0x0000, 0x0000, 0x0000, 0x0000, 0x0000, 0x0000, 0x0000, 0x0000, 0x0000, 0x0000, 0x0000, 0x0000, 0x0000,
  0x0000, 0x0000, 0x0000, 0x0000, 0x0000, 0x0000, 0x0000, 0x0000, 0x0000, 0x0000, 0x0000, 0x0000, 0x0000, 0x0000, 0x0000, 0x0000,
  0x0000, 0x0000, 0x0000, 0x0000, 0x0000, 0x0000, 0x0000, 0x0000, 0x0000, 0x0000, 0x0000, 0x0000, 0x0000, 0x0000, 0x0000, 0x0000,
  0x0000, 0x0000, 0x0000, 0x0000, 0x0000, 0x0000, 0x0000, 0x0000, 0x0000, 0x0000, 0x0000, 0x0000, 0x0000, 0x0000, 0x0000, 0x0000,
  0x0000, 0x0000, 0x0000, 0x0000, 0x0000, 0x0000, 0x0000, 0x0000, 0x0000, 0x0000, 0x0000, 0x0000, 0x0000, 0x0000, 0x0000, 0x0000,
  0x0000, 0x0000, 0x0000, 0x0000, 0x0000, 0x0000, 0x0000, 0x0000, 0x0000, 0x0000, 0x0000, 0x0000, 0x0000, 0x0000, 0x0000, 0x0000,
  0x0000, 0x0000, 0x0000, 0x0000, 0x0000, 0x0000, 0x0000, 0x0000, 0x0000, 0x0000, 0x0000, 0x0000, 0x0000, 0x0000, 0x0000, 0x0000,
  0x0000, 0x0000, 0x0000, 0x0000, 0x0000, 0x0000, 0x0000, 0x0000, 0x0000, 0x0000, 0x0000, 0x0000, 0x0000, 0x0000, 0x0000, 0x0000,
  0x0000, 0x0000, 0x0000, 0x0000, 0x0000, 0x0000, 0x0000, 0x0000, 0x0000, 0x0000, 0x0000, 0x0000, 0x0000, 0x0000, 0x0000, 0x0000,
  0x0000, 0x0000, 0x0000, 0x0000, 0x0000, 0x0000, 0x0000, 0x0000, 0x0000, 0x0000, 0x0000, 0x0000, 0x0000, 0x0000, 0x0000, 0x0000,
  0x0000, 0x0000, 0x0000, 0x0000, 0x0000, 0x0000, 0x0000, 0x0000, 0x0000, 0x0000, 0x0000, 0x0000, 0x0000, 0x0000, 0x0000, 0x0000,
  0x0000, 0x0000, 0x0000, 0x0000, 0x0000, 0x0000, 0x0000, 0x0000, 0x0000, 0x0000, 0x0000, 0x0000, 0x0000, 0x0000, 0x0000, 0x0000,
  0x0000, 0x0000, 0x0000, 0x0000, 0x0000, 0x0000, 0x0000, 0x0000, 0x0000, 0x0000, 0x0000, 0x0000, 0x0000, 0x0000, 0x0000, 0x0000,
  0x0000, 0x0000, 0x0000, 0x0000, 0x0000, 0x0000, 0x0000, 0x0000, 0x0000, 0x0000, 0x0000, 0x0000, 0x0000, 0x0000, 0x0000, 0x0000,
  0x0000, 0x0000, 0x0000, 0x0000, 0x0000, 0x0000, 0x0000, 0x0000, 0x0000, 0x0000, 0x0000, 0x0000, 0x0000, 0x0000, 0x0000, 0x0000,
  0x0000, 0x0000, 0x0000, 0x0000, 0x0000, 0x0000, 0x0000, 0x0000, 0x0000, 0x0000, 0x0000, 0x0000, 0x0000, 0x0000, 0x0000, 0x0000,
  0x0000, 0x0000, 0x0000, 0x0000, 0x0000, 0x0000, 0x0000, 0x0000, 0x0000, 0x0000, 0x0000, 0x0000, 0x0000, 0x0000, 0x0000, 0x0000,
  0x0000, 0x0000, 0x0000, 0x0000, 0x0000, 0x0000, 0x0000, 0x0000, 0x0000, 0x0000, 0x0000, 0x0000, 0x0000, 0x0000, 0x18C3, 0xEF79,
  0xFF70, 0xEE44, 0xF662, 0xF6A6, 0xFF4F, 0xFF93, 0xFF73, 0xFF73, 0xFF72, 0xFF50, 0xF6EB, 0xF664, 0xF662, 0xFE83, 0xFE83, 0xFE83,
  0xFE83, 0xFE83, 0xFE83, 0xFE83, 0xFE83, 0xFE83, 0xFE83, 0xFE84, 0xF5C3, 0xF563, 0xF563, 0xF563, 0xF563, 0xF563, 0xE586, 0xFF11,
  0xE739, 0x18C3, 0x0000, 0x0000, 0x0000, 0x0000, 0x0000, 0x0000, 0x0000, 0x0000, 0x0000, 0x0000, 0x0000, 0x0000, 0x0000, 0x0000,
  0x0000, 0x0000, 0x0000, 0x0000, 0x0000, 0x0000, 0x0000, 0x0000, 0x0000, 0x0000, 0x0000, 0x0000, 0x0000, 0x0000, 0x0000, 0x0000,
  0x0000, 0x0000, 0x0000, 0x0000, 0x0000, 0x0000, 0x0000, 0x0000, 0x0000, 0x0000, 0x0000, 0x0000, 0x0000, 0x0000, 0x0000, 0x0000,
  0x0000, 0x0000, 0x0000, 0x0000, 0x0000, 0x0000, 0x0000, 0x0000, 0x0000, 0x0000, 0x0000, 0x0000, 0x0000, 0x0000, 0x0000, 0x0000,
  0x0000, 0x0000, 0x0000, 0x0000, 0x0000, 0x0000, 0x0000, 0x0000, 0x0000, 0x0000, 0x0000, 0x0000, 0x0000, 0x0000, 0x0000, 0x0000,
  0x0000, 0x0000, 0x0000, 0x0000, 0x0000, 0x0000, 0x0000, 0x0000, 0x0000, 0x0000, 0x0000, 0x0000, 0x0000, 0x0000, 0x0000, 0x0000,
  0x0000, 0x0000, 0x0000, 0x0000, 0x0000, 0x0000, 0x0000, 0x0000, 0x0000, 0x0000, 0x0000, 0x0000, 0x0000, 0x0000, 0x0000, 0x0000,
  0x0000, 0x0000, 0x0000, 0x0000, 0x0000, 0x0000, 0x0000, 0x0000, 0x0000, 0x0000, 0x0000, 0x0000, 0x0000, 0x0000, 0x0000, 0x0000,
  0x0000, 0x0000, 0x0000, 0x0000, 0x0000, 0x0000, 0x0000, 0x0000, 0x0000, 0x0000, 0x0000, 0x0000, 0x0000, 0x0000, 0x0000, 0x0000,
  0x0000, 0x0000, 0x0000, 0x0000, 0x0000, 0x0000, 0x0000, 0x0000, 0x0000, 0x0000, 0x0000, 0x0000, 0x0000, 0x0000, 0x0000, 0x0000,
  0x0000, 0x0000, 0x0000, 0x0000, 0x0000, 0x0000, 0x0000, 0x0000, 0x0000, 0x0000, 0x0000, 0x0000, 0x0000, 0x0000, 0x0000, 0x0000,
  0x0000, 0x0000, 0x0000, 0x0000, 0x0000, 0x0000, 0x0000, 0x0000, 0x0000, 0x0000, 0x0000, 0x0000, 0x0000, 0x0000, 0x0000, 0x0000,
  0x0000, 0x0000, 0x0000, 0x0000, 0x0000, 0x0000, 0x0000, 0x0000, 0x0000, 0x0000, 0x0000, 0x0000, 0x0000, 0x0000, 0x0000, 0x0000,
  0x0000, 0x0000, 0x0000, 0x0000, 0x0000, 0x0000, 0x0000, 0x0000, 0x0000, 0x0000, 0x0000, 0x0000, 0x0000, 0x0000, 0x0000, 0x0000,
  0x0000, 0x0000, 0x0000, 0x0000, 0x0000, 0x0000, 0x0000, 0x0000, 0x0000, 0x0000, 0x0000, 0x0000, 0x0000, 0x0000, 0x0000, 0x0000,
  0x0000, 0x0000, 0x0000, 0x0000, 0x0000, 0x0000, 0x0000, 0x0000, 0x0000, 0x0000, 0x0000, 0x0000, 0x0000, 0x0000, 0x0000, 0x0000,
  0x0000, 0x0000, 0x0000, 0x0000, 0x0000, 0x0000, 0x0000, 0x0000, 0x0000, 0x0000, 0x0000, 0x0000, 0x0000, 0x0000, 0x0000, 0x0000,
  0x0000, 0x0000, 0x0000, 0x0000, 0x0000, 0x0000, 0x0000, 0x0000, 0x0000, 0x0000, 0x0000, 0x0000, 0x0000, 0x39C7, 0xC614, 0xFF2D,
  0xEE22, 0xFE82, 0xF663, 0xFF2B, 0xFF91, 0xFF71, 0xFF71, 0xFF4E, 0xF6EA, 0xF686, 0xF663, 0xFE83, 0xFE83, 0xFE83, 0xFE83, 0xFE83,
  0xFE83, 0xFE63, 0xFE63, 0xFE83, 0xFE83, 0xFE83, 0xFE83, 0xFEA4, 0xF5E3, 0xF543, 0xF563, 0xF563, 0xF563, 0xF563, 0xF563, 0xE524,
  0xF6AE, 0xC634, 0x39E7, 0x0000, 0x0000, 0x0000, 0x0000, 0x0000, 0x0000, 0x0000, 0x0000, 0x0000, 0x0000, 0x0000, 0x0000, 0x0000,
  0x0000, 0x0000, 0x0000, 0x0000, 0x0000, 0x0000, 0x0000, 0x0000, 0x0000, 0x0000, 0x0000, 0x0000, 0x0000, 0x0000, 0x0000, 0x0000,
  0x0000, 0x0000, 0x0000, 0x0000, 0x0000, 0x0000, 0x0000, 0x0000, 0x0000, 0x0000, 0x0000, 0x0000, 0x0000, 0x0000, 0x0000, 0x0000,
  0x0000, 0x0000, 0x0000, 0x0000, 0x0000, 0x0000, 0x0000, 0x0000, 0x0000, 0x0000, 0x0000, 0x0000, 0x0000, 0x0000, 0x0000, 0x0000,
  0x0000, 0x0000, 0x0000, 0x0000, 0x0000, 0x0000, 0x0000, 0x0000, 0x0000, 0x0000, 0x0000, 0x0000, 0x0000, 0x0000, 0x0000, 0x0000,
  0x0000, 0x0000, 0x0000, 0x0000, 0x0000, 0x0000, 0x0000, 0x0000, 0x0000, 0x0000, 0x0000, 0x0000, 0x0000, 0x0000, 0x0000, 0x0000,
  0x0000, 0x0000, 0x0000, 0x0000, 0x0000, 0x0000, 0x0000, 0x0000, 0x0000, 0x0000, 0x0000, 0x0000, 0x0000, 0x0000, 0x0000, 0x0000,
  0x0000, 0x0000, 0x0000, 0x0000, 0x0000, 0x0000, 0x0000, 0x0000, 0x0000, 0x0000, 0x0000, 0x0000, 0x0000, 0x0000, 0x0000, 0x0000,
  0x0000, 0x0000, 0x0000, 0x0000, 0x0000, 0x0000, 0x0000, 0x0000, 0x0000, 0x0000, 0x0000, 0x0000, 0x0000, 0x0000, 0x0000, 0x0000,
  0x0000, 0x0000, 0x0000, 0x0000, 0x0000, 0x0000, 0x0000, 0x0000, 0x0000, 0x0000, 0x0000, 0x0000, 0x0000, 0x0000, 0x0000, 0x0000,
  0x0000, 0x0000, 0x0000, 0x0000, 0x0000, 0x0000, 0x0000, 0x0000, 0x0000, 0x0000, 0x0000, 0x0000, 0x0000, 0x0000, 0x0000, 0x0000,
  0x0000, 0x0000, 0x0000, 0x0000, 0x0000, 0x0000, 0x0000, 0x0000, 0x0000, 0x0000, 0x0000, 0x0000, 0x0000, 0x0000, 0x0000, 0x0000,
  0x0000, 0x0000, 0x0000, 0x0000, 0x0000, 0x0000, 0x0000, 0x0000, 0x0000, 0x0000, 0x0000, 0x0000, 0x0000, 0x0000, 0x0000, 0x0000,
  0x0000, 0x0000, 0x0000, 0x0000, 0x0000, 0x0000, 0x0000, 0x0000, 0x0000, 0x0000, 0x0000, 0x0000, 0x0000, 0x0000, 0x0000, 0x0000,
  0x0000, 0x0000, 0x0000, 0x0000, 0x0000, 0x0000, 0x0000, 0x0000, 0x0000, 0x0000, 0x0000, 0x0000, 0x0000, 0x0000, 0x0000, 0x0000,
  0x0000, 0x0000, 0x0000, 0x0000, 0x0000, 0x0000, 0x0000, 0x0000, 0x0000, 0x0000, 0x0000, 0x0000, 0x0000, 0x0000, 0x0000, 0x0000,
  0x0000, 0x0000, 0x0000, 0x0000, 0x0000, 0x0000, 0x0000, 0x0000, 0x0000, 0x0000, 0x0000, 0x0000, 0x0000, 0x0000, 0x0000, 0x0000,
  0x0000, 0x0000, 0x0000, 0x0000, 0x0000, 0x0000, 0x0000, 0x0000, 0x0000, 0x0000, 0x0000, 0x0000, 0x0861, 0xEF78, 0xFF4F, 0xEE23,
  0xFE82, 0xFE62, 0xFE62, 0xF6A5, 0xF6C7, 0xF6A7, 0xF686, 0xF684, 0xF663, 0xFE82, 0xFE83, 0xFE83, 0xFE83, 0xF683, 0xFE83, 0xFE83,
  0xFE63, 0xFE63, 0xFE83, 0xFE83, 0xFE83, 0xFE83, 0xFE83, 0xFE84, 0xF5A3, 0xF543, 0xF563, 0xF563, 0xF563, 0xF563, 0xF563, 0xFD83,
  0xE523, 0xF6AE, 0xEF78, 0x0861, 0x0000, 0x0000, 0x0000, 0x0000, 0x0000, 0x0000, 0x0000, 0x0000, 0x0000, 0x0000, 0x0000, 0x0000,
  0x0000, 0x0000, 0x0000, 0x0000, 0x0000, 0x0000, 0x0000, 0x0000, 0x0000, 0x0000, 0x0000, 0x0000, 0x0000, 0x0000, 0x0000, 0x0000,
  0x0000, 0x0000, 0x0000, 0x0000, 0x0000, 0x0000, 0x0000, 0x0000, 0x0000, 0x0000, 0x0000, 0x0000, 0x0000, 0x0000, 0x0000, 0x0000,
  0x0000, 0x0000, 0x0000, 0x0000, 0x0000, 0x0000, 0x0000, 0x0000, 0x0000, 0x0000, 0x0000, 0x0000, 0x0000, 0x0000, 0x0000, 0x0000,
  0x0000, 0x0000, 0x0000, 0x0000, 0x0000, 0x0000, 0x0000, 0x0000, 0x0000, 0x0000, 0x0000, 0x0000, 0x0000, 0x0000, 0x0000, 0x0000,
  0x0000, 0x0000, 0x0000, 0x0000, 0x0000, 0x0000, 0x0000, 0x0000, 0x0000, 0x0000, 0x0000, 0x0000, 0x0000, 0x0000, 0x0000, 0x0000,
  0x0000, 0x0000, 0x0000, 0x0000, 0x0000, 0x0000, 0x0000, 0x0000, 0x0000, 0x0000, 0x0000, 0x0000, 0x0000, 0x0000, 0x0000, 0x0000,
  0x0000, 0x0000, 0x0000, 0x0000, 0x0000, 0x0000, 0x0000, 0x0000, 0x0000, 0x0000, 0x0000, 0x0000, 0x0000, 0x0000, 0x0000, 0x0000,
  0x0000, 0x0000, 0x0000, 0x0000, 0x0000, 0x0000, 0x0000, 0x0000, 0x0000, 0x0000, 0x0000, 0x0000, 0x0000, 0x0000, 0x0000, 0x0000,
  0x0000, 0x0000, 0x0000, 0x0000, 0x0000, 0x0000, 0x0000, 0x0000, 0x0000, 0x0000, 0x0000, 0x0000, 0x0000, 0x0000, 0x0000, 0x0000,
  0x0000, 0x0000, 0x0000, 0x0000, 0x0000, 0x0000, 0x0000, 0x0000, 0x0000, 0x0000, 0x0000, 0x0000, 0x0000, 0x0000, 0x0000, 0x0000,
  0x0000, 0x0000, 0x0000, 0x0000, 0x0000, 0x0000, 0x0000, 0x0000, 0x0000, 0x0000, 0x0000, 0x0000, 0x0000, 0x0000, 0x0000, 0x0000,
  0x0000, 0x0000, 0x0000, 0x0000, 0x0000, 0x0000, 0x0000, 0x0000, 0x0000, 0x0000, 0x0000, 0x0000, 0x0000, 0x0000, 0x0000, 0x0000,
  0x0000, 0x0000, 0x0000, 0x0000, 0x0000, 0x0000, 0x0000, 0x0000, 0x0000, 0x0000, 0x0000, 0x0000, 0x0000, 0x0000, 0x0000, 0x0000,
  0x0000, 0x0000, 0x0000, 0x0000, 0x0000, 0x0000, 0x0000, 0x0000, 0x0000, 0x0000, 0x0000, 0x0000, 0x0000, 0x0000, 0x0000, 0x0000,
  0x0000, 0x0000, 0x0000, 0x0000, 0x0000, 0x0000, 0x0000, 0x0000, 0x0000, 0x0000, 0x0000, 0x0000, 0x0000, 0x0000, 0x0000, 0x0000,
  0x0000, 0x0000, 0x0000, 0x0000, 0x0000, 0x0000, 0x0000, 0x0000, 0x0000, 0x0000, 0x0000, 0x0000, 0x0000, 0x0000, 0x0000, 0x0000,
  0x0000, 0x0000, 0x0000, 0x0000, 0x0000, 0x0000, 0x0000, 0x0000, 0x0000, 0x0000, 0x0000, 0x0000, 0x9490, 0xFF94, 0xEE25, 0xFE83,
  0xFE83, 0xFE82, 0xFE82, 0xFE62, 0xFE62, 0xF662, 0xFE62, 0xFE62, 0xFE82, 0xFE83, 0xFE83, 0xFE83, 0xFE83, 0xFE83, 0xFE83, 0xFE63,
  0xFE63, 0xFE83, 0xFE83, 0xFE83, 0xFE83, 0xFEA3, 0xFE84, 0xF5C3, 0xF562, 0xF563, 0xF563, 0xF563, 0xF563, 0xF563, 0xF563, 0xF563,
  0xFD63, 0xE503, 0xFEF1, 0x8C6F, 0x0000, 0x0000, 0x0000, 0x0000, 0x0000, 0x0000, 0x0000, 0x0000, 0x0000, 0x0000, 0x0000, 0x0000,
  0x0000, 0x0000, 0x0000, 0x0000, 0x0000, 0x0000, 0x0000, 0x0000, 0x0000, 0x0000, 0x0000, 0x0000, 0x0000, 0x0000, 0x0000, 0x0000,
  0x0000, 0x0000, 0x0000, 0x0000, 0x0000, 0x0000, 0x0000, 0x0000, 0x0000, 0x0000, 0x0000, 0x0000, 0x0000, 0x0000, 0x0000, 0x0000,
  0x0000, 0x0000, 0x0000, 0x0000, 0x0000, 0x0000, 0x0000, 0x0000, 0x0000, 0x0000, 0x0000, 0x0000, 0x0000, 0x0000, 0x0000, 0x0000,
  0x0000, 0x0000, 0x0000, 0x0000, 0x0000, 0x0000, 0x0000, 0x0000, 0x0000, 0x0000, 0x0000, 0x0000, 0x0000, 0x0000, 0x0000, 0x0000,
  0x0000, 0x0000, 0x0000, 0x0000, 0x0000, 0x0000, 0x0000, 0x0000, 0x0000, 0x0000, 0x0000, 0x0000, 0x0000, 0x0000, 0x0000, 0x0000,
  0x0000, 0x0000, 0x0000, 0x0000, 0x0000, 0x0000, 0x0000, 0x0000, 0x0000, 0x0000, 0x0000, 0x0000, 0x0000, 0x0000, 0x0000, 0x0000,
  0x0000, 0x0000, 0x0000, 0x0000, 0x0000, 0x0000, 0x0000, 0x0000, 0x0000, 0x0000, 0x0000, 0x0000, 0x0000, 0x0000, 0x0000, 0x0000,
  0x0000, 0x0000, 0x0000, 0x0000, 0x0000, 0x0000, 0x0000, 0x0000, 0x0000, 0x0000, 0x0000, 0x0000, 0x0000, 0x0000, 0x0000, 0x0000,
  0x0000, 0x0000, 0x0000, 0x0000, 0x0000, 0x0000, 0x0000, 0x0000, 0x0000, 0x0000, 0x0000, 0x0000, 0x0000, 0x0000, 0x0000, 0x0000,
  0x0000, 0x0000, 0x0000, 0x0000, 0x0000, 0x0000, 0x0000, 0x0000, 0x0000, 0x0000, 0x0000, 0x0000, 0x0000, 0x0000, 0x0000, 0x0000,
  0x0000, 0x0000, 0x0000, 0x0000, 0x0000, 0x0000, 0x0000, 0x0000, 0x0000, 0x0000, 0x0000, 0x0000, 0x0000, 0x0000, 0x0000, 0x0000,
  0x0000, 0x0000, 0x0000, 0x0000, 0x0000, 0x0000, 0x0000, 0x0000, 0x0000, 0x0000, 0x0000, 0x0000, 0x0000, 0x0000, 0x0000, 0x0000,
  0x0000, 0x0000, 0x0000, 0x0000, 0x0000, 0x0000, 0x0000, 0x0000, 0x0000, 0x0000, 0x0000, 0x0000, 0x0000, 0x0000, 0x0000, 0x0000,
  0x0000, 0x0000, 0x0000, 0x0000, 0x0000, 0x0000, 0x0000, 0x0000, 0x0000, 0x0000, 0x0000, 0x0000, 0x0000, 0x0000, 0x0000, 0x0000,
  0x0000, 0x0000, 0x0000, 0x0000, 0x0000, 0x0000, 0x0000, 0x0000, 0x0000, 0x0000, 0x0000, 0x0000, 0x0000, 0x0000, 0x0000, 0x0000,
  0x0000, 0x0000, 0x0000, 0x0000, 0x0000, 0x0000, 0x0000, 0x0000, 0x0000, 0x0000, 0x0000, 0x0000, 0x0000, 0x0000, 0x0000, 0x0000,
  0x0000, 0x0000, 0x0000, 0x0000, 0x0000, 0x0000, 0x0000, 0x0000, 0x0000, 0x0000, 0x0000, 0x8C50, 0xFFFB, 0xEE8A, 0xFE84, 0xFE83,
  0xFE83, 0xFE83, 0xFE83, 0xFE82, 0xFE83, 0xFE83, 0xFE82, 0xFE62, 0xFE83, 0xFE63, 0xFE83, 0xFE83, 0xFE83, 0xFE83, 0xFE83, 0xFE83,
  0xFE83, 0xFE83, 0xFE83, 0xFEA3, 0xFE83, 0xFE23, 0xF5A3, 0xF563, 0xF563, 0xF563, 0xF563, 0xF563, 0xF563, 0xF543, 0xF543, 0xF543,
  0xF543, 0xF543, 0xE546, 0xFFF8, 0x52C9, 0x0000, 0x0000, 0x0000, 0x0000, 0x0000, 0x0000, 0x0000, 0x0000, 0x0000, 0x0000, 0x0000,
  0x0000, 0x0000, 0x0000, 0x0000, 0x0000, 0x0000, 0x0000, 0x0000, 0x0000, 0x0000, 0x0000, 0x0000, 0x0000, 0x0000, 0x0000, 0x0000,
  0x0000, 0x0000, 0x0000, 0x0000, 0x0000, 0x0000, 0x0000, 0x0000, 0x0000, 0x0000, 0x0000, 0x0000, 0x0000, 0x0000, 0x0000, 0x0000,
  0x0000, 0x0000, 0x0000, 0x0000, 0x0000, 0x0000, 0x0000, 0x0000, 0x0000, 0x0000, 0x0000, 0x0000, 0x0000, 0x0000, 0x0000, 0x0000,
  0x0000, 0x0000, 0x0000, 0x0000, 0x0000, 0x0000, 0x0000, 0x0000, 0x0000, 0x0000, 0x0000, 0x0000, 0x0000, 0x0000, 0x0000, 0x0000,
  0x0000, 0x0000, 0x0000, 0x0000, 0x0000, 0x0000, 0x0000, 0x0000, 0x0000, 0x0000, 0x0000, 0x0000, 0x0000, 0x0000, 0x0000, 0x0000,
  0x0000, 0x0000, 0x0000, 0x0000, 0x0000, 0x0000, 0x0000, 0x0000, 0x0000, 0x0000, 0x0000, 0x0000, 0x0000, 0x0000, 0x0000, 0x0000,
  0x0000, 0x0000, 0x0000, 0x0000, 0x0000, 0x0000, 0x0000, 0x0000, 0x0000, 0x0000, 0x0000, 0x0000, 0x0000, 0x0000, 0x0000, 0x0000,
  0x0000, 0x0000, 0x0000, 0x0000, 0x0000, 0x0000, 0x0000, 0x0000, 0x0000, 0x0000, 0x0000, 0x0000, 0x0000, 0x0000, 0x0000, 0x0000,
  0x0000, 0x0000, 0x0000, 0x0000, 0x0000, 0x0000, 0x0000, 0x0000, 0x0000, 0x0000, 0x0000, 0x0000, 0x0000, 0x0000, 0x0000, 0x0000,
  0x0000, 0x0000, 0x0000, 0x0000, 0x0000, 0x0000, 0x0000, 0x0000, 0x0000, 0x0000, 0x0000, 0x0000, 0x0000, 0x0000, 0x0000, 0x0000,
  0x0000, 0x0000, 0x0000, 0x0000, 0x0000, 0x0000, 0x0000, 0x0000, 0x0000, 0x0000, 0x0000, 0x0000, 0x0000, 0x0000, 0x0000, 0x0000,
  0x0000, 0x0000, 0x0000, 0x0000, 0x0000, 0x0000, 0x0000, 0x0000, 0x0000, 0x0000, 0x0000, 0x0000, 0x0000, 0x0000, 0x0000, 0x0000,
  0x0000, 0x0000, 0x0000, 0x0000, 0x0000, 0x0000, 0x0000, 0x0000, 0x0000, 0x0000, 0x0000, 0x0000, 0x0000, 0x0000, 0x0000, 0x0000,
  0x0020, 0x0020, 0x0020, 0x0020, 0x0020, 0x0020, 0x0020, 0x0020, 0x0020, 0x0020, 0x0020, 0x0020, 0x0020, 0x0020, 0x0020, 0x0020,
  0x0020, 0x0020, 0x0020, 0x0020, 0x0020, 0x0020, 0x0020, 0x0020, 0x0020, 0x0020, 0x0020, 0x0020, 0x0020, 0x0020, 0x0020, 0x0020,
  0x0020, 0x0020, 0x0020, 0x0020, 0x0020, 0x0020, 0x0020, 0x0020, 0x0020, 0x0020, 0x0020, 0x0020, 0x0020, 0x0020, 0x0020, 0x0020,
  0x0020, 0x0020, 0x0020, 0x0020, 0x0020, 0x0020, 0x0020, 0x0020, 0x0020, 0x0000, 0x0020, 0xE719, 0xF711, 0xEDE5, 0xF624, 0xFE44,
  0xFE63, 0xFE63, 0xFE83, 0xFE83, 0xFE83, 0xFE83, 0xFE83, 0xFE83, 0xFE83, 0xFE83, 0xFE83, 0xFE83, 0xFE83, 0xFE83, 0xFEA3, 0xFE83,
  0xFE84, 0xFE63, 0xFE43, 0xF603, 0xF5A3, 0xF563, 0xF563, 0xF563, 0xF563, 0xF563, 0xF563, 0xF563, 0xF563, 0xF563, 0xF563, 0xFD43,
  0xF543, 0xF563, 0xED23, 0xEE6E, 0xEF5A, 0x10A2, 0x0000, 0x0020, 0x0020, 0x0020, 0x0020, 0x0020, 0x0020, 0x0020, 0x0020, 0x0020,
  0x0020, 0x0020, 0x0020, 0x0020, 0x0020, 0x0020, 0x0020, 0x0020, 0x0020, 0x0020, 0x0020, 0x0020, 0x0020, 0x0020, 0x0020, 0x0020,
  0x0020, 0x0020, 0x0020, 0x0020, 0x0020, 0x0020, 0x0020, 0x0020, 0x0020, 0x0020, 0x0020, 0x0020, 0x0000, 0x0020, 0x0020, 0x0020,
  0x0020, 0x0020, 0x0020, 0x0000, 0x0000, 0x0000, 0x0000, 0x0000, 0x0000, 0x0000, 0x0000, 0x0000, 0x0000, 0x0000, 0x0000, 0x0020,
  0x0020, 0x0000, 0x0000, 0x0000, 0x0000, 0x0000, 0x0000, 0x0000, 0x0000, 0x0000, 0x0000, 0x0000, 0x0000, 0x0000, 0x0000, 0x0000,
  0x0000, 0x0000, 0x0000, 0x0000, 0x0000, 0x0000, 0x0000, 0x0000, 0x0000, 0x0000, 0x0000, 0x0000, 0x0000, 0x0000, 0x0000, 0x0000,
  0x0000, 0x0000, 0x0000, 0x0000, 0x0000, 0x0000, 0x0000, 0x0000, 0x0000, 0x0000, 0x0000, 0x0000, 0x0000, 0x0000, 0x0000, 0x0000,
  0x0000, 0x0000, 0x0000, 0x0000, 0x0000, 0x0000, 0x0000, 0x0000, 0x0000, 0x0000, 0x0000, 0x0000, 0x0000, 0x0000, 0x0000, 0x0000,
  0x0000, 0x0000, 0x0000, 0x0000, 0x0000, 0x0000, 0x0000, 0x0000, 0x0000, 0x0000, 0x0000, 0x0000, 0x0000, 0x0000, 0x0000, 0x0000,
  0x0000, 0x0000, 0x0000, 0x0000, 0x0000, 0x0000, 0x0000, 0x0000, 0x0000, 0x0000, 0x0000, 0x0000, 0x0000, 0x0000, 0x0000, 0x0000,
  0x0000, 0x0000, 0x0000, 0x0000, 0x0000, 0x0000, 0x0000, 0x0000, 0x0000, 0x0000, 0x0000, 0x0000, 0x0000, 0x0000, 0x0000, 0x0000,
  0x0000, 0x0000, 0x0000, 0x0000, 0x0000, 0x0000, 0x0000, 0x0000, 0x0000, 0x0000, 0x0000, 0x0000, 0x0000, 0x0000, 0x0000, 0x0000,
  0x0000, 0x0000, 0x0000, 0x0000, 0x0000, 0x0000, 0x0000, 0x0000, 0x0000, 0x0000, 0x0000, 0x0000, 0x0000, 0x0000, 0x0000, 0x0000,
  0x0000, 0x0000, 0x0000, 0x0000, 0x0000, 0x0000, 0x0000, 0x0000, 0x0000, 0x0000, 0x0000, 0x0000, 0x0000, 0x0000, 0x0000, 0x0000,
  0x0000, 0x0000, 0x0000, 0x0000, 0x0000, 0x0000, 0x0000, 0x0000, 0x0000, 0x0000, 0x0000, 0x0000, 0x0000, 0x0000, 0x0000, 0x0000,
  0x0000, 0x0000, 0x0000, 0x0000, 0x0000, 0x0000, 0x0000, 0x0000, 0x0000, 0x0000, 0x0000, 0x0000, 0x0000, 0x0000, 0x0000, 0x0000,
  0x0000, 0x0000, 0x0000, 0x0000, 0x0000, 0x0000, 0x0000, 0x0000, 0x0000, 0x0000, 0x0000, 0x0000, 0x0000, 0x0000, 0x0000, 0x0000,
  0x0000, 0x0000, 0x0000, 0x0000, 0x0000, 0x0000, 0x0000, 0x0000, 0x0000, 0x0000, 0x52CB, 0xFFFB, 0xE5A9, 0xE502, 0xED42, 0xED42,
  0xED62, 0xED63, 0xED62, 0xED82, 0xF5A3, 0xF5A2, 0xF5C2, 0xF5C2, 0xF5C2, 0xF5C2, 0xF5C2, 0xF5C3, 0xF5E3, 0xF5C3, 0xF5C3, 0xF5A3,
  0xF583, 0xED63, 0xED63, 0xED43, 0xF543, 0xF563, 0xF543, 0xF543, 0xF543, 0xF543, 0xF543, 0xF543, 0xF543, 0xF543, 0xF543, 0xF543,
  0xF543, 0xF563, 0xF564, 0xE567, 0xFFFB, 0x5AEC, 0x0000, 0x0000, 0x0000, 0x0000, 0x0000, 0x0000, 0x0000, 0x0000, 0x0000, 0x0000,
  0x0000, 0x0000, 0x0000, 0x0000, 0x0000, 0x0000, 0x0000, 0x0000, 0x0000, 0x0000, 0x0000, 0x0000, 0x0000, 0x0000, 0x0000, 0x0000,
  0x0000, 0x0000, 0x0000, 0x0000, 0x0000, 0x0000, 0x0000, 0x0000, 0x0000, 0x0000, 0x0000, 0x0000, 0x0000, 0x0000, 0x0000, 0x0000,
  0x0000, 0x0000, 0x0000, 0x0000, 0x0000, 0x0000, 0x0000, 0x0000, 0x0000, 0x0000, 0x0000, 0x0000, 0x0000, 0x0000, 0x0000, 0x0000,
  0x0000, 0x0000, 0x0000, 0x0000, 0x0000, 0x0000, 0x0000, 0x0000, 0x0000, 0x0000, 0x0000, 0x0000, 0x0000, 0x0000, 0x0000, 0x0000,
  0x0000, 0x0000, 0x0000, 0x0000, 0x0000, 0x0000, 0x0000, 0x0000, 0x0000, 0x0000, 0x0000, 0x0000, 0x0000, 0x0000, 0x0000, 0x0000,
  0x0000, 0x0000, 0x0000, 0x0000, 0x0000, 0x0000, 0x0000, 0x0000, 0x0000, 0x0000, 0x0000, 0x0000, 0x0000, 0x0000, 0x0000, 0x0000,
  0x0000, 0x0000, 0x0000, 0x0000, 0x0000, 0x0000, 0x0000, 0x0000, 0x0000, 0x0000, 0x0000, 0x0000, 0x0000, 0x0000, 0x0000, 0x0000,
  0x0000, 0x0000, 0x0000, 0x0000, 0x0000, 0x0000, 0x0000, 0x0000, 0x0000, 0x0000, 0x0000, 0x0000, 0x0000, 0x0000, 0x0000, 0x0000,
  0x0000, 0x0000, 0x0000, 0x0000, 0x0000, 0x0000, 0x0000, 0x0000, 0x0000, 0x0000, 0x0000, 0x0000, 0x0000, 0x0000, 0x0000, 0x0000,
  0x0000, 0x0000, 0x0000, 0x0000, 0x0000, 0x0000, 0x0000, 0x0000, 0x0000, 0x0000, 0x0000, 0x0000, 0x0000, 0x0000, 0x0000, 0x0000,
  0x0000, 0x0000, 0x0000, 0x0000, 0x0000, 0x0000, 0x0000, 0x0000, 0x0000, 0x0000, 0x0000, 0x0000, 0x0000, 0x0000, 0x0000, 0x0000,
  0x0000, 0x0000, 0x0000, 0x0000, 0x0000, 0x0000, 0x0000, 0x0000, 0x0000, 0x0000, 0x0000, 0x0000, 0x0000, 0x0000, 0x0000, 0x0000,
  0x0000, 0x0000, 0x0000, 0x0000, 0x0000, 0x0000, 0x0000, 0x0000, 0x0000, 0x0000, 0x0000, 0x0000, 0x0000, 0x0000, 0x3186, 0x4208,
  0x6B4D, 0x8C30, 0x8BCF, 0x8BF0, 0x8BF0, 0x8BF0, 0x8BF0, 0x8BF0, 0x8BEF, 0x8BEF, 0x8BEF, 0x8BCF, 0x8BEF, 0x8BEF, 0x8BEF, 0x8BEF,
  0x8BEF, 0x8C0F, 0x8C2F, 0x8C2F, 0x8C30, 0x8C2F, 0x8C2F, 0x8C30, 0x8C30, 0x8C30, 0x8C30, 0x8C30, 0x8C30, 0x8C30, 0x8C30, 0x8C30,
  0x8C30, 0x8C30, 0x8C30, 0x8C30, 0x8C30, 0x8C2F, 0x8C30, 0x8C30, 0x8C30, 0x8C30, 0x8C30, 0x8C30, 0x8C30, 0x8C30, 0x8C30, 0x8C30,
  0x8C30, 0x8C2F, 0x8C2F, 0x8C2F, 0x8C30, 0x8C30, 0x8C30, 0x8C30, 0x8C30, 0xB534, 0xF73C, 0xF718, 0xE56B, 0xED28, 0xED48, 0xED28,
  0xED49, 0xED29, 0xED29, 0xED49, 0xED29, 0xED49, 0xED29, 0xED28, 0xED28, 0xED28, 0xED48, 0xED48, 0xED49, 0xED49, 0xED29, 0xED29,
  0xED49, 0xED49, 0xED49, 0xED49, 0xED48, 0xED48, 0xED28, 0xED28, 0xED28, 0xED28, 0xED48, 0xED48, 0xED48, 0xED48, 0xED69, 0xED69,
  0xED69, 0xED69, 0xED69, 0xE54B, 0xF6D6, 0xEF3C, 0xAD14, 0x8BEF, 0x8BEF, 0x8BEF, 0x8BEF, 0x8BEF, 0x8BEF, 0x8BEF, 0x8BEF, 0x8BEF,
  0x8BEF, 0x8BEF, 0x8BEF, 0x8BEF, 0x8BEF, 0x8BCF, 0x8BCF, 0x8BCF, 0x8BCF, 0x8BEF, 0x8BCF, 0x8BCF, 0x8BCF, 0x8BAF, 0x8BCF, 0x8BCF,
  0x8BCF, 0x8BCF, 0x8BCF, 0x8BCF, 0x8BCF, 0x8BCF, 0x8BCF, 0x8BCF, 0x8BCF, 0x8BCF, 0x8BCF, 0x8BCF, 0x8BCF, 0x8BCF, 0x8BCF, 0x8BCF,
  0x8BCF, 0x8BCF, 0x8BCF, 0x8BCF, 0x8BCF, 0x83CF, 0x9451, 0xD638, 0xD618, 0xD618, 0xD618, 0xD618, 0xD618, 0x9410, 0x8BCF, 0x8C51,
  0x840F, 0x4228, 0x0000, 0x0000, 0x0000, 0x0000, 0x0000, 0x0000, 0x0000, 0x0000, 0x0000, 0x0000, 0x0000, 0x0000, 0x0000, 0x0000,
  0x0000, 0x0000, 0x0000, 0x0000, 0x0000, 0x0000, 0x0000, 0x0000, 0x0000, 0x0000, 0x0000, 0x0000, 0x0000, 0x0000, 0x0000, 0x0000,
  0x0000, 0x0000, 0x0000, 0x0000, 0x0000, 0x0000, 0x0000, 0x0000, 0x0000, 0x0000, 0x0000, 0x0000, 0x0000, 0x0000, 0x0000, 0x0000,
  0x0000, 0x0000, 0x0000, 0x0000, 0x0000, 0x0000, 0x0000, 0x0000, 0x0000, 0x0000, 0x0000, 0x0000, 0x0000, 0x0000, 0x0000, 0x0000,
  0x0000, 0x0000, 0x0000, 0x0000, 0x0000, 0x0000, 0x0000, 0x0000, 0x0000, 0x0000, 0x0000, 0x0000, 0x0000, 0x0000, 0x0000, 0x0000,
  0x0000, 0x0000, 0x0000, 0x0000, 0x0000, 0x0000, 0x0000, 0x0000, 0x0000, 0x0000, 0x0000, 0x0000, 0x0000, 0x0000, 0x0000, 0x0000,
  0x0000, 0x0000, 0x0000, 0x0000, 0x0000, 0x0000, 0x0000, 0x0000, 0x0000, 0x0000, 0x0000, 0x0000, 0x0000, 0x0000, 0x0000, 0x0000,
  0x0000, 0x0000, 0x0000, 0x0000, 0x0000, 0x0000, 0x0000, 0x0000, 0x0000, 0x0000, 0x0000, 0x0000, 0x0000, 0x0000, 0x0000, 0x0000,
  0x0000, 0x0000, 0x0000, 0x0000, 0x0000, 0x0000, 0x0000, 0x0000, 0x0000, 0x0000, 0x0000, 0x0000, 0x0000, 0x0000, 0x0000, 0x0000,
  0x0000, 0x0000, 0x0000, 0x0000, 0x0000, 0x0000, 0x0000, 0x0000, 0x0000, 0x0000, 0x0000, 0x0000, 0x4207, 0xBDD6, 0xFF7D, 0xFEFC,
  0xFEDD, 0xFEDD, 0xFEBD, 0xFEBD, 0xFEBD, 0xFEBD, 0xFEBD, 0xFEBD, 0xFEBD, 0xFEBD, 0xFEBD, 0xFEBD, 0xFEDD, 0xFEDD, 0xFEDD, 0xFEDD,
  0xFEDD, 0xFEDD, 0xFEDD, 0xFEDD, 0xFEDD, 0xFEDD, 0xFEDD, 0xFEDD, 0xFEDD, 0xFEDD, 0xFEDD, 0xFEDD, 0xFEDD, 0xFEDD, 0xFEDD, 0xFEDD,
  0xFEDD, 0xFEDD, 0xFEDD, 0xFEDD, 0xFEDD, 0xFEDD, 0xFEDD, 0xFEDD, 0xFEDD, 0xFEDD, 0xFEDD, 0xFEDD, 0xFEDD, 0xFEDD, 0xFEDD, 0xFEDD,
  0xFEDD, 0xFEBD, 0xFEBD, 0xFEDD, 0xFEDD, 0xFEDD, 0xFEDD, 0xFEDD, 0xFEDD, 0xFE9C, 0xF65B, 0xF63A, 0xFE19, 0xFE19, 0xFE19, 0xFE19,
  0xFE19, 0xFE19, 0xFE19, 0xFE19, 0xFE19, 0xFE19, 0xFE19, 0xFE19, 0xFE19, 0xFE19, 0xFE19, 0xFE19, 0xFDF9, 0xFDF9, 0xF5F9, 0xFDF8,
  0xFDF9, 0xFDD8, 0xFDD8, 0xFDD8, 0xFDD8, 0xFDD8, 0xFDD8, 0xFDD8, 0xFDD7, 0xFDD7, 0xFDD8, 0xFDD8, 0xFDF8, 0xFDF8, 0xFDF8, 0xFE18,
  0xFDF8, 0xFDF8, 0xFDF8, 0xF5F8, 0xF5F9, 0xEDFA, 0xFE3C, 0xFE5C, 0xFE3C, 0xFE3C, 0xFE3C, 0xFE3C, 0xFE3C, 0xFE3B, 0xFE5C, 0xFE5C,
  0xFE5C, 0xFE5C, 0xFE5C, 0xFE5C, 0xFE5C, 0xFE5C, 0xFE5C, 0xFE5C, 0xFE5C, 0xFE3B, 0xFE3B, 0xFE3B, 0xFE3B, 0xFE3B, 0xFE3B, 0xFE3B,
  0xFE3B, 0xFE3B, 0xFE3B, 0xFE3B, 0xFE3B, 0xFE1B, 0xFE1B, 0xFE1B, 0xF61B, 0xF5FB, 0xF5FB, 0xF5FB, 0xF5FB, 0xF5FB, 0xF5FB, 0xF5FA,
  0xF5DA, 0xF5DA, 0xF5DA, 0xF5BA, 0xF59A, 0xF59A, 0xED79, 0xE538, 0xE518, 0xE518, 0xE518, 0xE4F8, 0xE4F7, 0xED39, 0xED59, 0xED99,
  0xEE1A, 0xFF1D, 0xBDD6, 0x4207, 0x0000, 0x0000, 0x0000, 0x0000, 0x0000, 0x0000, 0x0000, 0x0000, 0x0000, 0x0000, 0x0000, 0x0000,
  0x0000, 0x0000, 0x0000, 0x0000, 0x0000, 0x0000, 0x0000, 0x0000, 0x0000, 0x0000, 0x0000, 0x0000, 0x0000, 0x0000, 0x0000, 0x0000,
  0x0000, 0x0000, 0x0000, 0x0000, 0x0000, 0x0000, 0x0000, 0x0000, 0x0000, 0x0000, 0x0000, 0x0000, 0x0000, 0x0000, 0x0000, 0x0000,
  0x0000, 0x0000, 0x0000, 0x0000, 0x0000, 0x0000, 0x0000, 0x0000, 0x0000, 0x0000, 0x0000, 0x0000, 0x0000, 0x0000, 0x0000, 0x0000,
  0x0000, 0x0000, 0x0000, 0x0000, 0x0000, 0x0000, 0x0000, 0x0000, 0x0000, 0x0000, 0x0000, 0x0000, 0x0000, 0x0000, 0x0000, 0x0000,
  0x0000, 0x0000, 0x0000, 0x0000, 0x0000, 0x0000, 0x0000, 0x0000, 0x0000, 0x0000, 0x0000, 0x0000, 0x0000, 0x0000, 0x0000, 0x0000,
  0x0000, 0x0000, 0x0000, 0x0000, 0x0000, 0x0000, 0x0000, 0x0000, 0x0000, 0x0000, 0x0000, 0x0000, 0x0000, 0x0000, 0x0000, 0x0000,
  0x0000, 0x0000, 0x0000, 0x0000, 0x0000, 0x0000, 0x0000, 0x0000, 0x0000, 0x0000, 0x0000, 0x0000, 0x0000, 0x0000, 0x0000, 0x0000,
  0x0000, 0x0000, 0x0000, 0x0000, 0x0000, 0x0000, 0x0000, 0x0000, 0x0000, 0x0000, 0x0000, 0x0000, 0x0000, 0x0000, 0x0000, 0x0000,
  0x0000, 0x0000, 0x0000, 0x0000, 0x0000, 0x0000, 0x0000, 0x0000, 0x0000, 0x0020, 0x0000, 0x7BCE, 0xFFFF, 0xFF3D, 0xEE3A, 0xF63B,
  0xF63B, 0xEDDB, 0xED9A, 0xED79, 0xED59, 0xED39, 0xE539, 0xED39, 0xE539, 0xED39, 0xE539, 0xED39, 0xE539, 0xED39, 0xE539, 0xE539,
  0xED59, 0xED59, 0xED59, 0xED5A, 0xED59, 0xED59, 0xED5A, 0xED59, 0xED7A, 0xED59, 0xE559, 0xED79, 0xED59, 0xED59, 0xED59, 0xED59,
  0xED59, 0xED59, 0xE539, 0xED39, 0xE539, 0xE539, 0xED59, 0xED59, 0xED59, 0xED59, 0xED59, 0xED59, 0xED59, 0xED5A, 0xED5A, 0xED5A,
  0xED59, 0xED59, 0xED5A, 0xED59, 0xED59, 0xED59, 0xED59, 0xED59, 0xED39, 0xED5A, 0xED7A, 0xF57A, 0xED7A, 0xED5A, 0xED5A, 0xED5A,
  0xED5A, 0xED5A, 0xED5A, 0xED3A, 0xED5A, 0xED5A, 0xED5A, 0xED5A, 0xED3A, 0xED3A, 0xED3A, 0xED3A, 0xED3A, 0xED3A, 0xED3A, 0xED1A,
  0xED19, 0xED1A, 0xED19, 0xECF9, 0xECF9, 0xECF9, 0xECFA, 0xED19, 0xE4F9, 0xE519, 0xED19, 0xED1A, 0xED3A, 0xED39, 0xED19, 0xED19,
  0xED19, 0xED39, 0xE539, 0xED39, 0xED19, 0xE4F9, 0xE4D9, 0xE4B8, 0xE4B8, 0xE4B8, 0xE4B8, 0xE4B8, 0xE4B8, 0xE4D8, 0xE4B8, 0xE4D8,
  0xE4D8, 0xE4D8, 0xE4D8, 0xE4D8, 0xE4D8, 0xE4D8, 0xE4D8, 0xE4D8, 0xE4B8, 0xDCB8, 0xE4B8, 0xE4B8, 0xDC98, 0xDCB8, 0xDCB8, 0xDC98,
  0xDC98, 0xDC98, 0xDC97, 0xDC97, 0xDC97, 0xDC98, 0xDC97, 0xDC97, 0xDC98, 0xDC98, 0xDC98, 0xDC98, 0xDC98, 0xDC97, 0xDC97, 0xDC97,
  0xDC77, 0xDC77, 0xDC77, 0xDC57, 0xDC57, 0xDC57, 0xDC37, 0xDC37, 0xDC37, 0xDC37, 0xDC17, 0xDC16, 0xDC16, 0xD3F6, 0xD416, 0xD436,
  0xD456, 0xD476, 0xDD98, 0xFFFF, 0x7BEF, 0x0000, 0x0020, 0x0000, 0x0000, 0x0000, 0x0000, 0x0000, 0x0000, 0x0000, 0x0000, 0x0000,
  0x0000, 0x0000, 0x0000, 0x0000, 0x0000, 0x0000, 0x0000, 0x0000, 0x0000, 0x0000, 0x0000, 0x0000, 0x0000, 0x0000, 0x0000, 0x0000,
  0x0000, 0x0000, 0x0000, 0x0000, 0x0000, 0x0000, 0x0000, 0x0000, 0x0000, 0x0000, 0x0000, 0x0000, 0x0000, 0x0000, 0x0000, 0x0000,
  0x0000, 0x0000, 0x0000, 0x0000, 0x0000, 0x0000, 0x0000, 0x0000, 0x0000, 0x0000, 0x0000, 0x0000, 0x0000, 0x0000, 0x0000, 0x0000,
  0x0000, 0x0000, 0x0000, 0x0000, 0x0000, 0x0000, 0x0000, 0x0000, 0x0000, 0x0000, 0x0000, 0x0000, 0x0000, 0x0000, 0x0000, 0x0000,
  0x0000, 0x0000, 0x0000, 0x0000, 0x0000, 0x0000, 0x0000, 0x0000, 0x0000, 0x0000, 0x0000, 0x0000, 0x0000, 0x0000, 0x0000, 0x0000,
  0x0000, 0x0000, 0x0000, 0x0000, 0x0000, 0x0000, 0x0000, 0x0000, 0x0000, 0x0000, 0x0000, 0x0000, 0x0000, 0x0000, 0x0000, 0x0000,
  0x0000, 0x0000, 0x0000, 0x0000, 0x0000, 0x0000, 0x0000, 0x0000, 0x0000, 0x0000, 0x0000, 0x0000, 0x0000, 0x0000, 0x0000, 0x0000,
  0x0000, 0x0000, 0x0000, 0x0000, 0x0000, 0x0000, 0x0000, 0x0000, 0x0000, 0x0000, 0x0000, 0x0000, 0x0000, 0x0000, 0x0000, 0x0000,
  0x0000, 0x0000, 0x0000, 0x0000, 0x0000, 0x0000, 0x0000, 0x0000, 0x0000, 0x0000, 0x3185, 0xFFDE, 0xEE9B, 0xEE1B, 0xFE5C, 0xEDBA,
  0xE4F8, 0xDC98, 0xDC77, 0xDC77, 0xDC77, 0xDC57, 0xDC57, 0xDC37, 0xDC37, 0xDC37, 0xDC37, 0xDC37, 0xDC37, 0xDC37, 0xE457, 0xDC57,
  0xE458, 0xE458, 0xDC58, 0xE478, 0xDC78, 0xDC78, 0xE478, 0xE478, 0xE477, 0xE477, 0xDC77, 0xDC78, 0xE478, 0xE477, 0xE478, 0xE478,
  0xE478, 0xE478, 0xE478, 0xE478, 0xE478, 0xE478, 0xE478, 0xE478, 0xE478, 0xE478, 0xE478, 0xE478, 0xE478, 0xE478, 0xE478, 0xE478,
  0xE478, 0xDC78, 0xDC78, 0xE478, 0xDC78, 0xDC78, 0xE478, 0xDC78, 0xDC78, 0xDC58, 0xDC77, 0xE478, 0xE478, 0xDC77, 0xDC78, 0xE477,
  0xE457, 0xDC57, 0xDC57, 0xDC57, 0xDC57, 0xDC57, 0xDC57, 0xE457, 0xE457, 0xDC57, 0xDC57, 0xDC57, 0xDC37, 0xDC37, 0xDC37, 0xDC17,
  0xDC37, 0xDC37, 0xDC37, 0xDC17, 0xDC16, 0xDC16, 0xDC17, 0xDC16, 0xDC16, 0xDC37, 0xDC37, 0xDC37, 0xDC37, 0xDC37, 0xDC37, 0xDC37,
  0xDC37, 0xDC36, 0xDC36, 0xDC16, 0xDC17, 0xDC16, 0xDC17, 0xDC16, 0xDC16, 0xDC16, 0xDBF6, 0xDC17, 0xDC16, 0xDC16, 0xDC16, 0xDC17,
  0xDC17, 0xDC17, 0xDC17, 0xDC16, 0xDBF6, 0xDC16, 0xDC16, 0xDC16, 0xDC16, 0xDBF6, 0xDC16, 0xDC16, 0xDC16, 0xDC16, 0xDC16, 0xDC16,
  0xDBF6, 0xDBF6, 0xDBF7, 0xDBF6, 0xDBF6, 0xD3F6, 0xD3F6, 0xD3F6, 0xDBF6, 0xDBF6, 0xDBF6, 0xD3F6, 0xD416, 0xDC16, 0xD3F6, 0xD3F6,
  0xDBF6, 0xD3F6, 0xD3F6, 0xD3F6, 0xD3F6, 0xD3D6, 0xD3F6, 0xDBF6, 0xD3F6, 0xD3D6, 0xD3D6, 0xD3F6, 0xDBF6, 0xD3F6, 0xD3F6, 0xD3F6,
  0xD436, 0xDC77, 0xCBF5, 0xC474, 0xFFBD, 0x3185, 0x0000, 0x0000, 0x0000, 0x0000, 0x0000, 0x0000, 0x0000, 0x0000, 0x0000, 0x0000,
  0x0000, 0x0000, 0x0000, 0x0000, 0x0000, 0x0000, 0x0000, 0x0000, 0x0000, 0x0000, 0x0000, 0x0000, 0x0000, 0x0000, 0x0000, 0x0000,
  0x0000, 0x0000, 0x0000, 0x0000, 0x0000, 0x0000, 0x0000, 0x0000, 0x0000, 0x0000, 0x0000, 0x0000, 0x0000, 0x0000, 0x0000, 0x0000,
  0x0000, 0x0000, 0x0000, 0x0000, 0x0000, 0x0000, 0x0000, 0x0000, 0x0000, 0x0000, 0x0000, 0x0000, 0x0000, 0x0000, 0x0000, 0x0000,
  0x0000, 0x0000, 0x0000, 0x0000, 0x0000, 0x0000, 0x0000, 0x0000, 0x0000, 0x0000, 0x0000, 0x0000, 0x0000, 0x0000, 0x0000, 0x0000,
  0x0000, 0x0000, 0x0000, 0x0000, 0x0000, 0x0000, 0x0000, 0x0000, 0x0000, 0x0000, 0x0000, 0x0000, 0x0000, 0x0000, 0x0000, 0x0000,
  0x0000, 0x0000, 0x0000, 0x0000, 0x0000, 0x0000, 0x0000, 0x0000, 0x0000, 0x0000, 0x0000, 0x0000, 0x0000, 0x0000, 0x0000, 0x0000,
  0x0000, 0x0000, 0x0000, 0x0000, 0x0000, 0x0000, 0x0000, 0x0000, 0x0000, 0x0000, 0x0000, 0x0000, 0x0000, 0x0000, 0x0000, 0x0000,
  0x0000, 0x0000, 0x0000, 0x0000, 0x0000, 0x0000, 0x0000, 0x0000, 0x0000, 0x0000, 0x0000, 0x0000, 0x0000, 0x0000, 0x0000, 0x0000,
  0x0000, 0x0000, 0x0000, 0x0000, 0x0000, 0x0000, 0x0000, 0x0000, 0x0000, 0x18C3, 0xDEDA, 0xF6FC, 0xEDFA, 0xFE3C, 0xE539, 0xDC57,
  0xDC57, 0xE477, 0xE477, 0xE477, 0xE477, 0xE477, 0xE477, 0xE457, 0xE458, 0xE458, 0xE457, 0xE458, 0xE458, 0xE458, 0xE478, 0xE457,
  0xE457, 0xE457, 0xE457, 0xE457, 0xE478, 0xE478, 0xE478, 0xE478, 0xE478, 0xE478, 0xE478, 0xE478, 0xE478, 0xE478, 0xE478, 0xE478,
  0xE478, 0xE478, 0xE478, 0xE478, 0xE478, 0xE478, 0xE478, 0xE478, 0xE478, 0xE478, 0xE478, 0xE478, 0xE478, 0xE498, 0xE498, 0xE498,
  0xE498, 0xE498, 0xE498, 0xE498, 0xE498, 0xE498, 0xE498, 0xE478, 0xE478, 0xE457, 0xE458, 0xE458, 0xE478, 0xE478, 0xE458, 0xE478,
  0xE458, 0xE458, 0xE458, 0xE458, 0xE458, 0xE458, 0xE457, 0xE457, 0xE457, 0xE457, 0xE457, 0xE457, 0xE457, 0xDC37, 0xDC37, 0xDC37,
  0xDC37, 0xDC37, 0xE437, 0xE437, 0xDC37, 0xDC37, 0xDC37, 0xDC37, 0xDC37, 0xDC37, 0xDC37, 0xDC37, 0xDC37, 0xDC37, 0xDC37, 0xDC37,
  0xDC37, 0xDC37, 0xDC37, 0xDC37, 0xDC37, 0xDC17, 0xDC17, 0xDC17, 0xDC17, 0xDC17, 0xDC17, 0xDC17, 0xDC17, 0xDC17, 0xDC17, 0xDC17,
  0xDC17, 0xDC37, 0xDC17, 0xDC17, 0xDC17, 0xDC17, 0xDC17, 0xDC37, 0xDC17, 0xDC17, 0xDC17, 0xDC16, 0xDC37, 0xDC16, 0xDC17, 0xDC17,
  0xDC17, 0xDC17, 0xDC17, 0xDC16, 0xDC16, 0xDBF7, 0xDC16, 0xDC17, 0xDC16, 0xDC16, 0xDC16, 0xDBF6, 0xDBF6, 0xDBF6, 0xDBF6, 0xDBF6,
  0xDBF6, 0xD3F6, 0xDBF6, 0xDBF6, 0xD3F6, 0xDBF6, 0xDBF6, 0xDBF6, 0xDBF6, 0xDBF7, 0xDBF6, 0xDBF7, 0xDBF6, 0xDC17, 0xDC17, 0xDC16,
  0xDC16, 0xDC36, 0xD416, 0xBB52, 0xD536, 0xDEFB, 0x2104, 0x0000, 0x0000, 0x0000, 0x0000, 0x0000, 0x0000, 0x0000, 0x0000, 0x0000,
  0x0000, 0x0000, 0x0000, 0x0000, 0x0000, 0x0000, 0x0000, 0x0000, 0x0000, 0x0000, 0x0000, 0x0000, 0x0000, 0x0000, 0x0000, 0x0000,
  0x0000, 0x0000, 0x0000, 0x0000, 0x0000, 0x0000, 0x0000, 0x0000, 0x0000, 0x0000, 0x0000, 0x0000, 0x0000, 0x0000, 0x0000, 0x0000,
  0x0000, 0x0000, 0x0000, 0x0000, 0x0000, 0x0000, 0x0000, 0x0000, 0x0000, 0x0000, 0x0000, 0x0000, 0x0000, 0x0000, 0x0000, 0x0000,
  0x0000, 0x0000, 0x0000, 0x0000, 0x0000, 0x0000, 0x0000, 0x0000, 0x0000, 0x0000, 0x0000, 0x0000, 0x0000, 0x0000, 0x0000, 0x0000,
  0x0000, 0x0000, 0x0000, 0x0000, 0x0000, 0x0000, 0x0000, 0x0000, 0x0000, 0x0000, 0x0000, 0x0000, 0x0000, 0x0000, 0x0000, 0x0000,
  0x0000, 0x0000, 0x0000, 0x0000, 0x0000, 0x0000, 0x0000, 0x0000, 0x0000, 0x0000, 0x0000, 0x0000, 0x0000, 0x0000, 0x0000, 0x0000,
  0x0000, 0x0000, 0x0000, 0x0000, 0x0000, 0x0000, 0x0000, 0x0000, 0x0000, 0x0000, 0x0000, 0x0000, 0x0000, 0x0000, 0x0000, 0x0000,
  0x0000, 0x0000, 0x0000, 0x0000, 0x0000, 0x0000, 0x0000, 0x0000, 0x0000, 0x0000, 0x0000, 0x0000, 0x0000, 0x0000, 0x0000, 0x0000,
  0x0000, 0x0000, 0x0000, 0x0000, 0x0000, 0x0000, 0x0000, 0x0020, 0x0000, 0x840F, 0xFFFF, 0xE5D9, 0xF63B, 0xED7A, 0xDC37, 0xE458,
  0xE477, 0xE478, 0xE478, 0xE478, 0xE478, 0xE478, 0xE478, 0xE457, 0xE457, 0xE457, 0xE457, 0xE457, 0xE457, 0xE457, 0xE457, 0xE457,
  0xE457, 0xE457, 0xE457, 0xE458, 0xE458, 0xE458, 0xE478, 0xE478, 0xE478, 0xE478, 0xE478, 0xE478, 0xE478, 0xE478, 0xE478, 0xE478,
  0xE478, 0xE478, 0xE478, 0xE498, 0xE478, 0xE498, 0xE498, 0xEC98, 0xE498, 0xE498, 0xE478, 0xE478, 0xE478, 0xE478, 0xE478, 0xE498,
  0xE478, 0xE498, 0xE498, 0xE498, 0xE498, 0xE498, 0xE498, 0xE498, 0xE498, 0xE498, 0xE478, 0xE478, 0xE478, 0xE478, 0xE478, 0xE458,
  0xE458, 0xE478, 0xE478, 0xE458, 0xE478, 0xE478, 0xE478, 0xE478, 0xE457, 0xE457, 0xE457, 0xE458, 0xE458, 0xE457, 0xE457, 0xE457,
  0xE457, 0xE457, 0xE437, 0xDC37, 0xDC37, 0xDC37, 0xDC37, 0xE437, 0xDC37, 0xDC37, 0xDC37, 0xDC37, 0xDC37, 0xDC37, 0xDC37, 0xDC37,
  0xDC37, 0xDC37, 0xDC17, 0xDC17, 0xDC17, 0xDC17, 0xDC17, 0xDC17, 0xDC17, 0xDC17, 0xDC17, 0xDC16, 0xDC17, 0xDC17, 0xDC17, 0xDC17,
  0xDBF6, 0xDC16, 0xDC16, 0xDC16, 0xDC16, 0xDC17, 0xDC17, 0xDC17, 0xDC16, 0xDC17, 0xDC17, 0xDC16, 0xDC16, 0xDC16, 0xDC17, 0xDC17,
  0xDC17, 0xDC17, 0xDC17, 0xDC17, 0xDC17, 0xDC17, 0xDC17, 0xDC17, 0xDBF6, 0xDBF6, 0xDBF7, 0xDBF7, 0xDBF7, 0xDC16, 0xDC16, 0xDBF6,
  0xDBF6, 0xDC16, 0xDBF6, 0xDBF6, 0xDBF6, 0xD3F6, 0xD3F6, 0xDBF6, 0xDBF6, 0xDBF6, 0xDBF6, 0xDBF6, 0xDBF6, 0xDC16, 0xDC16, 0xDC16,
  0xDC16, 0xDC16, 0xDC16, 0xCB94, 0xB372, 0xFFBE, 0x4207, 0x0000, 0x0000, 0x0000, 0x0000, 0x0000, 0x0000, 0x0000, 0x0000, 0x0000,
  0x0000, 0x0000, 0x0000, 0x0000, 0x0000, 0x0000, 0x0000, 0x0000, 0x0000, 0x0000, 0x0000, 0x0000, 0x0000, 0x0000, 0x0000, 0x0000,
  0x0000, 0x0000, 0x0000, 0x0000, 0x0000, 0x0000, 0x0000, 0x0000, 0x0000, 0x0000, 0x0000, 0x0000, 0x0000, 0x0000, 0x0000, 0x0000,
  0x0000, 0x0000, 0x0000, 0x0000, 0x0000, 0x0000, 0x0000, 0x0000, 0x0000, 0x0000, 0x0000, 0x0000, 0x0000, 0x0000, 0x0000, 0x0000,
  0x0000, 0x0000, 0x0000, 0x0000, 0x0000, 0x0000, 0x0000, 0x0000, 0x0000, 0x0000, 0x0000, 0x0000, 0x0000, 0x0000, 0x0000, 0x0000,
  0x0000, 0x0000, 0x0000, 0x0000, 0x0000, 0x0000, 0x0000, 0x0000, 0x0000, 0x0000, 0x0000, 0x0000, 0x0000, 0x0000, 0x0000, 0x0000,
  0x0000, 0x0000, 0x0000, 0x0000, 0x0000, 0x0000, 0x0000, 0x0000, 0x0000, 0x0000, 0x0000, 0x0000, 0x0000, 0x0000, 0x0000, 0x0000,
  0x0000, 0x0000, 0x0000, 0x0000, 0x0000, 0x0000, 0x0000, 0x0000, 0x0000, 0x0000, 0x0000, 0x0000, 0x0000, 0x0000, 0x0000, 0x0000,
  0x0000, 0x0000, 0x0000, 0x0000, 0x0000, 0x0000, 0x0000, 0x0000, 0x0000, 0x0000, 0x0000, 0x0000, 0x0000, 0x0000, 0x0000, 0x0000,
  0x0000, 0x0000, 0x0000, 0x0000, 0x0000, 0x0000, 0x0000, 0x0020, 0x0000, 0xB595, 0xFF9D, 0xE5B9, 0xF5DB, 0xDC97, 0xE437, 0xE458,
  0xE477, 0xE478, 0xE477, 0xE478, 0xE478, 0xE478, 0xE478, 0xE478, 0xE478, 0xE478, 0xE478, 0xE478, 0xE478, 0xE478, 0xE478, 0xE458,
  0xE458, 0xE458, 0xE458, 0xE458, 0xE457, 0xDC37, 0xE437, 0xDC37, 0xDC37, 0xDC57, 0xDC57, 0xDC57, 0xE457, 0xE457, 0xE457, 0xE457,
  0xE457, 0xE457, 0xE457, 0xE457, 0xE478, 0xE478, 0xE478, 0xE498, 0xE498, 0xE498, 0xE498, 0xE498, 0xE498, 0xE498, 0xE478, 0xE498,
  0xE498, 0xE478, 0xE498, 0xE498, 0xE498, 0xE498, 0xE498, 0xE498, 0xE498, 0xE478, 0xE498, 0xE498, 0xE478, 0xE478, 0xE458, 0xE458,
  0xE478, 0xE458, 0xE457, 0xE457, 0xE457, 0xE457, 0xE457, 0xE457, 0xE457, 0xE457, 0xE458, 0xE457, 0xE457, 0xE437, 0xE457, 0xE457,
  0xE457, 0xE458, 0xE457, 0xE457, 0xE457, 0xE457, 0xE457, 0xE457, 0xE457, 0xDC57, 0xE457, 0xDC57, 0xDC37, 0xDC37, 0xDC37, 0xDC37,
  0xDC17, 0xDC17, 0xDC17, 0xDC17, 0xDC17, 0xDC17, 0xDC17, 0xDC17, 0xDC17, 0xDC17, 0xDC17, 0xDC17, 0xDC17, 0xDC17, 0xDC17, 0xDC17,
  0xDC17, 0xDC16, 0xDC16, 0xDC16, 0xDC17, 0xDC17, 0xDC16, 0xDC16, 0xDC17, 0xDBF6, 0xD3F6, 0xDBF6, 0xDBF6, 0xDBF6, 0xDBF6, 0xDBF6,
  0xDBF6, 0xDC16, 0xDC16, 0xDC16, 0xDC16, 0xDBF6, 0xDBF6, 0xDBF6, 0xDBF6, 0xDBF6, 0xDBF6, 0xDBF6, 0xDBF6, 0xDBF6, 0xDBF6, 0xDBF6,
  0xDBF6, 0xDBF6, 0xDBF6, 0xDBF6, 0xDBF6, 0xD3F6, 0xDBF6, 0xDBF6, 0xDBF6, 0xDBF6, 0xD3F6, 0xDBF6, 0xDC16, 0xDBF6, 0xDC16, 0xDBF6,
  0xDBF7, 0xDC16, 0xDC36, 0xCB94, 0xB331, 0xEE9A, 0x8430, 0x0000, 0x0020, 0x0000, 0x0000, 0x0000, 0x0000, 0x0000, 0x0000, 0x0000,
  0x0000, 0x0000, 0x0000, 0x0000, 0x0000, 0x0000, 0x0000, 0x0000, 0x0000, 0x0000, 0x0000, 0x0000, 0x0000, 0x0000, 0x0000, 0x0000,
  0x0000, 0x0000, 0x0000, 0x0000, 0x0000, 0x0000, 0x0000, 0x0000, 0x0000, 0x0000, 0x0000, 0x0000, 0x0000, 0x0000, 0x0000, 0x0000,
  0x0000, 0x0000, 0x0000, 0x0000, 0x0000, 0x0000, 0x0000, 0x0000, 0x0000, 0x0000, 0x0000, 0x0000, 0x0000, 0x0000, 0x0000, 0x0000,
  0x0000, 0x0000, 0x0000, 0x0000, 0x0000, 0x0000, 0x0000, 0x0000, 0x0000, 0x0000, 0x0000, 0x0000, 0x0000, 0x0000, 0x0000, 0x0000,
  0x0000, 0x0000, 0x0000, 0x0000, 0x0000, 0x0000, 0x0000, 0x0000, 0x0000, 0x0000, 0x0000, 0x0000, 0x0000, 0x0000, 0x0000, 0x0000,
  0x0000, 0x0000, 0x0000, 0x0000, 0x0000, 0x0000, 0x0000, 0x0000, 0x0000, 0x0000, 0x0000, 0x0000, 0x0000, 0x0000, 0x0000, 0x0000,
  0x0000, 0x0000, 0x0000, 0x0000, 0x0000, 0x0000, 0x0000, 0x0000, 0x0000, 0x0000, 0x0000, 0x0000, 0x0000, 0x0000, 0x0000, 0x0000,
  0x0000, 0x0000, 0x0000, 0x0000, 0x0000, 0x0000, 0x0000, 0x0000, 0x0000, 0x0000, 0x0000, 0x0000, 0x0000, 0x0000, 0x0000, 0x0000,
  0x0000, 0x0000, 0x0000, 0x0000, 0x0000, 0x0000, 0x0000, 0x0020, 0x0000, 0xAD34, 0xFF7D, 0xE599, 0xF59A, 0xDC37, 0xDC37, 0xE437,
  0xE457, 0xE458, 0xE478, 0xE478, 0xE477, 0xE478, 0xE478, 0xE478, 0xE478, 0xE478, 0xE477, 0xE477, 0xE457, 0xDC57, 0xDC57, 0xE457,
  0xE457, 0xE437, 0xE457, 0xE457, 0xE437, 0xE437, 0xDC37, 0xE437, 0xE457, 0xDC37, 0xDC37, 0xDC37, 0xDC57, 0xDC57, 0xDC57, 0xDC57,
  0xE457, 0xDC57, 0xDC57, 0xDC57, 0xDC57, 0xDC57, 0xE457, 0xDC77, 0xDC77, 0xE477, 0xE477, 0xE477, 0xE478, 0xE478, 0xE478, 0xE478,
  0xE478, 0xE457, 0xE477, 0xE478, 0xDC58, 0xDC57, 0xE477, 0xE478, 0xE477, 0xE477, 0xDC77, 0xDC57, 0xDC57, 0xDC57, 0xDC57, 0xDC57,
  0xDC37, 0xDC57, 0xDC37, 0xDC37, 0xDC37, 0xE437, 0xDC37, 0xDC37, 0xDC57, 0xDC57, 0xDC37, 0xDC57, 0xDC37, 0xDC37, 0xDC37, 0xDC37,
  0xDC37, 0xDC37, 0xDC37, 0xDC37, 0xDC37, 0xDC37, 0xDC16, 0xDC17, 0xDC16, 0xDC16, 0xDC16, 0xDC17, 0xDC16, 0xDC16, 0xDC16, 0xDBF6,
  0xDBF6, 0xDBF6, 0xDBF6, 0xDBF6, 0xDBF6, 0xDBF6, 0xDC16, 0xDC16, 0xDBF6, 0xDBF6, 0xDC16, 0xDBF6, 0xDC16, 0xDC16, 0xDBF6, 0xDBF6,
  0xDC16, 0xDC16, 0xDBF6, 0xDBF6, 0xDBF6, 0xDBF6, 0xDBF6, 0xDBF6, 0xD3F6, 0xDBF6, 0xDBF6, 0xDBF6, 0xDC16, 0xDC16, 0xDC16, 0xDC16,
  0xDC16, 0xDBF6, 0xDC16, 0xDBF6, 0xDC16, 0xDBF6, 0xDBF6, 0xDBF6, 0xDBF6, 0xDBF6, 0xDBF6, 0xDBF6, 0xDBF6, 0xDBF6, 0xDBF6, 0xDBF6,
  0xDBF6, 0xDBF6, 0xDBF6, 0xDBF6, 0xDC16, 0xDC16, 0xDBF6, 0xDC16, 0xDBF6, 0xDC16, 0xDBF6, 0xDC17, 0xDC16, 0xDC16, 0xDBF6, 0xDBF6,
  0xDBF6, 0xDBF6, 0xDBF6, 0xCB74, 0xB2F1, 0xEE5A, 0xBDB6, 0x0000, 0x0020, 0x0000, 0x0000, 0x0000, 0x0000, 0x0000, 0x0000, 0x0000,
  0x0000, 0x0000, 0x0000, 0x0000, 0x0000, 0x0000, 0x0000, 0x0000, 0x0000, 0x0000, 0x0000, 0x0000, 0x0000, 0x0000, 0x0000, 0x0000,
  0x0000, 0x0000, 0x0000, 0x0000, 0x0000, 0x0000, 0x0000, 0x0000, 0x0000, 0x0000, 0x0000, 0x0000, 0x0000, 0x0000, 0x0000, 0x0000,
  0x0000, 0x0000, 0x0000, 0x0000, 0x0000, 0x0000, 0x0000, 0x0000, 0x0000, 0x0000, 0x0000, 0x0000, 0x0000, 0x0000, 0x0000, 0x0000,
  0x0000, 0x0000, 0x0000, 0x0000, 0x0000, 0x0000, 0x0000, 0x0000, 0x0000, 0x0000, 0x0000, 0x0000, 0x0000, 0x0000, 0x0000, 0x0000,
  0x0000, 0x0000, 0x0000, 0x0000, 0x0000, 0x0000, 0x0000, 0x0000, 0x0000, 0x0000, 0x0000, 0x0000, 0x0000, 0x0000, 0x0000, 0x0000,
  0x0000, 0x0000, 0x0000, 0x0000, 0x0000, 0x0000, 0x0000, 0x0000, 0x0000, 0x0000, 0x0000, 0x0000, 0x0000, 0x0000, 0x0000, 0x0000,
  0x0000, 0x0000, 0x0000, 0x0000, 0x0000, 0x0000, 0x0000, 0x0000, 0x0000, 0x0000, 0x0000, 0x0000, 0x0000, 0x0000, 0x0000, 0x0000,
  0x0000, 0x0000, 0x0000, 0x0000, 0x0000, 0x0000, 0x0000, 0x0000, 0x0000, 0x0000, 0x0000, 0x0000, 0x0000, 0x0000, 0x0000, 0x0000,
  0x0000, 0x0000, 0x0000, 0x0000, 0x0000, 0x0000, 0x0000, 0x0020, 0x0000, 0xAD55, 0xFF7D, 0xE599, 0xF57A, 0xDC16, 0xDBF7, 0xDC17,
  0xDC17, 0xDC17, 0xDC37, 0xE457, 0xE457, 0xE477, 0xE478, 0xE477, 0xE478, 0xE478, 0xDC77, 0xDC77, 0xE478, 0xE477, 0xE498, 0xE478,
  0xE478, 0xE478, 0xE478, 0xE478, 0xE458, 0xE458, 0xE458, 0xE478, 0xE478, 0xE478, 0xE478, 0xE478, 0xE478, 0xE498, 0xE498, 0xE4B8,
  0xE4B8, 0xE4B8, 0xE4B8, 0xE4B8, 0xE4B8, 0xECB8, 0xECD8, 0xECB9, 0xECD9, 0xECB9, 0xECD9, 0xECD9, 0xECD9, 0xECD9, 0xECD9, 0xECD9,
  0xECD9, 0xECB9, 0xECB9, 0xECB9, 0xECB9, 0xECB9, 0xECB8, 0xECB9, 0xECB9, 0xECB9, 0xECB9, 0xECD9, 0xECB9, 0xECB9, 0xECB9, 0xECB9,
  0xECB8, 0xECB8, 0xEC99, 0xEC99, 0xEC98, 0xEC99, 0xEC99, 0xECB9, 0xECB9, 0xECB9, 0xECB9, 0xECB9, 0xECB9, 0xECB8, 0xECB9, 0xECB9,
  0xECD9, 0xECB9, 0xECB9, 0xECB9, 0xECB9, 0xECB9, 0xECB9, 0xECB9, 0xECB8, 0xEC98, 0xEC98, 0xE498, 0xE498, 0xEC98, 0xEC99, 0xE498,
  0xE478, 0xE478, 0xE478, 0xE478, 0xE478, 0xE478, 0xE478, 0xE478, 0xE478, 0xE478, 0xE478, 0xE478, 0xE458, 0xE478, 0xE458, 0xE457,
  0xE458, 0xDC37, 0xDC37, 0xDC17, 0xDC17, 0xDC16, 0xDC16, 0xDC16, 0xDC16, 0xDC16, 0xDC16, 0xDC16, 0xD416, 0xD416, 0xDBF6, 0xDC16,
  0xDC16, 0xDC16, 0xDBF6, 0xDBF6, 0xDBF6, 0xDBF6, 0xDBF6, 0xDBF6, 0xDBF6, 0xDBF6, 0xDBF6, 0xDBF6, 0xDBF6, 0xDBF6, 0xDBF6, 0xDBF6,
  0xDBF6, 0xDBF6, 0xDBF6, 0xDBF6, 0xDBF6, 0xDC16, 0xDBF6, 0xDBF6, 0xDBF7, 0xDBF6, 0xDBF6, 0xDBF6, 0xDBF6, 0xDBF6, 0xDBF6, 0xDBF6,
  0xDBF6, 0xDBD6, 0xDBD6, 0xCB74, 0xB2F1, 0xF65A, 0xAD55, 0x0000, 0x0020, 0x0000, 0x0000, 0x0000, 0x0000, 0x0000, 0x0000, 0x0000,
  0x0000, 0x0000, 0x0000, 0x0000, 0x0000, 0x0000, 0x0000, 0x0000, 0x0000, 0x0000, 0x0000, 0x0000, 0x0000, 0x0000, 0x0000, 0x0000,
  0x0000, 0x0000, 0x0000, 0x0000, 0x0000, 0x0000, 0x0000, 0x0000, 0x0000, 0x0000, 0x0000, 0x0000, 0x0000, 0x0000, 0x0000, 0x0000,
  0x0000, 0x0000, 0x0000, 0x0000, 0x0000, 0x0000, 0x0000, 0x0000, 0x0000, 0x0000, 0x0000, 0x0000, 0x0000, 0x0000, 0x0000, 0x0000,
  0x0000, 0x0000, 0x0000, 0x0000, 0x0000, 0x0000, 0x0000, 0x0000, 0x0000, 0x0000, 0x0000, 0x0000, 0x0000, 0x0000, 0x0000, 0x0000,
  0x0000, 0x0000, 0x0000, 0x0000, 0x0000, 0x0000, 0x0000, 0x0000, 0x0000, 0x0000, 0x0000, 0x0000, 0x0000, 0x0000, 0x0000, 0x0000,
  0x0000, 0x0000, 0x0000, 0x0000, 0x0000, 0x0000, 0x0000, 0x0000, 0x0000, 0x0000, 0x0000, 0x0000, 0x0000, 0x0000, 0x0000, 0x0000,
  0x0000, 0x0000, 0x0000, 0x0000, 0x0000, 0x0000, 0x0000, 0x0000, 0x0000, 0x0000, 0x0000, 0x0000, 0x0000, 0x0000, 0x0000, 0x0000,
  0x0000, 0x0000, 0x0000, 0x0000, 0x0000, 0x0000, 0x0000, 0x0000, 0x0000, 0x0000, 0x0000, 0x0000, 0x0000, 0x0000, 0x0000, 0x0000,
  0x0000, 0x0000, 0x0000, 0x0000, 0x0000, 0x0000, 0x0000, 0x0020, 0x0000, 0xAD55, 0xFF7D, 0xE599, 0xF55A, 0xDC17, 0xE417, 0xDC17,
  0xDC37, 0xDC37, 0xE437, 0xDC37, 0xE458, 0xE458, 0xE457, 0xE478, 0xE478, 0xE478, 0xECD9, 0xED1A, 0xECF9, 0xECD9, 0xECD9, 0xE4D9,
  0xE4B9, 0xE499, 0xE498, 0xE478, 0xE458, 0xE437, 0xDC37, 0xDC17, 0xDC17, 0xDC17, 0xDBF7, 0xDBF6, 0xD3F6, 0xD3D6, 0xD3F6, 0xD3D6,
  0xD3D6, 0xD3D6, 0xD3D6, 0xD3B5, 0xCBB5, 0xCB95, 0xCB95, 0xCB75, 0xCB74, 0xC354, 0xC354, 0xC354, 0xC354, 0xC334, 0xC334, 0xC333,
  0xC333, 0xC313, 0xC313, 0xC313, 0xC313, 0xC313, 0xC313, 0xC2F3, 0xC2F3, 0xBAF3, 0xBAF3, 0xC2F3, 0xBAF2, 0xBAF2, 0xBAD2, 0xBAD2,
  0xBAD2, 0xBAD2, 0xBAD2, 0xBAD2, 0xBAD2, 0xBAD2, 0xBAD2, 0xBAD2, 0xBAD2, 0xBAD2, 0xBAD2, 0xBAF2, 0xC2F3, 0xC2F3, 0xC2F3, 0xC2F3,
  0xC2F3, 0xC313, 0xC313, 0xC313, 0xC333, 0xC333, 0xC333, 0xC334, 0xC334, 0xC334, 0xC334, 0xC334, 0xC334, 0xCB54, 0xCB54, 0xCB54,
  0xCB54, 0xCB75, 0xCB75, 0xCB75, 0xD375, 0xD395, 0xD3B5, 0xD3B5, 0xD3D6, 0xD3D6, 0xD3D6, 0xDBF7, 0xDBF7, 0xDC17, 0xDC17, 0xDC17,
  0xDC17, 0xDC17, 0xDC17, 0xDC17, 0xDC17, 0xDC37, 0xDC37, 0xE457, 0xE458, 0xE478, 0xE498, 0xE498, 0xE4B8, 0xECD9, 0xE498, 0xDC16,
  0xD3F6, 0xDBF6, 0xDBF6, 0xDBF6, 0xDBF6, 0xDBF6, 0xDBF6, 0xDBF6, 0xDBF6, 0xDBF6, 0xDC16, 0xDC16, 0xDC17, 0xDBF6, 0xDBF6, 0xDBF6,
  0xDBF6, 0xDBF6, 0xDC16, 0xDBF6, 0xDBF6, 0xDBF6, 0xDBF6, 0xDBF6, 0xDBF7, 0xDBF6, 0xDBF6, 0xDBF6, 0xDBF6, 0xDBF6, 0xDBF6, 0xD3D6,
  0xD3D6, 0xD3D6, 0xD3D6, 0xCB54, 0xAAD1, 0xF67A, 0xB595, 0x0000, 0x0020, 0x0000, 0x0000, 0x0000, 0x0000, 0x0000, 0x0000, 0x0000,
  0x0000, 0x0000, 0x0000, 0x0000, 0x0000, 0x0000, 0x0000, 0x0000, 0x0000, 0x0000, 0x0000, 0x0000, 0x0000, 0x0000, 0x0000, 0x0000,
  0x0000, 0x0000, 0x0000, 0x0000, 0x0000, 0x0000, 0x0000, 0x0000, 0x0000, 0x0000, 0x0000, 0x0000, 0x0000, 0x0000, 0x0000, 0x0000,
  0x0000, 0x0000, 0x0000, 0x0000, 0x0000, 0x0000, 0x0000, 0x0000, 0x0000, 0x0000, 0x0000, 0x0000, 0x0000, 0x0000, 0x0000, 0x0000,
  0x0000, 0x0000, 0x0000, 0x0000, 0x0000, 0x0000, 0x0000, 0x0000, 0x0000, 0x0000, 0x0000, 0x0000, 0x0000, 0x0000, 0x0000, 0x0000,
  0x0000, 0x0000, 0x0000, 0x0000, 0x0000, 0x0000, 0x0000, 0x0000, 0x0000, 0x0000, 0x0000, 0x0000, 0x0000, 0x0000, 0x0000, 0x0000,
  0x0000, 0x0000, 0x0000, 0x0000, 0x0000, 0x0000, 0x0000, 0x0000, 0x0000, 0x0000, 0x0000, 0x0000, 0x0000, 0x0000, 0x0000, 0x0000,
  0x0000, 0x0000, 0x0000, 0x0000, 0x0000, 0x0000, 0x0000, 0x0000, 0x0000, 0x0000, 0x0000, 0x0000, 0x0000, 0x0000, 0x0000, 0x0000,
  0x0000, 0x0000, 0x0000, 0x0000, 0x0000, 0x0000, 0x0000, 0x0000, 0x0000, 0x0000, 0x0000, 0x0000, 0x0000, 0x0000, 0x0000, 0x0000,
  0x0000, 0x0000, 0x0000, 0x0000, 0x0000, 0x0000, 0x0000, 0x0020, 0x0000, 0xAD54, 0xFF7D, 0xE5B9, 0xF57A, 0xDC37, 0xE437, 0xE437,
  0xE437, 0xE437, 0xDC37, 0xE437, 0xE457, 0xE437, 0xE457, 0xE458, 0xE478, 0xECF9, 0xDC77, 0xBB13, 0xB2B2, 0xB271, 0xAA71, 0xAA51,
  0xAA51, 0xAA51, 0xAA30, 0xAA10, 0xA210, 0xA1EF, 0xA1EF, 0xA1EF, 0xA1EF, 0xA1EF, 0xA1CF, 0xA1CF, 0xA1CF, 0xA1CF, 0xA1CF, 0xA1CF,
  0xA1CF, 0xA1CF, 0xA1CF, 0xA1CF, 0xA1CF, 0xA1CF, 0xA1EF, 0xA1EF, 0xA1CF, 0xA1CF, 0xA1CF, 0xA1CF, 0xA1CF, 0xA9CF, 0xA9D0, 0xA9D0,
  0xA9D0, 0xA9D0, 0xA9D0, 0xA9D0, 0xA9D0, 0xA9D0, 0xA9D0, 0xA1D0, 0xA9D0, 0xA1CF, 0xA1AF, 0xA1AF, 0xA1AF, 0xA1AF, 0xA1AF, 0xA1AF,
  0xA1AF, 0xA1CF, 0xA1AF, 0xA1AF, 0xA1AF, 0xA1AF, 0xA1AF, 0xA1AF, 0xA1AF, 0xA1AF, 0xA1AF, 0xA1AF, 0xA1AF, 0xA9AF, 0xA9AF, 0xA9AF,
  0xA9AF, 0xA9B0, 0xA9D0, 0xA9D0, 0xA9D0, 0xA9D0, 0xA9D0, 0xA9B0, 0xA9D0, 0xA9D0, 0xA9B0, 0xA1AF, 0xA9B0, 0xA9AF, 0xA9AF, 0xA9AF,
  0xA9AF, 0xA9CF, 0xA1CF, 0xA9CF, 0xA9CF, 0xA9CF, 0xA9CF, 0xA9CF, 0xA9CF, 0xA9D0, 0xA9D0, 0xA9EF, 0xA1EF, 0xA9F0, 0xA9F0, 0xA9F0,
  0xA9F0, 0xA1F0, 0xA9F0, 0xA1F0, 0xA9F0, 0xAA10, 0xAA10, 0xAA31, 0xAA31, 0xB251, 0xB251, 0xB271, 0xB271, 0xBAD2, 0xD3B5, 0xEC98,
  0xDC16, 0xDBF6, 0xDC16, 0xDBF6, 0xDC16, 0xDBF6, 0xDBF6, 0xDBF6, 0xDBF6, 0xDBF6, 0xDBF6, 0xDBF6, 0xDBF6, 0xDBF6, 0xDBF6, 0xDBF6,
  0xDBF6, 0xDBF6, 0xDBF6, 0xD3F6, 0xD3F6, 0xDBF6, 0xDBF6, 0xDBF6, 0xDBF6, 0xDBF6, 0xDBF6, 0xDBD6, 0xDBD6, 0xDBD6, 0xDBD6, 0xDBD6,
  0xDBD6, 0xD3B6, 0xDBD6, 0xCB54, 0xB2D1, 0xF69B, 0xB595, 0x0000, 0x0020, 0x0000, 0x0000, 0x0000, 0x0000, 0x0000, 0x0000, 0x0000,
  0x0000, 0x0000, 0x0000, 0x0000, 0x0000, 0x0000, 0x0000, 0x0000, 0x0000, 0x0000, 0x0000, 0x0000, 0x0000, 0x0000, 0x0000, 0x0000,
  0x0000, 0x0000, 0x0000, 0x0000, 0x0000, 0x0000, 0x0000, 0x0000, 0x0000, 0x0000, 0x0000, 0x0000, 0x0000, 0x0000, 0x0000, 0x0000,
  0x0000, 0x0000, 0x0000, 0x0000, 0x0000, 0x0000, 0x0000, 0x0000, 0x0000, 0x0000, 0x0000, 0x0000, 0x0000, 0x0000, 0x0000, 0x0000,
  0x0000, 0x0000, 0x0000, 0x0000, 0x0000, 0x0000, 0x0000, 0x0000, 0x0000, 0x0000, 0x0000, 0x0000, 0x0000, 0x0000, 0x0000, 0x0000,
  0x0000, 0x0000, 0x0000, 0x0000, 0x0000, 0x0000, 0x0000, 0x0000, 0x0000, 0x0000, 0x0000, 0x0000, 0x0000, 0x0000, 0x0000, 0x0000,
  0x0000, 0x0000, 0x0000, 0x0000, 0x0000, 0x0000, 0x0000, 0x0000, 0x0000, 0x0000, 0x0000, 0x0000, 0x0000, 0x0000, 0x0000, 0x0000,
  0x0000, 0x0000, 0x0000, 0x0000, 0x0000, 0x0000, 0x0000, 0x0000, 0x0000, 0x0000, 0x0000, 0x0000, 0x0000, 0x0000, 0x0000, 0x0000,
  0x0000, 0x0000, 0x0000, 0x0000, 0x0000, 0x0000, 0x0000, 0x0000, 0x0000, 0x0000, 0x0000, 0x0000, 0x0000, 0x0000, 0x0000, 0x0000,
  0x0000, 0x0000, 0x0000, 0x0000, 0x0000, 0x0000, 0x0000, 0x0020, 0x0000, 0xAD54, 0xFF9D, 0xE5B9, 0xF57A, 0xDC37, 0xE437, 0xE437,
  0xE437, 0xE437, 0xDC37, 0xE437, 0xE437, 0xE457, 0xE437, 0xE437, 0xEC98, 0xD3F6, 0x99CE, 0xA1AF, 0xA9AF, 0xA9AF, 0xA1CF, 0xA1CF,
  0xA9CF, 0xA1CF, 0xA1CF, 0xA9CF, 0xA9F0, 0xA9F0, 0xA9F0, 0xA9F0, 0xA9EF, 0xA9F0, 0xA9F0, 0xAA10, 0xAA10, 0xAA10, 0xAA10, 0xAA10,
  0xAA10, 0xAA10, 0xAA10, 0xA9F0, 0xA9F0, 0xA9F0, 0xA9F0, 0xA9F0, 0xA9F0, 0xA9F0, 0xA9F0, 0xA9EF, 0xA9CF, 0xA9EF, 0xA1CF, 0xA9EE,
  0xA9EE, 0xA9EE, 0xAA0D, 0xAA0D, 0xAA2D, 0xAA2D, 0xAA4D, 0xB24C, 0xB26C, 0xB26C, 0xB28C, 0xB28C, 0xBAAC, 0xBACB, 0xBACB, 0xBAEB,
  0xBAEB, 0xBAEB, 0xC2EB, 0xC2EB, 0xBB0B, 0xC30B, 0xBAEB, 0xBAEB, 0xBAEB, 0xBAEB, 0xBAEB, 0xBACB, 0xBACC, 0xBAAC, 0xBAAC, 0xB28C,
  0xB26C, 0xB26C, 0xB24C, 0xB22D, 0xAA2D, 0xAA0D, 0xAA0D, 0xA9ED, 0xA9CE, 0xA9CE, 0xA1CE, 0xA1CE, 0xA1CF, 0xA9CF, 0xA9B0, 0xA9D0,
  0xA9D0, 0xA9D0, 0xA9F0, 0xA9F0, 0xA9F1, 0xB1F0, 0xB1F1, 0xB211, 0xB211, 0xB211, 0xB211, 0xB210, 0xA9F0, 0xAA10, 0xA9F0, 0xA9F0,
  0xA9F0, 0xA9F0, 0xA9F0, 0xA9F0, 0xA9F0, 0xA9F0, 0xA9F0, 0xA9F0, 0xA9F0, 0xA9D0, 0xA9CF, 0xA9CF, 0xA1AF, 0xA1AF, 0xAA10, 0xCB54,
  0xECB9, 0xDC16, 0xDBF6, 0xDC16, 0xDBF6, 0xDBF6, 0xDBF6, 0xDBF6, 0xDBF6, 0xDBF6, 0xDBF6, 0xDBF6, 0xDBF6, 0xDC16, 0xDC16, 0xDBF6,
  0xDBF6, 0xDC16, 0xDC16, 0xDBF6, 0xDBF6, 0xDBF6, 0xDBF6, 0xDBF6, 0xDBF6, 0xDBF6, 0xDBD6, 0xDBD6, 0xDBD6, 0xDBB6, 0xDBD6, 0xDBD6,
  0xD3B6, 0xD3B5, 0xDBB6, 0xCB33, 0xB2D1, 0xF69B, 0xB595, 0x0000, 0x0020, 0x0000, 0x0000, 0x0000, 0x0000, 0x0000, 0x0000, 0x0000,
  0x0000, 0x0000, 0x0000, 0x0000, 0x0000, 0x0000, 0x0000, 0x0000, 0x0000, 0x0000, 0x0000, 0x0000, 0x0000, 0x0000, 0x0000, 0x0000,
  0x0000, 0x0000, 0x0000, 0x0000, 0x0000, 0x0000, 0x0000, 0x0000, 0x0000, 0x0000, 0x0000, 0x0000, 0x0000, 0x0000, 0x0000, 0x0000,
  0x0000, 0x0000, 0x0000, 0x0000, 0x0000, 0x0000, 0x0000, 0x0000, 0x0000, 0x0000, 0x0000, 0x0000, 0x0000, 0x0000, 0x0000, 0x0000,
  0x0000, 0x0000, 0x0000, 0x0000, 0x0000, 0x0000, 0x0000, 0x0000, 0x0000, 0x0000, 0x0000, 0x0000, 0x0000, 0x0000, 0x0000, 0x0000,
  0x0000, 0x0000, 0x0000, 0x0000, 0x0000, 0x0000, 0x0000, 0x0000, 0x0000, 0x0000, 0x0000, 0x0000, 0x0000, 0x0000, 0x0000, 0x0000,
  0x0000, 0x0000, 0x0000, 0x0000, 0x0000, 0x0000, 0x0000, 0x0000, 0x0000, 0x0000, 0x0000, 0x0000, 0x0000, 0x0000, 0x0000, 0x0000,
  0x0000, 0x0000, 0x0000, 0x0000, 0x0000, 0x0000, 0x0000, 0x0000, 0x0000, 0x0000, 0x0000, 0x0000, 0x0000, 0x0000, 0x0000, 0x0000,
  0x0000, 0x0000, 0x0000, 0x0000, 0x0000, 0x0000, 0x0000, 0x0000, 0x0000, 0x0000, 0x0000, 0x0000, 0x0000, 0x0000, 0x0000, 0x0000,
  0x0000, 0x0000, 0x0000, 0x0000, 0x0000, 0x0000, 0x0000, 0x0020, 0x0000, 0xAD54, 0xFF7D, 0xE5B9, 0xF59A, 0xDC57, 0xE437, 0xDC37,
  0xE437, 0xE437, 0xE437, 0xE437, 0xDC37, 0xE437, 0xE437, 0xDC37, 0xEC78, 0xAA51, 0xA1AF, 0xA9F0, 0xA9F0, 0xA9F0, 0xA9F0, 0xA9F0,
  0xA9F0, 0xA9F0, 0xA9F0, 0xA9F0, 0xAA10, 0xAA10, 0xAA10, 0xAA10, 0xA9F0, 0xA1F0, 0xA1D0, 0xA1CF, 0xA1AF, 0xA1AF, 0xA1AE, 0x99AE,
  0x99AD, 0xA1CD, 0xA1EC, 0xA20C, 0xAA4C, 0xAA6B, 0xB2AB, 0xBACB, 0xBB0B, 0xC32B, 0xC36B, 0xCB8A, 0xCBCA, 0xD3E9, 0xD409, 0xDC49,
  0xDC68, 0xE487, 0xE4A7, 0xE4C7, 0xECE6, 0xED06, 0xED26, 0xED26, 0xED45, 0xF545, 0xF545, 0xF545, 0xF544, 0xF564, 0xF564, 0xF564,
  0xF564, 0xF564, 0xF564, 0xF564, 0xF564, 0xF564, 0xF564, 0xF564, 0xF564, 0xF564, 0xF564, 0xF565, 0xF565, 0xF565, 0xF545, 0xF545,
  0xF545, 0xED26, 0xED26, 0xED06, 0xED06, 0xECE6, 0xE4C7, 0xE4A7, 0xE488, 0xDC48, 0xDC29, 0xD409, 0xD3E9, 0xCBAA, 0xCB8A, 0xC34A,
  0xBB2B, 0xBAEB, 0xB2CC, 0xB28C, 0xAA6C, 0xAA4D, 0xAA2D, 0xA20E, 0xA1CE, 0xA1CE, 0xA1AF, 0xA1AF, 0xA1B0, 0xA1B0, 0xA1D0, 0xA1D1,
  0xA9D1, 0xA9F1, 0xAA11, 0xAA11, 0xAA11, 0xA9F1, 0xA9F1, 0xA9F1, 0xAA11, 0xAA10, 0xA9F0, 0xA9F0, 0xAA10, 0xBA92, 0xC2D3, 0xB292,
  0xE458, 0xE478, 0xDBF6, 0xDBF6, 0xDBF6, 0xDBF6, 0xDBF6, 0xDBF6, 0xDBF6, 0xDBF6, 0xDBF6, 0xDBF6, 0xDBF6, 0xDBF6, 0xDBF6, 0xDC16,
  0xDBF6, 0xDBF6, 0xDBF6, 0xDC17, 0xDBF6, 0xDBF6, 0xDBF6, 0xDBF6, 0xDBF6, 0xDBD6, 0xDBD6, 0xDBD6, 0xDBF6, 0xE3F7, 0xB291, 0xD374,
  0xE3F7, 0xDBB5, 0xDBD6, 0xCB54, 0xB2F1, 0xF67B, 0xB595, 0x0000, 0x0020, 0x0000, 0x0000, 0x0000, 0x0000, 0x0000, 0x0000, 0x0000,
  0x0000, 0x0000, 0x0000, 0x0000, 0x0000, 0x0000, 0x0000, 0x0000, 0x0000, 0x0000, 0x0000, 0x0000, 0x0000, 0x0000, 0x0000, 0x0000,
  0x0000, 0x0000, 0x0000, 0x0000, 0x0000, 0x0000, 0x0000, 0x0000, 0x0000, 0x0000, 0x0000, 0x0000, 0x0000, 0x0000, 0x0000, 0x0000,
  0x0000, 0x0000, 0x0000, 0x0000, 0x0000, 0x0000, 0x0000, 0x0000, 0x0000, 0x0000, 0x0000, 0x0000, 0x0000, 0x0000, 0x0000, 0x0000,
  0x0000, 0x0000, 0x0000, 0x0000, 0x0000, 0x0000, 0x0000, 0x0000, 0x0000, 0x0000, 0x0000, 0x0000, 0x0000, 0x0000, 0x0000, 0x0000,
  0x0000, 0x0000, 0x0000, 0x0000, 0x0000, 0x0000, 0x0000, 0x0000, 0x0000, 0x0000, 0x0000, 0x0000, 0x0000, 0x0000, 0x0000, 0x0000,
  0x0000, 0x0000, 0x0000, 0x0000, 0x0000, 0x0000, 0x0000, 0x0000, 0x0000, 0x0000, 0x0000, 0x0000, 0x0000, 0x0000, 0x0000, 0x0000,
  0x0000, 0x0000, 0x0000, 0x0000, 0x0000, 0x0000, 0x0000, 0x0000, 0x0000, 0x0000, 0x0000, 0x0000, 0x0000, 0x0000, 0x0000, 0x0000,
  0x0000, 0x0000, 0x0000, 0x0000, 0x0000, 0x0000, 0x0000, 0x0000, 0x0000, 0x0000, 0x0000, 0x0000, 0x0000, 0x0000, 0x0000, 0x0000,
  0x0000, 0x0000, 0x0000, 0x0000, 0x0000, 0x0000, 0x0000, 0x0020, 0x0000, 0xB5B5, 0xFF9D, 0xE5B9, 0xF59A, 0xDC57, 0xE457, 0xE457,
  0xE458, 0xE457, 0xE437, 0xE437, 0xE437, 0xE457, 0xE457, 0xE437, 0xE458, 0xA210, 0xA1CF, 0xA1CF, 0xA9CF, 0xA9F0, 0xA9F0, 0xA9F0,
  0xA9F0, 0xA9F0, 0xAA11, 0xA9F0, 0xA9D0, 0xA9EF, 0xAA0F, 0xAA2E, 0xAA4E, 0xB28D, 0xBACD, 0xBAEC, 0xC34B, 0xCB8B, 0xCBCA, 0xD409,
  0xDC49, 0xE488, 0xE4C7, 0xED07, 0xED26, 0xF546, 0xF566, 0xF585, 0xF585, 0xF5A5, 0xF5A5, 0xFDA4, 0xF5A4, 0xF5A4, 0xF5C4, 0xF5C3,
  0xF5A3, 0xF5A3, 0xF5A3, 0xF5A3, 0xF5C4, 0xF5C4, 0xF5C4, 0xF5C4, 0xF5C4, 0xF5E5, 0xF5E5, 0xF5E5, 0xF5E5, 0xF606, 0xF606, 0xF5E6,
  0xF627, 0xF606, 0xF606, 0xF607, 0xF607, 0xF607, 0xF607, 0xF607, 0xF606, 0xF606, 0xF606, 0xF606, 0xF606, 0xF5E5, 0xF5E5, 0xF5E5,
  0xF5E5, 0xF5E5, 0xEDC4, 0xF5C4, 0xEDC3, 0xF5A4, 0xF5A3, 0xF5A3, 0xF5A3, 0xF5A3, 0xF5A3, 0xF5A3, 0xFDA3, 0xFDA4, 0xFDA4, 0xFDA5,
  0xFDA5, 0xFDA6, 0xF586, 0xF567, 0xF567, 0xF547, 0xED08, 0xE4E8, 0xE489, 0xDC49, 0xD3E9, 0xCBAA, 0xC36B, 0xBB0C, 0xBACC, 0xB28D,
  0xAA4E, 0xAA2E, 0xAA0F, 0xA1EF, 0xA9D0, 0xA9F1, 0xA9F1, 0xAA11, 0xB211, 0xB211, 0xAA10, 0xB251, 0xC2D3, 0xC2F3, 0xC2D3, 0xBA92,
  0xDC17, 0xE478, 0xD3B5, 0xDBD6, 0xDBD6, 0xDBF6, 0xDBF6, 0xDBF6, 0xDBF6, 0xDBF6, 0xDBF6, 0xDBF6, 0xDBF6, 0xDBF6, 0xDBD6, 0xDBD6,
  0xDBF6, 0xDBF6, 0xDBF6, 0xDBD6, 0xDBD6, 0xD3D6, 0xD3D6, 0xDBD6, 0xD3D6, 0xDBD6, 0xDBB6, 0xDBD6, 0xBAF2, 0xBAD2, 0xAA0F, 0xC2F2,
  0xBAB2, 0xDBD6, 0xDBF6, 0xCB94, 0xB311, 0xF67B, 0xB575, 0x0000, 0x0020, 0x0000, 0x0000, 0x0000, 0x0000, 0x0000, 0x0000, 0x0000,
  0x0000, 0x0000, 0x0000, 0x0000, 0x0000, 0x0000, 0x0000, 0x0000, 0x0000, 0x0000, 0x0000, 0x0000, 0x0000, 0x0000, 0x0000, 0x0000,
  0x0000, 0x0000, 0x0000, 0x0000, 0x0000, 0x0000, 0x0000, 0x0000, 0x0000, 0x0000, 0x0000, 0x0000, 0x0000, 0x0000, 0x0000, 0x0000,
  0x0000, 0x0000, 0x0000, 0x0000, 0x0000, 0x0000, 0x0000, 0x0000, 0x0000, 0x0000, 0x0000, 0x0000, 0x0000, 0x0000, 0x0000, 0x0000,
  0x0000, 0x0000, 0x0000, 0x0000, 0x0000, 0x0000, 0x0000, 0x0000, 0x0000, 0x0000, 0x0000, 0x0000, 0x0000, 0x0000, 0x0000, 0x0000,
  0x0000, 0x0000, 0x0000, 0x0000, 0x0000, 0x0000, 0x0000, 0x0000, 0x0000, 0x0000, 0x0000, 0x0000, 0x0000, 0x0000, 0x0000, 0x0000,
  0x0000, 0x0000, 0x0000, 0x0000, 0x0000, 0x0000, 0x0000, 0x0000, 0x0000, 0x0000, 0x0000, 0x0000, 0x0000, 0x0000, 0x0000, 0x0000,
  0x0000, 0x0000, 0x0000, 0x0000, 0x0000, 0x0000, 0x0000, 0x0000, 0x0000, 0x0000, 0x0000, 0x0000, 0x0000, 0x0000, 0x0000, 0x0000,
  0x0000, 0x0000, 0x0000, 0x0000, 0x0000, 0x0000, 0x0000, 0x0000, 0x0000, 0x0000, 0x0000, 0x0000, 0x0000, 0x0000, 0x0000, 0x0000,
  0x0000, 0x0000, 0x0000, 0x0000, 0x0000, 0x0000, 0x0000, 0x0000, 0x0000, 0x73AE, 0xFF9D, 0xE599, 0xF57A, 0xDC57, 0xE457, 0xE457,
  0xE458, 0xE437, 0xDC57, 0xE437, 0xE437, 0xE437, 0xE437, 0xE458, 0xE437, 0xA1EF, 0xA1CF, 0xA1EF, 0xA1EF, 0xA9EF, 0xA9F0, 0xA9F0,
  0xA9F0, 0xA9D0, 0xA9CE, 0xB26C, 0xC34B, 0xD40A, 0xE489, 0xED09, 0xED48, 0xF568, 0xF587, 0xFD86, 0xFDA5, 0xFDA4, 0xFDA4, 0xF5A3,
  0xF5A3, 0xF5A3, 0xF5A3, 0xF5A3, 0xF5C4, 0xF5C4, 0xF5C4, 0xF5E5, 0xF5E5, 0xF606, 0xF607, 0xF648, 0xF649, 0xF66A, 0xF68A, 0xF68B,
  0xF6AB, 0xFECC, 0xFEAC, 0xFECC, 0xFEED, 0xFEED, 0xFEEE, 0xFF0E, 0xFF0E, 0xFF0E, 0xFF0E, 0xFF0F, 0xFF0F, 0xFF2F, 0xFF2F, 0xFF2F,
  0xFF2F, 0xFF2F, 0xFF2F, 0xFF2F, 0xFF2F, 0xFF2F, 0xFF2F, 0xFF2F, 0xFF2F, 0xFF0E, 0xFF0E, 0xFF0E, 0xFF0E, 0xFF0E, 0xFF0E, 0xFF0E,
  0xFEED, 0xFEED, 0xFECC, 0xFEEC, 0xFECC, 0xFECC, 0xFECC, 0xFEAB, 0xFEAB, 0xF68A, 0xF66A, 0xF649, 0xF669, 0xF628, 0xF627, 0xF606,
  0xF606, 0xF5E5, 0xF5E5, 0xF5E5, 0xF5C4, 0xF5C4, 0xF5A3, 0xF5A3, 0xF5A3, 0xF5A3, 0xFDA3, 0xF584, 0xF584, 0xF565, 0xF566, 0xF546,
  0xED27, 0xECE8, 0xE489, 0xD40A, 0xC36A, 0xB2AC, 0xA9ED, 0xA9CF, 0xB1F1, 0xB210, 0xBA92, 0xC2F4, 0xC2F3, 0xC2F3, 0xC2F4, 0xBAB2,
  0xDC16, 0xEC98, 0xD3B6, 0xDBD6, 0xDBD6, 0xDBF6, 0xDBF6, 0xDBF6, 0xDBF6, 0xDC16, 0xDC16, 0xDBF6, 0xDBF6, 0xE437, 0xE457, 0xDC37,
  0xCC17, 0xC416, 0xCC16, 0xD417, 0xDC37, 0xE437, 0xE417, 0xDBD6, 0xDBD6, 0xDBD6, 0xDBD6, 0xCB74, 0xA20E, 0xD3B5, 0xA22F, 0xCB94,
  0xAA90, 0xB2D1, 0xE437, 0xCB74, 0xB2F1, 0xF67B, 0xB575, 0x0000, 0x0020, 0x0000, 0x0000, 0x0000, 0x0000, 0x0000, 0x0000, 0x0000,
  0x0000, 0x0000, 0x0000, 0x0000, 0x0000, 0x0000, 0x0000, 0x0000, 0x0000, 0x0000, 0x0000, 0x0000, 0x0000, 0x0000, 0x0000, 0x0000,
  0x0000, 0x0000, 0x0000, 0x0000, 0x0000, 0x0000, 0x0000, 0x0000, 0x0000, 0x0000, 0x0000, 0x0000, 0x0000, 0x0000, 0x0000, 0x0000,
  0x0000, 0x0000, 0x0000, 0x0000, 0x0000, 0x0000, 0x0000, 0x0000, 0x0000, 0x0000, 0x0000, 0x0000, 0x0000, 0x0000, 0x0000, 0x0000,
  0x0000, 0x0000, 0x0000, 0x0000, 0x0000, 0x0000, 0x0000, 0x0000, 0x0000, 0x0000, 0x0000, 0x0000, 0x0000, 0x0000, 0x0000, 0x0000,
  0x0000, 0x0000, 0x0000, 0x0000, 0x0000, 0x0000, 0x0000, 0x0000, 0x0000, 0x0000, 0x0000, 0x0000, 0x0000, 0x0000, 0x0000, 0x0000,
  0x0000, 0x0000, 0x0000, 0x0000, 0x0000, 0x0000, 0x0000, 0x0000, 0x0000, 0x0000, 0x0000, 0x0000, 0x0000, 0x0000, 0x0000, 0x0000,
  0x0000, 0x0000, 0x0000, 0x0000, 0x0000, 0x0000, 0x0000, 0x0000, 0x0000, 0x0000, 0x0000, 0x0000, 0x0000, 0x0000, 0x0000, 0x0000,
  0x0000, 0x0000, 0x0000, 0x0000, 0x0000, 0x0000, 0x0000, 0x0000, 0x0000, 0x0000, 0x0000, 0x0000, 0x0000, 0x0000, 0x0000, 0x0000,
  0x0000, 0x0000, 0x0000, 0x0000, 0x0000, 0x0000, 0x0000, 0x0020, 0x0000, 0x9CAF, 0xFF7D, 0xE599, 0xF57A, 0xDC57, 0xDC37, 0xDC37,
  0xDC37, 0xDC37, 0xDC37, 0xDC58, 0xE457, 0xE437, 0xE438, 0xE478, 0xDC17, 0x99CF, 0xA1CF, 0xA1CF, 0xA1F0, 0xA1EF, 0xA1CF, 0xA1F0,
  0xA1AE, 0xAA4A, 0xDC29, 0xF588, 0xFDE6, 0xFDE4, 0xFDC4, 0xF5C3, 0xF5C4, 0xF5C4, 0xF5E5, 0xF5E6, 0xEDE6, 0xF627, 0xF628, 0xF649,
  0xF669, 0xF68A, 0xF68B, 0xF6AC, 0xFECC, 0xFEED, 0xFEEE, 0xFF0E, 0xFF0E, 0xFF0F, 0xFF0F, 0xFF0F, 0xFF2F, 0xFF30, 0xFF30, 0xFF30,
  0xFF30, 0xFF30, 0xFF30, 0xFF30, 0xFF30, 0xFF10, 0xFF0F, 0xFF0F, 0xFF0F, 0xFF0F, 0xFF0F, 0xFF0F, 0xFF0F, 0xFF0F, 0xFF0F, 0xFF0F,
  0xFF0F, 0xFF0F, 0xFF0E, 0xFF0E, 0xFF0F, 0xFF0E, 0xFF0E, 0xFF0E, 0xFF0E, 0xFF0E, 0xFF0E, 0xFEEE, 0xFEEE, 0xFF0E, 0xFEEE, 0xFF0E,
  0xFEEE, 0xFF0E, 0xFF0E, 0xFF0E, 0xFF0E, 0xFF0E, 0xFF0E, 0xFF0E, 0xFF0E, 0xFF0E, 0xFF0E, 0xFF0E, 0xFF0E, 0xFF0E, 0xFF0E, 0xFF0D,
  0xFF0D, 0xFEED, 0xFEEC, 0xFEEC, 0xFECB, 0xFEAA, 0xF689, 0xFEA9, 0xF668, 0xF668, 0xF647, 0xF626, 0xEDE4, 0xF5C4, 0xEDA3, 0xED83,
  0xF582, 0xF582, 0xF582, 0xF582, 0xFD84, 0xF546, 0xE4A8, 0xC34A, 0xAA2D, 0xBAB2, 0xC2F4, 0xC2D3, 0xC2F3, 0xC2F4, 0xC2F4, 0xBAB2,
  0xDBF6, 0xECB9, 0xD3B6, 0xDBD6, 0xDBF6, 0xDBF6, 0xDBF6, 0xDBF6, 0xDBF6, 0xDBF6, 0xDBD5, 0xDC37, 0xD457, 0xABB5, 0x72F2, 0x5290,
  0x4AB0, 0x4AD0, 0x4AB0, 0x52B0, 0x62F2, 0x7AF1, 0xAB95, 0xD417, 0xE3F7, 0xDBD5, 0xDBF7, 0xCB54, 0xAA4F, 0xE458, 0xDC16, 0xEC78,
  0xC373, 0xAA90, 0xE457, 0xCB74, 0xB2F1, 0xF65B, 0xB575, 0x0000, 0x0020, 0x0000, 0x0000, 0x0000, 0x0000, 0x0000, 0x0000, 0x0000,
  0x0000, 0x0000, 0x0000, 0x0000, 0x0000, 0x0000, 0x0000, 0x0000, 0x0000, 0x0000, 0x0000, 0x0000, 0x0000, 0x0000, 0x0000, 0x0000,
  0x0000, 0x0000, 0x0000, 0x0000, 0x0000, 0x0000, 0x0000, 0x0000, 0x0000, 0x0000, 0x0000, 0x0000, 0x0000, 0x0000, 0x0000, 0x0000,
  0x0000, 0x0000, 0x0000, 0x0000, 0x0000, 0x0000, 0x0000, 0x0000, 0x0000, 0x0000, 0x0000, 0x0000, 0x0000, 0x0000, 0x0000, 0x0000,
  0x0000, 0x0000, 0x0000, 0x0000, 0x0000, 0x0000, 0x0000, 0x0000, 0x0000, 0x0000, 0x0000, 0x0000, 0x0000, 0x0000, 0x0000, 0x0000,
  0x0000, 0x0000, 0x0000, 0x0000, 0x0000, 0x0000, 0x0000, 0x0000, 0x0000, 0x0000, 0x0000, 0x0000, 0x0000, 0x0000, 0x0000, 0x0000,
  0x0000, 0x0000, 0x0000, 0x0000, 0x0000, 0x0000, 0x0000, 0x0000, 0x0000, 0x0000, 0x0000, 0x0000, 0x0000, 0x0000, 0x0000, 0x0000,
  0x0000, 0x0000, 0x0000, 0x0000, 0x0000, 0x0000, 0x0000, 0x0000, 0x0000, 0x0000, 0x0000, 0x0000, 0x0000, 0x0000, 0x0000, 0x0000,
  0x0000, 0x0000, 0x0000, 0x0000, 0x0000, 0x0000, 0x0000, 0x0000, 0x0000, 0x0000, 0x0000, 0x0000, 0x0000, 0x0000, 0x0000, 0x0000,
  0x0000, 0x0000, 0x0000, 0x0000, 0x0000, 0x0000, 0x0000, 0x0020, 0x0000, 0x948F, 0xFF7D, 0xE599, 0xF57A, 0xDC57, 0xE458, 0xE458,
  0xE457, 0xE458, 0xE458, 0xE478, 0xE478, 0xE457, 0xE458, 0xE478, 0xDBF6, 0x99AE, 0xA9CF, 0xA1CF, 0xA1EF, 0xA1CF, 0xA1EF, 0x99AD,
  0xBAE9, 0xF547, 0xFDE4, 0xF5A2, 0xF5A3, 0xF607, 0xF669, 0xF6AB, 0xFEED, 0xFF0E, 0xFF0E, 0xFF2F, 0xFF2F, 0xFF30, 0xFF30, 0xFF50,
  0xFF30, 0xFF30, 0xFF30, 0xFF2F, 0xFF0F, 0xFF0F, 0xFF0F, 0xFF0F, 0xFF0F, 0xFF0F, 0xFEEF, 0xFF0F, 0xF6EF, 0xFF0F, 0xFF0F, 0xFF0F,
  0xFF0F, 0xFF0F, 0xFF0F, 0xFF0F, 0xFF0F, 0xFF0F, 0xFF0F, 0xFF0F, 0xFF0F, 0xFF0F, 0xFF0F, 0xFF0F, 0xFF0F, 0xFF0F, 0xFF0F, 0xFF0F,
  0xFF0E, 0xFF0E, 0xFF0E, 0xFF0E, 0xFF0E, 0xFF0E, 0xFF0E, 0xFF0E, 0xFF0E, 0xFF0E, 0xFF0E, 0xFF0E, 0xFF0E, 0xFF0E, 0xFEEE, 0xFEEE,
  0xFEEE, 0xFF0E, 0xFEEE, 0xFEEE, 0xFEEE, 0xFEEE, 0xFEEE, 0xF6ED, 0xFEEE, 0xFEED, 0xFEED, 0xF6ED, 0xFEED, 0xF6ED, 0xFEED, 0xFEED,
  0xFEED, 0xFEED, 0xFEED, 0xFEED, 0xFEED, 0xFF0D, 0xFEED, 0xFF0D, 0xFF0C, 0xFF0C, 0xFF0C, 0xFF0C, 0xFEEB, 0xFEEB, 0xFEEB, 0xFECA,
  0xFEA8, 0xF688, 0xF667, 0xF606, 0xF5E4, 0xF5A3, 0xFDA3, 0xFDA6, 0xE4CA, 0xC32F, 0xC2D2, 0xC2D3, 0xC2D3, 0xC2F3, 0xC2F4, 0xBAB3,
  0xD3D6, 0xECF9, 0xD3F6, 0xDBF6, 0xDBF6, 0xDBF6, 0xDBF6, 0xDBD6, 0xD3D5, 0xD3B5, 0xD417, 0x9333, 0x422E, 0x2A6F, 0x4373, 0x5C56,
  0x64B7, 0x64D8, 0x6CD8, 0x64B7, 0x226F, 0x2A6F, 0x326F, 0x4A2F, 0xA395, 0xDC57, 0xDBF6, 0xE416, 0xB2B1, 0xB2B1, 0xCB74, 0xC333,
  0xA24F, 0xD3B5, 0xDC16, 0xCB74, 0xB2F1, 0xEE5B, 0xB575, 0x0000, 0x0020, 0x0000, 0x0000, 0x0000, 0x0000, 0x0000, 0x0000, 0x0000,
  0x0000, 0x0000, 0x0000, 0x0000, 0x0000, 0x0000, 0x0000, 0x0000, 0x0000, 0x0000, 0x0000, 0x0000, 0x0000, 0x0000, 0x0000, 0x0000,
  0x0000, 0x0000, 0x0000, 0x0000, 0x0000, 0x0000, 0x0000, 0x0000, 0x0000, 0x0000, 0x0000, 0x0000, 0x0000, 0x0000, 0x0000, 0x0000,
  0x0000, 0x0000, 0x0000, 0x0000, 0x0000, 0x0000, 0x0000, 0x0000, 0x0000, 0x0000, 0x0000, 0x0000, 0x0000, 0x0000, 0x0000, 0x0000,
  0x0000, 0x0000, 0x0000, 0x0000, 0x0000, 0x0000, 0x0000, 0x0000, 0x0000, 0x0000, 0x0000, 0x0000, 0x0000, 0x0000, 0x0000, 0x0000,
  0x0000, 0x0000, 0x0000, 0x0000, 0x0000, 0x0000, 0x0000, 0x0000, 0x0000, 0x0000, 0x0000, 0x0000, 0x0000, 0x0000, 0x0000, 0x0000,
  0x0000, 0x0000, 0x0000, 0x0000, 0x0000, 0x0000, 0x0000, 0x0000, 0x0000, 0x0000, 0x0000, 0x0000, 0x0000, 0x0000, 0x0000, 0x0000,
  0x0000, 0x0000, 0x0000, 0x0000, 0x0000, 0x0000, 0x0000, 0x0000, 0x0000, 0x0000, 0x0000, 0x0000, 0x0000, 0x0000, 0x0000, 0x0000,
  0x0000, 0x0000, 0x0000, 0x0000, 0x0000, 0x0000, 0x0000, 0x0000, 0x0000, 0x0000, 0x0000, 0x0000, 0x0000, 0x0000, 0x0000, 0x0000,
  0x0000, 0x0000, 0x0000, 0x0000, 0x0000, 0x0000, 0x0000, 0x0000, 0x0000, 0x31C6, 0xFF7D, 0xE599, 0xED7A, 0xDC57, 0xDC38, 0xDC37,
  0xDC57, 0xDC57, 0xE457, 0xDC57, 0xDC57, 0xE457, 0xDC57, 0xE4B8, 0xD3F6, 0x99AE, 0xA9CF, 0xA1CF, 0xA1CF, 0xA1EF, 0x99AD, 0xB2EA,
  0xFD88, 0xF5A2, 0xED62, 0xF606, 0xF6AB, 0xFF0E, 0xFF30, 0xFF30, 0xFF30, 0xFF30, 0xFF10, 0xFF10, 0xFF10, 0xFF10, 0xFF0F, 0xFF0F,
  0xFF0F, 0xFF0F, 0xFF0F, 0xFF0F, 0xFF0F, 0xFF0F, 0xFF0F, 0xFF0F, 0xFF0F, 0xFEEF, 0xFF0F, 0xFF0F, 0xFEEF, 0xFF0F, 0xFF0F, 0xFF0F,
  0xFF0F, 0xFF0F, 0xFF0F, 0xFF0F, 0xFF0F, 0xFF0F, 0xFF0F, 0xFF0F, 0xFF0F, 0xFF0F, 0xFF0F, 0xFF0F, 0xFF0E, 0xFF0E, 0xFEEE, 0xFF0E,
  0xFF0E, 0xFEEE, 0xFF0E, 0xFEEE, 0xFF0E, 0xFEEE, 0xFF0E, 0xFF0E, 0xFF0E, 0xFF0E, 0xFF0E, 0xFF0E, 0xFEEE, 0xFF0E, 0xFEEE, 0xFF0E,
  0xFEEE, 0xFEEE, 0xFEED, 0xFEEE, 0xFEED, 0xFEEE, 0xFEED, 0xFEED, 0xFEED, 0xFEED, 0xFEED, 0xFEED, 0xFEED, 0xFEED, 0xFEED, 0xFEED,
  0xFEED, 0xFEEC, 0xFEEC, 0xFEEC, 0xFEEC, 0xFEEC, 0xFECC, 0xFEEC, 0xF6CC, 0xFEEC, 0xF6CC, 0xFECC, 0xF6CC, 0xFEEC, 0xFECC, 0xFECB,
  0xFEEC, 0xFEEB, 0xFEEC, 0xFEEB, 0xFEEB, 0xFE89, 0xF5E5, 0xF582, 0xFDA4, 0xECC9, 0xC30E, 0xC2D3, 0xC2D3, 0xC2D3, 0xC2F3, 0xC2B3,
  0xD3D6, 0xED1A, 0xD3F6, 0xDBF6, 0xDBF6, 0xDBF6, 0xDBF6, 0xDBD6, 0xDBD6, 0xCC17, 0x6AB1, 0x220E, 0x4BF4, 0x6D19, 0x64D8, 0x5456,
  0x43F5, 0x43D4, 0x4BD4, 0x224E, 0x3B32, 0x7519, 0x6CF8, 0x4BD4, 0x29EE, 0x8312, 0xDC58, 0xDC17, 0xE437, 0xCB74, 0xBAF2, 0xC313,
  0xD3D6, 0xDC16, 0xDC16, 0xCB94, 0xB2F1, 0xF67B, 0xB575, 0x0000, 0x0020, 0x0000, 0x0000, 0x0000, 0x0000, 0x0000, 0x0000, 0x0000,
  0x0000, 0x0000, 0x0000, 0x0000, 0x0000, 0x0000, 0x0000, 0x0000, 0x0000, 0x0000, 0x0000, 0x0000, 0x0000, 0x0000, 0x0000, 0x0000,
  0x0000, 0x0000, 0x0000, 0x0000, 0x0000, 0x0000, 0x0000, 0x0000, 0x0000, 0x0000, 0x0000, 0x0000, 0x0000, 0x0000, 0x0000, 0x0000,
  0x0000, 0x0000, 0x0000, 0x0000, 0x0000, 0x0000, 0x0000, 0x0000, 0x0000, 0x0000, 0x0000, 0x0000, 0x0000, 0x0000, 0x0000, 0x0000,
  0x0000, 0x0000, 0x0000, 0x0000, 0x0000, 0x0000, 0x0000, 0x0000, 0x0000, 0x0000, 0x0000, 0x0000, 0x0000, 0x0000, 0x0000, 0x0000,
  0x0000, 0x0000, 0x0000, 0x0000, 0x0000, 0x0000, 0x0000, 0x0000, 0x0000, 0x0000, 0x0000, 0x0000, 0x0000, 0x0000, 0x0000, 0x0000,
  0x0000, 0x0000, 0x0000, 0x0000, 0x0000, 0x0000, 0x0000, 0x0000, 0x0000, 0x0000, 0x0000, 0x0000, 0x0000, 0x0000, 0x0000, 0x0000,
  0x0000, 0x0000, 0x0000, 0x0000, 0x0000, 0x0000, 0x0000, 0x0000, 0x0000, 0x0000, 0x0000, 0x0000, 0x0000, 0x0000, 0x0000, 0x0000,
  0x0000, 0x0000, 0x0000, 0x0000, 0x0000, 0x0000, 0x0000, 0x0000, 0x0000, 0x0000, 0x0000, 0x0000, 0x0000, 0x0000, 0x0000, 0x0000,
  0x0000, 0x0000, 0x0000, 0x0000, 0x0000, 0x0000, 0x0000, 0x0000, 0x0000, 0x52A9, 0xFF7D, 0xE599, 0xF55A, 0xDC37, 0xDC37, 0xE438,
  0xE457, 0xE458, 0xDC57, 0xDC57, 0xDC57, 0xDC58, 0xDC57, 0xECD9, 0xD3D6, 0x99AE, 0xA9F0, 0xA9EF, 0xA9CF, 0xA1CF, 0xA20A, 0xED08,
  0xFDA3, 0xED62, 0xF648, 0xFF2E, 0xFF0F, 0xFF0F, 0xFF0F, 0xFEEF, 0xFF0F, 0xFF0F, 0xFF0F, 0xFF0F, 0xFF0F, 0xFF0F, 0xFF0F, 0xFF0F,
  0xFF0F, 0xF70F, 0xF70F, 0xFF0F, 0xFF0F, 0xFF0F, 0xFF0F, 0xFF0F, 0xFEEF, 0xFEEE, 0xFEEE, 0xFEEE, 0xFF0F, 0xFF0F, 0xFF0F, 0xFEEE,
  0xFEEE, 0xFEEE, 0xFF0E, 0xFF0F, 0xFF0F, 0xFF0F, 0xFF0F, 0xFF0E, 0xFF0E, 0xFF0F, 0xFF0E, 0xFF0F, 0xFEEE, 0xFEEE, 0xFEEE, 0xFEEE,
  0xFEEE, 0xFEEE, 0xFF0E, 0xFEEE, 0xFF0E, 0xFF0E, 0xFF0E, 0xFF0E, 0xFF0E, 0xFF0E, 0xFF0E, 0xFF0E, 0xFEEE, 0xFEEE, 0xFEEE, 0xFF0E,
  0xFEEE, 0xFEEE, 0xFEEE, 0xFEED, 0xFEED, 0xFEED, 0xFEED, 0xFEED, 0xFEED, 0xFEED, 0xFEED, 0xFEED, 0xFEED, 0xFEED, 0xFEED, 0xFEED,
  0xFEED, 0xFEEC, 0xF6EC, 0xFEEC, 0xFEEC, 0xFEEC, 0xFECC, 0xFEEC, 0xFECC, 0xFEEC, 0xFECC, 0xFEEC, 0xFECC, 0xFECC, 0xFECC, 0xFECC,
  0xFECC, 0xFECC, 0xFECC, 0xF6CC, 0xFEEC, 0xFEEC, 0xFEEB, 0xF606, 0xED62, 0xFD85, 0xDC4B, 0xBAD0, 0xC2F4, 0xC2D3, 0xC2F3, 0xC2D3,
  0xCBB5, 0xF51A, 0xDC16, 0xDBF6, 0xDBF6, 0xDBF6, 0xDBF6, 0xDBF6, 0xCC37, 0x5A90, 0x2A6F, 0x6CF9, 0x6D19, 0x43F4, 0x3B93, 0x3373,
  0x3B94, 0x3B94, 0x11ED, 0x3B11, 0x6CF8, 0x6496, 0x859A, 0x5CB7, 0x43B5, 0x116C, 0x7AF2, 0xDC57, 0xDBF6, 0xDC17, 0xDC17, 0xDC17,
  0xDBF6, 0xD3F6, 0xDC16, 0xCB74, 0xB2F1, 0xF67B, 0xB575, 0x0000, 0x0020, 0x0000, 0x0000, 0x0000, 0x0000, 0x0000, 0x0000, 0x0000,
  0x0000, 0x0000, 0x0000, 0x0000, 0x0000, 0x0000, 0x0000, 0x0000, 0x0000, 0x0000, 0x0000, 0x0000, 0x0000, 0x0000, 0x0000, 0x0000,
  0x0000, 0x0000, 0x0000, 0x0000, 0x0000, 0x0000, 0x0000, 0x0000, 0x0000, 0x0000, 0x0000, 0x0000, 0x0000, 0x0000, 0x0000, 0x0000,
  0x0000, 0x0000, 0x0000, 0x0000, 0x0000, 0x0000, 0x0000, 0x0000, 0x0000, 0x0000, 0x0000, 0x0000, 0x0000, 0x0000, 0x0000, 0x0000,
  0x0000, 0x0000, 0x0000, 0x0000, 0x0000, 0x0000, 0x0000, 0x0000, 0x0000, 0x0000, 0x0000, 0x0000, 0x0000, 0x0000, 0x0000, 0x0000,
  0x0000, 0x0000, 0x0000, 0x0000, 0x0000, 0x0000, 0x0000, 0x0000, 0x0000, 0x0000, 0x0000, 0x0000, 0x0000, 0x0000, 0x0000, 0x0000,
  0x0000, 0x0000, 0x0000, 0x0000, 0x0000, 0x0000, 0x0000, 0x0000, 0x0000, 0x0000, 0x0000, 0x0000, 0x0000, 0x0000, 0x0000, 0x0000,
  0x0000, 0x0000, 0x0000, 0x0000, 0x0000, 0x0000, 0x0000, 0x0000, 0x0000, 0x0000, 0x0000, 0x0000, 0x0000, 0x0000, 0x0000, 0x0000,
  0x0000, 0x0000, 0x0000, 0x0000, 0x0000, 0x0000, 0x0000, 0x0000, 0x0000, 0x0000, 0x0000, 0x0000, 0x0000, 0x0000, 0x0000, 0x0000,
  0x0000, 0x0000, 0x0000, 0x0000, 0x0000, 0x0000, 0x0000, 0x0020, 0x0000, 0x9491, 0xFF7D, 0xE599, 0xF55A, 0xDC37, 0xDC37, 0xDC17,
  0xDC37, 0xE457, 0xDC57, 0xDC57, 0xE458, 0xE478, 0xDC57, 0xECF9, 0xCBD5, 0x99AE, 0xA9F0, 0xA9F0, 0xA9F0, 0xA1CE, 0xC349, 0xFDA6,
  0xF562, 0xF606, 0xFF2E, 0xFF0E, 0xFF0E, 0xFF0E, 0xFF4F, 0xFF2F, 0xFF0E, 0xFF0F, 0xF70F, 0xFF50, 0xFF30, 0xFF30, 0xFF71, 0xFF71,
  0xFF71, 0xFF71, 0xFF71, 0xFF30, 0xFF0F, 0xFF0F, 0xFF0F, 0xF6EE, 0xFF0F, 0xFF70, 0xFF70, 0xFF50, 0xFF0E, 0xFEEE, 0xFEEE, 0xFF0E,
  0xFF6F, 0xFF4F, 0xFF6F, 0xFF0E, 0xFF0F, 0xFF2F, 0xFF70, 0xFF71, 0xFF70, 0xFF70, 0xFF0F, 0xFF0F, 0xFF2F, 0xFF70, 0xFF6F, 0xFF6F,
  0xFF6F, 0xFF4F, 0xFF0E, 0xFEEE, 0xFF0E, 0xFEEE, 0xFEEE, 0xFEEE, 0xFF0E, 0xFF0E, 0xFEEE, 0xFF0E, 0xFEEE, 0xFEEE, 0xFEEE, 0xFEEE,
  0xFEED, 0xFEED, 0xFEED, 0xFEED, 0xFEED, 0xFEED, 0xFEED, 0xFEED, 0xFEED, 0xFEED, 0xFEED, 0xF6ED, 0xFEED, 0xFECC, 0xFEED, 0xFECC,
  0xFEED, 0xFEEC, 0xFECC, 0xFEEC, 0xFEEC, 0xFEEC, 0xFECC, 0xFEEC, 0xF6CC, 0xFEEC, 0xF6CC, 0xFECC, 0xF6CC, 0xFECC, 0xF6CC, 0xF6CC,
  0xFEEC, 0xFECC, 0xFECC, 0xF6CB, 0xFECC, 0xF6CB, 0xFECB, 0xFEA9, 0xEDC4, 0xF583, 0xF528, 0xC32E, 0xC2D3, 0xC2F4, 0xC2F3, 0xBAD3,
  0xCB94, 0xF51A, 0xDBF6, 0xDBD6, 0xDBF6, 0xDBF6, 0xDBF6, 0xDC58, 0x7AF2, 0x2A6F, 0x7539, 0x5CB7, 0x3B93, 0x3B94, 0x3BB4, 0x3BB5,
  0x4394, 0x11ED, 0x3B52, 0x64B8, 0x4C15, 0x7D7A, 0x4C35, 0x43D5, 0x2290, 0x1A0F, 0x21AD, 0x9B53, 0xE437, 0xD3D6, 0xD3F6, 0xD3D6,
  0xDBF6, 0xDBF6, 0xDBF6, 0xCB74, 0xAAF1, 0xF65B, 0xB575, 0x0000, 0x0020, 0x0000, 0x0000, 0x0000, 0x0000, 0x0000, 0x0000, 0x0000,
  0x0000, 0x0000, 0x0000, 0x0000, 0x0000, 0x0000, 0x0000, 0x0000, 0x0000, 0x0000, 0x0000, 0x0000, 0x0000, 0x0000, 0x0000, 0x0000,
  0x0000, 0x0000, 0x0000, 0x0000, 0x0000, 0x0000, 0x0000, 0x0000, 0x0000, 0x0000, 0x0000, 0x0000, 0x0000, 0x0000, 0x0000, 0x0000,
  0x0000, 0x0000, 0x0000, 0x0000, 0x0000, 0x0000, 0x0000, 0x0000, 0x0000, 0x0000, 0x0000, 0x0000, 0x0000, 0x0000, 0x0000, 0x0000,
  0x0000, 0x0000, 0x0000, 0x0000, 0x0000, 0x0000, 0x0000, 0x0000, 0x0000, 0x0000, 0x0000, 0x0000, 0x0000, 0x0000, 0x0000, 0x0000,
  0x0000, 0x0000, 0x0000, 0x0000, 0x0000, 0x0000, 0x0000, 0x0000, 0x0000, 0x0000, 0x0000, 0x0000, 0x0000, 0x0000, 0x0000, 0x0000,
  0x0000, 0x0000, 0x0000, 0x0000, 0x0000, 0x0000, 0x0000, 0x0000, 0x0000, 0x0000, 0x0000, 0x0000, 0x0000, 0x0000, 0x0000, 0x0000,
  0x0000, 0x0000, 0x0000, 0x0000, 0x0000, 0x0000, 0x0000, 0x0000, 0x0000, 0x0000, 0x0000, 0x0000, 0x0000, 0x0000, 0x0000, 0x0000,
  0x0000, 0x0000, 0x0000, 0x0000, 0x0000, 0x0000, 0x0000, 0x0000, 0x0000, 0x0000, 0x0000, 0x0000, 0x0000, 0x0000, 0x0000, 0x0000,
  0x0000, 0x0000, 0x0000, 0x0000, 0x0000, 0x0000, 0x0000, 0x0000, 0x0000, 0x6B6C, 0xFF7D, 0xE599, 0xED5A, 0xDC37, 0xE438, 0xE437,
  0xDC37, 0xE437, 0xE437, 0xDC57, 0xE457, 0xDC57, 0xDC57, 0xED1A, 0xCB94, 0x99AE, 0xAA10, 0xA9F0, 0xAA10, 0xA1EC, 0xDC69, 0xFDC5,
  0xED84, 0xFECC, 0xFF2F, 0xFF0F, 0xFF0F, 0xFF30, 0xD60E, 0xDE6F, 0xFF70, 0xFF0E, 0xFF71, 0xD60E, 0xEED1, 0xE6B1, 0xC5CF, 0xBDAF,
  0xBDAF, 0xBD8F, 0xC58E, 0xF6F1, 0xFF10, 0xFF10, 0xFF0F, 0xFF50, 0xF711, 0xBD8D, 0xBD8E, 0xBD8D, 0xF710, 0xFF4F, 0xFF4F, 0xEED0,
  0xBD6D, 0xBD6D, 0xBD6C, 0xF710, 0xFF70, 0xE68F, 0xC5CF, 0xBD8E, 0xBDAF, 0xC5AE, 0xFF52, 0xFF71, 0xDE6F, 0xC5CE, 0xBD8E, 0xBDAD,
  0xBD8D, 0xC5AD, 0xF6CF, 0xFF0E, 0xFEEE, 0xFF0E, 0xFF0E, 0xFEEE, 0xFEEE, 0xFEEE, 0xFEEE, 0xFEEE, 0xFEED, 0xFEEE, 0xFEEE, 0xFEEE,
  0xFEED, 0xFEED, 0xFEED, 0xFEED, 0xFEED, 0xFEED, 0xFEED, 0xFECD, 0xFEED, 0xFEED, 0xFEED, 0xFEED, 0xFEED, 0xFEED, 0xFEED, 0xFEEC,
  0xFEEC, 0xFEEC, 0xFEEC, 0xFEEC, 0xFECC, 0xFEEC, 0xFECC, 0xFEEC, 0xFECC, 0xFEEC, 0xF6CC, 0xFECC, 0xFECC, 0xFECC, 0xFECC, 0xFECC,
  0xFECC, 0xF6CC, 0xFECC, 0xFECB, 0xFECB, 0xF6CB, 0xFECB, 0xFECA, 0xF626, 0xED62, 0xF586, 0xD3CC, 0xC2D2, 0xC2F4, 0xC2F3, 0xBAD3,
  0xCB54, 0xF4F9, 0xDBF6, 0xDBD6, 0xDBF6, 0xDBF6, 0xDC17, 0xB3F6, 0x320E, 0x5C77, 0x6D19, 0x3BB4, 0x43D5, 0x43D5, 0x43D5, 0x43B4,
  0x11ED, 0x4372, 0x64D8, 0x3373, 0x43D5, 0x43F5, 0x43D5, 0x2290, 0x120F, 0x2AF2, 0x2270, 0x49EE, 0xC3D6, 0xDBF6, 0xD3D6, 0xDBD6,
  0xD3D6, 0xDBD6, 0xDBD6, 0xCB74, 0xAAF1, 0xF65B, 0xB575, 0x0000, 0x0020, 0x0000, 0x0000, 0x0000, 0x0000, 0x0000, 0x0000, 0x0000,
  0x0000, 0x0000, 0x0000, 0x0000, 0x0000, 0x0000, 0x0000, 0x0000, 0x0000, 0x0000, 0x0000, 0x0000, 0x0000, 0x0000, 0x0000, 0x0000,
  0x0000, 0x0000, 0x0000, 0x0000, 0x0000, 0x0000, 0x0000, 0x0000, 0x0000, 0x0000, 0x0000, 0x0000, 0x0000, 0x0000, 0x0000, 0x0000,
  0x0000, 0x0000, 0x0000, 0x0000, 0x0000, 0x0000, 0x0000, 0x0000, 0x0000, 0x0000, 0x0000, 0x0000, 0x0000, 0x0000, 0x0000, 0x0000,
  0x0000, 0x0000, 0x0000, 0x0000, 0x0000, 0x0000, 0x0000, 0x0000, 0x0000, 0x0000, 0x0000, 0x0000, 0x0000, 0x0000, 0x0000, 0x0000,
  0x0000, 0x0000, 0x0000, 0x0000, 0x0000, 0x0000, 0x0000, 0x0000, 0x0000, 0x0000, 0x0000, 0x0000, 0x0000, 0x0000, 0x0000, 0x0000,
  0x0000, 0x0000, 0x0000, 0x0000, 0x0000, 0x0000, 0x0000, 0x0000, 0x0000, 0x0000, 0x0000, 0x0000, 0x0000, 0x0000, 0x0000, 0x0000,
  0x0000, 0x0000, 0x0000, 0x0000, 0x0000, 0x0000, 0x0000, 0x0000, 0x0000, 0x0000, 0x0000, 0x0000, 0x0000, 0x0000, 0x0000, 0x0000,
  0x0000, 0x0000, 0x0000, 0x0000, 0x0000, 0x0000, 0x0000, 0x0000, 0x0000, 0x0000, 0x0000, 0x0000, 0x0000, 0x0000, 0x0000, 0x0000,
  0x0000, 0x0000, 0x0000, 0x0000, 0x0000, 0x0000, 0x0000, 0x0000, 0x0000, 0x39C6, 0xFF5D, 0xE599, 0xF55A, 0xDC37, 0xE437, 0xE437,
  0xE437, 0xE437, 0xDC37, 0xE437, 0xE457, 0xE457, 0xDC57, 0xF51A, 0xC374, 0x99AE, 0xAA10, 0xA9F0, 0xA9F0, 0xAA4C, 0xED29, 0xFDC4,
  0xF5E6, 0xFF0E, 0xFF0F, 0xFF0F, 0xFEEE, 0xFF72, 0x6307, 0x4A45, 0xD630, 0xF712, 0x9CAC, 0x3182, 0xC5F1, 0x946C, 0x2963, 0x6B49,
  0x6307, 0x6307, 0x6B26, 0xEEB0, 0xFF30, 0xFF0F, 0xFF30, 0xE6B0, 0x9CAC, 0x6328, 0x6B48, 0x6B28, 0x83C9, 0xD62F, 0xDE90, 0x8C0A,
  0x5AC7, 0x62E7, 0x5AC6, 0x944A, 0xE6F1, 0x946B, 0x2983, 0x6B48, 0x62E6, 0x5AC6, 0x948B, 0xEF33, 0x7388, 0x39C4, 0x6328, 0x62E6,
  0x5AC6, 0x6B06, 0xE68F, 0xFF0E, 0xFEEE, 0xFEEE, 0xFEEE, 0xFEEE, 0xFEEE, 0xFEED, 0xFEED, 0xFF0D, 0xFEED, 0xFEED, 0xFEED, 0xFEED,
  0xFEED, 0xFEED, 0xFEED, 0xFEED, 0xFEED, 0xFEED, 0xFEED, 0xFEED, 0xFEED, 0xFEED, 0xFEED, 0xFEEC, 0xFEED, 0xFEEC, 0xFEEC, 0xFEEC,
  0xFEEC, 0xFEEC, 0xFEEC, 0xFEEC, 0xFEEC, 0xFEEC, 0xFECC, 0xFECC, 0xFECC, 0xFEEC, 0xF6CC, 0xFECC, 0xFECB, 0xFECC, 0xFECC, 0xFECB,
  0xFECC, 0xFECC, 0xFECB, 0xF6CB, 0xFECB, 0xF6CB, 0xFECB, 0xFECA, 0xFE87, 0xED82, 0xFDA5, 0xDC4A, 0xBAD1, 0xC2F4, 0xC2D3, 0xC2B3,
  0xC334, 0xECD9, 0xDBF6, 0xDBB6, 0xDBB6, 0xD3D6, 0xDC37, 0x82F2, 0x3290, 0x753A, 0x5436, 0x3BD5, 0x43F5, 0x4416, 0x43D5, 0x120E,
  0x53D4, 0x64D8, 0x3BB4, 0x3BD5, 0x3BD5, 0x43D5, 0x2270, 0x11EE, 0x22B1, 0x2AF2, 0x2AB1, 0x29AD, 0x92D2, 0xDBD6, 0xDBB6, 0xDBB6,
  0xDBB6, 0xDBB6, 0xDBD6, 0xC354, 0xAAF1, 0xF65B, 0xB575, 0x0000, 0x0020, 0x0000, 0x0000, 0x0000, 0x0000, 0x0000, 0x0000, 0x0000,
  0x0000, 0x0000, 0x0000, 0x0000, 0x0000, 0x0000, 0x0000, 0x0000, 0x0000, 0x0000, 0x0000, 0x0000, 0x0000, 0x0000, 0x0000, 0x0000,
  0x0000, 0x0000, 0x0000, 0x0000, 0x0000, 0x0000, 0x0000, 0x0000, 0x0000, 0x0000, 0x0000, 0x0000, 0x0000, 0x0000, 0x0000, 0x0000,
  0x0000, 0x0000, 0x0000, 0x0000, 0x0000, 0x0000, 0x0000, 0x0000, 0x0000, 0x0000, 0x0000, 0x0000, 0x0000, 0x0000, 0x0000, 0x0000,
  0x0000, 0x0000, 0x0000, 0x0000, 0x0000, 0x0000, 0x0000, 0x0000, 0x0000, 0x0000, 0x0000, 0x0000, 0x0000, 0x0000, 0x0000, 0x0000,
  0x0000, 0x0000, 0x0000, 0x0000, 0x0000, 0x0000, 0x0000, 0x0000, 0x0000, 0x0000, 0x0000, 0x0000, 0x0000, 0x0000, 0x0000, 0x0000,
  0x0000, 0x0000, 0x0000, 0x0000, 0x0000, 0x0000, 0x0000, 0x0000, 0x0000, 0x0000, 0x0000, 0x0000, 0x0000, 0x0000, 0x0000, 0x0000,
  0x0000, 0x0000, 0x0000, 0x0000, 0x0000, 0x0000, 0x0000, 0x0000, 0x0000, 0x0000, 0x0000, 0x0000, 0x0000, 0x0000, 0x0000, 0x0000,
  0x0000, 0x0000, 0x0000, 0x0000, 0x0000, 0x0000, 0x0000, 0x0000, 0x0000, 0x0000, 0x0000, 0x0000, 0x0000, 0x0000, 0x0000, 0x0000,
  0x0000, 0x0000, 0x0000, 0x0000, 0x0000, 0x0000, 0x0000, 0x0000, 0x0000, 0x4227, 0xFF7C, 0xE599, 0xED5A, 0xDC37, 0xDC37, 0xDC37,
  0xDC37, 0xDC37, 0xDC37, 0xDC37, 0xDC37, 0xDC57, 0xDC57, 0xF51A, 0xC353, 0xA1AE, 0xAA10, 0xAA10, 0xA9EF, 0xB2AB, 0xF588, 0xF5A4,
  0xF649, 0xFF30, 0xFF10, 0xFF30, 0xFF0F, 0xFF93, 0x6B69, 0x39E5, 0x7BEB, 0x8C6D, 0x6329, 0x2984, 0xCE32, 0x8C2C, 0x6B69, 0xFFF7,
  0xFFD3, 0xFFD3, 0xFF71, 0xFF0F, 0xFF0F, 0xF6EF, 0xFF92, 0xA4CC, 0x4A04, 0xFFD5, 0xFFB2, 0xFFD4, 0x9C6A, 0xD650, 0x946B, 0x5265,
  0xFFD4, 0xFF50, 0xFF94, 0x3182, 0xB56F, 0x948C, 0x6B48, 0xFFF6, 0xFFF2, 0xFFB4, 0x2120, 0xC610, 0x73A9, 0x8C4B, 0xFFF8, 0xFFF4,
  0xFFF4, 0xFF91, 0xFF2F, 0xFF0E, 0xFF0E, 0xFEED, 0xFEEE, 0xFEED, 0xFEED, 0xFEED, 0xFEED, 0xFEED, 0xFEED, 0xFEED, 0xFEED, 0xFEED,
  0xFEED, 0xFEED, 0xF6ED, 0xFEED, 0xFEED, 0xFEED, 0xFEED, 0xFEEC, 0xFEED, 0xFEEC, 0xFEEC, 0xFECC, 0xFEEC, 0xFEEC, 0xFEEC, 0xFECC,
  0xFEEC, 0xFECC, 0xFECC, 0xFEEC, 0xFECC, 0xFEEC, 0xFECC, 0xFEEC, 0xF6CC, 0xFEEC, 0xF6CB, 0xFECC, 0xF6CB, 0xFECC, 0xF6CC, 0xF6CB,
  0xFECB, 0xF6AB, 0xFECB, 0xF6CB, 0xFECB, 0xF6CB, 0xFEEB, 0xFECA, 0xFEA7, 0xF5A3, 0xFD83, 0xE4A9, 0xBAF0, 0xC2D3, 0xC2B3, 0xBAB2,
  0xC313, 0xECD9, 0xDBF6, 0xDBB6, 0xDBD6, 0xDBB6, 0xDC37, 0x6AB1, 0x3B11, 0x753A, 0x43F5, 0x3BD5, 0x4416, 0x43B5, 0x1A2E, 0x5415,
  0x6CF9, 0x3BB4, 0x3BF6, 0x3BD6, 0x43F6, 0x2290, 0x11EE, 0x2291, 0x3333, 0x3353, 0x22B1, 0x21CD, 0x722F, 0xCB74, 0xDBB6, 0xDB95,
  0xD395, 0xD395, 0xDBB6, 0xC354, 0xAAD1, 0xEE7B, 0xB575, 0x0000, 0x0020, 0x0000, 0x0000, 0x0000, 0x0000, 0x0000, 0x0000, 0x0000,
  0x0000, 0x0000, 0x0000, 0x0000, 0x0000, 0x0000, 0x0000, 0x0000, 0x0000, 0x0000, 0x0000, 0x0000, 0x0000, 0x0000, 0x0000, 0x0000,
  0x0000, 0x0000, 0x0000, 0x0000, 0x0000, 0x0000, 0x0000, 0x0000, 0x0000, 0x0000, 0x0000, 0x0000, 0x0000, 0x0000, 0x0000, 0x0000,
  0x0000, 0x0000, 0x0000, 0x0000, 0x0000, 0x0000, 0x0000, 0x0000, 0x0000, 0x0000, 0x0000, 0x0000, 0x0000, 0x0000, 0x0000, 0x0000,
  0x0000, 0x0000, 0x0000, 0x0000, 0x0000, 0x0000, 0x0000, 0x0000, 0x0000, 0x0000, 0x0000, 0x0000, 0x0000, 0x0000, 0x0000, 0x0000,
  0x0000, 0x0000, 0x0000, 0x0000, 0x0000, 0x0000, 0x0000, 0x0000, 0x0000, 0x0000, 0x0000, 0x0000, 0x0000, 0x0000, 0x0000, 0x0000,
  0x0000, 0x0000, 0x0000, 0x0000, 0x0000, 0x0000, 0x0000, 0x0000, 0x0000, 0x0000, 0x0000, 0x0000, 0x0000, 0x0000, 0x0000, 0x0000,
  0x0000, 0x0000, 0x0000, 0x0000, 0x0000, 0x0000, 0x0000, 0x0000, 0x0000, 0x0000, 0x0000, 0x0000, 0x0000, 0x0000, 0x0000, 0x0000,
  0x0000, 0x0000, 0x0000, 0x0000, 0x0000, 0x0000, 0x0000, 0x0000, 0x0000, 0x0000, 0x0000, 0x0000, 0x0000, 0x0000, 0x0000, 0x0000,
  0x0000, 0x0000, 0x0000, 0x0000, 0x0000, 0x0000, 0x0000, 0x0000, 0x0000, 0x4227, 0xFF7C, 0xE599, 0xED7A, 0xDC57, 0xDC37, 0xDC37,
  0xDC37, 0xDC37, 0xDC37, 0xDC37, 0xDC37, 0xDC57, 0xDC57, 0xED1A, 0xBB13, 0xA1AE, 0xAA10, 0xAA10, 0xA1CE, 0xC34A, 0xFDC7, 0xED84,
  0xF6AB, 0xFF50, 0xFF10, 0xFF30, 0xF70F, 0xFF93, 0x6307, 0x948C, 0xC611, 0x41C2, 0xFFB7, 0x4204, 0xC5F1, 0x948C, 0x2983, 0x6B69,
  0x6306, 0x6B47, 0xE6B0, 0xFF10, 0xFF0F, 0xF70F, 0xFF92, 0xA4ED, 0x5265, 0xF732, 0xFF0E, 0xFF0E, 0xFF70, 0xFFF3, 0x946B, 0x5AC6,
  0xFF51, 0xF6ED, 0xF711, 0x41E3, 0xB56F, 0x9CCD, 0x31A4, 0x7BC9, 0x840A, 0x7BCA, 0x8C2A, 0xEF53, 0x73A9, 0x4225, 0x7BC9, 0x7B87,
  0x83A7, 0xEECF, 0xFF2E, 0xFF0E, 0xFF0E, 0xFF0D, 0xFF0D, 0xFEED, 0xFEED, 0xFEED, 0xFEED, 0xFEED, 0xFEED, 0xFEED, 0xFEED, 0xFEED,
  0xFEED, 0xFEED, 0xFEED, 0xFEED, 0xFEED, 0xFEED, 0xFEED, 0xFEEC, 0xFEED, 0xFEEC, 0xFEED, 0xFEEC, 0xFEEC, 0xFECC, 0xFEEC, 0xFECC,
  0xFECC, 0xFECC, 0xFECC, 0xFEEC, 0xFECC, 0xFEEC, 0xFECC, 0xFECC, 0xFECC, 0xFEEC, 0xFECB, 0xFECC, 0xF6CB, 0xFECC, 0xF6CB, 0xF6CB,
  0xFECB, 0xF6CB, 0xFECC, 0xF6CB, 0xFECC, 0xF6CB, 0xFEEB, 0xFEC9, 0xFE85, 0xF5A2, 0xF583, 0xED28, 0xC30E, 0xC2D3, 0xC2D3, 0xC2B3,
  0xC2F3, 0xECD9, 0xD3F6, 0xD3B5, 0xD3B6, 0xD395, 0xD417, 0x6270, 0x3312, 0x6D19, 0x3BD5, 0x43F6, 0x3B94, 0x1A2E, 0x5C56, 0x64D8,
  0x3BB4, 0x3BD6, 0x3BF6, 0x43F6, 0x2290, 0x1A0F, 0x22B1, 0x2B12, 0x4BF5, 0x3353, 0x22B1, 0x21CD, 0x722F, 0xCB34, 0xDBB6, 0xDBB6,
  0xDBB5, 0xDBB5, 0xDBB6, 0xCB33, 0xAAD0, 0xEE5B, 0xB575, 0x0000, 0x0020, 0x0000, 0x0000, 0x0000, 0x0000, 0x0000, 0x0000, 0x0000,
  0x0000, 0x0000, 0x0000, 0x0000, 0x0000, 0x0000, 0x0000, 0x0000, 0x0000, 0x0000, 0x0000, 0x0000, 0x0000, 0x0000, 0x0000, 0x0000,
  0x0000, 0x0000, 0x0000, 0x0000, 0x0000, 0x0000, 0x0000, 0x0000, 0x0000, 0x0000, 0x0000, 0x0000, 0x0000, 0x0000, 0x0000, 0x0000,
  0x0000, 0x0000, 0x0000, 0x0000, 0x0000, 0x0000, 0x0000, 0x0000, 0x0000, 0x0000, 0x0000, 0x0000, 0x0000, 0x0000, 0x0000, 0x0000,
  0x0000, 0x0000, 0x0000, 0x0000, 0x0000, 0x0000, 0x0000, 0x0000, 0x0000, 0x0000, 0x0000, 0x0000, 0x0000, 0x0000, 0x0000, 0x0000,
  0x0000, 0x0000, 0x0000, 0x0000, 0x0000, 0x0000, 0x0000, 0x0000, 0x0000, 0x0000, 0x0000, 0x0000, 0x0000, 0x0000, 0x0000, 0x0000,
  0x0000, 0x0000, 0x0000, 0x0000, 0x0000, 0x0000, 0x0000, 0x0000, 0x0000, 0x0000, 0x0000, 0x0000, 0x0000, 0x0000, 0x0000, 0x0000,
  0x0000, 0x0000, 0x0000, 0x0000, 0x0000, 0x0000, 0x0000, 0x0000, 0x0000, 0x0000, 0x0000, 0x0000, 0x0000, 0x0000, 0x0000, 0x0000,
  0x0000, 0x0000, 0x0000, 0x0000, 0x0000, 0x0000, 0x0000, 0x0000, 0x0000, 0x0000, 0x0000, 0x0000, 0x0000, 0x0000, 0x0000, 0x0000,
  0x0000, 0x0000, 0x0000, 0x0000, 0x0000, 0x0000, 0x0000, 0x0000, 0x0000, 0x4227, 0xFF7C, 0xE599, 0xED5A, 0xDC37, 0xDC37, 0xDC37,
  0xDC37, 0xDC37, 0xDC37, 0xDC57, 0xE457, 0xE457, 0xDC57, 0xF4FA, 0xBAD2, 0x99AE, 0xAA10, 0xAA10, 0xA1CD, 0xD3EA, 0xFDC6, 0xEDA4,
  0xFECD, 0xFF30, 0xFF30, 0xFF30, 0xFF0F, 0xFF93, 0x62E7, 0x8409, 0xEF10, 0xD5ED, 0xEF12, 0x4224, 0xBDAF, 0xEEF2, 0xC5AF, 0xBD8E,
  0xBDAE, 0xB56F, 0x4224, 0xCE0F, 0xFF30, 0xF6EE, 0xFF92, 0x9CAC, 0x4A45, 0xFF72, 0xFF4F, 0xFF4F, 0xFF0F, 0xFFB3, 0x8C4B, 0x62C6,
  0xFF92, 0xFF0E, 0xFF52, 0x41E3, 0xB56E, 0x9CAC, 0x3A05, 0xAD50, 0x2142, 0x738A, 0xFF92, 0xFF91, 0x7368, 0x5AE8, 0xBDAF, 0xB52C,
  0xBD4C, 0xFF0F, 0xFF0E, 0xFEED, 0xFF0D, 0xFEED, 0xFF0D, 0xFEED, 0xFEED, 0xFEED, 0xFEED, 0xFEED, 0xFEED, 0xFEED, 0xF6ED, 0xFEED,
  0xFEED, 0xFEED, 0xFEED, 0xFEED, 0xFEEC, 0xFEED, 0xFEEC, 0xFEEC, 0xFEED, 0xFECC, 0xFEEC, 0xFECC, 0xFEEC, 0xFECC, 0xFECC, 0xFECC,
  0xFECC, 0xFECC, 0xFEEC, 0xFECC, 0xFECC, 0xFECC, 0xF6CC, 0xFEEC, 0xF6CB, 0xFEEC, 0xF6CB, 0xFECB, 0xF6CB, 0xFECB, 0xF6CB, 0xF6CB,
  0xFECB, 0xF6CB, 0xFECB, 0xF6CB, 0xFECB, 0xF6CB, 0xFECB, 0xFEA6, 0xFE84, 0xF5C2, 0xF562, 0xF566, 0xCB6D, 0xC2D3, 0xC2D3, 0xC2D3,
  0xC2F3, 0xECD9, 0xDC16, 0xD3B5, 0xDBD6, 0xD3B5, 0xDBF6, 0x7AD1, 0x2A6F, 0x64D8, 0x4415, 0x3373, 0x122E, 0x5C56, 0x5C98, 0x3BB4,
  0x3BD6, 0x3BF6, 0x43F6, 0x1A90, 0x122F, 0x2AD2, 0x3333, 0x43D5, 0x43F6, 0x2B12, 0x2290, 0x29CD, 0x8A70, 0xCB13, 0xDBB6, 0xD3B6,
  0xDBB5, 0xD395, 0xDBB5, 0xC333, 0xAAD0, 0xEE5A, 0xB575, 0x0000, 0x0020, 0x0000, 0x0000, 0x0000, 0x0000, 0x0000, 0x0000, 0x0000,
  0x0000, 0x0000, 0x0000, 0x0000, 0x0000, 0x0000, 0x0000, 0x0000, 0x0000, 0x0000, 0x0000, 0x0000, 0x0000, 0x0000, 0x0000, 0x0000,
  0x0000, 0x0000, 0x0000, 0x0000, 0x0000, 0x0000, 0x0000, 0x0000, 0x0000, 0x0000, 0x0000, 0x0000, 0x0000, 0x0000, 0x0000, 0x0000,
  0x0000, 0x0000, 0x0000, 0x0000, 0x0000, 0x0000, 0x0000, 0x0000, 0x0000, 0x0000, 0x0000, 0x0000, 0x0000, 0x0000, 0x0000, 0x0000,
  0x0000, 0x0000, 0x0000, 0x0000, 0x0000, 0x0000, 0x0000, 0x0000, 0x0000, 0x0000, 0x0000, 0x0000, 0x0000, 0x0000, 0x0000, 0x0000,
  0x0000, 0x0000, 0x0000, 0x0000, 0x0000, 0x0000, 0x0000, 0x0000, 0x0000, 0x0000, 0x0000, 0x0000, 0x0000, 0x0000, 0x0000, 0x0000,
  0x0000, 0x0000, 0x0000, 0x0000, 0x0000, 0x0000, 0x0000, 0x0000, 0x0000, 0x0000, 0x0000, 0x0000, 0x0000, 0x0000, 0x0000, 0x0000,
  0x0000, 0x0000, 0x0000, 0x0000, 0x0000, 0x0000, 0x0000, 0x0000, 0x0000, 0x0000, 0x0000, 0x0000, 0x0000, 0x0000, 0x0000, 0x0000,
  0x0000, 0x0000, 0x0000, 0x0000, 0x0000, 0x0000, 0x0000, 0x0000, 0x0000, 0x0000, 0x0000, 0x0000, 0x0000, 0x0000, 0x0000, 0x0000,
  0x0000, 0x0000, 0x0000, 0x0000, 0x0000, 0x0000, 0x0000, 0x0000, 0x0000, 0x4227, 0xFF7D, 0xE599, 0xED5A, 0xDC37, 0xDC37, 0xDC37,
  0xDC37, 0xDC57, 0xDC37, 0xDC37, 0xDC57, 0xDC37, 0xDC57, 0xF4F9, 0xB2B1, 0x99AE, 0xA9EF, 0xA9F0, 0xA1EC, 0xE489, 0xFDC4, 0xEDC5,
  0xFF0E, 0xFF30, 0xFF10, 0xFF0F, 0xF70F, 0xFF73, 0x5AC7, 0x83C9, 0xFFB1, 0xFF2F, 0xF712, 0x4204, 0xBDAF, 0xFF53, 0xEED1, 0xEED2,
  0xF712, 0xD672, 0x31A3, 0xCE0F, 0xFF2F, 0xF6CD, 0xFF70, 0xA4CB, 0x4A44, 0xDEB2, 0xE68F, 0xE6B1, 0x7347, 0xCE10, 0x9CCC, 0x5AC6,
  0xEEF3, 0xE690, 0xDE92, 0x4204, 0xBDAF, 0x8C4B, 0x5AC5, 0xFFF5, 0xB56D, 0x7368, 0xC5AE, 0xF752, 0x6B27, 0x7BCA, 0xFFB5, 0xEEF1,
  0xEEF0, 0xE68E, 0xF6CE, 0xFEED, 0xFEED, 0xFEED, 0xFEED, 0xFEED, 0xFEED, 0xFEED, 0xFEED, 0xFEED, 0xFEED, 0xFEED, 0xFEED, 0xFEEC,
  0xFEEC, 0xFEED, 0xFEEC, 0xFEED, 0xFEEC, 0xFEEC, 0xFEEC, 0xFECC, 0xFEEC, 0xFEEC, 0xFEEC, 0xFECC, 0xFEEC, 0xFECC, 0xFEEC, 0xFECC,
  0xFEEC, 0xFECC, 0xFECC, 0xFECC, 0xF6CB, 0xFECC, 0xFECC, 0xFECC, 0xF6CB, 0xFECC, 0xF6CB, 0xFECB, 0xF6CB, 0xF6CB, 0xF6CB, 0xF6CB,
  0xF6CB, 0xF6CB, 0xF6CB, 0xF6CB, 0xFECB, 0xFECB, 0xFEA8, 0xF664, 0xFE83, 0xF5E2, 0xF562, 0xF585, 0xD3CC, 0xBAF2, 0xC2F3, 0xC2F3,
  0xC313, 0xECD9, 0xDC36, 0xD3B5, 0xDBB6, 0xDBB5, 0xDBD6, 0xAB95, 0x29ED, 0x5456, 0x43D4, 0x11ED, 0x5C56, 0x5C77, 0x3B94, 0x3BD5,
  0x43D6, 0x43D5, 0x1A4F, 0x1A50, 0x2AF3, 0x3354, 0x43F6, 0x4416, 0x3B94, 0x2AF2, 0x1A2E, 0x41EE, 0x9A71, 0xCB34, 0xDB96, 0xD395,
  0xD3B5, 0xD395, 0xD3B5, 0xC333, 0xAAD0, 0xEE5A, 0xB575, 0x0000, 0x0020, 0x0000, 0x0000, 0x0000, 0x0000, 0x0000, 0x0000, 0x0000,
  0x0000, 0x0000, 0x0000, 0x0000, 0x0000, 0x0000, 0x0000, 0x0000, 0x0000, 0x0000, 0x0000, 0x0000, 0x0000, 0x0000, 0x0000, 0x0000,
  0x0000, 0x0000, 0x0000, 0x0000, 0x0000, 0x0000, 0x0000, 0x0000, 0x0000, 0x0000, 0x0000, 0x0000, 0x0000, 0x0000, 0x0000, 0x0000,
  0x0000, 0x0000, 0x0000, 0x0000, 0x0000, 0x0000, 0x0000, 0x0000, 0x0000, 0x0000, 0x0000, 0x0000, 0x0000, 0x0000, 0x0000, 0x0000,
  0x0000, 0x0000, 0x0000, 0x0000, 0x0000, 0x0000, 0x0000, 0x0000, 0x0000, 0x0000, 0x0000, 0x0000, 0x0000, 0x0000, 0x0000, 0x0000,
  0x0000, 0x0000, 0x0000, 0x0000, 0x0000, 0x0000, 0x0000, 0x0000, 0x0000, 0x0000, 0x0000, 0x0000, 0x0000, 0x0000, 0x0000, 0x0000,
  0x0000, 0x0000, 0x0000, 0x0000, 0x0000, 0x0000, 0x0000, 0x0000, 0x0000, 0x0000, 0x0000, 0x0000, 0x0000, 0x0000, 0x0000, 0x0000,
  0x0000, 0x0000, 0x0000, 0x0000, 0x0000, 0x0000, 0x0000, 0x0000, 0x0000, 0x0000, 0x0000, 0x0000, 0x0000, 0x0000, 0x0000, 0x0000,
  0x0000, 0x0000, 0x0000, 0x0000, 0x0000, 0x0000, 0x0000, 0x0000, 0x0000, 0x0000, 0x0000, 0x0000, 0x0000, 0x0000, 0x0000, 0x0000,
  0x0000, 0x0000, 0x0000, 0x0000, 0x0000, 0x0000, 0x0000, 0x0000, 0x0000, 0x4227, 0xFF7D, 0xE599, 0xED7A, 0xDC57, 0xE458, 0xE458,
  0xDC57, 0xDC57, 0xE457, 0xE437, 0xDC37, 0xDC37, 0xDC57, 0xF4D9, 0xB291, 0xA1AE, 0xA9EF, 0xA9EF, 0xAA0B, 0xECE8, 0xF583, 0xEDC6,
  0xFF0E, 0xFF0F, 0xFF0F, 0xFF0F, 0xF6EE, 0xFF72, 0x7347, 0x944A, 0xFF72, 0xF6EF, 0xF732, 0x5A85, 0xCE10, 0xB54D, 0x4224, 0x5287,
  0x4A66, 0x52A6, 0xD672, 0xF731, 0xFF0E, 0xFEEE, 0xF6EE, 0xF711, 0xB56E, 0x4A24, 0x5286, 0x4A45, 0x9CAB, 0xEEF0, 0xF731, 0xAD0D,
  0x5265, 0x5AE7, 0x5285, 0xBD8E, 0xFF93, 0x946A, 0x83C8, 0xFF50, 0xFF50, 0xE670, 0x6B06, 0xCDF0, 0x9C8C, 0x4204, 0x5A86, 0x5245,
  0x4A44, 0x5264, 0xDE2D, 0xFF0D, 0xFEED, 0xFEED, 0xFEED, 0xFEED, 0xFEED, 0xFEED, 0xFEED, 0xFEED, 0xFEED, 0xFEED, 0xFEEC, 0xFEED,
  0xFEEC, 0xFEED, 0xFEEC, 0xFEEC, 0xFEEC, 0xFEEC, 0xFEEC, 0xFECC, 0xFEEC, 0xFECC, 0xFEEC, 0xFECC, 0xFECC, 0xFECC, 0xFEEC, 0xFECC,
  0xFECC, 0xFECC, 0xFECC, 0xFECC, 0xF6CB, 0xFECC, 0xF6CC, 0xFECC, 0xFECB, 0xFECB, 0xFECB, 0xFECB, 0xF6AB, 0xFECB, 0xFECB, 0xF6CB,
  0xFECB, 0xF6CB, 0xF6CB, 0xF6CB, 0xFECB, 0xF6A8, 0xF684, 0xF663, 0xFE83, 0xFE23, 0xF562, 0xFDA5, 0xDC4B, 0xBAF1, 0xC2F3, 0xC2F3,
  0xC2F3, 0xECD9, 0xDC37, 0xD395, 0xDBB6, 0xDBB6, 0xD395, 0xD417, 0x6AB1, 0x224F, 0x1A4E, 0x5C35, 0x5C77, 0x3373, 0x3BB4, 0x3BB4,
  0x3B94, 0x1A2E, 0x1A4F, 0x2AD2, 0x3354, 0x43F6, 0x4416, 0x43D5, 0x2B13, 0x22B1, 0x21CD, 0x8270, 0xB2D2, 0xDBD6, 0xDBB6, 0xD3B6,
  0xD3B5, 0xD395, 0xD3B5, 0xC333, 0xAAD0, 0xEE5A, 0xB575, 0x0000, 0x0020, 0x0000, 0x0000, 0x0000, 0x0000, 0x0000, 0x0000, 0x0000,
  0x0000, 0x0000, 0x0000, 0x0000, 0x0000, 0x0000, 0x0000, 0x0000, 0x0000, 0x0000, 0x0000, 0x0000, 0x0000, 0x0000, 0x0000, 0x0000,
  0x0000, 0x0000, 0x0000, 0x0000, 0x0000, 0x0000, 0x0000, 0x0000, 0x0000, 0x0000, 0x0000, 0x0000, 0x0000, 0x0000, 0x0000, 0x0000,
  0x0000, 0x0000, 0x0000, 0x0000, 0x0000, 0x0000, 0x0000, 0x0000, 0x0000, 0x0000, 0x0000, 0x0000, 0x0000, 0x0000, 0x0000, 0x0000,
  0x0000, 0x0000, 0x0000, 0x0000, 0x0000, 0x0000, 0x0000, 0x0000, 0x0000, 0x0000, 0x0000, 0x0000, 0x0000, 0x0000, 0x0000, 0x0000,
  0x0000, 0x0000, 0x0000, 0x0000, 0x0000, 0x0000, 0x0000, 0x0000, 0x0000, 0x0000, 0x0000, 0x0000, 0x0000, 0x0000, 0x0000, 0x0000,
  0x0000, 0x0000, 0x0000, 0x0000, 0x0000, 0x0000, 0x0000, 0x0000, 0x0000, 0x0000, 0x0000, 0x0000, 0x0000, 0x0000, 0x0000, 0x0000,
  0x0000, 0x0000, 0x0000, 0x0000, 0x0000, 0x0000, 0x0000, 0x0000, 0x0000, 0x0000, 0x0000, 0x0000, 0x0000, 0x0000, 0x0000, 0x0000,
  0x0000, 0x0000, 0x0000, 0x0000, 0x0000, 0x0000, 0x0000, 0x0000, 0x0000, 0x0000, 0x0000, 0x0000, 0x0000, 0x0000, 0x0000, 0x0000,
  0x0000, 0x0000, 0x0000, 0x0000, 0x0000, 0x0000, 0x0000, 0x0000, 0x0000, 0x4227, 0xFF7D, 0xE599, 0xED7A, 0xDC57, 0xE457, 0xE458,
  0xE458, 0xE478, 0xE478, 0xE458, 0xDC37, 0xDC37, 0xE457, 0xECD9, 0xAA70, 0xA1AE, 0xA1EF, 0xA1CF, 0xB26A, 0xF547, 0xF562, 0xF607,
  0xFF0E, 0xF6EF, 0xFF0F, 0xFEEF, 0xFF0F, 0xFF0F, 0xF6F0, 0xF6F0, 0xFF10, 0xFF0F, 0xFF10, 0xF6F1, 0xF710, 0xF6F0, 0xEED1, 0xEEF1,
  0xEEF1, 0xF6F1, 0xFF30, 0xFF0F, 0xFEEE, 0xFEEE, 0xFEEE, 0xFF0E, 0xFF0F, 0xEECF, 0xEED0, 0xEECF, 0xFF0F, 0xFF0E, 0xFF0E, 0xFF0F,
  0xF6D0, 0xF6F0, 0xF6F0, 0xFF30, 0xFF0F, 0xF710, 0xFF10, 0xFF0E, 0xFEED, 0xFF0F, 0xFF10, 0xF6EF, 0xF6EF, 0xEECF, 0xEEAE, 0xEEAE,
  0xEEAE, 0xEEAE, 0xF6ED, 0xFEEC, 0xFEED, 0xFEEC, 0xFEED, 0xFEED, 0xFEEC, 0xFEEC, 0xFEEC, 0xFEEC, 0xFEEC, 0xFEEC, 0xFEEC, 0xFEED,
  0xFECC, 0xFEEC, 0xFEEC, 0xFEEC, 0xFECC, 0xFEEC, 0xFECC, 0xFECC, 0xFEEC, 0xFECC, 0xFEEC, 0xF6CC, 0xFECC, 0xF6CC, 0xFECC, 0xFECC,
  0xFECC, 0xFECC, 0xFECB, 0xFECB, 0xF6CB, 0xFECB, 0xF6CB, 0xFECB, 0xF6AB, 0xFECB, 0xF6CB, 0xFECB, 0xF6AB, 0xFECB, 0xF6CB, 0xF6CB,
  0xFECB, 0xF6CB, 0xF6CB, 0xF6CA, 0xFEC8, 0xF664, 0xFE83, 0xF643, 0xFE83, 0xFE43, 0xF582, 0xFDA4, 0xE4CA, 0xBAF1, 0xC2F3, 0xC314,
  0xC313, 0xECD9, 0xDC57, 0xD3B5, 0xDBD6, 0xDBD6, 0xDBD6, 0xDBF6, 0xC3F6, 0x4A0F, 0x1A0E, 0x4C16, 0x3BB4, 0x3BB4, 0x3BB4, 0x3B73,
  0x1A0E, 0x1A4F, 0x2AF2, 0x3374, 0x43F6, 0x43F5, 0x3BB5, 0x2B13, 0x22B1, 0x21ED, 0x6A50, 0xAA91, 0xCB74, 0xDBF6, 0xD3D5, 0xD3D6,
  0xD3B5, 0xD3B5, 0xD3B5, 0xC353, 0xAAD0, 0xEE5B, 0xB575, 0x0000, 0x0020, 0x0000, 0x0000, 0x0000, 0x0000, 0x0000, 0x0000, 0x0000,
  0x0000, 0x0000, 0x0000, 0x0000, 0x0000, 0x0000, 0x0000, 0x0000, 0x0000, 0x0000, 0x0000, 0x0000, 0x0000, 0x0000, 0x0000, 0x0000,
  0x0000, 0x0000, 0x0000, 0x0000, 0x0000, 0x0000, 0x0000, 0x0000, 0x0000, 0x0000, 0x0000, 0x0000, 0x0000, 0x0000, 0x0000, 0x0000,
  0x0000, 0x0000, 0x0000, 0x0000, 0x0000, 0x0000, 0x0000, 0x0000, 0x0000, 0x0000, 0x0000, 0x0000, 0x0000, 0x0000, 0x0000, 0x0000,
  0x0000, 0x0000, 0x0000, 0x0000, 0x0000, 0x0000, 0x0000, 0x0000, 0x0000, 0x0000, 0x0000, 0x0000, 0x0000, 0x0000, 0x0000, 0x0000,
  0x0000, 0x0000, 0x0000, 0x0000, 0x0000, 0x0000, 0x0000, 0x0000, 0x0000, 0x0000, 0x0000, 0x0000, 0x0000, 0x0000, 0x0000, 0x0000,
  0x0000, 0x0000, 0x0000, 0x0000, 0x0000, 0x0000, 0x0000, 0x0000, 0x0000, 0x0000, 0x0000, 0x0000, 0x0000, 0x0000, 0x0000, 0x0000,
  0x0000, 0x0000, 0x0000, 0x0000, 0x0000, 0x0000, 0x0000, 0x0000, 0x0000, 0x0000, 0x0000, 0x0000, 0x0000, 0x0000, 0x0000, 0x0000,
  0x0000, 0x0000, 0x0000, 0x0000, 0x0000, 0x0000, 0x0000, 0x0000, 0x0000, 0x0000, 0x0000, 0x0000, 0x0000, 0x0000, 0x0000, 0x0000,
  0x0000, 0x0000, 0x0000, 0x0000, 0x0000, 0x0000, 0x0000, 0x0000, 0x0000, 0x4227, 0xFF7C, 0xE579, 0xED7A, 0xDC57, 0xE457, 0xE457,
  0xDC58, 0xDC58, 0xE457, 0xDC57, 0xE457, 0xE437, 0xE458, 0xECD9, 0xAA50, 0xA1AE, 0xA1EF, 0xA1AE, 0xBAE9, 0xFD86, 0xED62, 0xF649,
  0xFF0F, 0xFEEF, 0xFF0F, 0xFEEF, 0xFF0F, 0xFEEF, 0xFF0F, 0xFF0F, 0xFF0F, 0xFF0F, 0xFF0F, 0xFF0F, 0xFF0F, 0xFF2F, 0xFF0F, 0xFF2F,
  0xFF0F, 0xFF2F, 0xFEEE, 0xFEEE, 0xFEEE, 0xFEEE, 0xFEEE, 0xFEEE, 0xFEEE, 0xFF0E, 0xFF0E, 0xFF0E, 0xFEEE, 0xFEEE, 0xFEEE, 0xFEED,
  0xFF0E, 0xFF0E, 0xFF0E, 0xFF0E, 0xFEEE, 0xFF0E, 0xFEED, 0xFF0E, 0xFEED, 0xFEEE, 0xFEED, 0xFEED, 0xFEED, 0xFEED, 0xFEED, 0xFEEC,
  0xFEED, 0xFEEC, 0xFEED, 0xFECC, 0xFEED, 0xFEEC, 0xFEED, 0xFEED, 0xFEED, 0xFEEC, 0xFEEC, 0xFEED, 0xFECC, 0xFEEC, 0xFEEC, 0xFEEC,
  0xFECC, 0xFEEC, 0xFEEC, 0xFEEC, 0xFECC, 0xFEEC, 0xFECC, 0xFECC, 0xFECC, 0xFECC, 0xFECC, 0xF6CC, 0xFEEC, 0xF6CC, 0xFECC, 0xFECC,
  0xFECC, 0xFECC, 0xFECC, 0xFECC, 0xF6CB, 0xFECB, 0xF6CB, 0xFECB, 0xF6AB, 0xFECB, 0xF6AB, 0xFECB, 0xFECB, 0xFECB, 0xF6CB, 0xF6CB,
  0xFECB, 0xF6AB, 0xF6CB, 0xFEA8, 0xF665, 0xF663, 0xFE63, 0xF663, 0xFE83, 0xFE63, 0xF5A2, 0xF5A4, 0xED29, 0xBB10, 0xC2F3, 0xCAF4,
  0xC2F3, 0xECB9, 0xE477, 0xD3B5, 0xD3D6, 0xD3D6, 0xDBD6, 0xD3D5, 0xDC17, 0xBBB5, 0x49EE, 0x19CD, 0x2B12, 0x3B74, 0x3B53, 0x1A4F,
  0x2270, 0x2AF2, 0x3353, 0x3B95, 0x3354, 0x2B13, 0x22D2, 0x2250, 0x29CD, 0x7250, 0xAA91, 0xBB12, 0xDBF6, 0xD3D5, 0xD3D5, 0xD3D6,
  0xD3D5, 0xD3D5, 0xD3D5, 0xC353, 0xAAD1, 0xEE5B, 0xB575, 0x0000, 0x0020, 0x0000, 0x0000, 0x0000, 0x0000, 0x0000, 0x0000, 0x0000,
  0x0000, 0x0000, 0x0000, 0x0000, 0x0000, 0x0000, 0x0000, 0x0000, 0x0000, 0x0000, 0x0000, 0x0000, 0x0000, 0x0000, 0x0000, 0x0000,
  0x0000, 0x0000, 0x0000, 0x0000, 0x0000, 0x0000, 0x0000, 0x0000, 0x0000, 0x0000, 0x0000, 0x0000, 0x0000, 0x0000, 0x0000, 0x0000,
  0x0000, 0x0000, 0x0000, 0x0000, 0x0000, 0x0000, 0x0000, 0x0000, 0x0000, 0x0000, 0x0000, 0x0000, 0x0000, 0x0000, 0x0000, 0x0000,
  0x0000, 0x0000, 0x0000, 0x0000, 0x0000, 0x0000, 0x0000, 0x0000, 0x0000, 0x0000, 0x0000, 0x0000, 0x0000, 0x0000, 0x0000, 0x0000,
  0x0000, 0x0000, 0x0000, 0x0000, 0x0000, 0x0000, 0x0000, 0x0000, 0x0000, 0x0000, 0x0000, 0x0000, 0x0000, 0x0000, 0x0000, 0x0000,
  0x0000, 0x0000, 0x0000, 0x0000, 0x0000, 0x0000, 0x0000, 0x0000, 0x0000, 0x0000, 0x0000, 0x0000, 0x0000, 0x0000, 0x0000, 0x0000,
  0x0000, 0x0000, 0x0000, 0x0000, 0x0000, 0x0000, 0x0000, 0x0000, 0x0000, 0x0000, 0x0000, 0x0000, 0x0000, 0x0000, 0x0000, 0x0000,
  0x0000, 0x0000, 0x0000, 0x0000, 0x0000, 0x0000, 0x0000, 0x0000, 0x0000, 0x0000, 0x0000, 0x0000, 0x0000, 0x0000, 0x0000, 0x0000,
  0x0000, 0x0000, 0x0000, 0x0000, 0x0000, 0x0000, 0x0000, 0x0000, 0x0000, 0x4227, 0xFF7C, 0xE599, 0xED5A, 0xDC57, 0xDC37, 0xDC37,
  0xDC37, 0xDC57, 0xDC57, 0xDC57, 0xDC37, 0xDC37, 0xE478, 0xECD9, 0xAA50, 0xA1AF, 0xA1EF, 0xA1CD, 0xC369, 0xFDA5, 0xED63, 0xF66A,
  0xFF0F, 0xFEEE, 0xFF0F, 0xFEEF, 0xFF0F, 0xFEEF, 0xFF0F, 0xFF0F, 0xFF0F, 0xFF0F, 0xFF0F, 0xFF0F, 0xFF0F, 0xFF0F, 0xFEEF, 0xFF0F,
  0xFEEF, 0xFF0E, 0xFEEE, 0xFF0E, 0xFEEE, 0xFEEE, 0xFEEE, 0xFEEE, 0xFF0E, 0xFEEE, 0xFEEE, 0xFEEE, 0xFEEE, 0xFEED, 0xFEEE, 0xFEED,
  0xFEEE, 0xFEEE, 0xFEED, 0xFEEE, 0xFEED, 0xFEED, 0xFEED, 0xFEED, 0xFEED, 0xFEED, 0xFEED, 0xFEED, 0xFEED, 0xFEED, 0xFEED, 0xFEEC,
  0xFEED, 0xFEED, 0xFEED, 0xFEED, 0xFEED, 0xFEEC, 0xFEED, 0xFEEC, 0xFEEC, 0xFECC, 0xFEEC, 0xFECC, 0xFECC, 0xFEEC, 0xFECC, 0xFEEC,
  0xFECC, 0xFEEC, 0xFECC, 0xFEEC, 0xFECC, 0xFECC, 0xFECC, 0xFECC, 0xFECC, 0xFECB, 0xFECC, 0xF6CB, 0xFECC, 0xF6CB, 0xFECC, 0xF6CB,
  0xFECC, 0xF6AB, 0xF6CB, 0xF6CB, 0xF6AB, 0xFECB, 0xF6AB, 0xFECB, 0xF6AB, 0xFECB, 0xF6AB, 0xFECB, 0xF6CB, 0xF6AB, 0xF6AB, 0xF6CB,
  0xF6CB, 0xF6CB, 0xFEC9, 0xF665, 0xF663, 0xF643, 0xFE63, 0xF663, 0xFE83, 0xFE63, 0xF5C2, 0xF5A3, 0xF548, 0xC32F, 0xC2D3, 0xCAF4,
  0xC2F3, 0xE4B8, 0xE498, 0xD3D5, 0xDBD6, 0xD3D6, 0xD3D6, 0xD3D6, 0xD3D5, 0xDBD6, 0xBB54, 0x720F, 0x39AD, 0x21ED, 0x19CD, 0x19EE,
  0x2270, 0x2290, 0x2291, 0x1A50, 0x1A2F, 0x19EE, 0x29CD, 0x51EE, 0x9270, 0xB291, 0xC2F2, 0xDBF6, 0xD3D6, 0xD3D5, 0xD3B5, 0xD3B5,
  0xD3D5, 0xD3B5, 0xD3D5, 0xC353, 0xAAD0, 0xEE5A, 0xB575, 0x0000, 0x0020, 0x0000, 0x0000, 0x0000, 0x0000, 0x0000, 0x0000, 0x0000,
  0x0000, 0x0000, 0x0000, 0x0000, 0x0000, 0x0000, 0x0000, 0x0000, 0x0000, 0x0000, 0x0000, 0x0000, 0x0000, 0x0000, 0x0000, 0x0000,
  0x0000, 0x0000, 0x0000, 0x0000, 0x0000, 0x0000, 0x0000, 0x0000, 0x0000, 0x0000, 0x0000, 0x0000, 0x0000, 0x0000, 0x0000, 0x0000,
  0x0000, 0x0000, 0x0000, 0x0000, 0x0000, 0x0000, 0x0000, 0x0000, 0x0000, 0x0000, 0x0000, 0x0000, 0x0000, 0x0000, 0x0000, 0x0000,
  0x0000, 0x0000, 0x0000, 0x0000, 0x0000, 0x0000, 0x0000, 0x0000, 0x0000, 0x0000, 0x0000, 0x0000, 0x0000, 0x0000, 0x0000, 0x0000,
  0x0000, 0x0000, 0x0000, 0x0000, 0x0000, 0x0000, 0x0000, 0x0000, 0x0000, 0x0000, 0x0000, 0x0000, 0x0000, 0x0000, 0x0000, 0x0000,
  0x0000, 0x0000, 0x0000, 0x0000, 0x0000, 0x0000, 0x0000, 0x0000, 0x0000, 0x0000, 0x0000, 0x0000, 0x0000, 0x0000, 0x0000, 0x0000,
  0x0000, 0x0000, 0x0000, 0x0000, 0x0000, 0x0000, 0x0000, 0x0000, 0x0000, 0x0000, 0x0000, 0x0000, 0x0000, 0x0000, 0x0000, 0x0000,
  0x0000, 0x0000, 0x0000, 0x0000, 0x0000, 0x0000, 0x0000, 0x0000, 0x0000, 0x0000, 0x0000, 0x0000, 0x0000, 0x0000, 0x0000, 0x0000,
  0x0000, 0x0000, 0x0000, 0x0000, 0x0000, 0x0000, 0x0000, 0x0000, 0x0000, 0x4227, 0xFF7C, 0xE599, 0xED5A, 0xDC37, 0xDC37, 0xDC37,
  0xDC37, 0xDC37, 0xDC37, 0xDC57, 0xE457, 0xDC37, 0xE478, 0xECB9, 0xAA30, 0xA1CE, 0xA1EF, 0xA1CC, 0xD409, 0xFDC5, 0xED83, 0xFECC,
  0xFF0F, 0xFEEF, 0xFF0F, 0xFEEF, 0xFF0F, 0xFEEF, 0xFF0F, 0xFF0F, 0xFF0E, 0xFF0F, 0xFF0E, 0xFF0E, 0xFF0E, 0xFF0F, 0xFEEE, 0xFF0F,
  0xFEEE, 0xFF0E, 0xFEEE, 0xFEEE, 0xFEEE, 0xFEEE, 0xFEEE, 0xFEEE, 0xFEEE, 0xFEEE, 0xFEEE, 0xFEEE, 0xFEEE, 0xFEEE, 0xFEEE, 0xFEEE,
  0xFEED, 0xFEED, 0xFEED, 0xFEED, 0xFEED, 0xFEED, 0xFECD, 0xFEED, 0xFEED, 0xFECD, 0xFEED, 0xFEED, 0xFEED, 0xFEED, 0xFEED, 0xFEEC,
  0xFEEC, 0xFEEC, 0xFEED, 0xFEEC, 0xFEED, 0xFEEC, 0xFEEC, 0xFECC, 0xFEEC, 0xFEEC, 0xFEEC, 0xFECC, 0xFECC, 0xFEEC, 0xFECC, 0xFEEC,
  0xF6CC, 0xFEEC, 0xFECC, 0xFEEC, 0xF6CC, 0xFECC, 0xFECC, 0xFECC, 0xFECC, 0xF6CB, 0xFECC, 0xF6CB, 0xFECB, 0xF6CB, 0xFECC, 0xF6CB,
  0xFECB, 0xF6CB, 0xFECB, 0xFECB, 0xFECB, 0xFECB, 0xF6AB, 0xFECB, 0xF6AB, 0xFECB, 0xF6AB, 0xFECB, 0xF6AB, 0xFECB, 0xF6AB, 0xF6CB,
  0xF6CB, 0xFEC9, 0xF665, 0xF643, 0xFE63, 0xF663, 0xFE63, 0xF663, 0xFE63, 0xFE63, 0xF5E2, 0xF5A3, 0xF587, 0xC34E, 0xBAD3, 0xC314,
  0xC2F3, 0xE498, 0xE498, 0xD3B5, 0xDBD6, 0xD3D6, 0xD3D6, 0xD3B6, 0xD3B6, 0xD3B5, 0xDBB5, 0xCB74, 0xAA91, 0x820F, 0x61EE, 0x49CE,
  0x39AD, 0x39AD, 0x39CD, 0x41CD, 0x51CE, 0x69EE, 0x8A2F, 0xAA50, 0xBA91, 0xCB53, 0xDBD5, 0xD3D6, 0xD3D6, 0xD3D5, 0xD3D6, 0xD3D6,
  0xD3D6, 0xD3D5, 0xD3D6, 0xC353, 0xAAD0, 0xEE5A, 0xB575, 0x0000, 0x0020, 0x0000, 0x0000, 0x0000, 0x0000, 0x0000, 0x0000, 0x0000,
  0x0000, 0x0000, 0x0000, 0x0000, 0x0000, 0x0000, 0x0000, 0x0000, 0x0000, 0x0000, 0x0000, 0x0000, 0x0000, 0x0000, 0x0000, 0x0000,
  0x0000, 0x0000, 0x0000, 0x0000, 0x0000, 0x0000, 0x0000, 0x0000, 0x0000, 0x0000, 0x0000, 0x0000, 0x0000, 0x0000, 0x0000, 0x0000,
  0x0000, 0x0000, 0x0000, 0x0000, 0x0000, 0x0000, 0x0000, 0x0000, 0x0000, 0x0000, 0x0000, 0x0000, 0x0000, 0x0000, 0x0000, 0x0000,
  0x0000, 0x0000, 0x0000, 0x0000, 0x0000, 0x0000, 0x0000, 0x0000, 0x0000, 0x0000, 0x0000, 0x0000, 0x0000, 0x0000, 0x0000, 0x0000,
  0x0000, 0x0000, 0x0000, 0x0000, 0x0000, 0x0000, 0x0000, 0x0000, 0x0000, 0x0000, 0x0000, 0x0000, 0x0000, 0x0000, 0x0000, 0x0000,
  0x0000, 0x0000, 0x0000, 0x0000, 0x0000, 0x0000, 0x0000, 0x0000, 0x0000, 0x0000, 0x0000, 0x0000, 0x0000, 0x0000, 0x0000, 0x0000,
  0x0000, 0x0000, 0x0000, 0x0000, 0x0000, 0x0000, 0x0000, 0x0000, 0x0000, 0x0000, 0x0000, 0x0000, 0x0000, 0x0000, 0x0000, 0x0000,
  0x0000, 0x0000, 0x0000, 0x0000, 0x0000, 0x0000, 0x0000, 0x0000, 0x0000, 0x0000, 0x0000, 0x0000, 0x0000, 0x0000, 0x0000, 0x0000,
  0x0000, 0x0000, 0x0000, 0x0000, 0x0000, 0x0000, 0x0000, 0x0000, 0x0000, 0x4227, 0xFF7C, 0xE579, 0xED5A, 0xDC57, 0xE457, 0xE478,
  0xE458, 0xE457, 0xE458, 0xE458, 0xE458, 0xDC57, 0xE478, 0xECB9, 0xAA30, 0xA1CE, 0xA9EF, 0xA1EC, 0xE489, 0xFDA4, 0xEDA5, 0xFEED,
  0xFF0F, 0xFEEF, 0xFF0F, 0xFF0E, 0xFF0E, 0xFEEE, 0xFF0E, 0xFF0E, 0xFF0E, 0xFF0E, 0xFF0E, 0xFF0E, 0xFEEE, 0xFF0E, 0xFF0E, 0xFF0E,
  0xFEEE, 0xFF0E, 0xFEEE, 0xFEEE, 0xFEEE, 0xFEEE, 0xFEEE, 0xFEEE, 0xFEEE, 0xFEEE, 0xFEEE, 0xFEEE, 0xFEEE, 0xFEED, 0xFEED, 0xFEED,
  0xFEED, 0xFEED, 0xFEED, 0xFEED, 0xFEED, 0xFEED, 0xFECC, 0xFEED, 0xFEEC, 0xFEED, 0xFEEC, 0xFEED, 0xFEEC, 0xFEEC, 0xFEEC, 0xFEEC,
  0xFEED, 0xFECC, 0xFEED, 0xFEEC, 0xFEEC, 0xFECC, 0xFEEC, 0xFECC, 0xFECC, 0xFECC, 0xFECC, 0xFEEC, 0xFECC, 0xFECC, 0xFECC, 0xFEEC,
  0xF6CC, 0xFECC, 0xF6CB, 0xFECB, 0xF6CB, 0xFECC, 0xFECB, 0xFECB, 0xFECC, 0xFECC, 0xFECC, 0xFECB, 0xFECB, 0xF6CB, 0xFECC, 0xF6CB,
  0xFECB, 0xF6CB, 0xF6AB, 0xFEAB, 0xF6AB, 0xFECB, 0xF6CB, 0xFECB, 0xF6AB, 0xFECB, 0xF6AB, 0xF6CB, 0xF6CB, 0xFECB, 0xF6CB, 0xFECB,
  0xFEC9, 0xF665, 0xFE63, 0xF663, 0xFE63, 0xF663, 0xFE63, 0xF663, 0xFE63, 0xFE63, 0xF5E2, 0xF582, 0xFD87, 0xCB8D, 0xBAB2, 0xCAF4,
  0xC2F3, 0xE478, 0xE498, 0xD3B5, 0xDBD6, 0xDBB6, 0xD3B5, 0xD3B5, 0xD3B5, 0xD3B5, 0xD3B5, 0xD395, 0xD395, 0xCB34, 0xBAD2, 0xB291,
  0xA270, 0xA250, 0xA250, 0xAA50, 0xB271, 0xBA71, 0xBAB2, 0xCB13, 0xD395, 0xD3B5, 0xD395, 0xD395, 0xD3B5, 0xD3B5, 0xD3B5, 0xD3B5,
  0xD3D5, 0xD3D5, 0xD3D5, 0xC353, 0xAAD0, 0xEE5B, 0xBDB6, 0x0000, 0x0020, 0x0000, 0x0000, 0x0000, 0x0000, 0x0000, 0x0000, 0x0000,
  0x0000, 0x0000, 0x0000, 0x0000, 0x0000, 0x0000, 0x0000, 0x0000, 0x0000, 0x0000, 0x0000, 0x0000, 0x0000, 0x0000, 0x0000, 0x0000,
  0x0000, 0x0000, 0x0000, 0x0000, 0x0000, 0x0000, 0x0000, 0x0000, 0x0000, 0x0000, 0x0000, 0x0000, 0x0000, 0x0000, 0x0000, 0x0000,
  0x0000, 0x0000, 0x0000, 0x0000, 0x0000, 0x0000, 0x0000, 0x0000, 0x0000, 0x0000, 0x0000, 0x0000, 0x0000, 0x0000, 0x0000, 0x0000,
  0x0000, 0x0000, 0x0000, 0x0000, 0x0000, 0x0000, 0x0000, 0x0000, 0x0000, 0x0000, 0x0000, 0x0000, 0x0000, 0x0000, 0x0000, 0x0000,
  0x0000, 0x0000, 0x0000, 0x0000, 0x0000, 0x0000, 0x0000, 0x0000, 0x0000, 0x0000, 0x0000, 0x0000, 0x0000, 0x0000, 0x0000, 0x0000,
  0x0000, 0x0000, 0x0000, 0x0000, 0x0000, 0x0000, 0x0000, 0x0000, 0x0000, 0x0000, 0x0000, 0x0000, 0x0000, 0x0000, 0x0000, 0x0000,
  0x0000, 0x0000, 0x0000, 0x0000, 0x0000, 0x0000, 0x0000, 0x0000, 0x0000, 0x0000, 0x0000, 0x0000, 0x0000, 0x0000, 0x0000, 0x0000,
  0x0000, 0x0000, 0x0000, 0x0000, 0x0000, 0x0000, 0x0000, 0x0000, 0x0000, 0x0000, 0x0000, 0x0000, 0x0000, 0x0000, 0x0000, 0x0000,
  0x0000, 0x0000, 0x0000, 0x0000, 0x0000, 0x0000, 0x0000, 0x0000, 0x0000, 0x4227, 0xFF7C, 0xE579, 0xED5A, 0xDC57, 0xE457, 0xDC57,
  0xE458, 0xE457, 0xDC37, 0xDC37, 0xDC37, 0xDC17, 0xE458, 0xECB9, 0xAA30, 0xA1EF, 0xA9EF, 0xA20A, 0xED08, 0xFDA3, 0xEDC5, 0xFEEE,
  0xFF0F, 0xFEEE, 0xFF0E, 0xFEEE, 0xFEEE, 0xFEEE, 0xFF0E, 0xFEEE, 0xFF0E, 0xFEEE, 0xFEEE, 0xFEEE, 0xFEEE, 0xFEEE, 0xFEEE, 0xFEEE,
  0xFEED, 0xFF0E, 0xFEED, 0xFEEE, 0xFEEE, 0xFEEE, 0xFEEE, 0xFEED, 0xFEED, 0xFEED, 0xFEED, 0xFEED, 0xFEED, 0xFEED, 0xFEED, 0xFEED,
  0xFEED, 0xFEED, 0xFEEC, 0xFEED, 0xFEEC, 0xFEED, 0xFECC, 0xFEED, 0xF6CC, 0xFEEC, 0xFECC, 0xFEEC, 0xFECC, 0xFECC, 0xFEEC, 0xFECC,
  0xFEEC, 0xFECC, 0xFEEC, 0xF6CC, 0xFEEC, 0xFECC, 0xFEEC, 0xFECC, 0xFECC, 0xFECC, 0xFECC, 0xFECC, 0xFECB, 0xFECC, 0xF6CB, 0xFECC,
  0xF6CB, 0xFECB, 0xF6AB, 0xFECC, 0xF6CB, 0xFECB, 0xF6CB, 0xFECB, 0xFECB, 0xF6CB, 0xFECB, 0xF6AB, 0xFECB, 0xF6CB, 0xFECB, 0xF6AB,
  0xFECB, 0xF6AB, 0xF6AB, 0xF6CB, 0xF6AB, 0xF6CB, 0xF6AB, 0xF6CB, 0xF6AB, 0xF6CB, 0xF6AA, 0xF6CB, 0xF6AB, 0xF6CB, 0xF6CB, 0xFEA9,
  0xF665, 0xF643, 0xFE63, 0xF643, 0xFE63, 0xF643, 0xFE63, 0xF643, 0xF663, 0xF663, 0xF603, 0xF582, 0xFDA6, 0xD3EC, 0xBAD2, 0xCB14,
  0xC2F3, 0xE457, 0xE498, 0xD395, 0xDBB6, 0xD3B5, 0xDBB6, 0xD395, 0xD395, 0xD395, 0xD395, 0xD395, 0xD395, 0xD3B5, 0xDBB5, 0xD395,
  0xCB74, 0xCB54, 0xCB54, 0xCB54, 0xCB54, 0xD375, 0xD395, 0xD3B5, 0xD395, 0xD395, 0xD395, 0xD395, 0xD395, 0xD395, 0xD3B5, 0xD3B5,
  0xD3B5, 0xD3B5, 0xD3D5, 0xC353, 0xAAD1, 0xEE5A, 0x632C, 0x0000, 0x0000, 0x0000, 0x0000, 0x0000, 0x0000, 0x0000, 0x0000, 0x0000,
  0x0000, 0x0000, 0x0000, 0x0000, 0x0000, 0x0000, 0x0000, 0x0000, 0x0000, 0x0000, 0x0000, 0x0000, 0x0000, 0x0000, 0x0000, 0x0000,
  0x0000, 0x0000, 0x0000, 0x0000, 0x0000, 0x0000, 0x0000, 0x0000, 0x0000, 0x0000, 0x0000, 0x0000, 0x0000, 0x0000, 0x0000, 0x0000,
  0x0000, 0x0000, 0x0000, 0x0000, 0x0000, 0x0000, 0x0000, 0x0000, 0x0000, 0x0000, 0x0000, 0x0000, 0x0000, 0x0000, 0x0000, 0x0000,
  0x0000, 0x0000, 0x0000, 0x0000, 0x0000, 0x0000, 0x0000, 0x0000, 0x0000, 0x0000, 0x0000, 0x0000, 0x0000, 0x0000, 0x0000, 0x0000,
  0x0000, 0x0000, 0x0000, 0x0000, 0x0000, 0x0000, 0x0000, 0x0000, 0x0000, 0x0000, 0x0000, 0x0000, 0x0000, 0x0000, 0x0000, 0x0000,
  0x0000, 0x0000, 0x0000, 0x0000, 0x0000, 0x0000, 0x0000, 0x0000, 0x0000, 0x0000, 0x0000, 0x0000, 0x0000, 0x0000, 0x0000, 0x0000,
  0x0000, 0x0000, 0x0000, 0x0000, 0x0000, 0x0000, 0x0000, 0x0000, 0x0000, 0x0000, 0x0000, 0x0000, 0x0000, 0x0000, 0x0000, 0x0000,
  0x0000, 0x0000, 0x0000, 0x0000, 0x0000, 0x0000, 0x0000, 0x0000, 0x0000, 0x0000, 0x0000, 0x0000, 0x0000, 0x0000, 0x0000, 0x0000,
  0x0000, 0x0000, 0x0000, 0x0000, 0x0000, 0x0000, 0x0000, 0x0000, 0x0000, 0x4227, 0xFF7C, 0xE579, 0xED5A, 0xDC37, 0xDC37, 0xDC37,
  0xDC37, 0xDC37, 0xDC37, 0xE437, 0xE437, 0xDC37, 0xE478, 0xECB9, 0xAA30, 0xA9EF, 0xA9EF, 0xAA4A, 0xF568, 0xF5A3, 0xF607, 0xFF0E,
  0xFF0F, 0xFF0E, 0xFF0F, 0xFEEE, 0xFEEE, 0xFEEE, 0xFEEE, 0xFEEE, 0xFEEE, 0xFF0E, 0xFEEE, 0xFEEE, 0xFEEE, 0xFEEE, 0xFEEE, 0xFEEE,
  0xFEED, 0xFEEE, 0xFEED, 0xFEEE, 0xFEEE, 0xFEED, 0xFEED, 0xFEED, 0xFEED, 0xFEED, 0xFEED, 0xFEED, 0xFEED, 0xFEED, 0xFECD, 0xFEED,
  0xFEED, 0xFEED, 0xFEED, 0xFEEC, 0xFEEC, 0xFEED, 0xFEEC, 0xFEED, 0xFEEC, 0xFEEC, 0xFECC, 0xFECC, 0xFECC, 0xFEEC, 0xFEEC, 0xFECC,
  0xFECC, 0xFECC, 0xFEEC, 0xF6CC, 0xFECC, 0xF6CC, 0xFEEC, 0xFECC, 0xFEEC, 0xFECC, 0xFECC, 0xFECC, 0xFECB, 0xFECC, 0xF6CB, 0xFECC,
  0xF6CC, 0xFECC, 0xF6CB, 0xFECB, 0xFECB, 0xFECB, 0xFECB, 0xFECB, 0xFECB, 0xF6CB, 0xFECB, 0xF6AB, 0xFECB, 0xF6CB, 0xFECB, 0xFECB,
  0xFECB, 0xFEAB, 0xF6AB, 0xF6CB, 0xF6CB, 0xFECB, 0xF6AB, 0xFECB, 0xF6AB, 0xF6CB, 0xF6AB, 0xFECB, 0xF6AA, 0xFECB, 0xFEC9, 0xF664,
  0xFE63, 0xF663, 0xFE63, 0xF663, 0xFE63, 0xF663, 0xFE63, 0xF643, 0xFE63, 0xFE63, 0xFE23, 0xF582, 0xFDA5, 0xDC2B, 0xBAD1, 0xCB14,
  0xC2F3, 0xDC57, 0xE498, 0xD395, 0xD396, 0xDB95, 0xDBB6, 0xDB96, 0xD3B5, 0xD3B5, 0xD3B5, 0xD3B5, 0xD3B5, 0xD3B5, 0xD3B5, 0xD3B5,
  0xD3D5, 0xD3D5, 0xD3D5, 0xD3D5, 0xD3B5, 0xD395, 0xD395, 0xD395, 0xD395, 0xD395, 0xD395, 0xD375, 0xD375, 0xD395, 0xD395, 0xD395,
  0xD395, 0xD3D5, 0xD3B5, 0xC353, 0xAAD0, 0xEE5A, 0x4207, 0x0000, 0x0000, 0x0000, 0x0000, 0x0000, 0x0000, 0x0000, 0x0000, 0x0000,
  0x0000, 0x0000, 0x0000, 0x0000, 0x0000, 0x0000, 0x0000, 0x0000, 0x0000, 0x0000, 0x0000, 0x0000, 0x0000, 0x0000, 0x0000, 0x0000,
  0x0000, 0x0000, 0x0000, 0x0000, 0x0000, 0x0000, 0x0000, 0x0000, 0x0000, 0x0000, 0x0000, 0x0000, 0x0000, 0x0000, 0x0000, 0x0000,
  0x0000, 0x0000, 0x0000, 0x0000, 0x0000, 0x0000, 0x0000, 0x0000, 0x0000, 0x0000, 0x0000, 0x0000, 0x0000, 0x0000, 0x0000, 0x0000,
  0x0000, 0x0000, 0x0000, 0x0000, 0x0000, 0x0000, 0x0000, 0x0000, 0x0000, 0x0000, 0x0000, 0x0000, 0x0000, 0x0000, 0x0000, 0x0000,
  0x0000, 0x0000, 0x0000, 0x0000, 0x0000, 0x0000, 0x0000, 0x0000, 0x0000, 0x0000, 0x0000, 0x0000, 0x0000, 0x0000, 0x0000, 0x0000,
  0x0000, 0x0000, 0x0000, 0x0000, 0x0000, 0x0000, 0x0000, 0x0000, 0x0000, 0x0000, 0x0000, 0x0000, 0x0000, 0x0000, 0x0000, 0x0000,
  0x0000, 0x0000, 0x0000, 0x0000, 0x0000, 0x0000, 0x0000, 0x0000, 0x0000, 0x0000, 0x0000, 0x0000, 0x0000, 0x0000, 0x0000, 0x0000,
  0x0000, 0x0000, 0x0000, 0x0000, 0x0000, 0x0000, 0x0000, 0x0000, 0x0000, 0x0000, 0x0000, 0x0000, 0x0000, 0x0000, 0x0000, 0x0000,
  0x0000, 0x0000, 0x0000, 0x0000, 0x0000, 0x0000, 0x0000, 0x0000, 0x0000, 0x4227, 0xFF7C, 0xE579, 0xED5A, 0xDC37, 0xDC37, 0xDC37,
  0xDC37, 0xE437, 0xE457, 0xE458, 0xE458, 0xE458, 0xE499, 0xEC99, 0xA230, 0xA9EF, 0xA1CE, 0xB28A, 0xFDA7, 0xF5A3, 0xF628, 0xFF0E,
  0xFF0F, 0xFEEE, 0xFEEE, 0xFEEE, 0xFEEE, 0xFEEE, 0xFF0E, 0xFEEE, 0xFEEE, 0xFEEE, 0xFEEE, 0xFEED, 0xFEED, 0xFEEE, 0xFEED, 0xFEED,
  0xFEED, 0xFEED, 0xFEED, 0xFEED, 0xFEED, 0xFEED, 0xFEED, 0xFEED, 0xFEED, 0xFEED, 0xFEED, 0xFECD, 0xFEED, 0xFECD, 0xFEED, 0xFEEC,
  0xFEED, 0xFEED, 0xFEED, 0xFEED, 0xFECC, 0xFEED, 0xFECC, 0xFEEC, 0xFECC, 0xFEEC, 0xFECC, 0xFECC, 0xFECC, 0xFECC, 0xFECC, 0xFECC,
  0xFECC, 0xFECC, 0xFEEC, 0xF6CC, 0xFEEC, 0xFECC, 0xFECC, 0xFECB, 0xFECC, 0xFECB, 0xFECC, 0xFECC, 0xFECB, 0xFECC, 0xF6CB, 0xFECC,
  0xF6AB, 0xFECC, 0xFECB, 0xFECB, 0xF6CB, 0xFECB, 0xFEAB, 0xF6CB, 0xFECB, 0xF6AB, 0xFECB, 0xF6AB, 0xFECB, 0xF6AB, 0xFECB, 0xF6AB,
  0xFECB, 0xF6AB, 0xF6AB, 0xF6CB, 0xF6CB, 0xFECB, 0xF6AB, 0xFEAB, 0xF6AA, 0xFECB, 0xF6AA, 0xF6CB, 0xF6AA, 0xFEA8, 0xF664, 0xF663,
  0xFE63, 0xF663, 0xF663, 0xF663, 0xFE63, 0xF643, 0xFE63, 0xF643, 0xFE63, 0xF663, 0xFE43, 0xF5A2, 0xFDA4, 0xE489, 0xBAD1, 0xCB14,
  0xC2F3, 0xDC37, 0xEC98, 0xCB75, 0xD375, 0xD395, 0xD395, 0xD396, 0xD395, 0xD395, 0xD395, 0xD3B6, 0xD3B5, 0xD3B5, 0xD3B5, 0xD3B5,
  0xD3D5, 0xD3D5, 0xD3D5, 0xD3B5, 0xD3D5, 0xD3B5, 0xD3B5, 0xD395, 0xD395, 0xD395, 0xD395, 0xDB96, 0xD395, 0xB291, 0xB291, 0xDBB6,
  0xBAD2, 0xBAD2, 0xDBB5, 0xC333, 0xAAD0, 0xEE5A, 0x4A48, 0x0000, 0x0000, 0x0000, 0x0000, 0x0000, 0x0000, 0x0000, 0x0000, 0x0000,
  0x0000, 0x0000, 0x0000, 0x0000, 0x0000, 0x0000, 0x0000, 0x0000, 0x0000, 0x0000, 0x0000, 0x0000, 0x0000, 0x0000, 0x0000, 0x0000,
  0x0000, 0x0000, 0x0000, 0x0000, 0x0000, 0x0000, 0x0000, 0x0000, 0x0000, 0x0000, 0x0000, 0x0000, 0x0000, 0x0000, 0x0000, 0x0000,
  0x0000, 0x0000, 0x0000, 0x0000, 0x0000, 0x0000, 0x0000, 0x0000, 0x0000, 0x0000, 0x0000, 0x0000, 0x0000, 0x0000, 0x0000, 0x0000,
  0x0000, 0x0000, 0x0000, 0x0000, 0x0000, 0x0000, 0x0000, 0x0000, 0x0000, 0x0000, 0x0000, 0x0000, 0x0000, 0x0000, 0x0000, 0x0000,
  0x0000, 0x0000, 0x0000, 0x0000, 0x0000, 0x0000, 0x0000, 0x0000, 0x0000, 0x0000, 0x0000, 0x0000, 0x0000, 0x0000, 0x0000, 0x0000,
  0x0000, 0x0000, 0x0000, 0x0000, 0x0000, 0x0000, 0x0000, 0x0000, 0x0000, 0x0000, 0x0000, 0x0000, 0x0000, 0x0000, 0x0000, 0x0000,
  0x0000, 0x0000, 0x0000, 0x0000, 0x0000, 0x0000, 0x0000, 0x0000, 0x0000, 0x0000, 0x0000, 0x0000, 0x0000, 0x0000, 0x0000, 0x0000,
  0x0000, 0x0000, 0x0000, 0x0000, 0x0000, 0x0000, 0x0000, 0x0000, 0x0000, 0x0000, 0x0000, 0x0000, 0x0000, 0x0000, 0x0000, 0x0000,
  0x0000, 0x0000, 0x0000, 0x0000, 0x0000, 0x0000, 0x0000, 0x0000, 0x0000, 0x4227, 0xFF7C, 0xE579, 0xED5A, 0xDC37, 0xE437, 0xE437,
  0xDC37, 0xDC37, 0xE437, 0xDC37, 0xDC37, 0xDC37, 0xE498, 0xE498, 0xA20F, 0xA9EF, 0xA1CE, 0xBAE9, 0xFDE7, 0xF583, 0xF648, 0xFF0E,
  0xFF0E, 0xFEEE, 0xFEEE, 0xFEEE, 0xFEEE, 0xFEEE, 0xFF0E, 0xFEEE, 0xFEEE, 0xFEEE, 0xFEED, 0xFEEE, 0xFEED, 0xFEEE, 0xFEED, 0xFEED,
  0xFECD, 0xFEED, 0xFEED, 0xFEED, 0xFEED, 0xFEED, 0xFEED, 0xFEED, 0xFEED, 0xFEED, 0xFEED, 0xFECD, 0xFEED, 0xFEEC, 0xFEEC, 0xFEEC,
  0xFEEC, 0xFEEC, 0xFEEC, 0xFEED, 0xFECC, 0xFEEC, 0xFEEC, 0xFEEC, 0xFECC, 0xFEEC, 0xFECC, 0xFEEC, 0xFECC, 0xFECC, 0xFECC, 0xFECC,
  0xFECC, 0xF6CC, 0xFEEC, 0xF6CB, 0xFECB, 0xF6CB, 0xFECB, 0xF6CB, 0xFECB, 0xFECB, 0xFECC, 0xFECB, 0xF6CB, 0xFECC, 0xFECB, 0xFECB,
  0xF6AB, 0xFECB, 0xF6AB, 0xFECB, 0xF6CB, 0xF6CB, 0xF6AB, 0xFECB, 0xFECB, 0xF6CB, 0xFECB, 0xF6AB, 0xFECB, 0xF6AB, 0xF6CB, 0xF6AB,
  0xFEAB, 0xF6AB, 0xF6AB, 0xF6CB, 0xF6CB, 0xFEAB, 0xF6AB, 0xF6CB, 0xF6AA, 0xFECB, 0xF6AA, 0xFECA, 0xF687, 0xF664, 0xF643, 0xF663,
  0xF663, 0xF643, 0xF663, 0xF663, 0xF663, 0xF663, 0xFE63, 0xF643, 0xFE83, 0xF663, 0xFE63, 0xF5A2, 0xF583, 0xE4C9, 0xC2F0, 0xCB14,
  0xC2F3, 0xDC37, 0xE4B8, 0xCB95, 0xD395, 0xD395, 0xD395, 0xD395, 0xD395, 0xD3B5, 0xD3B5, 0xD395, 0xD3B5, 0xD3B5, 0xDBD6, 0xDBF6,
  0xDBF6, 0xDBF6, 0xDBF6, 0xDBF6, 0xDBF6, 0xDBD6, 0xD3B5, 0xD395, 0xD395, 0xD395, 0xCB74, 0xAA50, 0x99EE, 0x812B, 0xB2B1, 0xBAD2,
  0xB2B1, 0xA22F, 0xD395, 0xC333, 0xAAD1, 0xEE3A, 0x4208, 0x0000, 0x0000, 0x0000, 0x0000, 0x0000, 0x0000, 0x0000, 0x0000, 0x0000,
  0x0000, 0x0000, 0x0000, 0x0000, 0x0000, 0x0000, 0x0000, 0x0000, 0x0000, 0x0000, 0x0000, 0x0000, 0x0000, 0x0000, 0x0000, 0x0000,
  0x0000, 0x0000, 0x0000, 0x0000, 0x0000, 0x0000, 0x0000, 0x0000, 0x0000, 0x0000, 0x0000, 0x0000, 0x0000, 0x0000, 0x0000, 0x0000,
  0x0000, 0x0000, 0x0000, 0x0000, 0x0000, 0x0000, 0x0000, 0x0000, 0x0000, 0x0000, 0x0000, 0x0000, 0x0000, 0x0000, 0x0000, 0x0000,
  0x0000, 0x0000, 0x0000, 0x0000, 0x0000, 0x0000, 0x0000, 0x0000, 0x0000, 0x0000, 0x0000, 0x0000, 0x0000, 0x0000, 0x0000, 0x0000,
  0x0000, 0x0000, 0x0000, 0x0000, 0x0000, 0x0000, 0x0000, 0x0000, 0x0000, 0x0000, 0x0000, 0x0000, 0x0000, 0x0000, 0x0000, 0x0000,
  0x0000, 0x0000, 0x0000, 0x0000, 0x0000, 0x0000, 0x0000, 0x0000, 0x0000, 0x0000, 0x0000, 0x0000, 0x0000, 0x0000, 0x0000, 0x0000,
  0x0000, 0x0000, 0x0000, 0x0000, 0x0000, 0x0000, 0x0000, 0x0000, 0x0000, 0x0000, 0x0000, 0x0000, 0x0000, 0x0000, 0x0000, 0x0000,
  0x0000, 0x0000, 0x0000, 0x0000, 0x0000, 0x0000, 0x0000, 0x0000, 0x0000, 0x0000, 0x0000, 0x0000, 0x0000, 0x0000, 0x0000, 0x0000,
  0x0000, 0x0000, 0x0000, 0x0000, 0x0000, 0x0000, 0x0000, 0x0000, 0x0000, 0x4227, 0xFF7C, 0xE579, 0xED5A, 0xDC37, 0xDC37, 0xDC17,
  0xDC37, 0xDC37, 0xDC37, 0xDC37, 0xDC37, 0xDC37, 0xE498, 0xE478, 0xA20F, 0xAA0F, 0xA1CD, 0xC349, 0xFDE6, 0xF5A3, 0xFE8A, 0xFF0E,
  0xFF0E, 0xFEEE, 0xFEEE, 0xFEEE, 0xFEEE, 0xFEED, 0xFEED, 0xFEED, 0xFEED, 0xFEED, 0xFEED, 0xFEED, 0xFEED, 0xFEED, 0xFEED, 0xFEED,
  0xFEED, 0xFEED, 0xFECD, 0xFEED, 0xFECD, 0xFEED, 0xFEED, 0xFEED, 0xFEED, 0xFEED, 0xFEED, 0xFECD, 0xFEEC, 0xFEEC, 0xFEEC, 0xFECC,
  0xFEEC, 0xFEEC, 0xFEEC, 0xFEEC, 0xFEEC, 0xFEEC, 0xFEEC, 0xFEEC, 0xFECC, 0xFEEC, 0xFEEC, 0xFECC, 0xFECC, 0xFECC, 0xFECC, 0xFECB,
  0xFECB, 0xFECB, 0xFECB, 0xF6CB, 0xFECB, 0xFECB, 0xFECB, 0xFECB, 0xFECB, 0xF6CB, 0xFECB, 0xFECB, 0xFECB, 0xFECB, 0xF6CB, 0xFECB,
  0xF6CB, 0xFECB, 0xFEAB, 0xFECB, 0xFECB, 0xFECB, 0xFECB, 0xFEAB, 0xFECB, 0xFEAB, 0xFECB, 0xF6AB, 0xF6CB, 0xF6AB, 0xFECB, 0xF6AB,
  0xFECB, 0xF6CB, 0xF6CB, 0xF6CB, 0xF6CB, 0xF6AB, 0xF6AB, 0xFECB, 0xF6AB, 0xFECB, 0xFECA, 0xFE87, 0xF643, 0xFE63, 0xF663, 0xF663,
  0xFE63, 0xF663, 0xF663, 0xF643, 0xF663, 0xF663, 0xF683, 0xF663, 0xFE63, 0xF663, 0xFE63, 0xF5C2, 0xF582, 0xECE7, 0xC30F, 0xCB14,
  0xC2F3, 0xDC16, 0xECB8, 0xCB95, 0xD395, 0xD395, 0xD395, 0xD395, 0xD395, 0xD395, 0xD395, 0xDBB5, 0xDBF6, 0xCBF6, 0xAB95, 0x8B12,
  0x7AF2, 0x72D1, 0x72B1, 0x7AD2, 0x9333, 0xB395, 0xD3F6, 0xDBD6, 0xD395, 0xD375, 0xCB54, 0x814B, 0x814C, 0x816C, 0xB2B1, 0xBAD2,
  0xAA70, 0xAA70, 0xC353, 0xCB53, 0xAAD0, 0xEE3A, 0x41E7, 0x0000, 0x0000, 0x0000, 0x0000, 0x0000, 0x0000, 0x0000, 0x0000, 0x0000,
  0x0000, 0x0000, 0x0000, 0x0000, 0x0000, 0x0000, 0x0000, 0x0000, 0x0000, 0x0000, 0x0000, 0x0000, 0x0000, 0x0000, 0x0000, 0x0000,
  0x0000, 0x0000, 0x0000, 0x0000, 0x0000, 0x0000, 0x0000, 0x0000, 0x0000, 0x0000, 0x0000, 0x0000, 0x0000, 0x0000, 0x0000, 0x0000,
  0x0000, 0x0000, 0x0000, 0x0000, 0x0000, 0x0000, 0x0000, 0x0000, 0x0000, 0x0000, 0x0000, 0x0000, 0x0000, 0x0000, 0x0000, 0x0000,
  0x0000, 0x0000, 0x0000, 0x0000, 0x0000, 0x0000, 0x0000, 0x0000, 0x0000, 0x0000, 0x0000, 0x0000, 0x0000, 0x0000, 0x0000, 0x0000,
  0x0000, 0x0000, 0x0000, 0x0000, 0x0000, 0x0000, 0x0000, 0x0000, 0x0000, 0x0000, 0x0000, 0x0000, 0x0000, 0x0000, 0x0000, 0x0000,
  0x0000, 0x0000, 0x0000, 0x0000, 0x0000, 0x0000, 0x0000, 0x0000, 0x0000, 0x0000, 0x0000, 0x0000, 0x0000, 0x0000, 0x0000, 0x0000,
  0x0000, 0x0000, 0x0000, 0x0000, 0x0000, 0x0000, 0x0000, 0x0000, 0x0000, 0x0000, 0x0000, 0x0000, 0x0000, 0x0000, 0x0000, 0x0000,
  0x0000, 0x0000, 0x0000, 0x0000, 0x0000, 0x0000, 0x0000, 0x0000, 0x0000, 0x0000, 0x0000, 0x0000, 0x0000, 0x0000, 0x0000, 0x0000,
  0x0000, 0x0000, 0x0000, 0x0000, 0x0000, 0x0000, 0x0000, 0x0000, 0x0000, 0x4227, 0xFF5C, 0xE579, 0xED5A, 0xDC37, 0xDC37, 0xDC37,
  0xDC37, 0xDC37, 0xE457, 0xDC37, 0xE437, 0xDC17, 0xE498, 0xE478, 0xA1EF, 0xAA10, 0xA1CD, 0xCBA9, 0xFDE5, 0xF5A3, 0xFE8A, 0xFF0E,
  0xFF0E, 0xFEED, 0xFEED, 0xFEED, 0xFEED, 0xF6ED, 0xFEED, 0xFEED, 0xFEED, 0xFEED, 0xFEED, 0xFEED, 0xFEED, 0xFEED, 0xFECC, 0xFEED,
  0xFEEC, 0xFEED, 0xFECC, 0xFEED, 0xFECC, 0xFECD, 0xFECC, 0xFEEC, 0xFEEC, 0xFECC, 0xFEED, 0xFECC, 0xFEEC, 0xFECC, 0xFECC, 0xFECC,
  0xFEEC, 0xFECC, 0xFECC, 0xFECC, 0xFECC, 0xFECC, 0xFECC, 0xFEEC, 0xFECB, 0xFEEC, 0xF6CB, 0xFECC, 0xF6CB, 0xFECB, 0xFECB, 0xF6CB,
  0xFECB, 0xF6CB, 0xFECB, 0xF6AB, 0xFECB, 0xF6CB, 0xFECB, 0xF6CB, 0xFECB, 0xF6AB, 0xFECB, 0xF6CB, 0xF6AB, 0xFECB, 0xF6AB, 0xFECB,
  0xF6AB, 0xFECB, 0xF6AB, 0xFECB, 0xF6AB, 0xFECB, 0xF6CB, 0xF6AB, 0xF6CB, 0xF6AB, 0xFECB, 0xF6AB, 0xF6CB, 0xF6AB, 0xFECB, 0xF6AB,
  0xFEAB, 0xF6AA, 0xF6CB, 0xF6CB, 0xF6AB, 0xF6CB, 0xF6AB, 0xFECB, 0xF6AA, 0xFEC9, 0xF665, 0xF663, 0xF643, 0xFE63, 0xF663, 0xF663,
  0xF663, 0xF643, 0xF663, 0xF643, 0xF663, 0xF643, 0xFE63, 0xF643, 0xFE63, 0xF662, 0xFE63, 0xF5E2, 0xF582, 0xED27, 0xC32F, 0xCB14,
  0xC2F3, 0xDC16, 0xECD9, 0xD395, 0xD395, 0xD395, 0xD3B5, 0xD395, 0xD395, 0xD395, 0xD3D6, 0xBBB5, 0x7AD1, 0x422E, 0x324F, 0x4B53,
  0x4BB4, 0x53F5, 0x53F5, 0x4BB4, 0x4312, 0x3A6F, 0x522F, 0x8B12, 0xCBB6, 0xD395, 0xD354, 0xBAF3, 0xB2B1, 0x814C, 0xAA90, 0xBAD2,
  0xB2B1, 0xA24F, 0xD395, 0xC313, 0xAAB0, 0xEE3A, 0x528A, 0x0000, 0x0000, 0x0000, 0x0000, 0x0000, 0x0000, 0x0000, 0x0000, 0x0000,
  0x0000, 0x0000, 0x0000, 0x0000, 0x0000, 0x0000, 0x0000, 0x0000, 0x0000, 0x0000, 0x0000, 0x0000, 0x0000, 0x0000, 0x0000, 0x0000,
  0x0000, 0x0000, 0x0000, 0x0000, 0x0000, 0x0000, 0x0000, 0x0000, 0x0000, 0x0000, 0x0000, 0x0000, 0x0000, 0x0000, 0x0000, 0x0000,
  0x0000, 0x0000, 0x0000, 0x0000, 0x0000, 0x0000, 0x0000, 0x0000, 0x0000, 0x0000, 0x0000, 0x0000, 0x0000, 0x0000, 0x0000, 0x0000,
  0x0000, 0x0000, 0x0000, 0x0000, 0x0000, 0x0000, 0x0000, 0x0000, 0x0000, 0x0000, 0x0000, 0x0000, 0x0000, 0x0000, 0x0000, 0x0000,
  0x0000, 0x0000, 0x0000, 0x0000, 0x0000, 0x0000, 0x0000, 0x0000, 0x0000, 0x0000, 0x0000, 0x0000, 0x0000, 0x0000, 0x0000, 0x0000,
  0x0000, 0x0000, 0x0000, 0x0000, 0x0000, 0x0000, 0x0000, 0x0000, 0x0000, 0x0000, 0x0000, 0x0000, 0x0000, 0x0000, 0x0000, 0x0000,
  0x0000, 0x0000, 0x0000, 0x0000, 0x0000, 0x0000, 0x0000, 0x0000, 0x0000, 0x0000, 0x0000, 0x0000, 0x0000, 0x0000, 0x0000, 0x0000,
  0x0000, 0x0000, 0x0000, 0x0000, 0x0000, 0x0000, 0x0000, 0x0000, 0x0000, 0x0000, 0x0000, 0x0000, 0x0000, 0x0000, 0x0000, 0x0000,
  0x0000, 0x0000, 0x0000, 0x0000, 0x0000, 0x0000, 0x0000, 0x0000, 0x0000, 0x4227, 0xFF5C, 0xE579, 0xED5A, 0xDC37, 0xDC37, 0xDC37,
  0xDC17, 0xDC37, 0xDC37, 0xDC37, 0xE437, 0xDC37, 0xE498, 0xE458, 0xA1F0, 0xAA10, 0xA1CC, 0xD409, 0xFE05, 0xF5C3, 0xFEAB, 0xFEEE,
  0xFEEE, 0xFEED, 0xFEED, 0xFEED, 0xFEED, 0xFEED, 0xFEED, 0xFEED, 0xFECD, 0xFEED, 0xFEED, 0xFEED, 0xFEED, 0xFEED, 0xFEED, 0xFEED,
  0xFEEC, 0xFEED, 0xFECC, 0xFEEC, 0xFECC, 0xFECC, 0xFEEC, 0xFECC, 0xFECC, 0xFECC, 0xFEEC, 0xFECC, 0xFEEC, 0xFECC, 0xFECC, 0xFECC,
  0xFEEC, 0xFECC, 0xFEEC, 0xFECC, 0xFECC, 0xFECC, 0xFECC, 0xFECC, 0xFECB, 0xFECB, 0xFECB, 0xFECC, 0xFECB, 0xFECB, 0xFECB, 0xF6CB,
  0xFECC, 0xFEAB, 0xFECB, 0xF6CB, 0xFECB, 0xF6CB, 0xFECB, 0xF6CB, 0xF6CB, 0xF6CB, 0xF6CB, 0xFECB, 0xFECB, 0xFECB, 0xF6AB, 0xFECB,
  0xF6AB, 0xFECB, 0xF6AB, 0xFECB, 0xF6CB, 0xF6CB, 0xF6CB, 0xFECB, 0xFECB, 0xF6AB, 0xFECB, 0xF6AB, 0xFECB, 0xF6AB, 0xFECB, 0xF6AA,
  0xF6CB, 0xF6AB, 0xF6CB, 0xF6CA, 0xF6CA, 0xF6CA, 0xF6CA, 0xFECA, 0xFEA8, 0xF665, 0xF643, 0xFE63, 0xFE63, 0xFE63, 0xF663, 0xF663,
  0xF663, 0xF663, 0xF663, 0xF663, 0xFE63, 0xF643, 0xF663, 0xF643, 0xF663, 0xF663, 0xFE83, 0xF5E2, 0xF561, 0xF546, 0xCB4E, 0xCB14,
  0xC313, 0xDBF6, 0xECD9, 0xD3B5, 0xD3B5, 0xD3B5, 0xD3B5, 0xD395, 0xD395, 0xCBF6, 0x82F2, 0x31ED, 0x32F0, 0x43B4, 0x226F, 0x3B52,
  0x5C97, 0x5477, 0x5477, 0x5C98, 0x64B8, 0x5CB7, 0x4BD5, 0x2A4F, 0x49EE, 0xAB54, 0xD375, 0xD355, 0xDB95, 0xC313, 0xC313, 0xDBD6,
  0xBAF2, 0xCB53, 0xDBB5, 0xC2F2, 0xA2B0, 0xEE5A, 0x9CD3, 0x0000, 0x0020, 0x0000, 0x0000, 0x0000, 0x0000, 0x0000, 0x0000, 0x0000,
  0x0000, 0x0000, 0x0000, 0x0000, 0x0000, 0x0000, 0x0000, 0x0000, 0x0000, 0x0000, 0x0000, 0x0000, 0x0000, 0x0000, 0x0000, 0x0000,
  0x0000, 0x0000, 0x0000, 0x0000, 0x0000, 0x0000, 0x0000, 0x0000, 0x0000, 0x0000, 0x0000, 0x0000, 0x0000, 0x0000, 0x0000, 0x0000,
  0x0000, 0x0000, 0x0000, 0x0000, 0x0000, 0x0000, 0x0000, 0x0000, 0x0000, 0x0000, 0x0000, 0x0000, 0x0000, 0x0000, 0x0000, 0x0000,
  0x0000, 0x0000, 0x0000, 0x0000, 0x0000, 0x0000, 0x0000, 0x0000, 0x0000, 0x0000, 0x0000, 0x0000, 0x0000, 0x0000, 0x0000, 0x0000,
  0x0000, 0x0000, 0x0000, 0x0000, 0x0000, 0x0000, 0x0000, 0x0000, 0x0000, 0x0000, 0x0000, 0x0000, 0x0000, 0x0000, 0x0000, 0x0000,
  0x0000, 0x0000, 0x0000, 0x0000, 0x0000, 0x0000, 0x0000, 0x0000, 0x0000, 0x0000, 0x0000, 0x0000, 0x0000, 0x0000, 0x0000, 0x0000,
  0x0000, 0x0000, 0x0000, 0x0000, 0x0000, 0x0000, 0x0000, 0x0000, 0x0000, 0x0000, 0x0000, 0x0000, 0x0000, 0x0000, 0x0000, 0x0000,
  0x0000, 0x0000, 0x0000, 0x0000, 0x0000, 0x0000, 0x0000, 0x0000, 0x0000, 0x0000, 0x0000, 0x0000, 0x0000, 0x0000, 0x0000, 0x0000,
  0x0000, 0x0000, 0x0000, 0x0000, 0x0000, 0x0000, 0x0000, 0x0000, 0x0000, 0x4227, 0xFF7C, 0xE579, 0xED5A, 0xDC37, 0xDC37, 0xDC37,
  0xDC37, 0xDC37, 0xDC37, 0xE437, 0xE437, 0xDC37, 0xE498, 0xE458, 0xA1EF, 0xAA10, 0x99EC, 0xDC49, 0xFE05, 0xF5C4, 0xFECB, 0xFEEE,
  0xFEEE, 0xFEED, 0xFEED, 0xFECD, 0xFEED, 0xFEED, 0xFEED, 0xFECD, 0xFEED, 0xFEEC, 0xFEED, 0xFEED, 0xFECC, 0xFEED, 0xFECC, 0xFEED,
  0xFECC, 0xFEED, 0xFECC, 0xFECC, 0xFECC, 0xFECC, 0xFECC, 0xFECC, 0xFECC, 0xFECC, 0xFEEC, 0xF6CC, 0xFEEC, 0xFECC, 0xFECC, 0xFECC,
  0xFEEC, 0xFECC, 0xFECC, 0xFECC, 0xFECC, 0xFECC, 0xF6CC, 0xFECC, 0xFECB, 0xFECC, 0xFECB, 0xFECB, 0xFECB, 0xFECB, 0xFECB, 0xFECB,
  0xFECB, 0xFECB, 0xFECB, 0xFECB, 0xFECB, 0xF6CB, 0xFECB, 0xFEAB, 0xFECB, 0xF6AB, 0xFEAB, 0xFECB, 0xF6CB, 0xFECB, 0xF6AB, 0xFECB,
  0xF6AB, 0xF6CB, 0xF6CB, 0xFECB, 0xF6AB, 0xF6CB, 0xFECB, 0xFEAB, 0xFEAB, 0xF6AB, 0xFECB, 0xF6AB, 0xF6CB, 0xF6AB, 0xFEAB, 0xF6AB,
  0xF6CB, 0xF6AB, 0xF6AB, 0xF6CA, 0xF6AA, 0xFECA, 0xFEAA, 0xFEA7, 0xF644, 0xFE63, 0xFE43, 0xFE63, 0xF663, 0xFE63, 0xF663, 0xF663,
  0xFE63, 0xF663, 0xF663, 0xF663, 0xFE63, 0xF663, 0xFE63, 0xF643, 0xF663, 0xF643, 0xFE63, 0xF5E2, 0xED61, 0xF566, 0xCB6D, 0xC314,
  0xC314, 0xD3F6, 0xECD9, 0xD3B5, 0xD3B5, 0xD3B5, 0xD3B5, 0xD3B5, 0xD416, 0x7AF2, 0x19ED, 0x43D4, 0x85BB, 0x5476, 0x3BB3, 0x1A4E,
  0x122E, 0x3374, 0x3394, 0x3374, 0x3394, 0x3BD5, 0x4C36, 0x5477, 0x2AD1, 0x298C, 0xA333, 0xD395, 0xD374, 0xD395, 0xD3B5, 0xD395,
  0xD3B5, 0xD3B5, 0xD395, 0xC312, 0xA290, 0xEE5A, 0x4A28, 0x0000, 0x0000, 0x0000, 0x0000, 0x0000, 0x0000, 0x0000, 0x0000, 0x0000,
  0x0000, 0x0000, 0x0000, 0x0000, 0x0000, 0x0000, 0x0000, 0x0000, 0x0000, 0x0000, 0x0000, 0x0000, 0x0000, 0x0000, 0x0000, 0x0000,
  0x0000, 0x0000, 0x0000, 0x0000, 0x0000, 0x0000, 0x0000, 0x0000, 0x0000, 0x0000, 0x0000, 0x0000, 0x0000, 0x0000, 0x0000, 0x0000,
  0x0000, 0x0000, 0x0000, 0x0000, 0x0000, 0x0000, 0x0000, 0x0000, 0x0000, 0x0000, 0x0000, 0x0000, 0x0000, 0x0000, 0x0000, 0x0000,
  0x0000, 0x0000, 0x0000, 0x0000, 0x0000, 0x0000, 0x0000, 0x0000, 0x0000, 0x0000, 0x0000, 0x0000, 0x0000, 0x0000, 0x0000, 0x0000,
  0x0000, 0x0000, 0x0000, 0x0000, 0x0000, 0x0000, 0x0000, 0x0000, 0x0000, 0x0000, 0x0000, 0x0000, 0x0000, 0x0000, 0x0000, 0x0000,
  0x0000, 0x0000, 0x0000, 0x0000, 0x0000, 0x0000, 0x0000, 0x0000, 0x0000, 0x0000, 0x0000, 0x0000, 0x0000, 0x0000, 0x0000, 0x0000,
  0x0000, 0x0000, 0x0000, 0x0000, 0x0000, 0x0000, 0x0000, 0x0000, 0x0000, 0x0000, 0x0000, 0x0000, 0x0000, 0x0000, 0x0000, 0x0000,
  0x0000, 0x0000, 0x0000, 0x0000, 0x0000, 0x0000, 0x0000, 0x0000, 0x0000, 0x0000, 0x0000, 0x0000, 0x0000, 0x0000, 0x0000, 0x0000,
  0x0000, 0x0000, 0x0000, 0x0000, 0x0000, 0x0000, 0x0000, 0x0000, 0x0000, 0x4227, 0xFF7C, 0xE579, 0xED59, 0xDC36, 0xDC17, 0xDC37,
  0xDC37, 0xDC37, 0xDC57, 0xDC37, 0xDC37, 0xDC17, 0xE498, 0xE457, 0xA1EF, 0xA9EF, 0x99EB, 0xE488, 0xFDE4, 0xF5E5, 0xFECB, 0xFEED,
  0xFEED, 0xFEED, 0xFEED, 0xFECD, 0xFEED, 0xFEED, 0xFEED, 0xFECD, 0xFEEC, 0xFEEC, 0xFECC, 0xFECC, 0xFECC, 0xFECC, 0xFECC, 0xFEEC,
  0xFECC, 0xFEEC, 0xFECC, 0xFEEC, 0xFECC, 0xFECC, 0xFECC, 0xFECC, 0xFEEC, 0xFECC, 0xFEEC, 0xFECC, 0xFEEC, 0xFECC, 0xFECC, 0xFECC,
  0xFEEC, 0xFECC, 0xFECB, 0xFECC, 0xFECB, 0xFECC, 0xFECC, 0xFECB, 0xF6CB, 0xFECB, 0xFEAB, 0xFECB, 0xF6CB, 0xFECB, 0xFECB, 0xFEAB,
  0xFECB, 0xF6CB, 0xFECB, 0xF6AB, 0xFECB, 0xF6AB, 0xFECB, 0xF6AB, 0xF6AB, 0xF6AB, 0xF6AB, 0xF6CB, 0xFEAB, 0xFECB, 0xF6AB, 0xF6CB,
  0xF6AB, 0xFECB, 0xF6AB, 0xF6CB, 0xF6AB, 0xF6CB, 0xF6CB, 0xF6AB, 0xFEAB, 0xF6AB, 0xF6CB, 0xF6AB, 0xFECB, 0xF6AB, 0xFECB, 0xF6AB,
  0xFEAB, 0xF6AA, 0xF6AB, 0xF6AA, 0xF6AA, 0xFEA9, 0xF665, 0xF643, 0xF643, 0xFE63, 0xF643, 0xFE63, 0xF643, 0xFE63, 0xF663, 0xF663,
  0xF663, 0xF663, 0xF663, 0xF643, 0xF663, 0xF663, 0xF663, 0xF643, 0xF663, 0xF663, 0xFE63, 0xF602, 0xED61, 0xF565, 0xCB8D, 0xC313,
  0xC314, 0xD3F6, 0xECD9, 0xD3B5, 0xD3B6, 0xD3B5, 0xD3B5, 0xD3F6, 0x9B74, 0x19AC, 0x22D1, 0x4416, 0x5C97, 0x7D79, 0x4C14, 0x43D4,
  0x2AD0, 0x120D, 0x3B73, 0x3BB5, 0x3394, 0x3394, 0x3394, 0x3BB5, 0x3BD5, 0x2290, 0x31AD, 0xB374, 0xDBD6, 0xD395, 0xD395, 0xD395,
  0xD395, 0xD395, 0xD395, 0xC312, 0xAAB0, 0xEE3A, 0x4228, 0x0000, 0x0000, 0x0000, 0x0000, 0x0000, 0x0000, 0x0000, 0x0000, 0x0000,
  0x0000, 0x0000, 0x0000, 0x0000, 0x0000, 0x0000, 0x0000, 0x0000, 0x0000, 0x0000, 0x0000, 0x0000, 0x0000, 0x0000, 0x0000, 0x0000,
  0x0000, 0x0000, 0x0000, 0x0000, 0x0000, 0x0000, 0x0000, 0x0000, 0x0000, 0x0000, 0x0000, 0x0000, 0x0000, 0x0000, 0x0000, 0x0000,
  0x0000, 0x0000, 0x0000, 0x0000, 0x0000, 0x0000, 0x0000, 0x0000, 0x0000, 0x0000, 0x0000, 0x0000, 0x0000, 0x0000, 0x0000, 0x0000,
  0x0000, 0x0000, 0x0000, 0x0000, 0x0000, 0x0000, 0x0000, 0x0000, 0x0000, 0x0000, 0x0000, 0x0000, 0x0000, 0x0000, 0x0000, 0x0000,
  0x0000, 0x0000, 0x0000, 0x0000, 0x0000, 0x0000, 0x0000, 0x0000, 0x0000, 0x0000, 0x0000, 0x0000, 0x0000, 0x0000, 0x0000, 0x0000,
  0x0000, 0x0000, 0x0000, 0x0000, 0x0000, 0x0000, 0x0000, 0x0000, 0x0000, 0x0000, 0x0000, 0x0000, 0x0000, 0x0000, 0x0000, 0x0000,
  0x0000, 0x0000, 0x0000, 0x0000, 0x0000, 0x0000, 0x0000, 0x0000, 0x0000, 0x0000, 0x0000, 0x0000, 0x0000, 0x0000, 0x0000, 0x0000,
  0x0000, 0x0000, 0x0000, 0x0000, 0x0000, 0x0000, 0x0000, 0x0000, 0x0000, 0x0000, 0x0000, 0x0000, 0x0000, 0x0000, 0x0000, 0x0000,
  0x0000, 0x0000, 0x0000, 0x0000, 0x0000, 0x0000, 0x0000, 0x0000, 0x0000, 0x4227, 0xFF7C, 0xE579, 0xED59, 0xDC37, 0xDC17, 0xDC17,
  0xDC17, 0xDC17, 0xDC37, 0xDC37, 0xDC37, 0xDC37, 0xEC98, 0xE437, 0xA1EF, 0xA9F0, 0xA1EB, 0xE4A8, 0xFDE4, 0xF5E5, 0xFECC, 0xFEED,
  0xFEED, 0xFEED, 0xFEED, 0xFECD, 0xFEED, 0xFEEC, 0xFEED, 0xFEEC, 0xFECC, 0xFEEC, 0xFECC, 0xFECC, 0xFECC, 0xFECC, 0xFECC, 0xFECC,
  0xFECC, 0xFEEC, 0xFECC, 0xFECC, 0xFEEC, 0xFEEC, 0xFECC, 0xFECC, 0xFECC, 0xFECC, 0xFEEC, 0xFECB, 0xFEEC, 0xFECC, 0xFECC, 0xF6CC,
  0xFECC, 0xFECB, 0xFECB, 0xFECB, 0xFECB, 0xFECB, 0xFECB, 0xFECB, 0xFECB, 0xFECB, 0xF6CB, 0xFECB, 0xF6AB, 0xFECB, 0xFECB, 0xFECB,
  0xFECB, 0xF6CB, 0xF6CB, 0xF6AB, 0xFECB, 0xF6CB, 0xFECB, 0xF6CB, 0xF6CB, 0xF6CB, 0xF6CB, 0xF6CB, 0xFECB, 0xFECB, 0xF6CB, 0xF6CB,
  0xF6AB, 0xFECB, 0xF6AB, 0xFECB, 0xF6CA, 0xF6CB, 0xF6CB, 0xF6AB, 0xF6CB, 0xF6CB, 0xFECB, 0xF6AB, 0xFECB, 0xF6AB, 0xFECB, 0xF6AB,
  0xFECB, 0xF6AA, 0xFECB, 0xFECA, 0xFE87, 0xF664, 0xF643, 0xFE63, 0xF663, 0xFE63, 0xF663, 0xFE63, 0xF663, 0xFE63, 0xF663, 0xF663,
  0xF663, 0xF663, 0xFE63, 0xF663, 0xF663, 0xF663, 0xF663, 0xF663, 0xFE63, 0xF663, 0xFE83, 0xF623, 0xED61, 0xF565, 0xCB8C, 0xC313,
  0xC314, 0xD3D6, 0xECD9, 0xD395, 0xD3B6, 0xD3B5, 0xD3B5, 0xC3F6, 0x420E, 0x3312, 0x1A90, 0x1AB1, 0x3BD5, 0x5477, 0x755A, 0x3BB4,
  0x43D5, 0x3311, 0x120D, 0x3332, 0x3BD5, 0x3394, 0x3BB5, 0x3BD5, 0x3BB5, 0x3354, 0x1A2F, 0x5A2F, 0xCBB6, 0xD3B5, 0xD395, 0xD395,
  0xD375, 0xD374, 0xD395, 0xC312, 0xAAB0, 0xEE3A, 0x4228, 0x0000, 0x0000, 0x0000, 0x0000, 0x0000, 0x0000, 0x0000, 0x0000, 0x0000,
  0x0000, 0x0000, 0x0000, 0x0000, 0x0000, 0x0000, 0x0000, 0x0000, 0x0000, 0x0000, 0x0000, 0x0000, 0x0000, 0x0000, 0x0000, 0x0000,
  0x0000, 0x0000, 0x0000, 0x0000, 0x0000, 0x0000, 0x0000, 0x0000, 0x0000, 0x0000, 0x0000, 0x0000, 0x0000, 0x0000, 0x0000, 0x0000,
  0x0000, 0x0000, 0x0000, 0x0000, 0x0000, 0x0000, 0x0000, 0x0000, 0x0000, 0x0000, 0x0000, 0x0000, 0x0000, 0x0000, 0x0000, 0x0000,
  0x0000, 0x0000, 0x0000, 0x0000, 0x0000, 0x0000, 0x0000, 0x0000, 0x0000, 0x0000, 0x0000, 0x0000, 0x0000, 0x0000, 0x0000, 0x0000,
  0x0000, 0x0000, 0x0000, 0x0000, 0x0000, 0x0000, 0x0000, 0x0000, 0x0000, 0x0000, 0x0000, 0x0000, 0x0000, 0x0000, 0x0000, 0x0000,
  0x0000, 0x0000, 0x0000, 0x0000, 0x0000, 0x0000, 0x0000, 0x0000, 0x0000, 0x0000, 0x0000, 0x0000, 0x0000, 0x0000, 0x0000, 0x0000,
  0x0000, 0x0000, 0x0000, 0x0000, 0x0000, 0x0000, 0x0000, 0x0000, 0x0000, 0x0000, 0x0000, 0x0000, 0x0000, 0x0000, 0x0000, 0x0000,
  0x0000, 0x0000, 0x0000, 0x0000, 0x0000, 0x0000, 0x0000, 0x0000, 0x0000, 0x0000, 0x0000, 0x0000, 0x0000, 0x0000, 0x0000, 0x0000,
  0x0000, 0x0000, 0x0000, 0x0000, 0x0000, 0x0000, 0x0000, 0x0000, 0x0000, 0x4227, 0xFF7C, 0xE578, 0xED59, 0xDC36, 0xDC17, 0xDC17,
  0xDC37, 0xDC37, 0xDC37, 0xDC37, 0xDC37, 0xDC17, 0xEC99, 0xE437, 0xA1EF, 0xA9F0, 0xA20B, 0xECC8, 0xFDE3, 0xF605, 0xFECC, 0xFEED,
  0xFEED, 0xFEEC, 0xFEED, 0xFECC, 0xFEED, 0xFEEC, 0xFEED, 0xFECC, 0xFECC, 0xFECC, 0xFECC, 0xFECC, 0xFECC, 0xFECC, 0xF6CC, 0xFEEC,
  0xF6CC, 0xFECC, 0xFECC, 0xFECC, 0xFECC, 0xFECC, 0xFECC, 0xFECC, 0xFECC, 0xF6CB, 0xFECB, 0xF6CB, 0xFECC, 0xF6CB, 0xFECB, 0xF6CB,
  0xFECB, 0xFECB, 0xFECB, 0xFECB, 0xF6AB, 0xFECB, 0xF6AB, 0xFECB, 0xFEAB, 0xFECB, 0xF6CB, 0xFECB, 0xF6CB, 0xFECB, 0xFECB, 0xF6CB,
  0xFECB, 0xFEAB, 0xFECB, 0xF6AB, 0xFECB, 0xF6AA, 0xFECB, 0xF6AA, 0xFECB, 0xFEAB, 0xF6CB, 0xFECB, 0xF6AB, 0xF6CB, 0xF6AA, 0xFECB,
  0xF6AA, 0xFECB, 0xF6AA, 0xFECB, 0xF6AA, 0xFEAB, 0xF6AA, 0xF6AA, 0xFECB, 0xF6AA, 0xF6CB, 0xF6AA, 0xFECB, 0xF6AA, 0xFECB, 0xF6AB,
  0xF6CB, 0xF6CB, 0xFEC9, 0xF666, 0xF643, 0xFE43, 0xF643, 0xFE63, 0xF643, 0xFE63, 0xF643, 0xFE63, 0xF643, 0xF663, 0xF663, 0xF663,
  0xF663, 0xF643, 0xF663, 0xF643, 0xF663, 0xF643, 0xF683, 0xF663, 0xFE63, 0xF663, 0xFE83, 0xF623, 0xED61, 0xF585, 0xCBAC, 0xC2F3,
  0xC2F3, 0xD3D6, 0xECD9, 0xD395, 0xD3B5, 0xD3B5, 0xDBF6, 0x9B53, 0x2A2E, 0x6519, 0x3353, 0x122F, 0x1A90, 0x3394, 0x3BD5, 0x3BB4,
  0x3374, 0x3BD5, 0x3353, 0x122E, 0x2B11, 0x43D5, 0x3BB4, 0x3BD5, 0x3BF6, 0x3374, 0x22D1, 0x31CD, 0xA2F2, 0xD3B6, 0xD395, 0xD395,
  0xD375, 0xD375, 0xD395, 0xC312, 0xA290, 0xEE5A, 0x4248, 0x0000, 0x0000, 0x0000, 0x0000, 0x0000, 0x0000, 0x0000, 0x0000, 0x0000,
  0x0000, 0x0000, 0x0000, 0x0000, 0x0000, 0x0000, 0x0000, 0x0000, 0x0000, 0x0000, 0x0000, 0x0000, 0x0000, 0x0000, 0x0000, 0x0000,
  0x0000, 0x0000, 0x0000, 0x0000, 0x0000, 0x0000, 0x0000, 0x0000, 0x0000, 0x0000, 0x0000, 0x0000, 0x0000, 0x0000, 0x0000, 0x0000,
  0x0000, 0x0000, 0x0000, 0x0000, 0x0000, 0x0000, 0x0000, 0x0000, 0x0000, 0x0000, 0x0000, 0x0000, 0x0000, 0x0000, 0x0000, 0x0000,
  0x0000, 0x0000, 0x0000, 0x0000, 0x0000, 0x0000, 0x0000, 0x0000, 0x0000, 0x0000, 0x0000, 0x0000, 0x0000, 0x0000, 0x0000, 0x0000,
  0x0000, 0x0000, 0x0000, 0x0000, 0x0000, 0x0000, 0x0000, 0x0000, 0x0000, 0x0000, 0x0000, 0x0000, 0x0000, 0x0000, 0x0000, 0x0000,
  0x0000, 0x0000, 0x0000, 0x0000, 0x0000, 0x0000, 0x0000, 0x0000, 0x0000, 0x0000, 0x0000, 0x0000, 0x0000, 0x0000, 0x0000, 0x0000,
  0x0000, 0x0000, 0x0000, 0x0000, 0x0000, 0x0000, 0x0000, 0x0000, 0x0000, 0x0000, 0x0000, 0x0000, 0x0000, 0x0000, 0x0000, 0x0000,
  0x0000, 0x0000, 0x0000, 0x0000, 0x0000, 0x0000, 0x0000, 0x0000, 0x0000, 0x0000, 0x0000, 0x0000, 0x0000, 0x0000, 0x0000, 0x0000,
  0x0000, 0x0000, 0x0000, 0x0000, 0x0000, 0x0000, 0x0000, 0x0000, 0x0000, 0x4227, 0xFF5C, 0xE578, 0xED59, 0xDC37, 0xDC37, 0xDC37,
  0xDC37, 0xDC37, 0xDC37, 0xDC37, 0xDC37, 0xDC17, 0xEC99, 0xE437, 0xA1EF, 0xA9EF, 0xA20B, 0xECE8, 0xFDC3, 0xF605, 0xFECC, 0xFEED,
  0xFEED, 0xFEED, 0xFEED, 0xFEEC, 0xFEEC, 0xFECC, 0xFEEC, 0xFECC, 0xFECC, 0xFEEC, 0xFECC, 0xFECC, 0xFECC, 0xFEEC, 0xFECC, 0xFECC,
  0xFECC, 0xFECC, 0xFECC, 0xFECC, 0xFECB, 0xFECC, 0xFECB, 0xFECC, 0xFECB, 0xF6CB, 0xFECB, 0xFECB, 0xFECB, 0xF6CB, 0xFECB, 0xFECB,
  0xFECB, 0xFECB, 0xFECB, 0xFECB, 0xF6CB, 0xFECB, 0xFEAB, 0xFECB, 0xF6AB, 0xFECB, 0xFECB, 0xFECB, 0xFECB, 0xFECB, 0xF6CB, 0xF6CB,
  0xFECB, 0xFEAB, 0xFECB, 0xF6AB, 0xFECB, 0xFEAA, 0xFECB, 0xF6AB, 0xFECB, 0xF6CB, 0xF6CB, 0xFECB, 0xFECB, 0xF6CB, 0xF6AB, 0xF6CB,
  0xF6AA, 0xFECB, 0xF6AA, 0xF6CB, 0xF6CA, 0xF6CA, 0xF6CA, 0xF6AA, 0xF6CA, 0xF6AA, 0xF6CB, 0xF6AA, 0xF6CB, 0xF6AA, 0xF6CB, 0xF6CB,
  0xFECA, 0xF688, 0xF644, 0xF663, 0xF663, 0xFE63, 0xF643, 0xFE63, 0xF643, 0xFE63, 0xF663, 0xF663, 0xF643, 0xF663, 0xF663, 0xF663,
  0xF663, 0xF663, 0xF663, 0xF663, 0xF663, 0xF663, 0xFE63, 0xF663, 0xF663, 0xF663, 0xFE83, 0xF623, 0xED61, 0xF584, 0xD3CB, 0xC2F2,
  0xC2F4, 0xD3D5, 0xECD9, 0xCB95, 0xD395, 0xD395, 0xDC17, 0x7290, 0x32D1, 0x5CF9, 0x3394, 0x22D2, 0x1A50, 0x1A4F, 0x3374, 0x3BB5,
  0x3395, 0x3394, 0x3BB5, 0x3B94, 0x1A4F, 0x2AF1, 0x43D5, 0x3BD5, 0x3BD5, 0x3374, 0x2AF2, 0x29EE, 0x8250, 0xCB54, 0xD375, 0xD375,
  0xD375, 0xD395, 0xD395, 0xC313, 0xA290, 0xEE5A, 0x4248, 0x0000, 0x0000, 0x0000, 0x0000, 0x0000, 0x0000, 0x0000, 0x0000, 0x0000,
  0x0000, 0x0000, 0x0000, 0x0000, 0x0000, 0x0000, 0x0000, 0x0000, 0x0000, 0x0000, 0x0000, 0x0000, 0x0000, 0x0000, 0x0000, 0x0000,
  0x0000, 0x0000, 0x0000, 0x0000, 0x0000, 0x0000, 0x0000, 0x0000, 0x0000, 0x0000, 0x0000, 0x0000, 0x0000, 0x0000, 0x0000, 0x0000,
  0x0000, 0x0000, 0x0000, 0x0000, 0x0000, 0x0000, 0x0000, 0x0000, 0x0000, 0x0000, 0x0000, 0x0000, 0x0000, 0x0000, 0x0000, 0x0000,
  0x0000, 0x0000, 0x0000, 0x0000, 0x0000, 0x0000, 0x0000, 0x0000, 0x0000, 0x0000, 0x0000, 0x0000, 0x0000, 0x0000, 0x0000, 0x0000,
  0x0000, 0x0000, 0x0000, 0x0000, 0x0000, 0x0000, 0x0000, 0x0000, 0x0000, 0x0000, 0x0000, 0x0000, 0x0000, 0x0000, 0x0000, 0x0000,
  0x0000, 0x0000, 0x0000, 0x0000, 0x0000, 0x0000, 0x0000, 0x0000, 0x0000, 0x0000, 0x0000, 0x0000, 0x0000, 0x0000, 0x0000, 0x0000,
  0x0000, 0x0000, 0x0000, 0x0000, 0x0000, 0x0000, 0x0000, 0x0000, 0x0000, 0x0000, 0x0000, 0x0000, 0x0000, 0x0000, 0x0000, 0x0000,
  0x0000, 0x0000, 0x0000, 0x0000, 0x0000, 0x0000, 0x0000, 0x0000, 0x0000, 0x0000, 0x0000, 0x0000, 0x0000, 0x0000, 0x0000, 0x0000,
  0x0000, 0x0000, 0x0000, 0x0000, 0x0000, 0x0000, 0x0000, 0x0000, 0x0000, 0x4227, 0xFF7C, 0xE579, 0xED5A, 0xDC17, 0xDC17, 0xDC17,
  0xDC17, 0xDC17, 0xDC17, 0xDC17, 0xDC17, 0xDC17, 0xEC99, 0xDC37, 0xA1F0, 0xA9EF, 0xA22B, 0xED07, 0xFDC3, 0xF606, 0xFEEC, 0xFEED,
  0xFEED, 0xFECC, 0xFECC, 0xFECC, 0xFECC, 0xFECC, 0xFECC, 0xFECC, 0xFECC, 0xFECC, 0xFECC, 0xFEEC, 0xFECC, 0xFECC, 0xFECC, 0xFECC,
  0xFECB, 0xFECC, 0xF6CB, 0xFECC, 0xFECB, 0xFECB, 0xFECB, 0xFECB, 0xFECB, 0xFECB, 0xFECB, 0xF6CB, 0xFECB, 0xFECB, 0xFECB, 0xFECB,
  0xFECB, 0xFECB, 0xFEAB, 0xFECB, 0xFECB, 0xFECB, 0xFEAB, 0xFECB, 0xFEAB, 0xFECB, 0xFEAB, 0xFEAB, 0xFEAB, 0xFECB, 0xFECB, 0xF6CB,
  0xF6CB, 0xF6AB, 0xFECB, 0xFECA, 0xFECB, 0xFECA, 0xFECB, 0xF6CA, 0xF6CB, 0xFECB, 0xFECB, 0xF6CB, 0xFEAA, 0xFECB, 0xF6AA, 0xFECB,
  0xFEAA, 0xFECB, 0xF6AA, 0xFECA, 0xF6AA, 0xF6CA, 0xF6CA, 0xF6AB, 0xFECB, 0xF6AA, 0xFECB, 0xF6AA, 0xFECB, 0xF6AA, 0xFECB, 0xF6A9,
  0xF686, 0xF643, 0xFE63, 0xFE63, 0xF663, 0xFE63, 0xF643, 0xFE63, 0xF643, 0xF663, 0xF643, 0xFE63, 0xF643, 0xF663, 0xF663, 0xF663,
  0xF663, 0xF663, 0xF663, 0xF663, 0xFE63, 0xF663, 0xFE63, 0xF643, 0xFE63, 0xF663, 0xFE83, 0xF623, 0xED81, 0xFD85, 0xD3CB, 0xC2F2,
  0xC314, 0xD3D6, 0xECD9, 0xCB95, 0xD395, 0xD375, 0xD3F7, 0x624F, 0x32D1, 0x5CB8, 0x3394, 0x3394, 0x2AF3, 0x1A50, 0x120E, 0x3353,
  0x3BD6, 0x33B5, 0x33B5, 0x3BB5, 0x3BD5, 0x2290, 0x2290, 0x43F5, 0x4416, 0x3374, 0x22D2, 0x21EE, 0x722F, 0xBAF3, 0xD375, 0xD374,
  0xD375, 0xD375, 0xD375, 0xBAF2, 0xA290, 0xEE59, 0x4248, 0x0000, 0x0000, 0x0000, 0x0000, 0x0000, 0x0000, 0x0000, 0x0000, 0x0000,
  0x0000, 0x0000, 0x0000, 0x0000, 0x0000, 0x0000, 0x0000, 0x0000, 0x0000, 0x0000, 0x0000, 0x0000, 0x0000, 0x0000, 0x0000, 0x0000,
  0x0000, 0x0000, 0x0000, 0x0000, 0x0000, 0x0000, 0x0000, 0x0000, 0x0000, 0x0000, 0x0000, 0x0000, 0x0000, 0x0000, 0x0000, 0x0000,
  0x0000, 0x0000, 0x0000, 0x0000, 0x0000, 0x0000, 0x0000, 0x0000, 0x0000, 0x0000, 0x0000, 0x0000, 0x0000, 0x0000, 0x0000, 0x0000,
  0x0000, 0x0000, 0x0000, 0x0000, 0x0000, 0x0000, 0x0000, 0x0000, 0x0000, 0x0000, 0x0000, 0x0000, 0x0000, 0x0000, 0x0000, 0x0000,
  0x0000, 0x0000, 0x0000, 0x0000, 0x0000, 0x0000, 0x0000, 0x0000, 0x0000, 0x0000, 0x0000, 0x0000, 0x0000, 0x0000, 0x0000, 0x0000,
  0x0000, 0x0000, 0x0000, 0x0000, 0x0000, 0x0000, 0x0000, 0x0000, 0x0000, 0x0000, 0x0000, 0x0000, 0x0000, 0x0000, 0x0000, 0x0000,
  0x0000, 0x0000, 0x0000, 0x0000, 0x0000, 0x0000, 0x0000, 0x0000, 0x0000, 0x0000, 0x0000, 0x0000, 0x0000, 0x0000, 0x0000, 0x0000,
  0x0000, 0x0000, 0x0000, 0x0000, 0x0000, 0x0000, 0x0000, 0x0000, 0x0000, 0x0000, 0x0000, 0x0000, 0x0000, 0x0000, 0x0000, 0x0000,
  0x0000, 0x0000, 0x0000, 0x0000, 0x0000, 0x0000, 0x0000, 0x0000, 0x0000, 0x4227, 0xFF5C, 0xE578, 0xED39, 0xD416, 0xDC17, 0xDBF6,
  0xDC17, 0xDC17, 0xDC17, 0xDC17, 0xDC17, 0xDC17, 0xE499, 0xDC37, 0xA1F0, 0xA1EF, 0xAA2A, 0xED07, 0xFDC3, 0xF606, 0xFECB, 0xFECC,
  0xFECC, 0xFECC, 0xFECC, 0xF6CC, 0xFECC, 0xFECC, 0xFECC, 0xF6CC, 0xFECC, 0xFECC, 0xFECB, 0xFECC, 0xFECC, 0xFECC, 0xFECB, 0xFECC,
  0xF6AB, 0xFECC, 0xF6CB, 0xFECB, 0xFECB, 0xFECB, 0xFECB, 0xF6AB, 0xFECB, 0xFEAB, 0xFECB, 0xF6AB, 0xFECB, 0xFEAB, 0xFECB, 0xFEAB,
  0xFECB, 0xFECB, 0xFECB, 0xFECB, 0xF6AB, 0xFECB, 0xFEAB, 0xFECB, 0xFEAB, 0xFECB, 0xF6AB, 0xFECB, 0xFEAB, 0xFECB, 0xFECA, 0xF6CA,
  0xFECB, 0xFEAA, 0xFECB, 0xF6AA, 0xF6CB, 0xF6AA, 0xFECA, 0xF6AA, 0xF6CA, 0xFEAA, 0xFEAB, 0xF6CB, 0xF6AA, 0xFEAB, 0xF6AA, 0xFECB,
  0xF6AA, 0xFECA, 0xF6AA, 0xFECA, 0xFEAA, 0xFEAA, 0xF6AA, 0xF6AA, 0xFECB, 0xF6AA, 0xF6CA, 0xF6AA, 0xFECA, 0xFEA9, 0xFE87, 0xF644,
  0xF663, 0xFE43, 0xF663, 0xFE63, 0xF643, 0xFE63, 0xF643, 0xFE63, 0xF643, 0xF663, 0xF643, 0xFE64, 0xF643, 0xF663, 0xF663, 0xF663,
  0xF663, 0xF643, 0xF663, 0xF643, 0xF663, 0xF643, 0xFE63, 0xF643, 0xF663, 0xF643, 0xF663, 0xFE23, 0xED81, 0xF585, 0xD3EB, 0xC312,
  0xC314, 0xD3D6, 0xECD9, 0xCB95, 0xD375, 0xD375, 0xD3B6, 0x6A4F, 0x226F, 0x5477, 0x3394, 0x3394, 0x3BB5, 0x2B13, 0x1A71, 0x120F,
  0x2AF2, 0x3BD6, 0x33B5, 0x33B5, 0x33B5, 0x3BD5, 0x22D1, 0x1A6F, 0x3BB5, 0x3374, 0x22B1, 0x21CD, 0x720F, 0xBAD2, 0xD375, 0xD354,
  0xD375, 0xD355, 0xD375, 0xC2F2, 0xA270, 0xEE39, 0x4248, 0x0000, 0x0000, 0x0000, 0x0000, 0x0000, 0x0000, 0x0000, 0x0000, 0x0000,
  0x0000, 0x0000, 0x0000, 0x0000, 0x0000, 0x0000, 0x0000, 0x0000, 0x0000, 0x0000, 0x0000, 0x0000, 0x0000, 0x0000, 0x0000, 0x0000,
  0x0000, 0x0000, 0x0000, 0x0000, 0x0000, 0x0000, 0x0000, 0x0000, 0x0000, 0x0000, 0x0000, 0x0000, 0x0000, 0x0000, 0x0000, 0x0000,
  0x0000, 0x0000, 0x0000, 0x0000, 0x0000, 0x0000, 0x0000, 0x0000, 0x0000, 0x0000, 0x0000, 0x0000, 0x0000, 0x0000, 0x0000, 0x0000,
  0x0000, 0x0000, 0x0000, 0x0000, 0x0000, 0x0000, 0x0000, 0x0000, 0x0000, 0x0000, 0x0000, 0x0000, 0x0000, 0x0000, 0x0000, 0x0000,
  0x0000, 0x0000, 0x0000, 0x0000, 0x0000, 0x0000, 0x0000, 0x0000, 0x0000, 0x0000, 0x0000, 0x0000, 0x0000, 0x0000, 0x0000, 0x0000,
  0x0000, 0x0000, 0x0000, 0x0000, 0x0000, 0x0000, 0x0000, 0x0000, 0x0000, 0x0000, 0x0000, 0x0000, 0x0000, 0x0000, 0x0000, 0x0000,
  0x0000, 0x0000, 0x0000, 0x0000, 0x0000, 0x0000, 0x0000, 0x0000, 0x0000, 0x0000, 0x0000, 0x0000, 0x0000, 0x0000, 0x0000, 0x0000,
  0x0000, 0x0000, 0x0000, 0x0000, 0x0000, 0x0000, 0x0000, 0x0000, 0x0000, 0x0000, 0x0000, 0x0000, 0x0000, 0x0000, 0x0000, 0x0000,
  0x0000, 0x0000, 0x0000, 0x0000, 0x0000, 0x0000, 0x0000, 0x0000, 0x0000, 0x4227, 0xFF5C, 0xE579, 0xED39, 0xDBF6, 0xDC17, 0xDBF7,
  0xDC17, 0xDC17, 0xDC17, 0xDC17, 0xDC37, 0xDC17, 0xEC99, 0xDC17, 0xA1F0, 0xA9EF, 0xAA2A, 0xED07, 0xFDC3, 0xF606, 0xFECB, 0xFEEC,
  0xFECC, 0xFECC, 0xFEEC, 0xFECC, 0xFECC, 0xFECC, 0xFECC, 0xFECB, 0xFECB, 0xFECC, 0xFECB, 0xFECB, 0xFECB, 0xFECB, 0xFECB, 0xFECC,
  0xFECB, 0xFECB, 0xFECB, 0xFECB, 0xFECB, 0xFECB, 0xFECB, 0xFEAB, 0xFECB, 0xFECB, 0xFECB, 0xFECB, 0xFECB, 0xFECB, 0xFECB, 0xFEAB,
  0xFECB, 0xFECB, 0xF6CB, 0xFECB, 0xFEAB, 0xF6CB, 0xF6AB, 0xFECB, 0xFEAB, 0xFECB, 0xF6AA, 0xFECA, 0xFECA, 0xFECB, 0xFECB, 0xF6CA,
  0xF6CA, 0xFEAA, 0xFECA, 0xF6CA, 0xFECA, 0xFEAA, 0xFECB, 0xFECA, 0xFECA, 0xFECA, 0xFECA, 0xFECB, 0xFEAA, 0xFECB, 0xFECA, 0xFECB,
  0xFEAA, 0xFECA, 0xFEAA, 0xFECA, 0xFEAB, 0xFECB, 0xFECA, 0xFEAA, 0xF6CA, 0xF6AA, 0xF6CB, 0xFECA, 0xFE87, 0xF644, 0xF663, 0xFE43,
  0xFE63, 0xF663, 0xF663, 0xFE63, 0xF663, 0xFE63, 0xF663, 0xFE64, 0xF663, 0xF663, 0xF663, 0xFE63, 0xF663, 0xF663, 0xF663, 0xF663,
  0xF663, 0xF663, 0xF663, 0xF663, 0xF663, 0xF663, 0xF663, 0xF663, 0xF663, 0xF663, 0xFE83, 0xF623, 0xED62, 0xFD85, 0xDC0B, 0xC312,
  0xC314, 0xD3D6, 0xECD9, 0xCB75, 0xD375, 0xD354, 0xD3B6, 0x8AD1, 0x19CD, 0x4C36, 0x3BD5, 0x3374, 0x33D5, 0x3BF6, 0x3354, 0x22B2,
  0x122F, 0x22B1, 0x3BD6, 0x3BB5, 0x33B5, 0x33B5, 0x3BD6, 0x2B12, 0x1A4F, 0x2AF2, 0x2290, 0x31CD, 0x8A50, 0xC2D3, 0xD375, 0xD355,
  0xD354, 0xD354, 0xD374, 0xBAF2, 0xA26F, 0xEE19, 0x4228, 0x0000, 0x0000, 0x0000, 0x0000, 0x0000, 0x0000, 0x0000, 0x0000, 0x0000,
  0x0000, 0x0000, 0x0000, 0x0000, 0x0000, 0x0000, 0x0000, 0x0000, 0x0000, 0x0000, 0x0000, 0x0000, 0x0000, 0x0000, 0x0000, 0x0000,
  0x0000, 0x0000, 0x0000, 0x0000, 0x0000, 0x0000, 0x0000, 0x0000, 0x0000, 0x0000, 0x0000, 0x0000, 0x0000, 0x0000, 0x0000, 0x0000,
  0x0000, 0x0000, 0x0000, 0x0000, 0x0000, 0x0000, 0x0000, 0x0000, 0x0000, 0x0000, 0x0000, 0x0000, 0x0000, 0x0000, 0x0000, 0x0000,
  0x0000, 0x0000, 0x0000, 0x0000, 0x0000, 0x0000, 0x0000, 0x0000, 0x0000, 0x0000, 0x0000, 0x0000, 0x0000, 0x0000, 0x0000, 0x0000,
  0x0000, 0x0000, 0x0000, 0x0000, 0x0000, 0x0000, 0x0000, 0x0000, 0x0000, 0x0000, 0x0000, 0x0000, 0x0000, 0x0000, 0x0000, 0x0000,
  0x0000, 0x0000, 0x0000, 0x0000, 0x0000, 0x0000, 0x0000, 0x0000, 0x0000, 0x0000, 0x0000, 0x0000, 0x0000, 0x0000, 0x0000, 0x0000,
  0x0000, 0x0000, 0x0000, 0x0000, 0x0000, 0x0000, 0x0000, 0x0000, 0x0000, 0x0000, 0x0000, 0x0000, 0x0000, 0x0000, 0x0000, 0x0000,
  0x0000, 0x0000, 0x0000, 0x0000, 0x0000, 0x0000, 0x0000, 0x0000, 0x0000, 0x0000, 0x0000, 0x0000, 0x0000, 0x0000, 0x0000, 0x0000,
  0x0000, 0x0000, 0x0000, 0x0000, 0x0000, 0x0000, 0x0000, 0x0000, 0x0000, 0x4227, 0xFF5C, 0xE559, 0xED39, 0xD416, 0xDBF7, 0xDC17,
  0xDBF7, 0xDBF7, 0xDC17, 0xDC17, 0xDC17, 0xDBF6, 0xE499, 0xE438, 0xA1F0, 0xA9F0, 0xAA2B, 0xED07, 0xFDC3, 0xF626, 0xFECB, 0xFECC,
  0xFECC, 0xFECC, 0xFECC, 0xFECC, 0xFECC, 0xF6CB, 0xFECC, 0xFECB, 0xFECC, 0xFECB, 0xFECB, 0xFECB, 0xF6AB, 0xFECB, 0xF6AB, 0xFECB,
  0xF6AB, 0xFECB, 0xF6AB, 0xFECB, 0xF6AB, 0xFECB, 0xFEAB, 0xF6AB, 0xFECB, 0xFEAB, 0xFECB, 0xF6AB, 0xFECB, 0xFEAB, 0xFECB, 0xFEAB,
  0xFEAB, 0xF6AB, 0xFEAB, 0xFEAB, 0xF6AB, 0xFECB, 0xF6AA, 0xFECB, 0xF6AA, 0xFECB, 0xFEAA, 0xFECA, 0xFEAA, 0xFECA, 0xFEAA, 0xF6CA,
  0xF6CA, 0xF6AA, 0xFECA, 0xF6AA, 0xFECA, 0xF6AA, 0xFECA, 0xF6AA, 0xFEAA, 0xF6AA, 0xFEAA, 0xF6AA, 0xFEAA, 0xFECA, 0xF6AA, 0xFECA,
  0xF6AA, 0xFECA, 0xF6AA, 0xFEAA, 0xFEAA, 0xFEAA, 0xFEAA, 0xF6AA, 0xF6CC, 0xFEEC, 0xFECA, 0xF645, 0xF643, 0xF643, 0xFE63, 0xF643,
  0xFE63, 0xF643, 0xF643, 0xF643, 0xF643, 0xFE63, 0xF643, 0xFE63, 0xF643, 0xFE63, 0xF643, 0xFE63, 0xF643, 0xF663, 0xF663, 0xF663,
  0xF663, 0xF643, 0xF663, 0xF643, 0xFE63, 0xF643, 0xF663, 0xF643, 0xFE63, 0xF643, 0xFE63, 0xFE43, 0xED82, 0xF585, 0xDC0B, 0xC313,
  0xC314, 0xD3D6, 0xECD9, 0xCB74, 0xCB55, 0xCB55, 0xD375, 0xBB75, 0x31AD, 0x2AF1, 0x4C57, 0x33B4, 0x3BD5, 0x3BF5, 0x3BF6, 0x3395,
  0x22D2, 0x122F, 0x2291, 0x3B95, 0x3B95, 0x3375, 0x3374, 0x3BB5, 0x3332, 0x1A2F, 0x19ED, 0x5A0E, 0xA271, 0xCB14, 0xD375, 0xD355,
  0xD355, 0xD354, 0xD375, 0xBAF2, 0xA26F, 0xEE39, 0x4228, 0x0000, 0x0000, 0x0000, 0x0000, 0x0000, 0x0000, 0x0000, 0x0000, 0x0000,
  0x0000, 0x0000, 0x0000, 0x0000, 0x0000, 0x0000, 0x0000, 0x0000, 0x0000, 0x0000, 0x0000, 0x0000, 0x0000, 0x0000, 0x0000, 0x0000,
  0x0000, 0x0000, 0x0000, 0x0000, 0x0000, 0x0000, 0x0000, 0x0000, 0x0000, 0x0000, 0x0000, 0x0000, 0x0000, 0x0000, 0x0000, 0x0000,
  0x0000, 0x0000, 0x0000, 0x0000, 0x0000, 0x0000, 0x0000, 0x0000, 0x0000, 0x0000, 0x0000, 0x0000, 0x0000, 0x0000, 0x0000, 0x0000,
  0x0000, 0x0000, 0x0000, 0x0000, 0x0000, 0x0000, 0x0000, 0x0000, 0x0000, 0x0000, 0x0000, 0x0000, 0x0000, 0x0000, 0x0000, 0x0000,
  0x0000, 0x0000, 0x0000, 0x0000, 0x0000, 0x0000, 0x0000, 0x0000, 0x0000, 0x0000, 0x0000, 0x0000, 0x0000, 0x0000, 0x0000, 0x0000,
  0x0000, 0x0000, 0x0000, 0x0000, 0x0000, 0x0000, 0x0000, 0x0000, 0x0000, 0x0000, 0x0000, 0x0000, 0x0000, 0x0000, 0x0000, 0x0000,
  0x0000, 0x0000, 0x0000, 0x0000, 0x0000, 0x0000, 0x0000, 0x0000, 0x0000, 0x0000, 0x0000, 0x0000, 0x0000, 0x0000, 0x0000, 0x0000,
  0x0000, 0x0000, 0x0000, 0x0000, 0x0000, 0x0000, 0x0000, 0x0000, 0x0000, 0x0000, 0x0000, 0x0000, 0x0000, 0x0000, 0x0000, 0x0000,
  0x0000, 0x0000, 0x0000, 0x0000, 0x0000, 0x0000, 0x0000, 0x0000, 0x0000, 0x4227, 0xFF5C, 0xE558, 0xED19, 0xD3F6, 0xDBF6, 0xDBF6,
  0xDC17, 0xDC17, 0xDC17, 0xDC17, 0xDC17, 0xDBF7, 0xE499, 0xE438, 0xA1F0, 0xA9F0, 0xAA2B, 0xED07, 0xFDE3, 0xF605, 0xFECB, 0xF6CB,
  0xFECC, 0xFECB, 0xFECB, 0xFECC, 0xFEEC, 0xF6CB, 0xFECC, 0xF6CB, 0xFECC, 0xFECB, 0xFECB, 0xFECB, 0xF6CB, 0xFECB, 0xFEAB, 0xFECB,
  0xF6CB, 0xFECB, 0xFEAB, 0xFECB, 0xFEAB, 0xFECB, 0xFECB, 0xF6AB, 0xF6CB, 0xFEAB, 0xFECB, 0xFEAB, 0xFECB, 0xFEAB, 0xFEAB, 0xFEAB,
  0xFECB, 0xF6AB, 0xFECB, 0xFECB, 0xFEAB, 0xFECA, 0xFEAA, 0xFEAA, 0xFEAA, 0xFECA, 0xFEAA, 0xFECA, 0xFEAA, 0xFECA, 0xFEAA, 0xFEAA,
  0xFEAA, 0xFEAA, 0xFEAA, 0xF6AA, 0xFEAA, 0xF6AA, 0xFEAA, 0xF6AA, 0xFEAA, 0xFEAA, 0xF6AA, 0xFEAA, 0xFEAA, 0xFEAA, 0xF6AA, 0xFECA,
  0xF6AA, 0xFEAA, 0xF6AA, 0xFEAA, 0xF6AA, 0xF6AA, 0xF6CC, 0xFF0E, 0xF70C, 0xF688, 0xF644, 0xF642, 0xFE63, 0xF643, 0xFE63, 0xF643,
  0xF663, 0xF643, 0xF663, 0xF663, 0xF663, 0xFE63, 0xF643, 0xF663, 0xF663, 0xFE63, 0xF643, 0xFE63, 0xF663, 0xF663, 0xF663, 0xF663,
  0xF663, 0xF663, 0xF663, 0xF643, 0xFE63, 0xF663, 0xF663, 0xF643, 0xF663, 0xF643, 0xFE63, 0xFE23, 0xED61, 0xFD85, 0xD3EB, 0xC312,
  0xC314, 0xD3B6, 0xECB9, 0xCB74, 0xD355, 0xCB54, 0xD354, 0xD375, 0x8AD2, 0x19CD, 0x3353, 0x3BB5, 0x3395, 0x3BF6, 0x3BF6, 0x4416,
  0x3B95, 0x22D2, 0x122F, 0x1A50, 0x3333, 0x3354, 0x2B33, 0x2B33, 0x3B95, 0x2270, 0x39CD, 0x9A71, 0xB291, 0xD374, 0xD354, 0xD354,
  0xCB54, 0xCB54, 0xCB54, 0xBAF2, 0xA26F, 0xEE39, 0x4248, 0x0000, 0x0000, 0x0000, 0x0000, 0x0000, 0x0000, 0x0000, 0x0000, 0x0000,
  0x0000, 0x0000, 0x0000, 0x0000, 0x0000, 0x0000, 0x0000, 0x0000, 0x0000, 0x0000, 0x0000, 0x0000, 0x0000, 0x0000, 0x0000, 0x0000,
  0x0000, 0x0000, 0x0000, 0x0000, 0x0000, 0x0000, 0x0000, 0x0000, 0x0000, 0x0000, 0x0000, 0x0000, 0x0000, 0x0000, 0x0000, 0x0000,
  0x0000, 0x0000, 0x0000, 0x0000, 0x0000, 0x0000, 0x0000, 0x0000, 0x0000, 0x0000, 0x0000, 0x0000, 0x0000, 0x0000, 0x0000, 0x0000,
  0x0000, 0x0000, 0x0000, 0x0000, 0x0000, 0x0000, 0x0000, 0x0000, 0x0000, 0x0000, 0x0000, 0x0000, 0x0000, 0x0000, 0x0000, 0x0000,
  0x0000, 0x0000, 0x0000, 0x0000, 0x0000, 0x0000, 0x0000, 0x0000, 0x0000, 0x0000, 0x0000, 0x0000, 0x0000, 0x0000, 0x0000, 0x0000,
  0x0000, 0x0000, 0x0000, 0x0000, 0x0000, 0x0000, 0x0000, 0x0000, 0x0000, 0x0000, 0x0000, 0x0000, 0x0000, 0x0000, 0x0000, 0x0000,
  0x0000, 0x0000, 0x0000, 0x0000, 0x0000, 0x0000, 0x0000, 0x0000, 0x0000, 0x0000, 0x0000, 0x0000, 0x0000, 0x0000, 0x0000, 0x0000,
  0x0000, 0x0000, 0x0000, 0x0000, 0x0000, 0x0000, 0x0000, 0x0000, 0x0000, 0x0000, 0x0000, 0x0000, 0x0000, 0x0000, 0x0000, 0x0000,
  0x0000, 0x0000, 0x0000, 0x0000, 0x0000, 0x0000, 0x0000, 0x0000, 0x0000, 0x4227, 0xFF5C, 0xDD58, 0xED19, 0xD3F6, 0xDBF7, 0xDBF7,
  0xDBF7, 0xDBF7, 0xDC17, 0xDC17, 0xDC17, 0xDBF6, 0xE499, 0xE437, 0xA1F0, 0xA9F0, 0xAA2B, 0xED07, 0xF5C3, 0xF605, 0xFECB, 0xFECB,
  0xFECB, 0xFECB, 0xFECC, 0xF6CB, 0xFECC, 0xFECB, 0xFECB, 0xFECB, 0xFECC, 0xFECB, 0xFECB, 0xFECB, 0xF6CB, 0xFECB, 0xFEAB, 0xFECB,
  0xF6AB, 0xFECB, 0xFEAB, 0xFECB, 0xFEAB, 0xFEAB, 0xFECB, 0xFEAB, 0xFEAB, 0xFEAB, 0xFECB, 0xFEAB, 0xFEAB, 0xFEAB, 0xFEAB, 0xFEAB,
  0xFEAB, 0xFEAA, 0xFEAA, 0xFECA, 0xFEAA, 0xFECA, 0xFEAA, 0xFECA, 0xFEAA, 0xFECA, 0xFEAA, 0xFEAA, 0xFEAA, 0xFECA, 0xFEAA, 0xFEAA,
  0xFECA, 0xFEAA, 0xFEAA, 0xFEAA, 0xFEAA, 0xF6AA, 0xFEAA, 0xFEAA, 0xFEAA, 0xFEAA, 0xFEAA, 0xFEAA, 0xFEAA, 0xFEAA, 0xF6AA, 0xFECA,
  0xFEAA, 0xFEAA, 0xF6AA, 0xF6AB, 0xF6ED, 0xFF0F, 0xFF0E, 0xF6A9, 0xF645, 0xF643, 0xFE63, 0xF643, 0xFE63, 0xF643, 0xFE63, 0xF663,
  0xF663, 0xF643, 0xF663, 0xF663, 0xF663, 0xFE63, 0xF643, 0xFE63, 0xF663, 0xFE63, 0xF643, 0xFE63, 0xF663, 0xFE63, 0xF663, 0xF663,
  0xF663, 0xF643, 0xF663, 0xF663, 0xF663, 0xF663, 0xF663, 0xF663, 0xF663, 0xF643, 0xFE63, 0xFE23, 0xED61, 0xF584, 0xD3EA, 0xC2F2,
  0xC2F4, 0xD3B6, 0xECB9, 0xCB75, 0xD355, 0xD375, 0xD375, 0xD374, 0xCBB5, 0x7AB1, 0x21CE, 0x2291, 0x2B13, 0x3374, 0x3BB5, 0x3BD5,
  0x43F5, 0x3B94, 0x2AD2, 0x1A4F, 0x1A2F, 0x2AF2, 0x3354, 0x3313, 0x2250, 0x41EE, 0x9291, 0xAA51, 0xCB54, 0xD375, 0xD354, 0xD355,
  0xD354, 0xD354, 0xD375, 0xBAD2, 0xA26F, 0xE619, 0x4228, 0x0000, 0x0000, 0x0000, 0x0000, 0x0000, 0x0000, 0x0000, 0x0000, 0x0000,
  0x0000, 0x0000, 0x0000, 0x0000, 0x0000, 0x0000, 0x0000, 0x0000, 0x0000, 0x0000, 0x0000, 0x0000, 0x0000, 0x0000, 0x0000, 0x0000,
  0x0000, 0x0000, 0x0000, 0x0000, 0x0000, 0x0000, 0x0000, 0x0000, 0x0000, 0x0000, 0x0000, 0x0000, 0x0000, 0x0000, 0x0000, 0x0000,
  0x0000, 0x0000, 0x0000, 0x0000, 0x0000, 0x0000, 0x0000, 0x0000, 0x0000, 0x0000, 0x0000, 0x0000, 0x0000, 0x0000, 0x0000, 0x0000,
  0x0000, 0x0000, 0x0000, 0x0000, 0x0000, 0x0000, 0x0000, 0x0000, 0x0000, 0x0000, 0x0000, 0x0000, 0x0000, 0x0000, 0x0000, 0x0000,
  0x0000, 0x0000, 0x0000, 0x0000, 0x0000, 0x0000, 0x0000, 0x0000, 0x0000, 0x0000, 0x0000, 0x0000, 0x0000, 0x0000, 0x0000, 0x0000,
  0x0000, 0x0000, 0x0000, 0x0000, 0x0000, 0x0000, 0x0000, 0x0000, 0x0000, 0x0000, 0x0000, 0x0000, 0x0000, 0x0000, 0x0000, 0x0000,
  0x0000, 0x0000, 0x0000, 0x0000, 0x0000, 0x0000, 0x0000, 0x0000, 0x0000, 0x0000, 0x0000, 0x0000, 0x0000, 0x0000, 0x0000, 0x0000,
  0x0000, 0x0000, 0x0000, 0x0000, 0x0000, 0x0000, 0x0000, 0x0000, 0x0000, 0x0000, 0x0000, 0x0000, 0x0000, 0x0000, 0x0000, 0x0000,
  0x0000, 0x0000, 0x0000, 0x0000, 0x0000, 0x0000, 0x0000, 0x0000, 0x0000, 0x4227, 0xFF7C, 0xDD58, 0xED19, 0xD3F6, 0xDBF6, 0xDBF7,
  0xDBF6, 0xDBF7, 0xDBF6, 0xDBF6, 0xDBF6, 0xD3D6, 0xE478, 0xE438, 0xA1F0, 0xAA10, 0xAA0B, 0xECE7, 0xFDC3, 0xF605, 0xFEAA, 0xFECB,
  0xFECB, 0xF6AB, 0xFECC, 0xF6AB, 0xFECC, 0xF6AB, 0xFECB, 0xFECB, 0xFECB, 0xFEAB, 0xFEAB, 0xFECB, 0xF6AB, 0xFECB, 0xF6AB, 0xFECB,
  0xF6AB, 0xF6CB, 0xF6AB, 0xFECB, 0xF6AB, 0xFEAB, 0xFEAB, 0xF6AB, 0xFEAB, 0xFEAB, 0xFEAB, 0xF6AB, 0xFECB, 0xFEAA, 0xFEAB, 0xF6AA,
  0xFEAA, 0xFEAA, 0xFEAA, 0xFEAA, 0xF6AA, 0xFECA, 0xF6AA, 0xFECA, 0xF6AA, 0xFECA, 0xF6AA, 0xFEAA, 0xFEAA, 0xFEAA, 0xFEAA, 0xFEAA,
  0xFEAA, 0xFEAA, 0xFEAA, 0xF6AA, 0xFEAA, 0xF6AA, 0xFEAA, 0xF6AA, 0xFEAA, 0xF6AA, 0xFEAA, 0xFEAA, 0xFEAA, 0xFEAA, 0xF6A9, 0xFEA9,
  0xF689, 0xF6AB, 0xF6ED, 0xFF2F, 0xF70E, 0xF6A9, 0xF645, 0xF643, 0xFE63, 0xF643, 0xF663, 0xF643, 0xF663, 0xF643, 0xFE63, 0xF643,
  0xF663, 0xF643, 0xF663, 0xF663, 0xF643, 0xF663, 0xF643, 0xFE63, 0xF643, 0xFE63, 0xF643, 0xFE63, 0xF643, 0xF663, 0xF663, 0xF663,
  0xF663, 0xF643, 0xF663, 0xF643, 0xF663, 0xF643, 0xFE63, 0xF643, 0xF663, 0xF643, 0xFE63, 0xF622, 0xED61, 0xF584, 0xD3AB, 0xC2F3,
  0xC2F4, 0xD3B6, 0xECD9, 0xCB75, 0xD375, 0xD375, 0xD375, 0xD375, 0xD395, 0xCBB5, 0x8AB2, 0x41EE, 0x220F, 0x2270, 0x22B1, 0x2AF2,
  0x2B12, 0x3333, 0x3313, 0x2AF2, 0x2270, 0x1A0E, 0x224F, 0x29EE, 0x5A0F, 0x9A71, 0xAA51, 0xC333, 0xD395, 0xD374, 0xD374, 0xD375,
  0xD374, 0xD354, 0xD375, 0xBAD2, 0xA24F, 0xE619, 0x4248, 0x0000, 0x0000, 0x0000, 0x0000, 0x0000, 0x0000, 0x0000, 0x0000, 0x0000,
  0x0000, 0x0000, 0x0000, 0x0000, 0x0000, 0x0000, 0x0000, 0x0000, 0x0000, 0x0000, 0x0000, 0x0000, 0x0000, 0x0000, 0x0000, 0x0000,
  0x0000, 0x0000, 0x0000, 0x0000, 0x0000, 0x0000, 0x0000, 0x0000, 0x0000, 0x0000, 0x0000, 0x0000, 0x0000, 0x0000, 0x0000, 0x0000,
  0x0000, 0x0000, 0x0000, 0x0000, 0x0000, 0x0000, 0x0000, 0x0000, 0x0000, 0x0000, 0x0000, 0x0000, 0x0000, 0x0000, 0x0000, 0x0000,
  0x0000, 0x0000, 0x0000, 0x0000, 0x0000, 0x0000, 0x0000, 0x0000, 0x0000, 0x0000, 0x0000, 0x0000, 0x0000, 0x0000, 0x0000, 0x0000,
  0x0000, 0x0000, 0x0000, 0x0000, 0x0000, 0x0000, 0x0000, 0x0000, 0x0000, 0x0000, 0x0000, 0x0000, 0x0000, 0x0000, 0x0000, 0x0000,
  0x0000, 0x0000, 0x0000, 0x0000, 0x0000, 0x0000, 0x0000, 0x0000, 0x0000, 0x0000, 0x0000, 0x0000, 0x0000, 0x0000, 0x0000, 0x0000,
  0x0000, 0x0000, 0x0000, 0x0000, 0x0000, 0x0000, 0x0000, 0x0000, 0x0000, 0x0000, 0x0000, 0x0000, 0x0000, 0x0000, 0x0000, 0x0000,
  0x0000, 0x0000, 0x0000, 0x0000, 0x0000, 0x0000, 0x0000, 0x0000, 0x0000, 0x0000, 0x0000, 0x0000, 0x0000, 0x0000, 0x0000, 0x0000,
  0x0000, 0x0000, 0x0000, 0x0000, 0x0000, 0x0000, 0x0000, 0x0000, 0x0000, 0x4227, 0xFF5C, 0xE558, 0xED19, 0xDBF6, 0xDBF6, 0xDBF7,
  0xDBF7, 0xDBF7, 0xDC17, 0xDC17, 0xDC17, 0xDBF7, 0xE478, 0xE437, 0xA210, 0xAA10, 0xA20B, 0xECC8, 0xFDE3, 0xF5E5, 0xFEAA, 0xFECB,
  0xFECB, 0xFECB, 0xFECB, 0xFECB, 0xFECB, 0xFECB, 0xFECB, 0xFECB, 0xFECB, 0xFECB, 0xFEAB, 0xFEAB, 0xF6AB, 0xFECB, 0xFEAB, 0xFECB,
  0xF6AB, 0xFECB, 0xFEAB, 0xFEAB, 0xFEAB, 0xFEAB, 0xFEAB, 0xF6AB, 0xF6CB, 0xFEAB, 0xFEAB, 0xFEAA, 0xFECB, 0xFEAB, 0xFECB, 0xFEAB,
  0xFEAB, 0xFECA, 0xFECA, 0xFEAA, 0xFEAA, 0xFEAA, 0xFEAA, 0xFEAA, 0xFEAA, 0xFEAA, 0xFEAA, 0xFEAA, 0xFEAA, 0xFEAA, 0xFEAA, 0xFEAA,
  0xFEAA, 0xF6AA, 0xFECA, 0xF6AA, 0xFECA, 0xFEAA, 0xFECA, 0xFEAA, 0xFEAA, 0xFEAA, 0xFEAA, 0xFECA, 0xFEAA, 0xF6A9, 0xF6AA, 0xF6CC,
  0xFF0E, 0xFF2F, 0xF6ED, 0xF688, 0xF644, 0xF663, 0xFE63, 0xFE63, 0xFE63, 0xF663, 0xF663, 0xF663, 0xF663, 0xF643, 0xFE63, 0xF663,
  0xFE63, 0xF663, 0xF663, 0xF663, 0xF663, 0xF663, 0xF663, 0xF663, 0xF643, 0xFE63, 0xF663, 0xF663, 0xF663, 0xF663, 0xF663, 0xF663,
  0xF663, 0xF663, 0xF663, 0xF663, 0xFE63, 0xF663, 0xFE63, 0xF663, 0xF663, 0xF663, 0xFE83, 0xF602, 0xED61, 0xF564, 0xD38B, 0xC2F3,
  0xC2F4, 0xD3B6, 0xECD9, 0xD375, 0xD395, 0xD375, 0xD375, 0xD375, 0xD375, 0xD395, 0xD395, 0xAAD2, 0x7A0F, 0x51EE, 0x31EE, 0x21EE,
  0x220E, 0x222F, 0x222F, 0x220F, 0x29EE, 0x39CD, 0x59EE, 0x8A50, 0xAA51, 0xB271, 0xCB34, 0xD395, 0xD374, 0xD374, 0xD354, 0xD375,
  0xCB54, 0xD354, 0xD375, 0xBAD2, 0xA24F, 0xE639, 0x4248, 0x0000, 0x0000, 0x0000, 0x0000, 0x0000, 0x0000, 0x0000, 0x0000, 0x0000,
  0x0000, 0x0000, 0x0000, 0x0000, 0x0000, 0x0000, 0x0000, 0x0000, 0x0000, 0x0000, 0x0000, 0x0000, 0x0000, 0x0000, 0x0000, 0x0000,
  0x0000, 0x0000, 0x0000, 0x0000, 0x0000, 0x0000, 0x0000, 0x0000, 0x0000, 0x0000, 0x0000, 0x0000, 0x0000, 0x0000, 0x0000, 0x0000,
  0x0000, 0x0000, 0x0000, 0x0000, 0x0000, 0x0000, 0x0000, 0x0000, 0x0000, 0x0000, 0x0000, 0x0000, 0x0000, 0x0000, 0x0000, 0x0000,
  0x0000, 0x0000, 0x0000, 0x0000, 0x0000, 0x0000, 0x0000, 0x0000, 0x0000, 0x0000, 0x0000, 0x0000, 0x0000, 0x0000, 0x0000, 0x0000,
  0x0000, 0x0000, 0x0000, 0x0000, 0x0000, 0x0000, 0x0000, 0x0000, 0x0000, 0x0000, 0x0000, 0x0000, 0x0000, 0x0000, 0x0000, 0x0000,
  0x0000, 0x0000, 0x0000, 0x0000, 0x0000, 0x0000, 0x0000, 0x0000, 0x0000, 0x0000, 0x0000, 0x0000, 0x0000, 0x0000, 0x0000, 0x0000,
  0x0000, 0x0000, 0x0000, 0x0000, 0x0000, 0x0000, 0x0000, 0x0000, 0x0000, 0x0000, 0x0000, 0x0000, 0x0000, 0x0000, 0x0000, 0x0000,
  0x0000, 0x0000, 0x0000, 0x0000, 0x0000, 0x0000, 0x0000, 0x0000, 0x0000, 0x0000, 0x0000, 0x0000, 0x0000, 0x0000, 0x0000, 0x0000,
  0x0000, 0x0000, 0x0000, 0x0000, 0x0000, 0x0000, 0x0000, 0x0000, 0x0000, 0x4227, 0xFF5C, 0xDD38, 0xED19, 0xD3F6, 0xDBF6, 0xDBF6,
  0xDBF6, 0xDBF6, 0xDBF6, 0xDBF6, 0xDC17, 0xD3F6, 0xE478, 0xE438, 0xAA10, 0xAA10, 0xA1EC, 0xE488, 0xFDE4, 0xF5E4, 0xFEAA, 0xFECB,
  0xFECB, 0xF6CB, 0xFECB, 0xFEAB, 0xFECB, 0xF6AB, 0xFECB, 0xF6AB, 0xFECB, 0xFEAB, 0xF6AB, 0xFECB, 0xF6AB, 0xFEAB, 0xFEAB, 0xFEAB,
  0xF6AB, 0xFECB, 0xF6AB, 0xFEAB, 0xFEAB, 0xFEAB, 0xFEAB, 0xFEAB, 0xFEAB, 0xF6AA, 0xFEAB, 0xF6AA, 0xFECB, 0xF6AA, 0xFEAB, 0xFEAA,
  0xFEAA, 0xFEAA, 0xFEAA, 0xFEAA, 0xF6AA, 0xFEAA, 0xF6AA, 0xFEAA, 0xF6AA, 0xFECA, 0xF6AA, 0xFEAA, 0xF6AA, 0xF6AA, 0xFEAA, 0xF6AA,
  0xFEAA, 0xF6AA, 0xFECA, 0xF6AA, 0xFECA, 0xF6AA, 0xFECA, 0xF6AA, 0xFEAA, 0xFEAA, 0xFEAA, 0xF6AA, 0xF6AB, 0xFF0E, 0xFF30, 0xFF30,
  0xF70C, 0xF6A7, 0xF643, 0xF643, 0xF643, 0xFE63, 0xF643, 0xFE63, 0xFE63, 0xF643, 0xFE63, 0xF643, 0xFE63, 0xF643, 0xFE63, 0xF643,
  0xFE63, 0xF643, 0xF663, 0xF643, 0xF643, 0xF663, 0xF643, 0xFE63, 0xF643, 0xF663, 0xF643, 0xF663, 0xF643, 0xF663, 0xF663, 0xF663,
  0xF663, 0xF663, 0xFE63, 0xF643, 0xFE64, 0xF643, 0xFE63, 0xF643, 0xFE63, 0xF643, 0xFE63, 0xF602, 0xED61, 0xF565, 0xCB8C, 0xC2F3,
  0xC2F4, 0xD3B6, 0xECD9, 0xCB74, 0xD375, 0xD375, 0xD375, 0xCB75, 0xD375, 0xCB75, 0xD374, 0xD374, 0xC2F3, 0xAA71, 0x9230, 0x820F,
  0x720F, 0x6A0F, 0x6A0F, 0x720F, 0x820F, 0x9A30, 0xAA50, 0xB251, 0xBAB2, 0xD354, 0xD354, 0xD354, 0xD354, 0xD375, 0xD354, 0xD354,
  0xD375, 0xCB54, 0xD374, 0xBAD2, 0xA24F, 0xE619, 0x4228, 0x0000, 0x0000, 0x0000, 0x0000, 0x0000, 0x0000, 0x0000, 0x0000, 0x0000,
  0x0000, 0x0000, 0x0000, 0x0000, 0x0000, 0x0000, 0x0000, 0x0000, 0x0000, 0x0000, 0x0000, 0x0000, 0x0000, 0x0000, 0x0000, 0x0000,
  0x0000, 0x0000, 0x0000, 0x0000, 0x0000, 0x0000, 0x0000, 0x0000, 0x0000, 0x0000, 0x0000, 0x0000, 0x0000, 0x0000, 0x0000, 0x0000,
  0x0000, 0x0000, 0x0000, 0x0000, 0x0000, 0x0000, 0x0000, 0x0000, 0x0000, 0x0000, 0x0000, 0x0000, 0x0000, 0x0000, 0x0000, 0x0000,
  0x0000, 0x0000, 0x0000, 0x0000, 0x0000, 0x0000, 0x0000, 0x0000, 0x0000, 0x0000, 0x0000, 0x0000, 0x0000, 0x0000, 0x0000, 0x0000,
  0x0000, 0x0000, 0x0000, 0x0000, 0x0000, 0x0000, 0x0000, 0x0000, 0x0000, 0x0000, 0x0000, 0x0000, 0x0000, 0x0000, 0x0000, 0x0000,
  0x0000, 0x0000, 0x0000, 0x0000, 0x0000, 0x0000, 0x0000, 0x0000, 0x0000, 0x0000, 0x0000, 0x0000, 0x0000, 0x0000, 0x0000, 0x0000,
  0x0000, 0x0000, 0x0000, 0x0000, 0x0000, 0x0000, 0x0000, 0x0000, 0x0000, 0x0000, 0x0000, 0x0000, 0x0000, 0x0000, 0x0000, 0x0000,
  0x0000, 0x0000, 0x0000, 0x0000, 0x0000, 0x0000, 0x0000, 0x0000, 0x0000, 0x0000, 0x0000, 0x0000, 0x0000, 0x0000, 0x0000, 0x0000,
  0x0000, 0x0000, 0x0000, 0x0000, 0x0000, 0x0000, 0x0000, 0x0000, 0x0000, 0x4227, 0xFF5C, 0xDD38, 0xED19, 0xD3D6, 0xD3D6, 0xDBD6,
  0xDBF6, 0xDBF6, 0xDBF6, 0xDBF6, 0xDBF7, 0xDBF6, 0xE478, 0xE458, 0xAA10, 0xAA30, 0xA1EC, 0xDC68, 0xFDE4, 0xF5E4, 0xFEAA, 0xFECB,
  0xFEEB, 0xF6CB, 0xFECB, 0xF6AB, 0xF6CB, 0xF6AB, 0xFECB, 0xFEAB, 0xFEAB, 0xFEAB, 0xF6AB, 0xF6CB, 0xF6CA, 0xFECB, 0xF6AA, 0xFEAB,
  0xF6AB, 0xFECB, 0xF6AA, 0xFEAB, 0xF6AA, 0xFEAA, 0xFEAB, 0xFEAB, 0xFEAA, 0xFEAA, 0xFECB, 0xF6AA, 0xFECB, 0xFEAA, 0xFECA, 0xFEAA,
  0xFEAA, 0xFEAA, 0xFEAA, 0xFEAA, 0xFEAA, 0xFEAA, 0xFEAA, 0xFEAA, 0xF6A9, 0xFEAA, 0xF6AA, 0xFEAA, 0xFEAA, 0xFEAA, 0xFEAA, 0xF6AA,
  0xFEAA, 0xF6A9, 0xFEAA, 0xF6A9, 0xFECA, 0xF6A9, 0xFEAA, 0xF6A9, 0xF6AA, 0xF6AB, 0xF6EE, 0xFF51, 0xFF52, 0xFF30, 0xF6AB, 0xF666,
  0xF643, 0xF663, 0xF643, 0xF663, 0xF643, 0xF663, 0xFE63, 0xF663, 0xF663, 0xF663, 0xFE63, 0xF643, 0xFE64, 0xF643, 0xFE63, 0xF663,
  0xFE63, 0xF663, 0xF663, 0xF663, 0xF663, 0xF663, 0xF643, 0xFE63, 0xF643, 0xFE63, 0xF643, 0xFE64, 0xF663, 0xF664, 0xF663, 0xF663,
  0xF663, 0xF663, 0xF663, 0xF643, 0xF663, 0xF663, 0xFE63, 0xF643, 0xFE63, 0xF663, 0xFE83, 0xF602, 0xED61, 0xF566, 0xCB8D, 0xC313,
  0xC314, 0xD3F6, 0xECF9, 0xCB74, 0xD375, 0xD375, 0xD355, 0xCB54, 0xCB54, 0xCB54, 0xCB54, 0xD354, 0xD355, 0xD354, 0xCB14, 0xC2D3,
  0xBAB2, 0xBAB2, 0xBA92, 0xBAB2, 0xBAB2, 0xBAD2, 0xC2F3, 0xCB54, 0xD355, 0xD354, 0xCB34, 0xCB54, 0xD354, 0xD354, 0xD354, 0xD354,
  0xCB54, 0xCB54, 0xD354, 0xBAD2, 0x9A4F, 0xE619, 0x4248, 0x0000, 0x0000, 0x0000, 0x0000, 0x0000, 0x0000, 0x0000, 0x0000, 0x0000,
  0x0000, 0x0000, 0x0000, 0x0000, 0x0000, 0x0000, 0x0000, 0x0000, 0x0000, 0x0000, 0x0000, 0x0000, 0x0000, 0x0000, 0x0000, 0x0000,
  0x0000, 0x0000, 0x0000, 0x0000, 0x0000, 0x0000, 0x0000, 0x0000, 0x0000, 0x0000, 0x0000, 0x0000, 0x0000, 0x0000, 0x0000, 0x0000,
  0x0000, 0x0000, 0x0000, 0x0000, 0x0000, 0x0000, 0x0000, 0x0000, 0x0000, 0x0000, 0x0000, 0x0000, 0x0000, 0x0000, 0x0000, 0x0000,
  0x0000, 0x0000, 0x0000, 0x0000, 0x0000, 0x0000, 0x0000, 0x0000, 0x0000, 0x0000, 0x0000, 0x0000, 0x0000, 0x0000, 0x0000, 0x0000,
  0x0000, 0x0000, 0x0000, 0x0000, 0x0000, 0x0000, 0x0000, 0x0000, 0x0000, 0x0000, 0x0000, 0x0000, 0x0000, 0x0000, 0x0000, 0x0000,
  0x0000, 0x0000, 0x0000, 0x0000, 0x0000, 0x0000, 0x0000, 0x0000, 0x0000, 0x0000, 0x0000, 0x0000, 0x0000, 0x0000, 0x0000, 0x0000,
  0x0000, 0x0000, 0x0000, 0x0000, 0x0000, 0x0000, 0x0000, 0x0000, 0x0000, 0x0000, 0x0000, 0x0000, 0x0000, 0x0000, 0x0000, 0x0000,
  0x0000, 0x0000, 0x0000, 0x0000, 0x0000, 0x0000, 0x0000, 0x0000, 0x0000, 0x0000, 0x0000, 0x0000, 0x0000, 0x0000, 0x0000, 0x0000,
  0x0000, 0x0000, 0x0000, 0x0000, 0x0000, 0x0000, 0x0000, 0x0000, 0x0000, 0x4207, 0xFF3C, 0xDD38, 0xED19, 0xD3F6, 0xDBF6, 0xDBF6,
  0xDBF6, 0xDBF6, 0xDBF6, 0xDBF6, 0xDBF6, 0xDBD6, 0xE478, 0xE458, 0xAA10, 0xAA30, 0xA1EC, 0xDC29, 0xFE04, 0xF5C3, 0xFEA9, 0xFECB,
  0xFECB, 0xFEAB, 0xFECB, 0xFEAB, 0xFECB, 0xFEAB, 0xFEAB, 0xFEAB, 0xFEAB, 0xFEAB, 0xFEAB, 0xFECB, 0xF6CB, 0xFECB, 0xFEAA, 0xFECB,
  0xFEAA, 0xFECA, 0xFEAA, 0xFECB, 0xFEAA, 0xFECB, 0xFECB, 0xFEAA, 0xFECB, 0xF6AA, 0xFECB, 0xFEAA, 0xFECB, 0xFEAA, 0xFECA, 0xFEAA,
  0xFEAA, 0xFEAA, 0xF6AA, 0xFEAA, 0xFEAA, 0xFEAA, 0xFEAA, 0xFEAA, 0xF6AA, 0xFEAA, 0xFEA9, 0xFEAA, 0xFEAA, 0xFEAA, 0xFEA9, 0xFEA9,
  0xFEA9, 0xFEA9, 0xFEA9, 0xFEA9, 0xFEA9, 0xF6A9, 0xF6CB, 0xF6EE, 0xFF51, 0xFF72, 0xFF51, 0xF70D, 0xF688, 0xF645, 0xF643, 0xFE63,
  0xFE63, 0xFE63, 0xF663, 0xF663, 0xF663, 0xF663, 0xF663, 0xF663, 0xFE63, 0xF663, 0xFE63, 0xF663, 0xFE64, 0xF663, 0xFE64, 0xF663,
  0xFE63, 0xF663, 0xF663, 0xF663, 0xF663, 0xFE63, 0xF663, 0xF663, 0xF643, 0xFE63, 0xF663, 0xFE64, 0xF663, 0xFE63, 0xF663, 0xF663,
  0xF663, 0xF663, 0xF663, 0xF643, 0xF663, 0xF663, 0xFE63, 0xF663, 0xFE63, 0xF663, 0xFE83, 0xF5E3, 0xED82, 0xF567, 0xCB8E, 0xCB54,
  0xC334, 0xD416, 0xECF9, 0xCB54, 0xD355, 0xCB54, 0xCB54, 0xCB54, 0xCB54, 0xCB54, 0xCB54, 0xCB54, 0xCB54, 0xD354, 0xD355, 0xD375,
  0xD375, 0xD375, 0xD375, 0xD375, 0xD375, 0xD355, 0xD354, 0xCB54, 0xCB54, 0xCB34, 0xCB34, 0xCB34, 0xCB34, 0xCB34, 0xCB34, 0xCB34,
  0xCB34, 0xCB34, 0xCB54, 0xBAB2, 0xA24F, 0xE619, 0x4248, 0x0000, 0x0000, 0x0000, 0x0000, 0x0000, 0x0000, 0x0000, 0x0000, 0x0000,
  0x0000, 0x0000, 0x0000, 0x0000, 0x0000, 0x0000, 0x0000, 0x0000, 0x0000, 0x0000, 0x0000, 0x0000, 0x0000, 0x0000, 0x0000, 0x0000,
  0x0000, 0x0000, 0x0000, 0x0000, 0x0000, 0x0000, 0x0000, 0x0000, 0x0000, 0x0000, 0x0000, 0x0000, 0x0000, 0x0000, 0x0000, 0x0000,
  0x0000, 0x0000, 0x0000, 0x0000, 0x0000, 0x0000, 0x0000, 0x0000, 0x0000, 0x0000, 0x0000, 0x0000, 0x0000, 0x0000, 0x0000, 0x0000,
  0x0000, 0x0000, 0x0000, 0x0000, 0x0000, 0x0000, 0x0000, 0x0000, 0x0000, 0x0000, 0x0000, 0x0000, 0x0000, 0x0000, 0x0000, 0x0000,
  0x0000, 0x0000, 0x0000, 0x0000, 0x0000, 0x0000, 0x0000, 0x0000, 0x0000, 0x0000, 0x0000, 0x0000, 0x0000, 0x0000, 0x0000, 0x0000,
  0x0000, 0x0000, 0x0000, 0x0000, 0x0000, 0x0000, 0x0000, 0x0000, 0x0000, 0x0000, 0x0000, 0x0000, 0x0000, 0x0000, 0x0000, 0x0000,
  0x0000, 0x0000, 0x0000, 0x0000, 0x0000, 0x0000, 0x0000, 0x0000, 0x0000, 0x0000, 0x0000, 0x0000, 0x0000, 0x0000, 0x0000, 0x0000,
  0x0000, 0x0000, 0x0000, 0x0000, 0x0000, 0x0000, 0x0000, 0x0000, 0x0000, 0x0000, 0x0000, 0x0000, 0x0000, 0x0000, 0x0000, 0x0000,
  0x0000, 0x0000, 0x0000, 0x0000, 0x0000, 0x0000, 0x0000, 0x0000, 0x0000, 0x4207, 0xFF3C, 0xDD18, 0xECF9, 0xD3D6, 0xDBD6, 0xDBD6,
  0xDBD6, 0xDBF6, 0xDBF6, 0xDBF6, 0xDBF7, 0xD3D6, 0xE478, 0xE478, 0xAA30, 0xAA30, 0xA1ED, 0xD409, 0xFE05, 0xF5C3, 0xFE88, 0xFECB,
  0xFECB, 0xF6AB, 0xFECB, 0xF6AA, 0xFEAB, 0xF6AB, 0xFEAB, 0xF6AB, 0xF6AB, 0xF6AB, 0xFEAA, 0xFEAB, 0xFEAB, 0xFEAB, 0xF6AA, 0xFEAB,
  0xF6AA, 0xFECB, 0xF6AA, 0xFEAB, 0xFEAA, 0xFEAA, 0xFEAA, 0xF6AA, 0xFEAB, 0xF6AA, 0xFEAB, 0xF6AA, 0xFECB, 0xFEAA, 0xFECA, 0xF6AA,
  0xFEAA, 0xF6AA, 0xF6AA, 0xFEAA, 0xFEAA, 0xFEAA, 0xFEAA, 0xFEAA, 0xF6A9, 0xFECA, 0xF6A9, 0xFEAA, 0xFEA9, 0xFEA9, 0xFEA9, 0xFEA9,
  0xFEA9, 0xF6A8, 0xF6AA, 0xF6AB, 0xF70E, 0xFF30, 0xFF72, 0xFF51, 0xF6ED, 0xF689, 0xF665, 0xF643, 0xF643, 0xFE63, 0xF663, 0xFE64,
  0xF643, 0xFE63, 0xF663, 0xFE63, 0xF663, 0xFE63, 0xF663, 0xF663, 0xFE63, 0xF663, 0xFE63, 0xF643, 0xFE84, 0xF663, 0xFE64, 0xF643,
  0xFE63, 0xF643, 0xFE63, 0xF663, 0xF643, 0xF663, 0xF643, 0xF663, 0xF643, 0xFE63, 0xF643, 0xFE63, 0xF663, 0xF663, 0xF663, 0xF663,
  0xF663, 0xF643, 0xF663, 0xF643, 0xF663, 0xF643, 0xFE63, 0xF643, 0xFE63, 0xF663, 0xFE63, 0xF5E2, 0xF582, 0xF547, 0xCB6F, 0xCB54,
  0xC354, 0xDC37, 0xECF9, 0xCB54, 0xCB54, 0xCB54, 0xCB54, 0xD354, 0xD354, 0xCB54, 0xCB54, 0xD354, 0xD354, 0xD354, 0xD354, 0xD354,
  0xD354, 0xD354, 0xD354, 0xCB54, 0xCB54, 0xCB34, 0xCB34, 0xCB54, 0xCB34, 0xCB54, 0xCB54, 0xCB54, 0xCB34, 0xCB54, 0xCB34, 0xCB34,
  0xCB54, 0xCB34, 0xD354, 0xBAB1, 0xA24F, 0xE639, 0x4248, 0x0000, 0x0000, 0x0000, 0x0000, 0x0000, 0x0000, 0x0000, 0x0000, 0x0000,
  0x0000, 0x0000, 0x0000, 0x0000, 0x0000, 0x0000, 0x0000, 0x0000, 0x0000, 0x0000, 0x0000, 0x0000, 0x0000, 0x0000, 0x0000, 0x0000,
  0x0000, 0x0000, 0x0000, 0x0000, 0x0000, 0x0000, 0x0000, 0x0000, 0x0000, 0x0000, 0x0000, 0x0000, 0x0000, 0x0000, 0x0000, 0x0000,
  0x0000, 0x0000, 0x0000, 0x0000, 0x0000, 0x0000, 0x0000, 0x0000, 0x0000, 0x0000, 0x0000, 0x0000, 0x0000, 0x0000, 0x0000, 0x0000,
  0x0000, 0x0000, 0x0000, 0x0000, 0x0000, 0x0000, 0x0000, 0x0000, 0x0000, 0x0000, 0x0000, 0x0000, 0x0000, 0x0000, 0x0000, 0x0000,
  0x0000, 0x0000, 0x0000, 0x0000, 0x0000, 0x0000, 0x0000, 0x0000, 0x0000, 0x0000, 0x0000, 0x0000, 0x0000, 0x0000, 0x0000, 0x0000,
  0x0000, 0x0000, 0x0000, 0x0000, 0x0000, 0x0000, 0x0000, 0x0000, 0x0000, 0x0000, 0x0000, 0x0000, 0x0000, 0x0000, 0x0000, 0x0000,
  0x0000, 0x0000, 0x0000, 0x0000, 0x0000, 0x0000, 0x0000, 0x0000, 0x0000, 0x0000, 0x0000, 0x0000, 0x0000, 0x0000, 0x0000, 0x0000,
  0x0000, 0x0000, 0x0000, 0x0000, 0x0000, 0x0000, 0x0000, 0x0000, 0x0000, 0x0000, 0x0000, 0x0000, 0x0000, 0x0000, 0x0000, 0x0000,
  0x0000, 0x0000, 0x0000, 0x0000, 0x0000, 0x0000, 0x0000, 0x0000, 0x0000, 0x4227, 0xFF5C, 0xDD18, 0xECF8, 0xD3D6, 0xD3D6, 0xD3D6,
  0xDBD6, 0xDBD6, 0xDBD6, 0xDBD6, 0xDBD6, 0xD3D6, 0xE457, 0xE478, 0xAA30, 0xAA30, 0xA1EE, 0xCBA9, 0xFE06, 0xF5A3, 0xFE68, 0xFECB,
  0xFECB, 0xF6AB, 0xFECB, 0xF6AB, 0xF6CB, 0xF6AB, 0xFEAB, 0xFEAB, 0xFEAB, 0xFEAB, 0xFEAB, 0xFEAA, 0xFEAB, 0xFECB, 0xFEAA, 0xFECA,
  0xF6AB, 0xFECB, 0xF6AB, 0xFEAB, 0xFEAA, 0xFEAA, 0xFEAA, 0xFEAA, 0xFECA, 0xFEAA, 0xFECA, 0xFEAA, 0xFECA, 0xFEAA, 0xFECA, 0xFEAA,
  0xFECA, 0xF6AA, 0xFECA, 0xFECA, 0xFEAA, 0xFEAA, 0xFEAA, 0xFECA, 0xFEAA, 0xFECA, 0xFEA9, 0xFEA9, 0xF6A9, 0xF6A9, 0xF6A9, 0xF6CB,
  0xF6EC, 0xF72F, 0xFF51, 0xFF51, 0xF72F, 0xF6CC, 0xF688, 0xF644, 0xF643, 0xF643, 0xFE63, 0xFE63, 0xFE63, 0xFE63, 0xF663, 0xFE63,
  0xF663, 0xFE63, 0xFE63, 0xFE64, 0xF663, 0xF663, 0xF663, 0xF663, 0xF664, 0xF663, 0xFE64, 0xF643, 0xFE63, 0xF663, 0xFE64, 0xF663,
  0xFE63, 0xF663, 0xF663, 0xF663, 0xF663, 0xF663, 0xF643, 0xF664, 0xF663, 0xFE63, 0xF663, 0xF663, 0xF663, 0xF663, 0xF663, 0xF663,
  0xF663, 0xF663, 0xF663, 0xF643, 0xF663, 0xF643, 0xF663, 0xF663, 0xFE63, 0xF663, 0xFE83, 0xF5C2, 0xF582, 0xED28, 0xC34F, 0xCB54,
  0xC354, 0xDC57, 0xECF9, 0xCB54, 0xCB55, 0xCB54, 0xCB54, 0xCB34, 0xCB54, 0xCB54, 0xD354, 0xD354, 0xD354, 0xD354, 0xD354, 0xD354,
  0xD374, 0xD354, 0xD354, 0xD354, 0xD354, 0xD354, 0xD354, 0xCB34, 0xCB54, 0xD354, 0xCB34, 0xD334, 0xD334, 0xCB34, 0xCB54, 0xCB54,
  0xCB34, 0xCB34, 0xD354, 0xBAB1, 0xA22E, 0xE619, 0x4248, 0x0000, 0x0000, 0x0000, 0x0000, 0x0000, 0x0000, 0x0000, 0x0000, 0x0000,
  0x0000, 0x0000, 0x0000, 0x0000, 0x0000, 0x0000, 0x0000, 0x0000, 0x0000, 0x0000, 0x0000, 0x0000, 0x0000, 0x0000, 0x0000, 0x0000,
  0x0000, 0x0000, 0x0000, 0x0000, 0x0000, 0x0000, 0x0000, 0x0000, 0x0000, 0x0000, 0x0000, 0x0000, 0x0000, 0x0000, 0x0000, 0x0000,
  0x0000, 0x0000, 0x0000, 0x0000, 0x0000, 0x0000, 0x0000, 0x0000, 0x0000, 0x0000, 0x0000, 0x0000, 0x0000, 0x0000, 0x0000, 0x0000,
  0x0000, 0x0000, 0x0000, 0x0000, 0x0000, 0x0000, 0x0000, 0x0000, 0x0000, 0x0000, 0x0000, 0x0000, 0x0000, 0x0000, 0x0000, 0x0000,
  0x0000, 0x0000, 0x0000, 0x0000, 0x0000, 0x0000, 0x0000, 0x0000, 0x0000, 0x0000, 0x0000, 0x0000, 0x0000, 0x0000, 0x0000, 0x0000,
  0x0000, 0x0000, 0x0000, 0x0000, 0x0000, 0x0000, 0x0000, 0x0000, 0x0000, 0x0000, 0x0000, 0x0000, 0x0000, 0x0000, 0x0000, 0x0000,
  0x0000, 0x0000, 0x0000, 0x0000, 0x0000, 0x0000, 0x0000, 0x0000, 0x0000, 0x0000, 0x0000, 0x0000, 0x0000, 0x0000, 0x0000, 0x0000,
  0x0000, 0x0000, 0x0000, 0x0000, 0x0000, 0x0000, 0x0000, 0x0000, 0x0000, 0x0000, 0x0000, 0x0000, 0x0000, 0x0000, 0x0000, 0x0000,
  0x0000, 0x0000, 0x0000, 0x0000, 0x0000, 0x0000, 0x0000, 0x0000, 0x0000, 0x4227, 0xFF3C, 0xDD18, 0xED18, 0xD3F6, 0xDBF6, 0xD3F6,
  0xD3D6, 0xDBF6, 0xDBF6, 0xDBF6, 0xDBF6, 0xD3D6, 0xE457, 0xEC99, 0xAA30, 0xAA30, 0xA9EE, 0xC349, 0xFDE6, 0xF5A3, 0xF647, 0xFECA,
  0xFECA, 0xF6AA, 0xFECB, 0xF6AB, 0xFECB, 0xF6AA, 0xFECB, 0xFEAB, 0xFEAB, 0xF6AB, 0xF6AB, 0xFEAB, 0xFEAB, 0xFECB, 0xF6AA, 0xFECB,
  0xF6AA, 0xFECB, 0xF6AA, 0xFECB, 0xFECA, 0xFECB, 0xFEAA, 0xF6AA, 0xFECB, 0xF6AA, 0xFECB, 0xFEAA, 0xFECA, 0xFEAA, 0xFECA, 0xF6AA,
  0xF6AA, 0xF6AA, 0xFECA, 0xFEAA, 0xF6A9, 0xFECA, 0xFEA9, 0xFECA, 0xF689, 0xF6AA, 0xF6A9, 0xF6AB, 0xF6CC, 0xFF2F, 0xFF51, 0xFF51,
  0xFF50, 0xF70D, 0xF6CA, 0xF686, 0xF644, 0xF622, 0xF663, 0xF643, 0xFE63, 0xF663, 0xFE63, 0xFE63, 0xF663, 0xF663, 0xF663, 0xFE63,
  0xF663, 0xFE64, 0xF663, 0xFE64, 0xF663, 0xF663, 0xF663, 0xF663, 0xFE63, 0xF663, 0xF664, 0xF643, 0xFE64, 0xF643, 0xF663, 0xF643,
  0xF663, 0xF643, 0xF663, 0xF643, 0xF642, 0xFE63, 0xF643, 0xF663, 0xF643, 0xFE63, 0xF642, 0xF663, 0xF643, 0xF643, 0xF643, 0xF643,
  0xF643, 0xF643, 0xF643, 0xF643, 0xF663, 0xF662, 0xFE63, 0xF642, 0xFE83, 0xF662, 0xFE63, 0xF5A2, 0xF583, 0xECE8, 0xC350, 0xCB54,
  0xC354, 0xDC57, 0xECF9, 0xCB74, 0xCB75, 0xCB54, 0xD354, 0xCB54, 0xCB54, 0xCB34, 0xCB34, 0xD354, 0xD354, 0xCB54, 0xD354, 0xD354,
  0xD354, 0xD354, 0xD354, 0xD354, 0xCB34, 0xD354, 0xD354, 0xD334, 0xCB34, 0xCB34, 0xCB34, 0xCB34, 0xCB34, 0xCB34, 0xCB34, 0xCB34,
  0xCB34, 0xCB34, 0xCB54, 0xBAB1, 0x9A2E, 0xE619, 0x4248, 0x0000, 0x0000, 0x0000, 0x0000, 0x0000, 0x0000, 0x0000, 0x0000, 0x0000,
  0x0000, 0x0000, 0x0000, 0x0000, 0x0000, 0x0000, 0x0000, 0x0000, 0x0000, 0x0000, 0x0000, 0x0000, 0x0000, 0x0000, 0x0000, 0x0000,
  0x0000, 0x0000, 0x0000, 0x0000, 0x0000, 0x0000, 0x0000, 0x0000, 0x0000, 0x0000, 0x0000, 0x0000, 0x0000, 0x0000, 0x0000, 0x0000,
  0x0000, 0x0000, 0x0000, 0x0000, 0x0000, 0x0000, 0x0000, 0x0000, 0x0000, 0x0000, 0x0000, 0x0000, 0x0000, 0x0000, 0x0000, 0x0000,
  0x0000, 0x0000, 0x0000, 0x0000, 0x0000, 0x0000, 0x0000, 0x0000, 0x0000, 0x0000, 0x0000, 0x0000, 0x0000, 0x0000, 0x0000, 0x0000,
  0x0000, 0x0000, 0x0000, 0x0000, 0x0000, 0x0000, 0x0000, 0x0000, 0x0000, 0x0000, 0x0000, 0x0000, 0x0000, 0x0000, 0x0000, 0x0000,
  0x0000, 0x0000, 0x0000, 0x0000, 0x0000, 0x0000, 0x0000, 0x0000, 0x0000, 0x0000, 0x0000, 0x0000, 0x0000, 0x0000, 0x0000, 0x0000,
  0x0000, 0x0000, 0x0000, 0x0000, 0x0000, 0x0000, 0x0000, 0x0000, 0x0000, 0x0000, 0x0000, 0x0000, 0x0000, 0x0000, 0x0000, 0x0000,
  0x0000, 0x0000, 0x0000, 0x0000, 0x0000, 0x0000, 0x0000, 0x0000, 0x0000, 0x0000, 0x0000, 0x0000, 0x0000, 0x0000, 0x0000, 0x0000,
  0x0000, 0x0000, 0x0000, 0x0000, 0x0000, 0x0000, 0x0000, 0x0000, 0x0000, 0x4207, 0xFF3C, 0xDD18, 0xE4F8, 0xD3D5, 0xD3D6, 0xD3D6,
  0xD3D6, 0xD3D6, 0xD3D6, 0xDBF6, 0xDBF6, 0xD3D6, 0xDC57, 0xECB9, 0xAA30, 0xAA10, 0xA9EF, 0xBB0A, 0xFDC7, 0xF5A3, 0xF646, 0xFECA,
  0xF6CA, 0xF6AA, 0xFECB, 0xF6AB, 0xFECB, 0xF6AB, 0xFECB, 0xF6AB, 0xFEAB, 0xF6AB, 0xF6AA, 0xFEAB, 0xF6AB, 0xFEAB, 0xF6AA, 0xFEAB,
  0xF6AA, 0xFECA, 0xF6AA, 0xFECA, 0xF6AA, 0xFEAA, 0xFEAA, 0xF6AA, 0xFEAA, 0xF6AA, 0xFECA, 0xF6AA, 0xFECA, 0xF6AA, 0xFEAA, 0xF6AA,
  0xFEAA, 0xF6A9, 0xF6A9, 0xF6CA, 0xF6A9, 0xF6CA, 0xF6AA, 0xFECB, 0xF6EB, 0xFF0D, 0xFF0E, 0xFF2F, 0xF72F, 0xF70D, 0xF6CA, 0xF687,
  0xF645, 0xF623, 0xF643, 0xF643, 0xFE63, 0xF643, 0xFE63, 0xF643, 0xFE63, 0xF643, 0xFE63, 0xF663, 0xF663, 0xF663, 0xF643, 0xFE63,
  0xF663, 0xFE84, 0xF663, 0xFE64, 0xF663, 0xF663, 0xF663, 0xF663, 0xF663, 0xF643, 0xF663, 0xF643, 0xF663, 0xF643, 0xF663, 0xF663,
  0xFE84, 0xFE84, 0xFE84, 0xFE84, 0xFE84, 0xFE84, 0xFE84, 0xFEA4, 0xFE84, 0xFEA4, 0xF684, 0xFE84, 0xFE84, 0xFE84, 0xFE84, 0xFE84,
  0xFE84, 0xF684, 0xFEA4, 0xFE63, 0xF663, 0xF642, 0xFE83, 0xF662, 0xFE83, 0xF662, 0xFE43, 0xED82, 0xF584, 0xE4A9, 0xC331, 0xCB55,
  0xC334, 0xDC77, 0xECD9, 0xCB74, 0xD375, 0xD374, 0xD374, 0xCB54, 0xCB54, 0xCB54, 0xCB54, 0xCB54, 0xCB54, 0xCB54, 0xCB54, 0xD334,
  0xD334, 0xD355, 0xCB34, 0xCB33, 0xD375, 0xCB34, 0xCB34, 0xCB34, 0xCB34, 0xCB34, 0xCB34, 0xCB34, 0xCB34, 0xCB34, 0xCB34, 0xCB34,
  0xCB34, 0xCB34, 0xCB34, 0xBAB1, 0x9A2E, 0xE619, 0x4A48, 0x0000, 0x0000, 0x0000, 0x0000, 0x0000, 0x0000, 0x0000, 0x0000, 0x0000,
  0x0000, 0x0000, 0x0000, 0x0000, 0x0000, 0x0000, 0x0000, 0x0000, 0x0000, 0x0000, 0x0000, 0x0000, 0x0000, 0x0000, 0x0000, 0x0000,
  0x0000, 0x0000, 0x0000, 0x0000, 0x0000, 0x0000, 0x0000, 0x0000, 0x0000, 0x0000, 0x0000, 0x0000, 0x0000, 0x0000, 0x0000, 0x0000,
  0x0000, 0x0000, 0x0000, 0x0000, 0x0000, 0x0000, 0x0000, 0x0000, 0x0000, 0x0000, 0x0000, 0x0000, 0x0000, 0x0000, 0x0000, 0x0000,
  0x0000, 0x0000, 0x0000, 0x0000, 0x0000, 0x0000, 0x0000, 0x0000, 0x0000, 0x0000, 0x0000, 0x0000, 0x0000, 0x0000, 0x0000, 0x0000,
  0x0000, 0x0000, 0x0000, 0x0000, 0x0000, 0x0000, 0x0000, 0x0000, 0x0000, 0x0000, 0x0000, 0x0000, 0x0000, 0x0000, 0x0000, 0x0000,
  0x0000, 0x0000, 0x0000, 0x0000, 0x0000, 0x0000, 0x0000, 0x0000, 0x0000, 0x0000, 0x0000, 0x0000, 0x0000, 0x0000, 0x0000, 0x0000,
  0x0000, 0x0000, 0x0000, 0x0000, 0x0000, 0x0000, 0x0000, 0x0000, 0x0000, 0x0000, 0x0000, 0x0000, 0x0000, 0x0000, 0x0000, 0x0000,
  0x0000, 0x0000, 0x0000, 0x0000, 0x0000, 0x0000, 0x0000, 0x0000, 0x0000, 0x0000, 0x0000, 0x0000, 0x0000, 0x0000, 0x0000, 0x0000,
  0x0000, 0x0000, 0x0000, 0x0000, 0x0000, 0x0000, 0x0000, 0x0000, 0x0000, 0x4227, 0xFF3C, 0xDD18, 0xECF8, 0xD3D5, 0xD3D6, 0xD3D6,
  0xDBD6, 0xDBD6, 0xDBF6, 0xDBF6, 0xDBF6, 0xD3D6, 0xDC37, 0xECB9, 0xAA30, 0xAA10, 0xAA0F, 0xB2CA, 0xFDA7, 0xF5A3, 0xF626, 0xFECA,
  0xFECA, 0xFECA, 0xFECB, 0xFEAB, 0xFECB, 0xFEAB, 0xFECB, 0xFEAA, 0xFECB, 0xFEAA, 0xFEAA, 0xF6AA, 0xFEAA, 0xFEAA, 0xFEAA, 0xFECA,
  0xF6CA, 0xFECA, 0xF6AA, 0xFEAA, 0xFEAA, 0xFECA, 0xFECA, 0xFECA, 0xFECA, 0xFEAA, 0xFECA, 0xF6AA, 0xFECA, 0xF6AA, 0xF6CA, 0xF6CA,
  0xFECA, 0xFECA, 0xFEEB, 0xFEEB, 0xFEEB, 0xFEEB, 0xFEEB, 0xFEEB, 0xF6CA, 0xF6C9, 0xF688, 0xF666, 0xF665, 0xF643, 0xF663, 0xFE63,
  0xFE63, 0xFE63, 0xFE64, 0xF663, 0xFE63, 0xF663, 0xFE63, 0xF663, 0xF663, 0xF663, 0xFE63, 0xF663, 0xF663, 0xFE63, 0xF663, 0xFE83,
  0xFE63, 0xFE64, 0xF663, 0xFE84, 0xF663, 0xF663, 0xF663, 0xF663, 0xF663, 0xF663, 0xFE63, 0xF643, 0xFE63, 0xF663, 0xEE87, 0xC60B,
  0xAD6C, 0xA56D, 0xAD8D, 0xAD8D, 0xAD8E, 0xAD8D, 0xAD8D, 0xAD8D, 0xA58D, 0xA58D, 0xA58D, 0xA58D, 0xA58D, 0xA58D, 0xA58D, 0xA58E,
  0xA58E, 0xA58E, 0xAD8D, 0xCE2B, 0xEEA7, 0xF663, 0xFE83, 0xF662, 0xFE63, 0xF662, 0xFE22, 0xED62, 0xF564, 0xDC6A, 0xC312, 0xCB34,
  0xC314, 0xDC77, 0xECD8, 0xC354, 0xCB75, 0xCB54, 0xCB54, 0xCB74, 0xCB54, 0xCB74, 0xCB74, 0xCB54, 0xCB54, 0xD354, 0xCB34, 0xCB34,
  0xCB34, 0xCB34, 0xC313, 0x99CE, 0xB291, 0xCB34, 0xCB34, 0xCB34, 0xCB34, 0xCB34, 0xCB34, 0xCB54, 0xCB54, 0xCB54, 0xCB54, 0xCB34,
  0xCB34, 0xCB34, 0xCB54, 0xBAB1, 0x9A0E, 0xE619, 0x4A48, 0x0000, 0x0000, 0x0000, 0x0000, 0x0000, 0x0000, 0x0000, 0x0000, 0x0000,
  0x0000, 0x0000, 0x0000, 0x0000, 0x0000, 0x0000, 0x0000, 0x0000, 0x0000, 0x0000, 0x0000, 0x0000, 0x0000, 0x0000, 0x0000, 0x0000,
  0x0000, 0x0000, 0x0000, 0x0000, 0x0000, 0x0000, 0x0000, 0x0000, 0x0000, 0x0000, 0x0000, 0x0000, 0x0000, 0x0000, 0x0000, 0x0000,
  0x0000, 0x0000, 0x0000, 0x0000, 0x0000, 0x0000, 0x0000, 0x0000, 0x0000, 0x0000, 0x0000, 0x0000, 0x0000, 0x0000, 0x0000, 0x0000,
  0x0000, 0x0000, 0x0000, 0x0000, 0x0000, 0x0000, 0x0000, 0x0000, 0x0000, 0x0000, 0x0000, 0x0000, 0x0000, 0x0000, 0x0000, 0x0000,
  0x0000, 0x0000, 0x0000, 0x0000, 0x0000, 0x0000, 0x0000, 0x0000, 0x0000, 0x0000, 0x0000, 0x0000, 0x0000, 0x0000, 0x0000, 0x0000,
  0x0000, 0x0000, 0x0000, 0x0000, 0x0000, 0x0000, 0x0000, 0x0000, 0x0000, 0x0000, 0x0000, 0x0000, 0x0000, 0x0000, 0x0000, 0x0000,
  0x0000, 0x0000, 0x0000, 0x0000, 0x0000, 0x0000, 0x0000, 0x0000, 0x0000, 0x0000, 0x0000, 0x0000, 0x0000, 0x0000, 0x0000, 0x0000,
  0x0000, 0x0000, 0x0000, 0x0000, 0x0000, 0x0000, 0x0000, 0x0000, 0x0000, 0x0000, 0x0000, 0x0000, 0x0000, 0x0000, 0x0000, 0x0000,
  0x0000, 0x0000, 0x0000, 0x0000, 0x0000, 0x0000, 0x0000, 0x0000, 0x0000, 0x4207, 0xFF3C, 0xDD17, 0xE4F8, 0xD3D5, 0xD3D6, 0xD3D6,
  0xD3D6, 0xD3D6, 0xD3D6, 0xD3D6, 0xDBD6, 0xD3D6, 0xDC37, 0xECB9, 0xAA30, 0xAA10, 0xAA10, 0xAA6B, 0xF568, 0xF5A3, 0xF5E5, 0xFECA,
  0xFECA, 0xF6AA, 0xFECB, 0xFEAA, 0xFECA, 0xFEAA, 0xFEAB, 0xFEAA, 0xFECB, 0xFEAA, 0xF6AA, 0xFEAA, 0xFEAA, 0xFEAA, 0xF6AA, 0xFECA,
  0xF6AA, 0xFECA, 0xFEAA, 0xFEAA, 0xF6AA, 0xFEAA, 0xF6AA, 0xF6AA, 0xFECA, 0xF6AA, 0xFEEB, 0xF6CA, 0xFEEB, 0xF6CB, 0xFEEB, 0xFEEB,
  0xFEEA, 0xFECA, 0xFEC9, 0xFEA8, 0xF687, 0xF686, 0xF644, 0xF664, 0xF623, 0xFE43, 0xF643, 0xF643, 0xFE63, 0xFE63, 0xFE63, 0xF663,
  0xFE64, 0xF663, 0xFE64, 0xF643, 0xFE63, 0xF643, 0xFE63, 0xF643, 0xF663, 0xF663, 0xF663, 0xF663, 0xF663, 0xF663, 0xF643, 0xF663,
  0xF643, 0xFE64, 0xF643, 0xFE63, 0xF643, 0xF663, 0xF643, 0xF663, 0xF663, 0xF643, 0xF663, 0xF643, 0xF664, 0xE667, 0x9D6E, 0x3AAB,
  0x21CA, 0x21EB, 0x222C, 0x220C, 0x220C, 0x220C, 0x21EC, 0x21EC, 0x220C, 0x19EC, 0x19EC, 0x21EC, 0x19EC, 0x21EC, 0x220C, 0x222D,
  0x222D, 0x222D, 0x222D, 0x432D, 0x9D8E, 0xEE86, 0xFE83, 0xFE62, 0xFE82, 0xF662, 0xF602, 0xED62, 0xF565, 0xDC0B, 0xC2F2, 0xCB35,
  0xC2F4, 0xE478, 0xE4B8, 0xC354, 0xCB75, 0xCB74, 0xCB55, 0xD374, 0xCB54, 0xD354, 0xCB54, 0xCB54, 0xD375, 0xCB34, 0xA22F, 0xA22F,
  0xA22F, 0xA20F, 0xAA2F, 0x91AD, 0x814B, 0xB270, 0xD334, 0xCB14, 0xCB34, 0xCB34, 0xCB34, 0xCB34, 0xCB54, 0xCB54, 0xCB34, 0xCB34,
  0xCB34, 0xCB34, 0xCB34, 0xBA91, 0x9A0E, 0xE619, 0x4A48, 0x0000, 0x0000, 0x0000, 0x0000, 0x0000, 0x0000, 0x0000, 0x0000, 0x0000,
  0x0000, 0x0000, 0x0000, 0x0000, 0x0000, 0x0000, 0x0000, 0x0000, 0x0000, 0x0000, 0x0000, 0x0000, 0x0000, 0x0000, 0x0000, 0x0000,
  0x0000, 0x0000, 0x0000, 0x0000, 0x0000, 0x0000, 0x0000, 0x0000, 0x0000, 0x0000, 0x0000, 0x0000, 0x0000, 0x0000, 0x0000, 0x0000,
  0x0000, 0x0000, 0x0000, 0x0000, 0x0000, 0x0000, 0x0000, 0x0000, 0x0000, 0x0000, 0x0000, 0x0000, 0x0000, 0x0000, 0x0000, 0x0000,
  0x0000, 0x0000, 0x0000, 0x0000, 0x0000, 0x0000, 0x0000, 0x0000, 0x0000, 0x0000, 0x0000, 0x0000, 0x0000, 0x0000, 0x0000, 0x0000,
  0x0000, 0x0000, 0x0000, 0x0000, 0x0000, 0x0000, 0x0000, 0x0000, 0x0000, 0x0000, 0x0000, 0x0000, 0x0000, 0x0000, 0x0000, 0x0000,
  0x0000, 0x0000, 0x0000, 0x0000, 0x0000, 0x0000, 0x0000, 0x0000, 0x0000, 0x0000, 0x0000, 0x0000, 0x0000, 0x0000, 0x0000, 0x0000,
  0x0000, 0x0000, 0x0000, 0x0000, 0x0000, 0x0000, 0x0000, 0x0000, 0x0000, 0x0000, 0x0000, 0x0000, 0x0000, 0x0000, 0x0000, 0x0000,
  0x0000, 0x0000, 0x0000, 0x0000, 0x0000, 0x0000, 0x0000, 0x0000, 0x0000, 0x0000, 0x0000, 0x0000, 0x0000, 0x0000, 0x0000, 0x0000,
  0x0000, 0x0000, 0x0000, 0x0000, 0x0000, 0x0000, 0x0000, 0x0000, 0x0000, 0x4227, 0xFF5C, 0xDD17, 0xE4F8, 0xD3D5, 0xD3D6, 0xDBD6,
  0xDBD6, 0xD3D6, 0xD3D6, 0xD3D6, 0xD3D6, 0xD3D6, 0xDC17, 0xECD9, 0xAA51, 0xA9F0, 0xAA10, 0xAA2B, 0xED09, 0xFDC3, 0xF5E4, 0xFEA9,
  0xFECA, 0xF6AA, 0xFECA, 0xF6AA, 0xFECA, 0xF6AA, 0xFECA, 0xFEAA, 0xFEAA, 0xFECA, 0xFEAA, 0xFECA, 0xFEAA, 0xFECA, 0xF6AA, 0xFECA,
  0xF6AA, 0xFECA, 0xF6AA, 0xFECA, 0xF6CA, 0xFECA, 0xFECA, 0xFEEB, 0xFEEC, 0xFEEB, 0xFEEB, 0xFECA, 0xFEC9, 0xF6A8, 0xF6A7, 0xF666,
  0xF665, 0xF644, 0xF643, 0xF643, 0xF643, 0xFE63, 0xF643, 0xFE63, 0xF643, 0xFE63, 0xF643, 0xFE63, 0xF663, 0xF663, 0xFE63, 0xFE63,
  0xF663, 0xF663, 0xFE63, 0xF663, 0xFE83, 0xF663, 0xFE63, 0xF663, 0xFE63, 0xF663, 0xFE63, 0xF663, 0xF663, 0xF663, 0xF663, 0xF663,
  0xF663, 0xF663, 0xF643, 0xFE63, 0xF663, 0xF663, 0xF663, 0xF663, 0xF663, 0xF663, 0xFE64, 0xF663, 0xFE84, 0xDE8C, 0x640F, 0x1149,
  0x29CB, 0x29CB, 0x2189, 0x31EA, 0x29CA, 0x2188, 0x31EA, 0x2188, 0x1948, 0x29A9, 0x2988, 0x2168, 0x29A9, 0x29EA, 0x21CB, 0x21CB,
  0x21CC, 0x21CC, 0x29ED, 0x19AB, 0x6C2E, 0xDE8A, 0xFE83, 0xFE62, 0xFE62, 0xFE62, 0xF5E2, 0xED62, 0xF565, 0xD3CC, 0xC2F3, 0xCB14,
  0xC2F3, 0xE498, 0xE498, 0xCB34, 0xD354, 0xD354, 0xD374, 0xCB54, 0xCB54, 0xCB54, 0xCB54, 0xCB54, 0xCB54, 0xCB54, 0xCB54, 0xCB34,
  0xCB34, 0xCB34, 0xC2F3, 0x99CE, 0xBAB2, 0xCB34, 0xCB14, 0xCB34, 0xCB34, 0xCB34, 0xCB34, 0xCB34, 0xCB54, 0xCB34, 0xCB34, 0xD354,
  0xCB34, 0xCB33, 0xCB34, 0xBA91, 0x9A0E, 0xE5F9, 0x4A48, 0x0000, 0x0000, 0x0000, 0x0000, 0x0000, 0x0000, 0x0000, 0x0000, 0x0000,
  0x0000, 0x0000, 0x0000, 0x0000, 0x0000, 0x0000, 0x0000, 0x0000, 0x0000, 0x0000, 0x0000, 0x0000, 0x0000, 0x0000, 0x0000, 0x0000,
  0x0000, 0x0000, 0x0000, 0x0000, 0x0000, 0x0000, 0x0000, 0x0000, 0x0000, 0x0000, 0x0000, 0x0000, 0x0000, 0x0000, 0x0000, 0x0000,
  0x0000, 0x0000, 0x0000, 0x0000, 0x0000, 0x0000, 0x0000, 0x0000, 0x0000, 0x0000, 0x0000, 0x0000, 0x0000, 0x0000, 0x0000, 0x0000,
  0x0000, 0x0000, 0x0000, 0x0000, 0x0000, 0x0000, 0x0000, 0x0000, 0x0000, 0x0000, 0x0000, 0x0000, 0x0000, 0x0000, 0x0000, 0x0000,
  0x0000, 0x0000, 0x0000, 0x0000, 0x0000, 0x0000, 0x0000, 0x0000, 0x0000, 0x0000, 0x0000, 0x0000, 0x0000, 0x0000, 0x0000, 0x0000,
  0x0000, 0x0000, 0x0000, 0x0000, 0x0000, 0x0000, 0x0000, 0x0000, 0x0000, 0x0000, 0x0000, 0x0000, 0x0000, 0x0000, 0x0000, 0x0000,
  0x0000, 0x0000, 0x0000, 0x0000, 0x0000, 0x0000, 0x0000, 0x0000, 0x0000, 0x0000, 0x0000, 0x0000, 0x0000, 0x0000, 0x0000, 0x0000,
  0x0000, 0x0000, 0x0000, 0x0000, 0x0000, 0x0000, 0x0000, 0x0000, 0x0000, 0x0000, 0x0000, 0x0000, 0x0000, 0x0000, 0x0000, 0x0000,
  0x0000, 0x0000, 0x0000, 0x0000, 0x0000, 0x0000, 0x0000, 0x0000, 0x0000, 0x4227, 0xFF3C, 0xDD17, 0xE4F8, 0xD3B5, 0xD3D6, 0xD3D6,
  0xD3D6, 0xD3D6, 0xD3D6, 0xD3D6, 0xD3D6, 0xD3B6, 0xDC16, 0xECD9, 0xAA71, 0xA9F0, 0xB230, 0xAA0D, 0xE4C9, 0xFDC4, 0xF5A3, 0xFE87,
  0xF6A7, 0xF687, 0xF6A7, 0xF687, 0xF6A8, 0xF687, 0xF6A8, 0xF6A7, 0xF688, 0xF6A8, 0xF6A8, 0xF6A8, 0xF6A8, 0xF6A8, 0xF6A8, 0xFEA8,
  0xF688, 0xF6A8, 0xF687, 0xF687, 0xF686, 0xF686, 0xF686, 0xF686, 0xF686, 0xF665, 0xF664, 0xF644, 0xFE64, 0xF643, 0xFE63, 0xF663,
  0xFE63, 0xFE63, 0xFE63, 0xFE63, 0xFE63, 0xFE63, 0xF663, 0xFE83, 0xFE63, 0xFE64, 0xF663, 0xFE63, 0xF663, 0xFE63, 0xF663, 0xF663,
  0xFE63, 0xF663, 0xFE84, 0xF663, 0xFE83, 0xF663, 0xFE63, 0xF663, 0xFE63, 0xFE63, 0xF663, 0xF663, 0xFE63, 0xFE63, 0xF663, 0xF663,
  0xF643, 0xFE63, 0xF663, 0xFE63, 0xF643, 0xF663, 0xF663, 0xF663, 0xF663, 0xF663, 0xFE64, 0xF664, 0xF685, 0xD6AD, 0x640F, 0x198A,
  0x29EB, 0x2189, 0x5AEA, 0x73AB, 0x52A7, 0x7BCB, 0x738A, 0x7389, 0x62E7, 0x840B, 0x7BCA, 0x7B88, 0x94AC, 0x6B8B, 0x29C9, 0x29CC,
  0x29CC, 0x21CC, 0x29ED, 0x19CB, 0x6C0F, 0xDE6A, 0xFE82, 0xFE42, 0xFE62, 0xFE42, 0xF5C2, 0xF562, 0xF567, 0xCBAE, 0xC313, 0xCB34,
  0xC313, 0xE4B8, 0xE477, 0xCB14, 0xD355, 0xD354, 0xD354, 0xCB54, 0xD354, 0xD354, 0xCB54, 0xD354, 0xD354, 0xCB54, 0xD334, 0xD354,
  0xD354, 0xDB55, 0xD354, 0xD354, 0xD354, 0xCB14, 0xCB34, 0xCB34, 0xCB34, 0xCB34, 0xCB34, 0xCB34, 0xCB34, 0xCB34, 0xCB34, 0xCB34,
  0xCB34, 0xCB34, 0xD354, 0xBA91, 0x9A0E, 0xE619, 0x4A48, 0x0000, 0x0000, 0x0000, 0x0000, 0x0000, 0x0000, 0x0000, 0x0000, 0x0000,
  0x0000, 0x0000, 0x0000, 0x0000, 0x0000, 0x0000, 0x0000, 0x0000, 0x0000, 0x0000, 0x0000, 0x0000, 0x0000, 0x0000, 0x0000, 0x0000,
  0x0000, 0x0000, 0x0000, 0x0000, 0x0000, 0x0000, 0x0000, 0x0000, 0x0000, 0x0000, 0x0000, 0x0000, 0x0000, 0x0000, 0x0000, 0x0000,
  0x0000, 0x0000, 0x0000, 0x0000, 0x0000, 0x0000, 0x0000, 0x0000, 0x0000, 0x0000, 0x0000, 0x0000, 0x0000, 0x0000, 0x0000, 0x0000,
  0x0000, 0x0000, 0x0000, 0x0000, 0x0000, 0x0000, 0x0000, 0x0000, 0x0000, 0x0000, 0x0000, 0x0000, 0x0000, 0x0000, 0x0000, 0x0000,
  0x0000, 0x0000, 0x0000, 0x0000, 0x0000, 0x0000, 0x0000, 0x0000, 0x0000, 0x0000, 0x0000, 0x0000, 0x0000, 0x0000, 0x0000, 0x0000,
  0x0000, 0x0000, 0x0000, 0x0000, 0x0000, 0x0000, 0x0000, 0x0000, 0x0000, 0x0000, 0x0000, 0x0000, 0x0000, 0x0000, 0x0000, 0x0000,
  0x0000, 0x0000, 0x0000, 0x0000, 0x0000, 0x0000, 0x0000, 0x0000, 0x0000, 0x0000, 0x0000, 0x0000, 0x0000, 0x0000, 0x0000, 0x0000,
  0x0000, 0x0000, 0x0000, 0x0000, 0x0000, 0x0000, 0x0000, 0x0000, 0x0000, 0x0000, 0x0000, 0x0000, 0x0000, 0x0000, 0x0000, 0x0000,
  0x0000, 0x0000, 0x0000, 0x0000, 0x0000, 0x0000, 0x0000, 0x0000, 0x0000, 0x4207, 0xFF3C, 0xDCF7, 0xE4D8, 0xD3B5, 0xD3B6, 0xD3B6,
  0xD3B6, 0xD3D6, 0xD3B6, 0xD3B6, 0xD3B6, 0xD3B6, 0xDBF6, 0xECF9, 0xB271, 0xA9F0, 0xB231, 0xAA0E, 0xDC4A, 0xFDC5, 0xF582, 0xF624,
  0xF664, 0xF643, 0xFE64, 0xF643, 0xF664, 0xF643, 0xF664, 0xF643, 0xF664, 0xF664, 0xF664, 0xF664, 0xF664, 0xF664, 0xF643, 0xF664,
  0xF643, 0xF664, 0xF643, 0xF663, 0xF643, 0xF643, 0xF643, 0xF643, 0xF663, 0xF643, 0xFE63, 0xF643, 0xFE64, 0xF663, 0xFE64, 0xF663,
  0xFE64, 0xF663, 0xF663, 0xF663, 0xF663, 0xFE64, 0xF663, 0xFE83, 0xF643, 0xFE63, 0xF663, 0xFE63, 0xF663, 0xFE63, 0xFE63, 0xF663,
  0xFE63, 0xF663, 0xFE84, 0xF663, 0xFE84, 0xF663, 0xFE84, 0xF663, 0xFE64, 0xF663, 0xFE63, 0xFE63, 0xF663, 0xFE84, 0xF663, 0xF663,
  0xF643, 0xFE64, 0xF643, 0xFE64, 0xF643, 0xF663, 0xF643, 0xF643, 0xF663, 0xF643, 0xFE64, 0xF643, 0xF664, 0xD68C, 0x640F, 0x1969,
  0x29EB, 0x2168, 0x7BCC, 0x736A, 0x4A45, 0xA4ED, 0x5AC5, 0x8C4A, 0x9C8B, 0xA4EB, 0x8C4B, 0x8C09, 0xB56E, 0x6B49, 0x29C9, 0x21CB,
  0x21CB, 0x21CC, 0x29EC, 0x19AB, 0x6C0E, 0xD64A, 0xFE62, 0xF641, 0xFE62, 0xFE42, 0xF5C2, 0xF583, 0xF568, 0xCB8F, 0xCB54, 0xCB55,
  0xC334, 0xECD9, 0xE457, 0xC2F4, 0xCB34, 0xCB34, 0xCB34, 0xCB34, 0xCB34, 0xCB34, 0xCB34, 0xD334, 0xD354, 0xDB95, 0xD395, 0xBB54,
  0xAB13, 0xA2F2, 0xA2F3, 0xAB13, 0xBB34, 0xCB75, 0xD354, 0xCB34, 0xCB14, 0xCB34, 0xCB14, 0xCB34, 0xCB14, 0xCB14, 0xCB34, 0xCB34,
  0xCB34, 0xCB14, 0xCB34, 0xBA71, 0x99EE, 0xE619, 0x4A48, 0x0000, 0x0000, 0x0000, 0x0000, 0x0000, 0x0000, 0x0000, 0x0000, 0x0000,
  0x0000, 0x0000, 0x0000, 0x0000, 0x0000, 0x0000, 0x0000, 0x0000, 0x0000, 0x0000, 0x0000, 0x0000, 0x0000, 0x0000, 0x0000, 0x0000,
  0x0000, 0x0000, 0x0000, 0x0000, 0x0000, 0x0000, 0x0000, 0x0000, 0x0000, 0x0000, 0x0000, 0x0000, 0x0000, 0x0000, 0x0000, 0x0000,
  0x0000, 0x0000, 0x0000, 0x0000, 0x0000, 0x0000, 0x0000, 0x0000, 0x0000, 0x0000, 0x0000, 0x0000, 0x0000, 0x0000, 0x0000, 0x0000,
  0x0000, 0x0000, 0x0000, 0x0000, 0x0000, 0x0000, 0x0000, 0x0000, 0x0000, 0x0000, 0x0000, 0x0000, 0x0000, 0x0000, 0x0000, 0x0000,
  0x0000, 0x0000, 0x0000, 0x0000, 0x0000, 0x0000, 0x0000, 0x0000, 0x0000, 0x0000, 0x0000, 0x0000, 0x0000, 0x0000, 0x0000, 0x0000,
  0x0000, 0x0000, 0x0000, 0x0000, 0x0000, 0x0000, 0x0000, 0x0000, 0x0000, 0x0000, 0x0000, 0x0000, 0x0000, 0x0000, 0x0000, 0x0000,
  0x0000, 0x0000, 0x0000, 0x0000, 0x0000, 0x0000, 0x0000, 0x0000, 0x0000, 0x0000, 0x0000, 0x0000, 0x0000, 0x0000, 0x0000, 0x0000,
  0x0000, 0x0000, 0x0000, 0x0000, 0x0000, 0x0000, 0x0000, 0x0000, 0x0000, 0x0000, 0x0000, 0x0000, 0x0000, 0x0000, 0x0000, 0x0000,
  0x0000, 0x0000, 0x0000, 0x0000, 0x0000, 0x0000, 0x0000, 0x0000, 0x0000, 0x4227, 0xFF5C, 0xD4F7, 0xE4D8, 0xD3B5, 0xD3B6, 0xD3B6,
  0xDBB6, 0xD3B6, 0xDBB6, 0xDBB6, 0xD3B6, 0xD3B6, 0xD3F6, 0xF4F9, 0xB291, 0xAA10, 0xB231, 0xAA0F, 0xD3CA, 0xFDC6, 0xF562, 0xF623,
  0xFE84, 0xF643, 0xFE63, 0xF643, 0xF663, 0xF643, 0xFE63, 0xF643, 0xFE64, 0xF663, 0xF663, 0xFE64, 0xFE63, 0xFE64, 0xF663, 0xFE64,
  0xF663, 0xFE63, 0xF663, 0xFE63, 0xFE63, 0xFE63, 0xF663, 0xF663, 0xFE63, 0xF643, 0xFE64, 0xF663, 0xFE64, 0xF663, 0xFE63, 0xF663,
  0xFE64, 0xFE63, 0xFE63, 0xFE63, 0xF663, 0xFE64, 0xFE63, 0xFE83, 0xFE63, 0xFE83, 0xFE63, 0xFE63, 0xF663, 0xFE63, 0xFE63, 0xFE63,
  0xFE64, 0xFE63, 0xFE84, 0xF663, 0xFE84, 0xF663, 0xFE84, 0xF663, 0xFE84, 0xFE64, 0xFE64, 0xFE64, 0xFE63, 0xFE83, 0xF663, 0xFE83,
  0xF663, 0xFE64, 0xF663, 0xFE84, 0xF663, 0xF663, 0xF663, 0xF663, 0xFE64, 0xF663, 0xF663, 0xF643, 0xF664, 0xD66C, 0x63EE, 0x1968,
  0x29AA, 0x298A, 0x2987, 0x5288, 0x4A89, 0x4A68, 0x73AC, 0x4A67, 0x4206, 0x4A46, 0x4A45, 0x5AA6, 0x6B27, 0x52A8, 0x29A9, 0x21AB,
  0x21CB, 0x21AB, 0x21CC, 0x198A, 0x63EE, 0xD649, 0xF662, 0xF662, 0xFE62, 0xFE42, 0xF5A2, 0xF584, 0xF549, 0xCB91, 0xCB55, 0xCB75,
  0xC354, 0xED1A, 0xDC57, 0xCB14, 0xCB34, 0xCB34, 0xCB34, 0xCB34, 0xCB34, 0xD334, 0xD334, 0xD395, 0xB354, 0x7AB1, 0x524F, 0x428F,
  0x3AD1, 0x4312, 0x3AF2, 0x3AB0, 0x3A4F, 0x522F, 0x7A90, 0xB334, 0xD375, 0xCB34, 0xCB34, 0xCB34, 0xCB34, 0xCB54, 0xD354, 0xCB34,
  0xCB34, 0xCB34, 0xCB34, 0xB271, 0x99EE, 0xE619, 0x4A48, 0x0000, 0x0000, 0x0000, 0x0000, 0x0000, 0x0000, 0x0000, 0x0000, 0x0000,
  0x0000, 0x0000, 0x0000, 0x0000, 0x0000, 0x0000, 0x0000, 0x0000, 0x0000, 0x0000, 0x0000, 0x0000, 0x0000, 0x0000, 0x0000, 0x0000,
  0x0000, 0x0000, 0x0000, 0x0000, 0x0000, 0x0000, 0x0000, 0x0000, 0x0000, 0x0000, 0x0000, 0x0000, 0x0000, 0x0000, 0x0000, 0x0000,
  0x0000, 0x0000, 0x0000, 0x0000, 0x0000, 0x0000, 0x0000, 0x0000, 0x0000, 0x0000, 0x0000, 0x0000, 0x0000, 0x0000, 0x0000, 0x0000,
  0x0000, 0x0000, 0x0000, 0x0000, 0x0000, 0x0000, 0x0000, 0x0000, 0x0000, 0x0000, 0x0000, 0x0000, 0x0000, 0x0000, 0x0000, 0x0000,
  0x0000, 0x0000, 0x0000, 0x0000, 0x0000, 0x0000, 0x0000, 0x0000, 0x0000, 0x0000, 0x0000, 0x0000, 0x0000, 0x0000, 0x0000, 0x0000,
  0x0000, 0x0000, 0x0000, 0x0000, 0x0000, 0x0000, 0x0000, 0x0000, 0x0000, 0x0000, 0x0000, 0x0000, 0x0000, 0x0000, 0x0000, 0x0000,
  0x0000, 0x0000, 0x0000, 0x0000, 0x0000, 0x0000, 0x0000, 0x0000, 0x0000, 0x0000, 0x0000, 0x0000, 0x0000, 0x0000, 0x0000, 0x0000,
  0x0000, 0x0000, 0x0000, 0x0000, 0x0000, 0x0000, 0x0000, 0x0000, 0x0000, 0x0000, 0x0000, 0x0000, 0x0000, 0x0000, 0x0000, 0x0000,
  0x0000, 0x0000, 0x0000, 0x0000, 0x0000, 0x0000, 0x0000, 0x0000, 0x0000, 0x4227, 0xFF5C, 0xDCF7, 0xE4D8, 0xD3B5, 0xD3B6, 0xD3B6,
  0xD3B5, 0xDBB6, 0xDBB6, 0xDBB6, 0xDBB6, 0xD3B6, 0xD3D6, 0xF4FA, 0xB2B2, 0xA9F0, 0xB231, 0xAA10, 0xC34A, 0xFDA6, 0xF562, 0xF5E3,
  0xFE64, 0xF643, 0xFE63, 0xF643, 0xFE64, 0xF643, 0xFE63, 0xF663, 0xFE64, 0xF664, 0xF663, 0xFE64, 0xF643, 0xFE64, 0xF644, 0xFE64,
  0xF643, 0xFE64, 0xF663, 0xFE64, 0xF663, 0xFE63, 0xF663, 0xF663, 0xFE63, 0xF643, 0xFE63, 0xF663, 0xFE84, 0xF663, 0xFE64, 0xF643,
  0xFE63, 0xF663, 0xF663, 0xFE63, 0xF663, 0xFE64, 0xF663, 0xFE63, 0xF643, 0xFE63, 0xFE63, 0xFE63, 0xF663, 0xFE64, 0xF663, 0xF663,
  0xFE63, 0xF663, 0xFE64, 0xF663, 0xFE84, 0xF663, 0xFE84, 0xF643, 0xFE63, 0xF663, 0xFE63, 0xFE63, 0xFE63, 0xFE64, 0xF663, 0xFE64,
  0xF663, 0xFE84, 0xF663, 0xFE64, 0xF663, 0xF663, 0xF663, 0xF663, 0xFE63, 0xF643, 0xF663, 0xF643, 0xF663, 0xD66B, 0x63EE, 0x1948,
  0x29AA, 0x2168, 0x5287, 0xA4EC, 0x31A5, 0x320B, 0x2187, 0x7BC9, 0x9C8B, 0x5264, 0xB54C, 0xAD0B, 0xACEB, 0x8C4C, 0x29A8, 0x21AA,
  0x21AB, 0x21AB, 0x21CC, 0x196A, 0x63EE, 0xD66A, 0xF642, 0xF641, 0xFE62, 0xFE22, 0xF582, 0xF5A4, 0xED0A, 0xCB51, 0xCB55, 0xCB75,
  0xC374, 0xF53A, 0xDC37, 0xCB34, 0xCB55, 0xD354, 0xD354, 0xD334, 0xCB34, 0xD354, 0xBB75, 0x6270, 0x2A0E, 0x3312, 0x5456, 0x5CF8,
  0x6519, 0x6519, 0x6519, 0x64F9, 0x5CD8, 0x4C36, 0x3312, 0x322E, 0x7291, 0xC375, 0xD354, 0xCB34, 0xCB34, 0xCB34, 0xCB34, 0xCB14,
  0xCB34, 0xCB13, 0xCB14, 0xB271, 0x91EE, 0xE619, 0x4A48, 0x0000, 0x0000, 0x0000, 0x0000, 0x0000, 0x0000, 0x0000, 0x0000, 0x0000,
  0x0000, 0x0000, 0x0000, 0x0000, 0x0000, 0x0000, 0x0000, 0x0000, 0x0000, 0x0000, 0x0000, 0x0000, 0x0000, 0x0000, 0x0000, 0x0000,
  0x0000, 0x0000, 0x0000, 0x0000, 0x0000, 0x0000, 0x0000, 0x0000, 0x0000, 0x0000, 0x0000, 0x0000, 0x0000, 0x0000, 0x0000, 0x0000,
  0x0000, 0x0000, 0x0000, 0x0000, 0x0000, 0x0000, 0x0000, 0x0000, 0x0000, 0x0000, 0x0000, 0x0000, 0x0000, 0x0000, 0x0000, 0x0000,
  0x0000, 0x0000, 0x0000, 0x0000, 0x0000, 0x0000, 0x0000, 0x0000, 0x0000, 0x0000, 0x0000, 0x0000, 0x0000, 0x0000, 0x0000, 0x0000,
  0x0000, 0x0000, 0x0000, 0x0000, 0x0000, 0x0000, 0x0000, 0x0000, 0x0000, 0x0000, 0x0000, 0x0000, 0x0000, 0x0000, 0x0000, 0x0000,
  0x0000, 0x0000, 0x0000, 0x0000, 0x0000, 0x0000, 0x0000, 0x0000, 0x0000, 0x0000, 0x0000, 0x0000, 0x0000, 0x0000, 0x0000, 0x0000,
  0x0000, 0x0000, 0x0000, 0x0000, 0x0000, 0x0000, 0x0000, 0x0000, 0x0000, 0x0000, 0x0000, 0x0000, 0x0000, 0x0000, 0x0000, 0x0000,
  0x0000, 0x0000, 0x0000, 0x0000, 0x0000, 0x0000, 0x0000, 0x0000, 0x0000, 0x0000, 0x0000, 0x0000, 0x0000, 0x0000, 0x0000, 0x0000,
  0x0000, 0x0000, 0x0000, 0x0000, 0x0000, 0x0000, 0x0000, 0x0000, 0x0000, 0x4227, 0xFF5C, 0xDCD7, 0xE4D8, 0xD3B5, 0xDBB6, 0xDBB6,
  0xDBB6, 0xDBB6, 0xDBB6, 0xDBB6, 0xDBB6, 0xDBB6, 0xD3D6, 0xF4F9, 0xBAD2, 0xA9F0, 0xB231, 0xAA10, 0xB2CA, 0xF567, 0xF562, 0xF5C3,
  0xFE64, 0xF643, 0xF663, 0xF643, 0xF663, 0xF643, 0xFE63, 0xF663, 0xFE64, 0xF664, 0xF663, 0xF663, 0xF663, 0xFE64, 0xF663, 0xFE64,
  0xF663, 0xFE64, 0xF663, 0xFE64, 0xF663, 0xFE64, 0xFE63, 0xF663, 0xFE64, 0xF663, 0xFE64, 0xF663, 0xFE84, 0xF663, 0xFE64, 0xF663,
  0xFE63, 0xFE63, 0xF663, 0xFE63, 0xF663, 0xFE63, 0xF663, 0xFE63, 0xF663, 0xFE83, 0xF663, 0xFE63, 0xFE63, 0xFE63, 0xFE63, 0xF663,
  0xFE63, 0xF663, 0xFE64, 0xF663, 0xFE83, 0xF663, 0xFE64, 0xF663, 0xFE63, 0xF663, 0xFE63, 0xFE63, 0xF663, 0xFE64, 0xF663, 0xFE64,
  0xF663, 0xFE84, 0xF663, 0xFE63, 0xF663, 0xFE63, 0xF663, 0xF663, 0xF663, 0xF643, 0xF663, 0xF643, 0xF664, 0xD68B, 0x63EE, 0x1948,
  0x29AA, 0x1927, 0x6307, 0xE6CE, 0xAD0B, 0x2944, 0x5AE7, 0xE6CD, 0xBD69, 0x9C68, 0xC5AA, 0x39A2, 0x3A05, 0x31C7, 0x29A9, 0x21CB,
  0x21AB, 0x21AB, 0x29EC, 0x198A, 0x63EE, 0xD64A, 0xF642, 0xFE42, 0xFE62, 0xFE22, 0xF562, 0xF5A4, 0xE48B, 0xC332, 0xCB35, 0xCB55,
  0xC354, 0xF55A, 0xDC37, 0xCB34, 0xD354, 0xD334, 0xCB34, 0xCB34, 0xCB54, 0xA354, 0x31EE, 0x2AD0, 0x5CD8, 0x653A, 0x5497, 0x4416,
  0x3BF5, 0x3BD5, 0x3BD5, 0x3BF5, 0x4436, 0x5497, 0x5CF9, 0x5497, 0x2AB1, 0x4A2F, 0xB354, 0xD354, 0xCB34, 0xCB14, 0xCB34, 0xCB14,
  0xCB14, 0xCB13, 0xCB34, 0xB250, 0x99CD, 0xE5F9, 0x4A28, 0x0000, 0x0000, 0x0000, 0x0000, 0x0000, 0x0000, 0x0000, 0x0000, 0x0000,
  0x0000, 0x0000, 0x0000, 0x0000, 0x0000, 0x0000, 0x0000, 0x0000, 0x0000, 0x0000, 0x0000, 0x0000, 0x0000, 0x0000, 0x0000, 0x0000,
  0x0000, 0x0000, 0x0000, 0x0000, 0x0000, 0x0000, 0x0000, 0x0000, 0x0000, 0x0000, 0x0000, 0x0000, 0x0000, 0x0000, 0x0000, 0x0000,
  0x0000, 0x0000, 0x0000, 0x0000, 0x0000, 0x0000, 0x0000, 0x0000, 0x0000, 0x0000, 0x0000, 0x0000, 0x0000, 0x0000, 0x0000, 0x0000,
  0x0000, 0x0000, 0x0000, 0x0000, 0x0000, 0x0000, 0x0000, 0x0000, 0x0000, 0x0000, 0x0000, 0x0000, 0x0000, 0x0000, 0x0000, 0x0000,
  0x0000, 0x0000, 0x0000, 0x0000, 0x0000, 0x0000, 0x0000, 0x0000, 0x0000, 0x0000, 0x0000, 0x0000, 0x0000, 0x0000, 0x0000, 0x0000,
  0x0000, 0x0000, 0x0000, 0x0000, 0x0000, 0x0000, 0x0000, 0x0000, 0x0000, 0x0000, 0x0000, 0x0000, 0x0000, 0x0000, 0x0000, 0x0000,
  0x0000, 0x0000, 0x0000, 0x0000, 0x0000, 0x0000, 0x0000, 0x0000, 0x0000, 0x0000, 0x0000, 0x0000, 0x0000, 0x0000, 0x0000, 0x0000,
  0x0000, 0x0000, 0x0000, 0x0000, 0x0000, 0x0000, 0x0000, 0x0000, 0x0000, 0x0000, 0x0000, 0x0000, 0x0000, 0x0000, 0x0000, 0x0000,
  0x0000, 0x0000, 0x0000, 0x0000, 0x0000, 0x0000, 0x0000, 0x0000, 0x0000, 0x4227, 0xFF3C, 0xD4D7, 0xE4B8, 0xD3B5, 0xD3B6, 0xDBB6,
  0xD3B6, 0xD3B6, 0xD3B6, 0xDBB6, 0xDBB6, 0xDBB6, 0xD3D6, 0xF4F9, 0xBAF2, 0xA9CF, 0xB211, 0xB210, 0xAA4C, 0xED08, 0xF583, 0xF5C3,
  0xFE64, 0xF663, 0xFE64, 0xF663, 0xFE64, 0xF663, 0xFE64, 0xF663, 0xFE64, 0xF664, 0xF663, 0xFE63, 0xF663, 0xFE64, 0xF663, 0xFE64,
  0xF663, 0xFE64, 0xF663, 0xFE84, 0xFE64, 0xFE64, 0xFE64, 0xFE64, 0xFE84, 0xFE64, 0xFE64, 0xF663, 0xFE64, 0xFE63, 0xFE63, 0xF663,
  0xFE64, 0xFE63, 0xF663, 0xFE63, 0xF663, 0xFE63, 0xFE63, 0xFE63, 0xF663, 0xFE84, 0xF663, 0xFE63, 0xFE63, 0xFE63, 0xFE63, 0xFE63,
  0xF663, 0xF663, 0xFE83, 0xF663, 0xFE63, 0xF663, 0xFE63, 0xF663, 0xFE63, 0xFE63, 0xFE63, 0xF663, 0xF663, 0xFE64, 0xF663, 0xFE83,
  0xF663, 0xFE63, 0xF663, 0xFE64, 0xF663, 0xFE63, 0xF663, 0xF663, 0xF663, 0xF663, 0xF664, 0xF643, 0xF664, 0xD68C, 0x640E, 0x1968,
  0x29AA, 0x1947, 0x7369, 0xA4AA, 0x83E8, 0xB54B, 0xB54B, 0x7B86, 0xB52A, 0x6B05, 0xC5ED, 0x9469, 0x9CAC, 0x634A, 0x2188, 0x2189,
  0x21CA, 0x21AA, 0x21AA, 0x198A, 0x63EE, 0xD66A, 0xFE62, 0xF662, 0xFE82, 0xFE02, 0xF562, 0xF585, 0xDC2C, 0xC313, 0xCB34, 0xCB34,
  0xC354, 0xF57B, 0xD416, 0xCB34, 0xCB54, 0xCB54, 0xD354, 0xD374, 0xB394, 0x3A0E, 0x3B73, 0x6D7B, 0x54B8, 0x3BD4, 0x33B4, 0x3BB5,
  0x3BD5, 0x3BD5, 0x3BD5, 0x3BF6, 0x3BF5, 0x3BF5, 0x43F5, 0x4C36, 0x43F6, 0x1A50, 0x4A0F, 0xBB54, 0xCB14, 0xCB14, 0xCB13, 0xCB14,
  0xCB13, 0xCB13, 0xCB14, 0xB251, 0x99CD, 0xE5F9, 0x4A48, 0x0000, 0x0000, 0x0000, 0x0000, 0x0000, 0x0000, 0x0000, 0x0000, 0x0000,
  0x0000, 0x0000, 0x0000, 0x0000, 0x0000, 0x0000, 0x0000, 0x0000, 0x0000, 0x0000, 0x0000, 0x0000, 0x0000, 0x0000, 0x0000, 0x0000,
  0x0000, 0x0000, 0x0000, 0x0000, 0x0000, 0x0000, 0x0000, 0x0000, 0x0000, 0x0000, 0x0000, 0x0000, 0x0000, 0x0000, 0x0000, 0x0000,
  0x0000, 0x0000, 0x0000, 0x0000, 0x0000, 0x0000, 0x0000, 0x0000, 0x0000, 0x0000, 0x0000, 0x0000, 0x0000, 0x0000, 0x0000, 0x0000,
  0x0000, 0x0000, 0x0000, 0x0000, 0x0000, 0x0000, 0x0000, 0x0000, 0x0000, 0x0000, 0x0000, 0x0000, 0x0000, 0x0000, 0x0000, 0x0000,
  0x0000, 0x0000, 0x0000, 0x0000, 0x0000, 0x0000, 0x0000, 0x0000, 0x0000, 0x0000, 0x0000, 0x0000, 0x0000, 0x0000, 0x0000, 0x0000,
  0x0000, 0x0000, 0x0000, 0x0000, 0x0000, 0x0000, 0x0000, 0x0000, 0x0000, 0x0000, 0x0000, 0x0000, 0x0000, 0x0000, 0x0000, 0x0000,
  0x0000, 0x0000, 0x0000, 0x0000, 0x0000, 0x0000, 0x0000, 0x0000, 0x0000, 0x0000, 0x0000, 0x0000, 0x0000, 0x0000, 0x0000, 0x0000,
  0x0000, 0x0000, 0x0000, 0x0000, 0x0000, 0x0000, 0x0000, 0x0000, 0x0000, 0x0000, 0x0000, 0x0000, 0x0000, 0x0000, 0x0000, 0x0000,
  0x0000, 0x0000, 0x0000, 0x0000, 0x0000, 0x0000, 0x0000, 0x0000, 0x0000, 0x4207, 0xFF3C, 0xD4D7, 0xE4B8, 0xD3B5, 0xD3B5, 0xD3B5,
  0xD3B5, 0xD3B6, 0xD3B6, 0xD3B5, 0xD3B5, 0xD3B5, 0xD3B5, 0xF4F9, 0xC2F3, 0xA9CF, 0xB211, 0xB211, 0xAA0D, 0xE488, 0xFDA4, 0xF5A2,
  0xFE64, 0xF643, 0xFE84, 0xF663, 0xFE64, 0xF663, 0xFE64, 0xF663, 0xFE64, 0xF664, 0xF664, 0xFE64, 0xF663, 0xFE64, 0xF643, 0xFE64,
  0xF643, 0xFE64, 0xF643, 0xFE64, 0xF663, 0xFE64, 0xFE63, 0xF663, 0xFE63, 0xF663, 0xFE84, 0xF663, 0xFE64, 0xF663, 0xFE64, 0xF663,
  0xFE63, 0xF663, 0xF663, 0xFE63, 0xF663, 0xFE63, 0xF663, 0xFE84, 0xF663, 0xFE83, 0xF663, 0xFE63, 0xF663, 0xFE63, 0xFE63, 0xF663,
  0xFE63, 0xF663, 0xFE63, 0xF663, 0xFE63, 0xF663, 0xFE84, 0xF663, 0xFE83, 0xFE63, 0xF663, 0xFE63, 0xF663, 0xFE83, 0xF663, 0xFE84,
  0xF643, 0xFE63, 0xF643, 0xFE84, 0xF663, 0xF663, 0xF663, 0xF643, 0xFE63, 0xF643, 0xFE63, 0xF643, 0xF664, 0xDE8C, 0x6C0F, 0x1989,
  0x29CA, 0x1948, 0x6B49, 0xA50D, 0x18E2, 0x948C, 0x5AE6, 0x4203, 0xBDCD, 0x2963, 0x29A6, 0x31E6, 0x39E3, 0xC5EE, 0x6307, 0x73CC,
  0x5AE9, 0x52E9, 0x7C0D, 0x21C8, 0x63EE, 0xD66A, 0xFE62, 0xF661, 0xFE61, 0xF5E1, 0xF562, 0xF565, 0xD3CD, 0xCB14, 0xCB14, 0xCB14,
  0xC354, 0xF57B, 0xD3F5, 0xCB33, 0xCB54, 0xCB54, 0xCB54, 0xCBB6, 0x5A70, 0x3311, 0x759B, 0x5477, 0x3BB4, 0x3BD5, 0x3BD5, 0x3BD5,
  0x3BF5, 0x3BF5, 0x3BF5, 0x3BF5, 0x3BF5, 0x4415, 0x3BD5, 0x3353, 0x2B13, 0x2B13, 0x19EE, 0x6A50, 0xCB54, 0xCB14, 0xCB13, 0xCB13,
  0xCB14, 0xCB14, 0xCB34, 0xB251, 0x91AD, 0xE5F9, 0x4A48, 0x0000, 0x0000, 0x0000, 0x0000, 0x0000, 0x0000, 0x0000, 0x0000, 0x0000,
  0x0000, 0x0000, 0x0000, 0x0000, 0x0000, 0x0000, 0x0000, 0x0000, 0x0000, 0x0000, 0x0000, 0x0000, 0x0000, 0x0000, 0x0000, 0x0000,
  0x0000, 0x0000, 0x0000, 0x0000, 0x0000, 0x0000, 0x0000, 0x0000, 0x0000, 0x0000, 0x0000, 0x0000, 0x0000, 0x0000, 0x0000, 0x0000,
  0x0000, 0x0000, 0x0000, 0x0000, 0x0000, 0x0000, 0x0000, 0x0000, 0x0000, 0x0000, 0x0000, 0x0000, 0x0000, 0x0000, 0x0000, 0x0000,
  0x0000, 0x0000, 0x0000, 0x0000, 0x0000, 0x0000, 0x0000, 0x0000, 0x0000, 0x0000, 0x0000, 0x0000, 0x0000, 0x0000, 0x0000, 0x0000,
  0x0000, 0x0000, 0x0000, 0x0000, 0x0000, 0x0000, 0x0000, 0x0000, 0x0000, 0x0000, 0x0000, 0x0000, 0x0000, 0x0000, 0x0000, 0x0000,
  0x0000, 0x0000, 0x0000, 0x0000, 0x0000, 0x0000, 0x0000, 0x0000, 0x0000, 0x0000, 0x0000, 0x0000, 0x0000, 0x0000, 0x0000, 0x0000,
  0x0000, 0x0000, 0x0000, 0x0000, 0x0000, 0x0000, 0x0000, 0x0000, 0x0000, 0x0000, 0x0000, 0x0000, 0x0000, 0x0000, 0x0000, 0x0000,
  0x0000, 0x0000, 0x0000, 0x0000, 0x0000, 0x0000, 0x0000, 0x0000, 0x0000, 0x0000, 0x0000, 0x0000, 0x0000, 0x0000, 0x0000, 0x0000,
  0x0000, 0x0000, 0x0000, 0x0000, 0x0000, 0x0000, 0x0000, 0x0000, 0x0000, 0x4227, 0xFF3C, 0xD4B7, 0xE4B8, 0xD3B5, 0xDBB6, 0xDBB6,
  0xDBB6, 0xDBD6, 0xDBB6, 0xDBB6, 0xDBB5, 0xD3B5, 0xD3B5, 0xECD9, 0xC313, 0xA9CF, 0xB231, 0xB231, 0xA9EE, 0xD409, 0xFDC5, 0xF582,
  0xFE64, 0xFE84, 0xFE84, 0xFE64, 0xFE84, 0xF663, 0xFE64, 0xF664, 0xFE64, 0xF664, 0xF664, 0xF664, 0xF664, 0xFE64, 0xF663, 0xFE64,
  0xF663, 0xFE64, 0xF664, 0xFE64, 0xF664, 0xFE64, 0xFE64, 0xFE64, 0xFE64, 0xFE64, 0xFE64, 0xF663, 0xFE84, 0xF663, 0xFE63, 0xF663,
  0xFE63, 0xFE63, 0xFE63, 0xFE63, 0xFE63, 0xFE83, 0xF663, 0xFE83, 0xF663, 0xFE83, 0xF663, 0xFE63, 0xF663, 0xFE63, 0xFE63, 0xF663,
  0xFE83, 0xFE63, 0xFE63, 0xF663, 0xFE83, 0xFE63, 0xFE84, 0xFE63, 0xFE84, 0xFE63, 0xFE63, 0xFE83, 0xFE63, 0xFE63, 0xF663, 0xFE64,
  0xF663, 0xFE83, 0xF663, 0xFE64, 0xF663, 0xFE63, 0xF663, 0xF663, 0xFE63, 0xF663, 0xFE64, 0xF663, 0xFE84, 0xDE8C, 0x6C0E, 0x1989,
  0x29CB, 0x1948, 0x738A, 0xAD6F, 0x2125, 0x2168, 0x1926, 0x52C8, 0xC60F, 0x31C4, 0x52CA, 0x52C8, 0x6B47, 0xC5EE, 0x5265, 0x842B,
  0x8C4C, 0x6307, 0xAD4F, 0x3A48, 0x5BCE, 0xDE6B, 0xFE62, 0xFE62, 0xFE62, 0xF5C1, 0xF562, 0xF546, 0xCB8F, 0xCB14, 0xCB14, 0xCB14,
  0xC354, 0xF55A, 0xD3B5, 0xCB13, 0xCB34, 0xCB34, 0xD375, 0x9B33, 0x2A2E, 0x64D8, 0x5CD8, 0x3BD5, 0x3BF6, 0x3BF5, 0x3BF5, 0x3BF5,
  0x3BF5, 0x3BD5, 0x3BD5, 0x3BF5, 0x3BF5, 0x3BF5, 0x3354, 0x2B33, 0x2B33, 0x2AF3, 0x2291, 0x31ED, 0xA2F2, 0xCB54, 0xCB34, 0xCB14,
  0xCB34, 0xCB14, 0xCB34, 0xB251, 0x91AD, 0xE5F9, 0x4A28, 0x0000, 0x0000, 0x0000, 0x0000, 0x0000, 0x0000, 0x0000, 0x0000, 0x0000,
  0x0000, 0x0000, 0x0000, 0x0000, 0x0000, 0x0000, 0x0000, 0x0000, 0x0000, 0x0000, 0x0000, 0x0000, 0x0000, 0x0000, 0x0000, 0x0000,
  0x0000, 0x0000, 0x0000, 0x0000, 0x0000, 0x0000, 0x0000, 0x0000, 0x0000, 0x0000, 0x0000, 0x0000, 0x0000, 0x0000, 0x0000, 0x0000,
  0x0000, 0x0000, 0x0000, 0x0000, 0x0000, 0x0000, 0x0000, 0x0000, 0x0000, 0x0000, 0x0000, 0x0000, 0x0000, 0x0000, 0x0000, 0x0000,
  0x0000, 0x0000, 0x0000, 0x0000, 0x0000, 0x0000, 0x0000, 0x0000, 0x0000, 0x0000, 0x0000, 0x0000, 0x0000, 0x0000, 0x0000, 0x0000,
  0x0000, 0x0000, 0x0000, 0x0000, 0x0000, 0x0000, 0x0000, 0x0000, 0x0000, 0x0000, 0x0000, 0x0000, 0x0000, 0x0000, 0x0000, 0x0000,
  0x0000, 0x0000, 0x0000, 0x0000, 0x0000, 0x0000, 0x0000, 0x0000, 0x0000, 0x0000, 0x0000, 0x0000, 0x0000, 0x0000, 0x0000, 0x0000,
  0x0000, 0x0000, 0x0000, 0x0000, 0x0000, 0x0000, 0x0000, 0x0000, 0x0000, 0x0000, 0x0000, 0x0000, 0x0000, 0x0000, 0x0000, 0x0000,
  0x0000, 0x0000, 0x0000, 0x0000, 0x0000, 0x0000, 0x0000, 0x0000, 0x0000, 0x0000, 0x0000, 0x0000, 0x0000, 0x0000, 0x0000, 0x0000,
  0x0000, 0x0000, 0x0000, 0x0000, 0x0000, 0x0000, 0x0000, 0x0000, 0x0000, 0x4227, 0xFF3C, 0xD4B6, 0xE497, 0xD395, 0xD3B5, 0xD3B5,
  0xD3B6, 0xD3B6, 0xD3B5, 0xD395, 0xD3B5, 0xD395, 0xD395, 0xECD9, 0xC334, 0xA1EF, 0xB231, 0xB231, 0xAA0F, 0xC36A, 0xFDC6, 0xF5A2,
  0xFE23, 0xFE64, 0xFE84, 0xF663, 0xFE64, 0xF663, 0xFE83, 0xF664, 0xF664, 0xF663, 0xF663, 0xFE64, 0xF663, 0xFE64, 0xF643, 0xFE64,
  0xF643, 0xFE64, 0xF663, 0xFE64, 0xF663, 0xFE64, 0xFE63, 0xF663, 0xFE64, 0xF663, 0xFE84, 0xF663, 0xFE84, 0xF663, 0xFE63, 0xF663,
  0xFE63, 0xF663, 0xF663, 0xFE63, 0xF663, 0xFE63, 0xF663, 0xFE63, 0xF663, 0xFE83, 0xFE63, 0xFE63, 0xF663, 0xFE63, 0xF663, 0xF663,
  0xFE63, 0xF663, 0xFE63, 0xF663, 0xFE63, 0xF663, 0xFE63, 0xF663, 0xFE84, 0xF663, 0xFE63, 0xF663, 0xF663, 0xFE63, 0xF663, 0xFE64,
  0xF663, 0xFE63, 0xF643, 0xF663, 0xF643, 0xF663, 0xF663, 0xF663, 0xFE63, 0xF663, 0xFE64, 0xF643, 0xF684, 0xDE8C, 0x640E, 0x1989,
  0x29CA, 0x2189, 0x4A89, 0x634B, 0x2168, 0x29CA, 0x2189, 0x3A28, 0x6B6A, 0x39E6, 0x840C, 0x840A, 0x840B, 0x4A67, 0x2187, 0x5B2C,
  0x5B0A, 0x4AA9, 0x5B2B, 0x21A8, 0x63EF, 0xD66B, 0xFE63, 0xF641, 0xFE62, 0xF5A1, 0xF562, 0xED07, 0xCB50, 0xCB35, 0xCB34, 0xCB14,
  0xCB54, 0xF55B, 0xCB94, 0xCB14, 0xD334, 0xCB34, 0xD395, 0x7290, 0x32D0, 0x6D3A, 0x4C15, 0x3BF5, 0x3BF6, 0x3BF6, 0x3BF5, 0x3BF5,
  0x3BF5, 0x3BF5, 0x3BF5, 0x3BF5, 0x43F6, 0x3374, 0x2B33, 0x2B33, 0x3334, 0x2B13, 0x22D2, 0x21EE, 0x8250, 0xC313, 0xCB34, 0xCB14,
  0xCB14, 0xCB14, 0xCB14, 0xB250, 0x91AD, 0xE5D9, 0x4A48, 0x0000, 0x0000, 0x0000, 0x0000, 0x0000, 0x0000, 0x0000, 0x0000, 0x0000,
  0x0000, 0x0000, 0x0000, 0x0000, 0x0000, 0x0000, 0x0000, 0x0000, 0x0000, 0x0000, 0x0000, 0x0000, 0x0000, 0x0000, 0x0000, 0x0000,
  0x0000, 0x0000, 0x0000, 0x0000, 0x0000, 0x0000, 0x0000, 0x0000, 0x0000, 0x0000, 0x0000, 0x0000, 0x0000, 0x0000, 0x0000, 0x0000,
  0x0000, 0x0000, 0x0000, 0x0000, 0x0000, 0x0000, 0x0000, 0x0000, 0x0000, 0x0000, 0x0000, 0x0000, 0x0000, 0x0000, 0x0000, 0x0000,
  0x0000, 0x0000, 0x0000, 0x0000, 0x0000, 0x0000, 0x0000, 0x0000, 0x0000, 0x0000, 0x0000, 0x0000, 0x0000, 0x0000, 0x0000, 0x0000,
  0x0000, 0x0000, 0x0000, 0x0000, 0x0000, 0x0000, 0x0000, 0x0000, 0x0000, 0x0000, 0x0000, 0x0000, 0x0000, 0x0000, 0x0000, 0x0000,
  0x0000, 0x0000, 0x0000, 0x0000, 0x0000, 0x0000, 0x0000, 0x0000, 0x0000, 0x0000, 0x0000, 0x0000, 0x0000, 0x0000, 0x0000, 0x0000,
  0x0000, 0x0000, 0x0000, 0x0000, 0x0000, 0x0000, 0x0000, 0x0000, 0x0000, 0x0000, 0x0000, 0x0000, 0x0000, 0x0000, 0x0000, 0x0000,
  0x0000, 0x0000, 0x0000, 0x0000, 0x0000, 0x0000, 0x0000, 0x0000, 0x0000, 0x0000, 0x0000, 0x0000, 0x0000, 0x0000, 0x0000, 0x0000,
  0x0000, 0x0000, 0x0000, 0x0000, 0x0000, 0x0000, 0x0000, 0x0000, 0x0000, 0x4227, 0xFF3C, 0xD4B6, 0xE498, 0xD395, 0xD395, 0xD395,
  0xD395, 0xD395, 0xD395, 0xD395, 0xD3B6, 0xD395, 0xD395, 0xECD9, 0xCB74, 0xA9EF, 0xB231, 0xB231, 0xB230, 0xBAEB, 0xFDA8, 0xF5A3,
  0xF603, 0xFE64, 0xFE84, 0xF663, 0xFE84, 0xF663, 0xFE64, 0xF663, 0xFE63, 0xFE64, 0xF663, 0xFE63, 0xF663, 0xFE84, 0xF643, 0xFE64,
  0xF663, 0xFE64, 0xF663, 0xFE64, 0xFE63, 0xFE63, 0xFE64, 0xF663, 0xFE63, 0xF663, 0xFE84, 0xF663, 0xFE84, 0xF663, 0xFE64, 0xF663,
  0xFE63, 0xF663, 0xFE63, 0xFE63, 0xF663, 0xFE63, 0xF663, 0xFE83, 0xF663, 0xFE83, 0xF663, 0xFE63, 0xF663, 0xFE63, 0xFE63, 0xFE63,
  0xFE63, 0xF663, 0xFE63, 0xF663, 0xFE83, 0xF663, 0xFE84, 0xF663, 0xFE63, 0xF663, 0xFE63, 0xFE63, 0xF663, 0xFE63, 0xF663, 0xFE64,
  0xF663, 0xFE64, 0xF663, 0xFE63, 0xF643, 0xF663, 0xF663, 0xF663, 0xF663, 0xF663, 0xFE63, 0xF663, 0xF664, 0xDE8B, 0x63EE, 0x1969,
  0x21AA, 0x21AA, 0x2169, 0x1108, 0x1969, 0x1969, 0x21AA, 0x1989, 0x1107, 0x1948, 0x1107, 0x1948, 0x1948, 0x198A, 0x21CB, 0x1969,
  0x198A, 0x21AB, 0x21AB, 0x19AA, 0x5BEF, 0xD66B, 0xFE82, 0xFE62, 0xFE42, 0xF582, 0xF583, 0xECC9, 0xC331, 0xCB35, 0xCB34, 0xCB14,
  0xCB74, 0xF55B, 0xCB54, 0xCAF3, 0xCAF4, 0xCAF3, 0xCB54, 0x5A2E, 0x3B12, 0x6D39, 0x3BF5, 0x3BF5, 0x3BF5, 0x3BF5, 0x3BF5, 0x3BF5,
  0x3BF5, 0x3BF5, 0x4416, 0x43F6, 0x3374, 0x2B33, 0x3333, 0x2B33, 0x3354, 0x2B13, 0x22F2, 0x220E, 0x6A0F, 0xBAB2, 0xCB14, 0xCB13,
  0xCB13, 0xCAF3, 0xCB14, 0xB250, 0x91AD, 0xE5F9, 0x4A48, 0x0000, 0x0000, 0x0000, 0x0000, 0x0000, 0x0000, 0x0000, 0x0000, 0x0000,
  0x0000, 0x0000, 0x0000, 0x0000, 0x0000, 0x0000, 0x0000, 0x0000, 0x0000, 0x0000, 0x0000, 0x0000, 0x0000, 0x0000, 0x0000, 0x0000,
  0x0000, 0x0000, 0x0000, 0x0000, 0x0000, 0x0000, 0x0000, 0x0000, 0x0000, 0x0000, 0x0000, 0x0000, 0x0000, 0x0000, 0x0000, 0x0000,
  0x0000, 0x0000, 0x0000, 0x0000, 0x0000, 0x0000, 0x0000, 0x0000, 0x0000, 0x0000, 0x0000, 0x0000, 0x0000, 0x0000, 0x0000, 0x0000,
  0x0000, 0x0000, 0x0000, 0x0000, 0x0000, 0x0000, 0x0000, 0x0000, 0x0000, 0x0000, 0x0000, 0x0000, 0x0000, 0x0000, 0x0000, 0x0000,
  0x0000, 0x0000, 0x0000, 0x0000, 0x0000, 0x0000, 0x0000, 0x0000, 0x0000, 0x0000, 0x0000, 0x0000, 0x0000, 0x0000, 0x0000, 0x0000,
  0x0000, 0x0000, 0x0000, 0x0000, 0x0000, 0x0000, 0x0000, 0x0000, 0x0000, 0x0000, 0x0000, 0x0000, 0x0000, 0x0000, 0x0000, 0x0000,
  0x0000, 0x0000, 0x0000, 0x0000, 0x0000, 0x0000, 0x0000, 0x0000, 0x0000, 0x0000, 0x0000, 0x0000, 0x0000, 0x0000, 0x0000, 0x0000,
  0x0000, 0x0000, 0x0000, 0x0000, 0x0000, 0x0000, 0x0000, 0x0000, 0x0000, 0x0000, 0x0000, 0x0000, 0x0000, 0x0000, 0x0000, 0x0000,
  0x0000, 0x0000, 0x0000, 0x0000, 0x0000, 0x0000, 0x0000, 0x0000, 0x0000, 0x4227, 0xFF3C, 0xD4B6, 0xE497, 0xD3B5, 0xD395, 0xD395,
  0xD395, 0xD3B5, 0xD3B6, 0xD3B6, 0xD395, 0xD3B5, 0xD3B5, 0xECB8, 0xCBB5, 0xA9F0, 0xB251, 0xB231, 0xB251, 0xB26C, 0xED29, 0xFDC4,
  0xF5C3, 0xFE64, 0xFE84, 0xFE84, 0xFE64, 0xF663, 0xFE84, 0xFE63, 0xF664, 0xF663, 0xF663, 0xFE64, 0xFE64, 0xFE84, 0xF663, 0xFE64,
  0xF663, 0xFE64, 0xFE64, 0xFE64, 0xFE63, 0xFE64, 0xFE64, 0xF663, 0xFE84, 0xF663, 0xFE84, 0xF663, 0xFE84, 0xF663, 0xFE63, 0xFE63,
  0xFE84, 0xFE63, 0xFE63, 0xFE63, 0xFE63, 0xFE83, 0xF683, 0xFE83, 0xFE63, 0xFE83, 0xF663, 0xFE63, 0xFE63, 0xFE63, 0xFE63, 0xFE63,
  0xFE83, 0xF663, 0xFE63, 0xF663, 0xFE83, 0xF663, 0xFE64, 0xFE63, 0xFE83, 0xF663, 0xFE63, 0xFE63, 0xFE63, 0xFE63, 0xF663, 0xFE83,
  0xF663, 0xFE63, 0xF663, 0xFE64, 0xF663, 0xF663, 0xF663, 0xF663, 0xF663, 0xF663, 0xF663, 0xF663, 0xF664, 0xDE8B, 0x63EE, 0x1969,
  0x21AA, 0x218A, 0x3209, 0x62E8, 0x62E7, 0x52A8, 0x21A9, 0x31E9, 0x6309, 0x6307, 0x5AE9, 0x31C9, 0x31CB, 0x5A2D, 0x5A0D, 0x522D,
  0x29AB, 0x21CC, 0x29EC, 0x19AB, 0x5BCF, 0xD66B, 0xFE82, 0xFE62, 0xFE42, 0xF582, 0xF5A4, 0xE4AB, 0xCB52, 0xCB55, 0xCB34, 0xC314,
  0xCB75, 0xF53A, 0xCB33, 0xCAF3, 0xCAF4, 0xCAF3, 0xCB54, 0x5A2F, 0x32F1, 0x6519, 0x3BD5, 0x3BD5, 0x3BF5, 0x3BF5, 0x3BF6, 0x43F6,
  0x4416, 0x3BF6, 0x3BB5, 0x3354, 0x2B33, 0x3354, 0x3354, 0x3354, 0x3354, 0x2B13, 0x22F2, 0x220E, 0x720E, 0xB271, 0xCB14, 0xCAF3,
  0xCAF3, 0xCAF3, 0xCB13, 0xB250, 0x91AD, 0xE5F9, 0x4A48, 0x0000, 0x0000, 0x0000, 0x0000, 0x0000, 0x0000, 0x0000, 0x0000, 0x0000,
  0x0000, 0x0000, 0x0000, 0x0000, 0x0000, 0x0000, 0x0000, 0x0000, 0x0000, 0x0000, 0x0000, 0x0000, 0x0000, 0x0000, 0x0000, 0x0000,
  0x0000, 0x0000, 0x0000, 0x0000, 0x0000, 0x0000, 0x0000, 0x0000, 0x0000, 0x0000, 0x0000, 0x0000, 0x0000, 0x0000, 0x0000, 0x0000,
  0x0000, 0x0000, 0x0000, 0x0000, 0x0000, 0x0000, 0x0000, 0x0000, 0x0000, 0x0000, 0x0000, 0x0000, 0x0000, 0x0000, 0x0000, 0x0000,
  0x0000, 0x0000, 0x0000, 0x0000, 0x0000, 0x0000, 0x0000, 0x0000, 0x0000, 0x0000, 0x0000, 0x0000, 0x0000, 0x0000, 0x0000, 0x0000,
  0x0000, 0x0000, 0x0000, 0x0000, 0x0000, 0x0000, 0x0000, 0x0000, 0x0000, 0x0000, 0x0000, 0x0000, 0x0000, 0x0000, 0x0000, 0x0000,
  0x0000, 0x0000, 0x0000, 0x0000, 0x0000, 0x0000, 0x0000, 0x0000, 0x0000, 0x0000, 0x0000, 0x0000, 0x0000, 0x0000, 0x0000, 0x0000,
  0x0000, 0x0000, 0x0000, 0x0000, 0x0000, 0x0000, 0x0000, 0x0000, 0x0000, 0x0000, 0x0000, 0x0000, 0x0000, 0x0000, 0x0000, 0x0000,
  0x0000, 0x0000, 0x0000, 0x0000, 0x0000, 0x0000, 0x0000, 0x0000, 0x0000, 0x0000, 0x0000, 0x0000, 0x0000, 0x0000, 0x0000, 0x0000,
  0x0000, 0x0000, 0x0000, 0x0000, 0x0000, 0x0000, 0x0000, 0x0000, 0x0000, 0x4227, 0xFF3C, 0xD4B6, 0xE497, 0xD395, 0xD395, 0xD395,
  0xD395, 0xD395, 0xD3B5, 0xD3B6, 0xD395, 0xD3B5, 0xD3B5, 0xE498, 0xD3F5, 0xAA10, 0xBA51, 0xB251, 0xBA51, 0xAA2E, 0xDC6A, 0xFDC5,
  0xF582, 0xF603, 0xFE84, 0xF643, 0xFE64, 0xF663, 0xFE63, 0xF663, 0xFE64, 0xF663, 0xF663, 0xFE63, 0xF663, 0xFE84, 0xF663, 0xFE84,
  0xF663, 0xFE84, 0xF663, 0xFE84, 0xF663, 0xF663, 0xF663, 0xF663, 0xFE84, 0xF663, 0xFE84, 0xF663, 0xFE83, 0xF663, 0xFE84, 0xF663,
  0xFE64, 0xF663, 0xF663, 0xFE63, 0xF663, 0xFE83, 0xF663, 0xFE83, 0xF663, 0xFE83, 0xF663, 0xFE83, 0xF663, 0xFE63, 0xFE63, 0xFE63,
  0xFE63, 0xF663, 0xFE83, 0xF663, 0xFE83, 0xF663, 0xFE83, 0xF663, 0xFE83, 0xF663, 0xFE63, 0xFE63, 0xF663, 0xFE63, 0xF663, 0xFE83,
  0xF663, 0xFE84, 0xF663, 0xFE64, 0xF643, 0xF663, 0xF663, 0xF663, 0xF663, 0xF663, 0xF663, 0xF643, 0xF663, 0xDE6B, 0x5B8C, 0x1128,
  0x29CA, 0x1949, 0x5AC8, 0xF70F, 0xFEEC, 0xEED0, 0x3A07, 0x6309, 0xFF30, 0xF6EC, 0xEEEF, 0x4226, 0x498A, 0xD436, 0xE416, 0xC415,
  0x398A, 0x21AB, 0x29EC, 0x116A, 0x5BCE, 0xD66A, 0xFE62, 0xFE62, 0xF5E2, 0xF562, 0xF5A5, 0xD40D, 0xCB54, 0xCB75, 0xCB55, 0xCB14,
  0xD3B5, 0xF55A, 0xC333, 0xCAF3, 0xCAF4, 0xCAF3, 0xD354, 0x7A70, 0x224F, 0x5CD8, 0x43F5, 0x3BD5, 0x3BF5, 0x3BF5, 0x3BF5, 0x3BD5,
  0x3395, 0x2B54, 0x2B33, 0x2B34, 0x3354, 0x3354, 0x3354, 0x3354, 0x3354, 0x22F3, 0x22D1, 0x31CD, 0x8A2F, 0xBA91, 0xCB14, 0xCAF3,
  0xCAF3, 0xCAF3, 0xCB13, 0xB250, 0x91AD, 0xE5F9, 0x4A48, 0x0000, 0x0000, 0x0000, 0x0000, 0x0000, 0x0000, 0x0000, 0x0000, 0x0000,
  0x0000, 0x0000, 0x0000, 0x0000, 0x0000, 0x0000, 0x0000, 0x0000, 0x0000, 0x0000, 0x0000, 0x0000, 0x0000, 0x0000, 0x0000, 0x0000,
  0x0000, 0x0000, 0x0000, 0x0000, 0x0000, 0x0000, 0x0000, 0x0000, 0x0000, 0x0000, 0x0000, 0x0000, 0x0000, 0x0000, 0x0000, 0x0000,
  0x0000, 0x0000, 0x0000, 0x0000, 0x0000, 0x0000, 0x0000, 0x0000, 0x0000, 0x0000, 0x0000, 0x0000, 0x0000, 0x0000, 0x0000, 0x0000,
  0x0000, 0x0000, 0x0000, 0x0000, 0x0000, 0x0000, 0x0000, 0x0000, 0x0000, 0x0000, 0x0000, 0x0000, 0x0000, 0x0000, 0x0000, 0x0000,
  0x0000, 0x0000, 0x0000, 0x0000, 0x0000, 0x0000, 0x0000, 0x0000, 0x0000, 0x0000, 0x0000, 0x0000, 0x0000, 0x0000, 0x0000, 0x0000,
  0x0000, 0x0000, 0x0000, 0x0000, 0x0000, 0x0000, 0x0000, 0x0000, 0x0000, 0x0000, 0x0000, 0x0000, 0x0000, 0x0000, 0x0000, 0x0000,
  0x0000, 0x0000, 0x0000, 0x0000, 0x0000, 0x0000, 0x0000, 0x0000, 0x0000, 0x0000, 0x0000, 0x0000, 0x0000, 0x0000, 0x0000, 0x0000,
  0x0000, 0x0000, 0x0000, 0x0000, 0x0000, 0x0000, 0x0000, 0x0000, 0x0000, 0x0000, 0x0000, 0x0000, 0x0000, 0x0000, 0x0000, 0x0000,
  0x0000, 0x0000, 0x0000, 0x0000, 0x0000, 0x0000, 0x0000, 0x0000, 0x0000, 0x4227, 0xFF3C, 0xD496, 0xE477, 0xD395, 0xD395, 0xD395,
  0xD395, 0xD395, 0xD3B5, 0xD3B6, 0xD3B6, 0xD3B6, 0xD3B5, 0xE498, 0xD416, 0xAA30, 0xBA51, 0xB251, 0xBA51, 0xB230, 0xC34B, 0xFDC7,
  0xF582, 0xF5A2, 0xFE64, 0xF663, 0xF663, 0xF663, 0xFE63, 0xF663, 0xF663, 0xF663, 0xF663, 0xFE83, 0xF663, 0xFE83, 0xF663, 0xFE84,
  0xF663, 0xFE84, 0xF663, 0xFE84, 0xFE63, 0xFE63, 0xFE84, 0xFE84, 0xFE83, 0xFE63, 0xFE84, 0xFE63, 0xFE84, 0xF664, 0xFE83, 0xFE63,
  0xFE84, 0xFE84, 0xFE83, 0xFE63, 0xFE63, 0xFE84, 0xFE63, 0xFE83, 0xF663, 0xFE83, 0xF663, 0xFE83, 0xF663, 0xFE83, 0xFE63, 0xFE63,
  0xFE83, 0xFE63, 0xFE83, 0xFE63, 0xFE63, 0xF663, 0xFE63, 0xF663, 0xFE83, 0xF663, 0xFE63, 0xFE63, 0xFE63, 0xFE83, 0xF663, 0xFE84,
  0xF663, 0xFE84, 0xF663, 0xFE84, 0xF663, 0xFE84, 0xF663, 0xF663, 0xF663, 0xF663, 0xFE63, 0xF643, 0xF663, 0xE668, 0x7C8D, 0x1989,
  0x1128, 0x1128, 0x2167, 0x4268, 0x4A88, 0x4A89, 0x2189, 0x2189, 0x4AA9, 0x52A8, 0x4A88, 0x1967, 0x2129, 0x49CC, 0x51AB, 0x41AB,
  0x1929, 0x1149, 0x1149, 0x220B, 0x84AE, 0xE647, 0xFE62, 0xFE02, 0xF582, 0xF583, 0xF548, 0xCB6F, 0xCB55, 0xCB55, 0xCB55, 0xC334,
  0xD416, 0xF57B, 0xC333, 0xCB13, 0xCB14, 0xCB14, 0xD334, 0xAB13, 0x29CD, 0x43F5, 0x4C57, 0x3373, 0x3B94, 0x3354, 0x3333, 0x2B33,
  0x2B33, 0x2B33, 0x2B33, 0x2B34, 0x2B34, 0x3354, 0x3334, 0x3354, 0x22F3, 0x2AF3, 0x222F, 0x5A0E, 0xA230, 0xC2B2, 0xCB14, 0xCB13,
  0xCAF3, 0xCAF3, 0xCB13, 0xB250, 0x918D, 0xE5F9, 0x4A48, 0x0000, 0x0000, 0x0000, 0x0000, 0x0000, 0x0000, 0x0000, 0x0000, 0x0000,
  0x0000, 0x0000, 0x0000, 0x0000, 0x0000, 0x0000, 0x0000, 0x0000, 0x0000, 0x0000, 0x0000, 0x0000, 0x0000, 0x0000, 0x0000, 0x0000,
  0x0000, 0x0000, 0x0000, 0x0000, 0x0000, 0x0000, 0x0000, 0x0000, 0x0000, 0x0000, 0x0000, 0x0000, 0x0000, 0x0000, 0x0000, 0x0000,
  0x0000, 0x0000, 0x0000, 0x0000, 0x0000, 0x0000, 0x0000, 0x0000, 0x0000, 0x0000, 0x0000, 0x0000, 0x0000, 0x0000, 0x0000, 0x0000,
  0x0000, 0x0000, 0x0000, 0x0000, 0x0000, 0x0000, 0x0000, 0x0000, 0x0000, 0x0000, 0x0000, 0x0000, 0x0000, 0x0000, 0x0000, 0x0000,
  0x0000, 0x0000, 0x0000, 0x0000, 0x0000, 0x0000, 0x0000, 0x0000, 0x0000, 0x0000, 0x0000, 0x0000, 0x0000, 0x0000, 0x0000, 0x0000,
  0x0000, 0x0000, 0x0000, 0x0000, 0x0000, 0x0000, 0x0000, 0x0000, 0x0000, 0x0000, 0x0000, 0x0000, 0x0000, 0x0000, 0x0000, 0x0000,
  0x0000, 0x0000, 0x0000, 0x0000, 0x0000, 0x0000, 0x0000, 0x0000, 0x0000, 0x0000, 0x0000, 0x0000, 0x0000, 0x0000, 0x0000, 0x0000,
  0x0000, 0x0000, 0x0000, 0x0000, 0x0000, 0x0000, 0x0000, 0x0000, 0x0000, 0x0000, 0x0000, 0x0000, 0x0000, 0x0000, 0x0000, 0x0000,
  0x0000, 0x0000, 0x0000, 0x0000, 0x0000, 0x0000, 0x0000, 0x0000, 0x0000, 0x4227, 0xFF3C, 0xD496, 0xDC77, 0xD395, 0xD395, 0xD395,
  0xD396, 0xD3B6, 0xD3B5, 0xDBB6, 0xD3B6, 0xD3B5, 0xD3B5, 0xE477, 0xDC37, 0xAA30, 0xBA51, 0xB251, 0xB251, 0xB251, 0xAA2D, 0xE4A9,
  0xFDC4, 0xF562, 0xF5A2, 0xF643, 0xFE84, 0xF663, 0xF663, 0xF663, 0xF663, 0xF663, 0xF663, 0xFE63, 0xF663, 0xFE83, 0xF663, 0xFE84,
  0xF663, 0xFE84, 0xF663, 0xFE84, 0xFE63, 0xFE83, 0xFE83, 0xF663, 0xFE83, 0xF663, 0xFE83, 0xF663, 0xFE83, 0xF663, 0xFE63, 0xF663,
  0xFE83, 0xF663, 0xF663, 0xFE83, 0xF663, 0xFE83, 0xF663, 0xFE83, 0xF663, 0xFE83, 0xF663, 0xFE64, 0xF663, 0xFE63, 0xF663, 0xF663,
  0xFE63, 0xF663, 0xFE63, 0xF663, 0xFE83, 0xF663, 0xFE63, 0xF663, 0xFE63, 0xF663, 0xFE63, 0xFE63, 0xF663, 0xFE83, 0xF663, 0xFE84,
  0xF663, 0xFE84, 0xF663, 0xFE84, 0xF663, 0xFE83, 0xF663, 0xF663, 0xF664, 0xF663, 0xF663, 0xF643, 0xF663, 0xF664, 0xD64A, 0x94EC,
  0x63AB, 0x63AC, 0x63AD, 0x5B8D, 0x63AD, 0x63CD, 0x6C0E, 0x6C0E, 0x63CD, 0x63CE, 0x63CD, 0x6C0E, 0x6C0D, 0x63CC, 0x63CC, 0x63CC,
  0x6BED, 0x6BEC, 0x740C, 0x950D, 0xD629, 0xFE64, 0xF5E2, 0xF561, 0xF562, 0xFDA5, 0xDC2C, 0xC332, 0xCB55, 0xCB54, 0xCB74, 0xC334,
  0xD457, 0xF59B, 0xC353, 0xCB34, 0xCB34, 0xD334, 0xD334, 0xD375, 0x7270, 0x2A4F, 0x3373, 0x22F2, 0x2B13, 0x2B33, 0x2B33, 0x2B33,
  0x2B33, 0x2B33, 0x2B33, 0x2B34, 0x2B34, 0x3354, 0x3354, 0x2B13, 0x22F3, 0x2291, 0x31ED, 0x9270, 0xB250, 0xCB14, 0xCB34, 0xCB14,
  0xCB14, 0xCB14, 0xCB34, 0xAA30, 0x918D, 0xE5F9, 0x4A48, 0x0000, 0x0000, 0x0000, 0x0000, 0x0000, 0x0000, 0x0000, 0x0000, 0x0000,
  0x0000, 0x0000, 0x0000, 0x0000, 0x0000, 0x0000, 0x0000, 0x0000, 0x0000, 0x0000, 0x0000, 0x0000, 0x0000, 0x0000, 0x0000, 0x0000,
  0x0000, 0x0000, 0x0000, 0x0000, 0x0000, 0x0000, 0x0000, 0x0000, 0x0000, 0x0000, 0x0000, 0x0000, 0x0000, 0x0000, 0x0000, 0x0000,
  0x0000, 0x0000, 0x0000, 0x0000, 0x0000, 0x0000, 0x0000, 0x0000, 0x0000, 0x0000, 0x0000, 0x0000, 0x0000, 0x0000, 0x0000, 0x0000,
  0x0000, 0x0000, 0x0000, 0x0000, 0x0000, 0x0000, 0x0000, 0x0000, 0x0000, 0x0000, 0x0000, 0x0000, 0x0000, 0x0000, 0x0000, 0x0000,
  0x0000, 0x0000, 0x0000, 0x0000, 0x0000, 0x0000, 0x0000, 0x0000, 0x0000, 0x0000, 0x0000, 0x0000, 0x0000, 0x0000, 0x0000, 0x0000,
  0x0000, 0x0000, 0x0000, 0x0000, 0x0000, 0x0000, 0x0000, 0x0000, 0x0000, 0x0000, 0x0000, 0x0000, 0x0000, 0x0000, 0x0000, 0x0000,
  0x0000, 0x0000, 0x0000, 0x0000, 0x0000, 0x0000, 0x0000, 0x0000, 0x0000, 0x0000, 0x0000, 0x0000, 0x0000, 0x0000, 0x0000, 0x0000,
  0x0000, 0x0000, 0x0000, 0x0000, 0x0000, 0x0000, 0x0000, 0x0000, 0x0000, 0x0000, 0x0000, 0x0000, 0x0000, 0x0000, 0x0000, 0x0000,
  0x0000, 0x0000, 0x0000, 0x0000, 0x0000, 0x0000, 0x0000, 0x0000, 0x0000, 0x4227, 0xFF3C, 0xD476, 0xDC57, 0xD395, 0xD395, 0xD395,
  0xD395, 0xD3B5, 0xD3B5, 0xDBB5, 0xD3B5, 0xDBB6, 0xD3B5, 0xE457, 0xDC57, 0xAA30, 0xBA51, 0xB251, 0xB231, 0xB231, 0xB210, 0xB28B,
  0xECE8, 0xFDA3, 0xF561, 0xF581, 0xFE03, 0xFE43, 0xFE84, 0xFE64, 0xFE84, 0xFE84, 0xF663, 0xFE83, 0xF663, 0xFE83, 0xF663, 0xFE84,
  0xF663, 0xFE84, 0xF663, 0xFE63, 0xF663, 0xFE63, 0xFE83, 0xF663, 0xF663, 0xF663, 0xFE83, 0xF663, 0xFE83, 0xF663, 0xFE84, 0xF663,
  0xFE83, 0xF663, 0xFE63, 0xFE63, 0xF663, 0xFE63, 0xF663, 0xFE83, 0xF663, 0xFE63, 0xF663, 0xFE83, 0xF663, 0xFE63, 0xFE63, 0xF663,
  0xFE63, 0xF663, 0xFE83, 0xF663, 0xFE83, 0xF663, 0xFE63, 0xF663, 0xFE63, 0xF663, 0xF663, 0xF663, 0xF663, 0xFE63, 0xF663, 0xFE84,
  0xF663, 0xFE84, 0xF663, 0xFE84, 0xF663, 0xFE64, 0xF663, 0xF663, 0xF663, 0xF663, 0xF663, 0xF643, 0xF663, 0xF643, 0xF663, 0xF685,
  0xF6A7, 0xEE88, 0xEEA8, 0xEEA8, 0xEEA8, 0xEEA8, 0xEEA8, 0xEEA8, 0xEEC8, 0xF6C8, 0xF6C8, 0xEEA8, 0xF6C8, 0xEEC7, 0xF6C7, 0xF6C7,
  0xF6C7, 0xF6C7, 0xF6C7, 0xF685, 0xFE43, 0xF5C2, 0xED61, 0xF561, 0xF563, 0xE48A, 0xC310, 0xCB34, 0xCB55, 0xCB54, 0xCB54, 0xC334,
  0xDC77, 0xF57A, 0xC333, 0xCB34, 0xCB14, 0xCB14, 0xCB34, 0xD354, 0xBB34, 0x5A0E, 0x19CD, 0x22D1, 0x2AF3, 0x2AF3, 0x2B13, 0x2B33,
  0x3333, 0x2B33, 0x2B33, 0x2B33, 0x2B33, 0x2B13, 0x22F2, 0x22F2, 0x1A70, 0x29EE, 0x8270, 0xAA50, 0xC2D2, 0xCB34, 0xCB14, 0xCB14,
  0xCB13, 0xCAF3, 0xCB33, 0xAA50, 0x918D, 0xE5F9, 0x4A48, 0x0000, 0x0000, 0x0000, 0x0000, 0x0000, 0x0000, 0x0000, 0x0000, 0x0000,
  0x0000, 0x0000, 0x0000, 0x0000, 0x0000, 0x0000, 0x0000, 0x0000, 0x0000, 0x0000, 0x0000, 0x0000, 0x0000, 0x0000, 0x0000, 0x0000,
  0x0000, 0x0000, 0x0000, 0x0000, 0x0000, 0x0000, 0x0000, 0x0000, 0x0000, 0x0000, 0x0000, 0x0000, 0x0000, 0x0000, 0x0000, 0x0000,
  0x0000, 0x0000, 0x0000, 0x0000, 0x0000, 0x0000, 0x0000, 0x0000, 0x0000, 0x0000, 0x0000, 0x0000, 0x0000, 0x0000, 0x0000, 0x0000,
  0x0000, 0x0000, 0x0000, 0x0000, 0x0000, 0x0000, 0x0000, 0x0000, 0x0000, 0x0000, 0x0000, 0x0000, 0x0000, 0x0000, 0x0000, 0x0000,
  0x0000, 0x0000, 0x0000, 0x0000, 0x0000, 0x0000, 0x0000, 0x0000, 0x0000, 0x0000, 0x0000, 0x0000, 0x0000, 0x0000, 0x0000, 0x0000,
  0x0000, 0x0000, 0x0000, 0x0000, 0x0000, 0x0000, 0x0000, 0x0000, 0x0000, 0x0000, 0x0000, 0x0000, 0x0000, 0x0000, 0x0000, 0x0000,
  0x0000, 0x0000, 0x0000, 0x0000, 0x0000, 0x0000, 0x0000, 0x0000, 0x0000, 0x0000, 0x0000, 0x0000, 0x0000, 0x0000, 0x0000, 0x0000,
  0x0000, 0x0000, 0x0000, 0x0000, 0x0000, 0x0000, 0x0000, 0x0000, 0x0000, 0x0000, 0x0000, 0x0000, 0x0000, 0x0000, 0x0000, 0x0000,
  0x0000, 0x0000, 0x0000, 0x0000, 0x0000, 0x0000, 0x0000, 0x0000, 0x0000, 0x4227, 0xFF3C, 0xD496, 0xDC77, 0xD395, 0xD395, 0xD395,
  0xD395, 0xD3B6, 0xD395, 0xD3B6, 0xD3B5, 0xD3B5, 0xD3B5, 0xDC36, 0xE478, 0xAA30, 0xB231, 0xB231, 0xB231, 0xB231, 0xB231, 0xA9EF,
  0xBAAC, 0xECC9, 0xFDA4, 0xF5A2, 0xF581, 0xF5A1, 0xF5E2, 0xF603, 0xF623, 0xF643, 0xFE43, 0xFE64, 0xFE83, 0xFE84, 0xFE84, 0xFE84,
  0xFE64, 0xFE84, 0xFE64, 0xFE84, 0xFE84, 0xFE84, 0xFE83, 0xF663, 0xF684, 0xFE63, 0xFE83, 0xF663, 0xFE83, 0xF663, 0xFE83, 0xF663,
  0xFE63, 0xFE63, 0xFE83, 0xF663, 0xF663, 0xFE63, 0xF663, 0xFE63, 0xF663, 0xFE83, 0xF663, 0xFE63, 0xF663, 0xFE63, 0xFE63, 0xF663,
  0xFE63, 0xF663, 0xFE63, 0xF663, 0xFE63, 0xFE63, 0xFE63, 0xF663, 0xFE63, 0xF663, 0xF663, 0xFE63, 0xFE63, 0xFE64, 0xF663, 0xFE84,
  0xF663, 0xFE64, 0xF663, 0xFE83, 0xF663, 0xFE84, 0xFE63, 0xF663, 0xFE63, 0xF663, 0xFE63, 0xF663, 0xF663, 0xF663, 0xF663, 0xF663,
  0xF663, 0xF663, 0xF663, 0xFE63, 0xF663, 0xFE83, 0xFE63, 0xFE63, 0xFE63, 0xFE63, 0xFE83, 0xFE83, 0xFE83, 0xFE83, 0xFE63, 0xFE43,
  0xFE22, 0xF602, 0xF5E2, 0xF5C2, 0xED81, 0xED61, 0xF582, 0xF545, 0xE48B, 0xC330, 0xC314, 0xCB34, 0xCB34, 0xCB54, 0xCB55, 0xC334,
  0xDC98, 0xED5A, 0xC333, 0xCB34, 0xCB34, 0xCB34, 0xCB34, 0xCB34, 0xD354, 0xB2F2, 0x6A2F, 0x29EE, 0x1A4F, 0x1AB1, 0x22F2, 0x22F3,
  0x2B13, 0x2B13, 0x2B13, 0x22F2, 0x22D2, 0x22D1, 0x1A90, 0x1A0E, 0x3A0E, 0x8270, 0xA230, 0xB291, 0xCB54, 0xCB13, 0xCB14, 0xCB14,
  0xCB13, 0xCB13, 0xCB34, 0xB250, 0x918D, 0xE5F9, 0x4A48, 0x0000, 0x0000, 0x0000, 0x0000, 0x0000, 0x0000, 0x0000, 0x0000, 0x0000,
  0x0000, 0x0000, 0x0000, 0x0000, 0x0000, 0x0000, 0x0000, 0x0000, 0x0000, 0x0000, 0x0000, 0x0000, 0x0000, 0x0000, 0x0000, 0x0000,
  0x0000, 0x0000, 0x0000, 0x0000, 0x0000, 0x0000, 0x0000, 0x0000, 0x0000, 0x0000, 0x0000, 0x0000, 0x0000, 0x0000, 0x0000, 0x0000,
  0x0000, 0x0000, 0x0000, 0x0000, 0x0000, 0x0000, 0x0000, 0x0000, 0x0000, 0x0000, 0x0000, 0x0000, 0x0000, 0x0000, 0x0000, 0x0000,
  0x0000, 0x0000, 0x0000, 0x0000, 0x0000, 0x0000, 0x0000, 0x0000, 0x0000, 0x0000, 0x0000, 0x0000, 0x0000, 0x0000, 0x0000, 0x0000,
  0x0000, 0x0000, 0x0000, 0x0000, 0x0000, 0x0000, 0x0000, 0x0000, 0x0000, 0x0000, 0x0000, 0x0000, 0x0000, 0x0000, 0x0000, 0x0000,
  0x0000, 0x0000, 0x0000, 0x0000, 0x0000, 0x0000, 0x0000, 0x0000, 0x0000, 0x0000, 0x0000, 0x0000, 0x0000, 0x0000, 0x0000, 0x0000,
  0x0000, 0x0000, 0x0000, 0x0000, 0x0000, 0x0000, 0x0000, 0x0000, 0x0000, 0x0000, 0x0000, 0x0000, 0x0000, 0x0000, 0x0000, 0x0000,
  0x0000, 0x0000, 0x0000, 0x0000, 0x0000, 0x0000, 0x0000, 0x0000, 0x0000, 0x0000, 0x0000, 0x0000, 0x0000, 0x0000, 0x0000, 0x0000,
  0x0000, 0x0000, 0x0000, 0x0000, 0x0000, 0x0000, 0x0000, 0x0000, 0x0000, 0x4227, 0xFF3C, 0xD476, 0xDC77, 0xD3B5, 0xD3B5, 0xD3B5,
  0xD3B5, 0xD3B5, 0xD3B6, 0xD3B6, 0xD395, 0xD395, 0xD395, 0xDBF6, 0xE478, 0xAA30, 0xB211, 0xB231, 0xB231, 0xB231, 0xB210, 0xBA92,
  0xC2F3, 0xC2F0, 0xD3EB, 0xED08, 0xF585, 0xF5A3, 0xF5A2, 0xF5A2, 0xF5A2, 0xF5A2, 0xF5A2, 0xF5A2, 0xF5C2, 0xF5C2, 0xF5E2, 0xF5E3,
  0xF5E3, 0xF603, 0xF603, 0xF623, 0xF623, 0xF643, 0xFE44, 0xF643, 0xFE64, 0xF643, 0xFE84, 0xF663, 0xFE84, 0xF663, 0xFE84, 0xF663,
  0xFE84, 0xFE64, 0xF664, 0xFE64, 0xF663, 0xFE84, 0xF663, 0xFE84, 0xF663, 0xFE64, 0xF643, 0xFE83, 0xF663, 0xF663, 0xF663, 0xF663,
  0xFE63, 0xF663, 0xFE63, 0xF663, 0xFE83, 0xF663, 0xFE64, 0xF663, 0xFE63, 0xF663, 0xF663, 0xF663, 0xF663, 0xFE64, 0xF663, 0xFE84,
  0xF663, 0xFE84, 0xF663, 0xFE84, 0xF663, 0xFE64, 0xFE83, 0xF663, 0xFE64, 0xF663, 0xFE84, 0xF663, 0xFE84, 0xF643, 0xFE64, 0xF643,
  0xF663, 0xF643, 0xF643, 0xF643, 0xF623, 0xF643, 0xF602, 0xF603, 0xF5E2, 0xF5E2, 0xF5C2, 0xF5C2, 0xF5C2, 0xF5A2, 0xF5A2, 0xF5A2,
  0xF582, 0xF5A2, 0xF5A2, 0xF582, 0xF583, 0xF546, 0xECCA, 0xDC50, 0xDC15, 0xD3F6, 0xCB55, 0xCB14, 0xCB34, 0xCB54, 0xCB55, 0xC334,
  0xE4D8, 0xED3A, 0xC333, 0xCB54, 0xCB34, 0xCB34, 0xCB34, 0xCB34, 0xCB34, 0xD354, 0xBAD2, 0x9230, 0x620F, 0x3A0E, 0x222E, 0x1A4F,
  0x1A70, 0x1A70, 0x1A70, 0x1A4F, 0x1A2E, 0x21ED, 0x39ED, 0x6A2F, 0x9A50, 0xAA10, 0xBA91, 0xCB34, 0xCB34, 0xCB34, 0xCB34, 0xCB33,
  0xCB14, 0xCB14, 0xCB34, 0xB250, 0x918D, 0xE5F9, 0x4A48, 0x0000, 0x0000, 0x0000, 0x0000, 0x0000, 0x0000, 0x0000, 0x0000, 0x0000,
  0x0000, 0x0000, 0x0000, 0x0000, 0x0000, 0x0000, 0x0000, 0x0000, 0x0000, 0x0000, 0x0000, 0x0000, 0x0000, 0x0000, 0x0000, 0x0000,
  0x0000, 0x0000, 0x0000, 0x0000, 0x0000, 0x0000, 0x0000, 0x0000, 0x0000, 0x0000, 0x0000, 0x0000, 0x0000, 0x0000, 0x0000, 0x0000,
  0x0000, 0x0000, 0x0000, 0x0000, 0x0000, 0x0000, 0x0000, 0x0000, 0x0000, 0x0000, 0x0000, 0x0000, 0x0000, 0x0000, 0x0000, 0x0000,
  0x0000, 0x0000, 0x0000, 0x0000, 0x0000, 0x0000, 0x0000, 0x0000, 0x0000, 0x0000, 0x0000, 0x0000, 0x0000, 0x0000, 0x0000, 0x0000,
  0x0000, 0x0000, 0x0000, 0x0000, 0x0000, 0x0000, 0x0000, 0x0000, 0x0000, 0x0000, 0x0000, 0x0000, 0x0000, 0x0000, 0x0000, 0x0000,
  0x0000, 0x0000, 0x0000, 0x0000, 0x0000, 0x0000, 0x0000, 0x0000, 0x0000, 0x0000, 0x0000, 0x0000, 0x0000, 0x0000, 0x0000, 0x0000,
  0x0000, 0x0000, 0x0000, 0x0000, 0x0000, 0x0000, 0x0000, 0x0000, 0x0000, 0x0000, 0x0000, 0x0000, 0x0000, 0x0000, 0x0000, 0x0000,
  0x0000, 0x0000, 0x0000, 0x0000, 0x0000, 0x0000, 0x0000, 0x0000, 0x0000, 0x0000, 0x0000, 0x0000, 0x0000, 0x0000, 0x0000, 0x0000,
  0x0000, 0x0000, 0x0000, 0x0000, 0x0000, 0x0000, 0x0000, 0x0000, 0x0000, 0x4207, 0xFEFC, 0xCC76, 0xDC57, 0xD395, 0xD395, 0xD395,
  0xD3B5, 0xD395, 0xD395, 0xD395, 0xD395, 0xD395, 0xD395, 0xD3B5, 0xE478, 0xAA30, 0xB210, 0xB231, 0xB210, 0xB210, 0xC2B2, 0xC2F4,
  0xC314, 0xC314, 0xC313, 0xCB31, 0xD3AF, 0xDC4D, 0xE4AB, 0xE4CA, 0xED08, 0xED28, 0xF547, 0xF566, 0xF565, 0xF584, 0xF584, 0xF583,
  0xF583, 0xF583, 0xF582, 0xF582, 0xF582, 0xF5A2, 0xF5A2, 0xF5A2, 0xF5C3, 0xF5C3, 0xF5C3, 0xF5E3, 0xF5E3, 0xF603, 0xF603, 0xF603,
  0xFE23, 0xFE24, 0xFE24, 0xFE44, 0xFE43, 0xFE44, 0xFE44, 0xFE64, 0xFE44, 0xFE64, 0xFE64, 0xFE64, 0xFE64, 0xFE64, 0xFE64, 0xFE64,
  0xFE64, 0xFE64, 0xFE84, 0xFE64, 0xFE84, 0xFE64, 0xFE84, 0xFE64, 0xFE84, 0xFE64, 0xFE64, 0xFE64, 0xFE64, 0xFE64, 0xFE64, 0xFE84,
  0xFE64, 0xFE64, 0xF664, 0xFE64, 0xFE44, 0xFE63, 0xFE43, 0xFE44, 0xFE44, 0xF644, 0xFE24, 0xF623, 0xF623, 0xF603, 0xF5E3, 0xF5E3,
  0xF5E3, 0xF5C2, 0xF5C2, 0xF5A2, 0xF5A2, 0xF5A1, 0xF5A2, 0xF582, 0xF5A2, 0xF582, 0xF583, 0xF584, 0xF564, 0xF565, 0xF546, 0xED48,
  0xED29, 0xED0A, 0xE4EB, 0xE4CD, 0xDC8F, 0xDC32, 0xD415, 0xDC16, 0xDC17, 0xDC37, 0xDC17, 0xD395, 0xC314, 0xCB14, 0xCB34, 0xC313,
  0xE4D9, 0xE4F9, 0xC313, 0xCB34, 0xCB34, 0xCB14, 0xCB14, 0xCB14, 0xCB13, 0xCB14, 0xCB34, 0xC2B2, 0xAA51, 0x9A30, 0x820F, 0x6A0F,
  0x5A0E, 0x51EE, 0x51EE, 0x59EE, 0x6A0E, 0x822F, 0x9A30, 0xA210, 0xAA30, 0xBAB2, 0xCB14, 0xCB13, 0xCB13, 0xCB14, 0xCB13, 0xCB13,
  0xCB13, 0xCB14, 0xCB34, 0xB250, 0x91AD, 0xE5B9, 0x4A28, 0x0000, 0x0000, 0x0000, 0x0000, 0x0000, 0x0000, 0x0000, 0x0000, 0x0000,
  0x0000, 0x0000, 0x0000, 0x0000, 0x0000, 0x0000, 0x0000, 0x0000, 0x0000, 0x0000, 0x0000, 0x0000, 0x0000, 0x0000, 0x0000, 0x0000,
  0x0000, 0x0000, 0x0000, 0x0000, 0x0000, 0x0000, 0x0000, 0x0000, 0x0000, 0x0000, 0x0000, 0x0000, 0x0000, 0x0000, 0x0000, 0x0000,
  0x0000, 0x0000, 0x0000, 0x0000, 0x0000, 0x0000, 0x0000, 0x0000, 0x0000, 0x0000, 0x0000, 0x0000, 0x0000, 0x0000, 0x0000, 0x0000,
  0x0000, 0x0000, 0x0000, 0x0000, 0x0000, 0x0000, 0x0000, 0x0000, 0x0000, 0x0000, 0x0000, 0x0000, 0x0000, 0x0000, 0x0000, 0x0000,
  0x0000, 0x0000, 0x0000, 0x0000, 0x0000, 0x0000, 0x0000, 0x0000, 0x0000, 0x0000, 0x0000, 0x0000, 0x0000, 0x0000, 0x0000, 0x0000,
  0x0000, 0x0000, 0x0000, 0x0000, 0x0000, 0x0000, 0x0000, 0x0000, 0x0000, 0x0000, 0x0000, 0x0000, 0x0000, 0x0000, 0x0000, 0x0000,
  0x0000, 0x0000, 0x0000, 0x0000, 0x0000, 0x0000, 0x0000, 0x0000, 0x0000, 0x0000, 0x0000, 0x0000, 0x0000, 0x0000, 0x0000, 0x0000,
  0x0000, 0x0000, 0x0000, 0x0000, 0x0000, 0x0000, 0x0000, 0x0000, 0x0000, 0x0000, 0x0000, 0x0000, 0x0000, 0x0000, 0x0000, 0x0000,
  0x0000, 0x0000, 0x0000, 0x0000, 0x0000, 0x0000, 0x0000, 0x0000, 0x0000, 0x4227, 0xFF1C, 0xCC56, 0xDC37, 0xD395, 0xD395, 0xD395,
  0xD395, 0xD395, 0xD395, 0xD395, 0xD395, 0xD375, 0xD375, 0xD395, 0xEC98, 0xB271, 0xAA10, 0xB210, 0xBA51, 0xC2F3, 0xCB14, 0xC314,
  0xC314, 0xCB34, 0xCB34, 0xCB34, 0xCB34, 0xC334, 0xC334, 0xC333, 0xCB52, 0xCB71, 0xCB71, 0xD3B0, 0xD3CF, 0xD3EE, 0xDC2D, 0xDC4C,
  0xE48B, 0xE4AA, 0xECC9, 0xED08, 0xED27, 0xF527, 0xF546, 0xF545, 0xF565, 0xF564, 0xFD64, 0xF563, 0xF583, 0xF583, 0xF583, 0xF583,
  0xF582, 0xF582, 0xF582, 0xF582, 0xF5A2, 0xF5A2, 0xF5A2, 0xF5A2, 0xF5A2, 0xF5A2, 0xF5A2, 0xF5A2, 0xF5A2, 0xF5C2, 0xF5C2, 0xF5C2,
  0xF5C2, 0xF5C2, 0xF5C2, 0xF5C2, 0xF5C2, 0xF5C2, 0xF5C2, 0xF5C2, 0xF5C2, 0xF5C2, 0xF5C2, 0xF5C2, 0xF5C2, 0xF5C2, 0xF5C2, 0xF5C1,
  0xF5C1, 0xF5C2, 0xF5C2, 0xF5A2, 0xF5A1, 0xF5A1, 0xF5A2, 0xF5A2, 0xF5A2, 0xF5A3, 0xF5A3, 0xF5A3, 0xF583, 0xF583, 0xF584, 0xF584,
  0xF585, 0xF565, 0xF566, 0xF546, 0xF527, 0xED07, 0xECE8, 0xECC9, 0xE4AA, 0xE48C, 0xE46D, 0xDC4E, 0xDC10, 0xDC11, 0xD3F2, 0xD3F3,
  0xD3F4, 0xD3F5, 0xD3F6, 0xD3F6, 0xD417, 0xDC17, 0xDC37, 0xDC37, 0xDC37, 0xDC37, 0xDC37, 0xDC57, 0xD3D6, 0xCB34, 0xCB14, 0xC2F3,
  0xE4B8, 0xDC57, 0xC2D3, 0xCAF4, 0xCAF3, 0xCAF3, 0xCAF4, 0xCB14, 0xCAF3, 0xCAF3, 0xC2F3, 0xCB14, 0xCB14, 0xC2B2, 0xBA71, 0xB250,
  0xB230, 0xAA30, 0xAA10, 0xAA10, 0xAA10, 0xAA10, 0xB230, 0xBA92, 0xCAF3, 0xCB14, 0xC2F3, 0xCAF3, 0xCAF3, 0xCAF3, 0xCB13, 0xCB13,
  0xCB14, 0xCB14, 0xCB34, 0xB230, 0x918D, 0xE5D9, 0x4A48, 0x0000, 0x0000, 0x0000, 0x0000, 0x0000, 0x0000, 0x0000, 0x0000, 0x0000,
  0x0000, 0x0000, 0x0000, 0x0000, 0x0000, 0x0000, 0x0000, 0x0000, 0x0000, 0x0000, 0x0000, 0x0000, 0x0000, 0x0000, 0x0000, 0x0000,
  0x0000, 0x0000, 0x0000, 0x0000, 0x0000, 0x0000, 0x0000, 0x0000, 0x0000, 0x0000, 0x0000, 0x0000, 0x0000, 0x0000, 0x0000, 0x0000,
  0x0000, 0x0000, 0x0000, 0x0000, 0x0000, 0x0000, 0x0000, 0x0000, 0x0000, 0x0000, 0x0000, 0x0000, 0x0000, 0x0000, 0x0000, 0x0000,
  0x0000, 0x0000, 0x0000, 0x0000, 0x0000, 0x0000, 0x0000, 0x0000, 0x0000, 0x0000, 0x0000, 0x0000, 0x0000, 0x0000, 0x0000, 0x0000,
  0x0000, 0x0000, 0x0000, 0x0000, 0x0000, 0x0000, 0x0000, 0x0000, 0x0000, 0x0000, 0x0000, 0x0000, 0x0000, 0x0000, 0x0000, 0x0000,
  0x0000, 0x0000, 0x0000, 0x0000, 0x0000, 0x0000, 0x0000, 0x0000, 0x0000, 0x0000, 0x0000, 0x0000, 0x0000, 0x0000, 0x0000, 0x0000,
  0x0000, 0x0000, 0x0000, 0x0000, 0x0000, 0x0000, 0x0000, 0x0000, 0x0000, 0x0000, 0x0000, 0x0000, 0x0000, 0x0000, 0x0000, 0x0000,
  0x0000, 0x0000, 0x0000, 0x0000, 0x0000, 0x0000, 0x0000, 0x0000, 0x0000, 0x0000, 0x0000, 0x0000, 0x0000, 0x0000, 0x0000, 0x0000,
  0x0000, 0x0000, 0x0000, 0x0000, 0x0000, 0x0000, 0x0000, 0x0000, 0x0000, 0x4227, 0xFF1C, 0xCC55, 0xDC57, 0xD395, 0xD375, 0xD375,
  0xD375, 0xD375, 0xD395, 0xD395, 0xD375, 0xD375, 0xD375, 0xCB54, 0xEC78, 0xCB74, 0xA1CF, 0xC2B3, 0xCB34, 0xCB34, 0xCB34, 0xCB34,
  0xCB34, 0xCB34, 0xCB34, 0xCB34, 0xCB34, 0xCB54, 0xCB35, 0xCB35, 0xCB35, 0xCB35, 0xCB35, 0xCB34, 0xCB14, 0xCB14, 0xC314, 0xC314,
  0xC333, 0xC333, 0xCB33, 0xCB52, 0xCB71, 0xCB91, 0xD3B0, 0xD3CF, 0xD3EF, 0xDC0E, 0xDC0D, 0xDC2D, 0xE44C, 0xE46B, 0xE48B, 0xE48A,
  0xE4AA, 0xECC9, 0xECE9, 0xECE8, 0xED08, 0xF507, 0xF527, 0xF526, 0xF526, 0xF526, 0xF545, 0xF545, 0xF545, 0xF545, 0xF545, 0xF544,
  0xF564, 0xF564, 0xFD64, 0xFD64, 0xFD64, 0xFD64, 0xF564, 0xFD64, 0xF564, 0xF565, 0xF565, 0xF565, 0xF565, 0xF565, 0xF565, 0xF545,
  0xF545, 0xF546, 0xF546, 0xF527, 0xF527, 0xF527, 0xED08, 0xECE9, 0xECE9, 0xECCA, 0xECAB, 0xE4AB, 0xE48C, 0xE46D, 0xE44E, 0xDC2E,
  0xDC2F, 0xD410, 0xD3F1, 0xD3D1, 0xD3B2, 0xD3B3, 0xCB93, 0xCB74, 0xCB74, 0xCB75, 0xCB75, 0xCB76, 0xD396, 0xD396, 0xD3B6, 0xD3B6,
  0xD3D7, 0xD3F7, 0xDC17, 0xDC16, 0xDC17, 0xDC37, 0xDC37, 0xDC57, 0xDC57, 0xDC57, 0xDC57, 0xDC57, 0xDC57, 0xDC17, 0xCB34, 0xBB13,
  0xF53A, 0xCB95, 0xCAD3, 0xCAF4, 0xCB14, 0xCB14, 0xCB14, 0xCB14, 0xCB14, 0xCAF3, 0xCB14, 0xCB14, 0xCB14, 0xCB14, 0xCB34, 0xCB14,
  0xCAF3, 0xCAF3, 0xCAD3, 0xC2D3, 0xCAF3, 0xCAF3, 0xCB14, 0xCB14, 0xCAF3, 0xC2F3, 0xC2F3, 0xCAF3, 0xC2F3, 0xCAF3, 0xCB13, 0xCB13,
  0xCB13, 0xCB13, 0xCB34, 0xB230, 0x918D, 0xE5F9, 0x4A48, 0x0000, 0x0000, 0x0000, 0x0000, 0x0000, 0x0000, 0x0000, 0x0000, 0x0000,
  0x0000, 0x0000, 0x0000, 0x0000, 0x0000, 0x0000, 0x0000, 0x0000, 0x0000, 0x0000, 0x0000, 0x0000, 0x0000, 0x0000, 0x0000, 0x0000,
  0x0000, 0x0000, 0x0000, 0x0000, 0x0000, 0x0000, 0x0000, 0x0000, 0x0000, 0x0000, 0x0000, 0x0000, 0x0000, 0x0000, 0x0000, 0x0000,
  0x0000, 0x0000, 0x0000, 0x0000, 0x0000, 0x0000, 0x0000, 0x0000, 0x0000, 0x0000, 0x0000, 0x0000, 0x0000, 0x0000, 0x0000, 0x0000,
  0x0000, 0x0000, 0x0000, 0x0000, 0x0000, 0x0000, 0x0000, 0x0000, 0x0000, 0x0000, 0x0000, 0x0000, 0x0000, 0x0000, 0x0000, 0x0000,
  0x0000, 0x0000, 0x0000, 0x0000, 0x0000, 0x0000, 0x0000, 0x0000, 0x0000, 0x0000, 0x0000, 0x0000, 0x0000, 0x0000, 0x0000, 0x0000,
  0x0000, 0x0000, 0x0000, 0x0000, 0x0000, 0x0000, 0x0000, 0x0000, 0x0000, 0x0000, 0x0000, 0x0000, 0x0000, 0x0000, 0x0000, 0x0000,
  0x0000, 0x0000, 0x0000, 0x0000, 0x0000, 0x0000, 0x0000, 0x0000, 0x0000, 0x0000, 0x0000, 0x0000, 0x0000, 0x0000, 0x0000, 0x0000,
  0x0000, 0x0000, 0x0000, 0x0000, 0x0000, 0x0000, 0x0000, 0x0000, 0x0000, 0x0000, 0x0000, 0x0000, 0x0000, 0x0000, 0x0000, 0x0000,
  0x0000, 0x0000, 0x0000, 0x0000, 0x0000, 0x0000, 0x0000, 0x0000, 0x0000, 0x4207, 0xFEFC, 0xCC75, 0xDC36, 0xD395, 0xD375, 0xD375,
  0xD375, 0xD375, 0xD375, 0xD375, 0xD375, 0xD375, 0xD375, 0xD375, 0xD3B5, 0xECD9, 0xD3B5, 0xC313, 0xC313, 0xBAF3, 0xC313, 0xC313,
  0xC313, 0xC313, 0xC313, 0xC313, 0xC313, 0xC313, 0xC2F3, 0xC313, 0xC313, 0xC2F3, 0xC2F3, 0xC313, 0xC313, 0xC313, 0xC314, 0xC314,
  0xC314, 0xC314, 0xCB34, 0xCB34, 0xCB34, 0xCB34, 0xCB34, 0xCB34, 0xCB34, 0xCB34, 0xCB54, 0xCB54, 0xCB34, 0xCB54, 0xCB54, 0xCB53,
  0xCB53, 0xCB53, 0xCB73, 0xCB73, 0xD392, 0xD392, 0xD392, 0xD3B2, 0xD3B1, 0xD3B1, 0xD3B1, 0xD3D1, 0xD3D0, 0xDBD0, 0xDBF0, 0xDBF0,
  0xDBF0, 0xDBF0, 0xDBF0, 0xDBF0, 0xDBF0, 0xDBF0, 0xDBEF, 0xDBEF, 0xDBF0, 0xDBF0, 0xDBF0, 0xDBD0, 0xDBD0, 0xDBD1, 0xDBD1, 0xD3D1,
  0xD3B1, 0xD3B1, 0xD3B2, 0xD3B2, 0xD3B2, 0xD393, 0xD393, 0xD393, 0xD394, 0xD374, 0xD374, 0xD374, 0xD375, 0xD375, 0xCB75, 0xCB75,
  0xCB76, 0xCB75, 0xCB75, 0xCB75, 0xCB75, 0xCB95, 0xCB75, 0xCB75, 0xCB75, 0xCB75, 0xCB75, 0xCB75, 0xCB75, 0xCB75, 0xCB95, 0xCB95,
  0xCBB5, 0xCBB5, 0xD3B5, 0xD3D5, 0xD3D5, 0xD3F6, 0xD3F6, 0xD416, 0xD416, 0xD436, 0xD436, 0xD437, 0xD416, 0xDC37, 0xDC57, 0xED1A,
  0xE478, 0xC2D3, 0xCAF4, 0xCAF4, 0xCAF4, 0xCB14, 0xCB13, 0xCAF3, 0xCAF4, 0xCAF3, 0xCB14, 0xCB14, 0xCB13, 0xCB13, 0xCB14, 0xCB14,
  0xCB13, 0xCB34, 0xCB14, 0xCB34, 0xCB14, 0xCB14, 0xCAF3, 0xCAF3, 0xCAF3, 0xCB13, 0xCB13, 0xCB13, 0xC2F3, 0xC2F3, 0xCAF3, 0xCAF3,
  0xCAF3, 0xCAF3, 0xCB13, 0xAA30, 0x918D, 0xE5D9, 0x4A48, 0x0000, 0x0000, 0x0000, 0x0000, 0x0000, 0x0000, 0x0000, 0x0000, 0x0000,
  0x0000, 0x0000, 0x0000, 0x0000, 0x0000, 0x0000, 0x0000, 0x0000, 0x0000, 0x0000, 0x0000, 0x0000, 0x0000, 0x0000, 0x0000, 0x0000,
  0x0000, 0x0000, 0x0000, 0x0000, 0x0000, 0x0000, 0x0000, 0x0000, 0x0000, 0x0000, 0x0000, 0x0000, 0x0000, 0x0000, 0x0000, 0x0000,
  0x0000, 0x0000, 0x0000, 0x0000, 0x0000, 0x0000, 0x0000, 0x0000, 0x0000, 0x0000, 0x0000, 0x0000, 0x0000, 0x0000, 0x0000, 0x0000,
  0x0000, 0x0000, 0x0000, 0x0000, 0x0000, 0x0000, 0x0000, 0x0000, 0x0000, 0x0000, 0x0000, 0x0000, 0x0000, 0x0000, 0x0000, 0x0000,
  0x0000, 0x0000, 0x0000, 0x0000, 0x0000, 0x0000, 0x0000, 0x0000, 0x0000, 0x0000, 0x0000, 0x0000, 0x0000, 0x0000, 0x0000, 0x0000,
  0x0000, 0x0000, 0x0000, 0x0000, 0x0000, 0x0000, 0x0000, 0x0000, 0x0000, 0x0000, 0x0000, 0x0000, 0x0000, 0x0000, 0x0000, 0x0000,
  0x0000, 0x0000, 0x0000, 0x0000, 0x0000, 0x0000, 0x0000, 0x0000, 0x0000, 0x0000, 0x0000, 0x0000, 0x0000, 0x0000, 0x0000, 0x0000,
  0x0000, 0x0000, 0x0000, 0x0000, 0x0000, 0x0000, 0x0000, 0x0000, 0x0000, 0x0000, 0x0000, 0x0000, 0x0000, 0x0000, 0x0000, 0x0000,
  0x0000, 0x0000, 0x0000, 0x0000, 0x0000, 0x0000, 0x0000, 0x0000, 0x0000, 0x4207, 0xFEFC, 0xCC55, 0xDC37, 0xCB75, 0xD375, 0xD375,
  0xD375, 0xD375, 0xD395, 0xD375, 0xD375, 0xD395, 0xD395, 0xD395, 0xD395, 0xD3D5, 0xECB8, 0xE4B8, 0xE498, 0xE498, 0xE478, 0xE477,
  0xDC77, 0xDC57, 0xDC57, 0xDC37, 0xDC36, 0xDC16, 0xDBF6, 0xD3F6, 0xD3F6, 0xD3D6, 0xD3D5, 0xD3B5, 0xD3B5, 0xCBB5, 0xCB95, 0xCB95,
  0xCB95, 0xCB95, 0xCB95, 0xCB95, 0xCB94, 0xCB94, 0xCB74, 0xCB75, 0xCB74, 0xCB74, 0xCB74, 0xCB74, 0xCB74, 0xCB74, 0xCB74, 0xCB54,
  0xCB55, 0xCB54, 0xCB54, 0xCB55, 0xCB55, 0xCB55, 0xCB55, 0xCB55, 0xCB55, 0xCB55, 0xCB55, 0xCB55, 0xCB55, 0xCB55, 0xCB55, 0xCB55,
  0xCB55, 0xCB55, 0xCB55, 0xCB55, 0xCB55, 0xCB55, 0xCB55, 0xCB55, 0xCB55, 0xCB55, 0xCB55, 0xCB55, 0xCB55, 0xCB55, 0xCB55, 0xCB75,
  0xCB55, 0xCB55, 0xCB75, 0xCB55, 0xCB55, 0xCB75, 0xCB75, 0xCB75, 0xCB75, 0xCB75, 0xCB75, 0xCB75, 0xCB75, 0xCB95, 0xCB95, 0xCB95,
  0xCBB5, 0xCBB5, 0xCBB5, 0xCBB5, 0xD3D6, 0xD3D6, 0xD3F6, 0xD416, 0xD416, 0xD436, 0xD437, 0xD437, 0xDC57, 0xDC78, 0xDC78, 0xDC98,
  0xDCB8, 0xE4B8, 0xE4D9, 0xE4F9, 0xE519, 0xE539, 0xE53A, 0xED5A, 0xED5A, 0xED7A, 0xED5A, 0xED5A, 0xED5A, 0xED1A, 0xE4F9, 0xD3F6,
  0xC2D3, 0xCAD3, 0xCAD3, 0xCAF4, 0xCAF4, 0xCAF4, 0xCAF4, 0xCB14, 0xCB14, 0xCB13, 0xCAF3, 0xCB14, 0xCB14, 0xCB14, 0xCB14, 0xCB14,
  0xCB14, 0xCB13, 0xCB13, 0xCB13, 0xCB14, 0xCB14, 0xCB13, 0xCB14, 0xCAF3, 0xCB13, 0xCAF3, 0xCB14, 0xCB14, 0xCAF4, 0xCAF3, 0xCAF3,
  0xCAF3, 0xC2F3, 0xCB13, 0xAA10, 0x916C, 0xE5B9, 0x4A28, 0x0000, 0x0000, 0x0000, 0x0000, 0x0000, 0x0000, 0x0000, 0x0000, 0x0000,
  0x0000, 0x0000, 0x0000, 0x0000, 0x0000, 0x0000, 0x0000, 0x0000, 0x0000, 0x0000, 0x0000, 0x0000, 0x0000, 0x0000, 0x0000, 0x0000,
  0x0000, 0x0000, 0x0000, 0x0000, 0x0000, 0x0000, 0x0000, 0x0000, 0x0000, 0x0000, 0x0000, 0x0000, 0x0000, 0x0000, 0x0000, 0x0000,
  0x0000, 0x0000, 0x0000, 0x0000, 0x0000, 0x0000, 0x0000, 0x0000, 0x0000, 0x0000, 0x0000, 0x0000, 0x0000, 0x0000, 0x0000, 0x0000,
  0x0000, 0x0000, 0x0000, 0x0000, 0x0000, 0x0000, 0x0000, 0x0000, 0x0000, 0x0000, 0x0000, 0x0000, 0x0000, 0x0000, 0x0000, 0x0000,
  0x0000, 0x0000, 0x0000, 0x0000, 0x0000, 0x0000, 0x0000, 0x0000, 0x0000, 0x0000, 0x0000, 0x0000, 0x0000, 0x0000, 0x0000, 0x0000,
  0x0000, 0x0000, 0x0000, 0x0000, 0x0000, 0x0000, 0x0000, 0x0000, 0x0000, 0x0000, 0x0000, 0x0000, 0x0000, 0x0000, 0x0000, 0x0000,
  0x0000, 0x0000, 0x0000, 0x0000, 0x0000, 0x0000, 0x0000, 0x0000, 0x0000, 0x0000, 0x0000, 0x0000, 0x0000, 0x0000, 0x0000, 0x0000,
  0x0000, 0x0000, 0x0000, 0x0000, 0x0000, 0x0000, 0x0000, 0x0000, 0x0000, 0x0000, 0x0000, 0x0000, 0x0000, 0x0000, 0x0000, 0x0000,
  0x0000, 0x0000, 0x0000, 0x0000, 0x0000, 0x0000, 0x0000, 0x0000, 0x0000, 0x4207, 0xFEFC, 0xCC35, 0xDC16, 0xD375, 0xD375, 0xD375,
  0xD375, 0xD375, 0xD375, 0xD375, 0xD375, 0xD395, 0xD395, 0xD395, 0xD395, 0xD395, 0xD395, 0xD3D5, 0xDC16, 0xDC16, 0xDC16, 0xDC16,
  0xDC16, 0xDC36, 0xDC37, 0xDC37, 0xDC37, 0xDC37, 0xDC37, 0xDC57, 0xE457, 0xE457, 0xE457, 0xE457, 0xE478, 0xE478, 0xE478, 0xE498,
  0xE498, 0xE498, 0xE498, 0xEC98, 0xEC98, 0xE498, 0xEC98, 0xEC98, 0xEC98, 0xEC98, 0xE498, 0xE498, 0xEC98, 0xE498, 0xE4B8, 0xE4B8,
  0xE498, 0xE4B8, 0xE4B8, 0xE498, 0xE498, 0xE498, 0xE498, 0xE498, 0xE498, 0xE498, 0xE498, 0xE498, 0xE498, 0xE498, 0xE498, 0xE498,
  0xE498, 0xE498, 0xE498, 0xE498, 0xE498, 0xE498, 0xE498, 0xE498, 0xE498, 0xE498, 0xE498, 0xE498, 0xE498, 0xE4B8, 0xE4B9, 0xE4B9,
  0xE4B9, 0xE4B9, 0xE4D9, 0xE4D9, 0xECD9, 0xECD9, 0xECF9, 0xECF9, 0xECF9, 0xECF9, 0xECF9, 0xECF9, 0xECF9, 0xECF9, 0xED19, 0xED19,
  0xED19, 0xED19, 0xED19, 0xED1A, 0xED3A, 0xED3A, 0xED39, 0xED39, 0xED19, 0xED19, 0xED19, 0xED19, 0xECF9, 0xE4F9, 0xE4D8, 0xE4B8,
  0xE4B8, 0xE498, 0xDC98, 0xDC77, 0xDC77, 0xDC57, 0xDC57, 0xD437, 0xD416, 0xD416, 0xD3F6, 0xCBD5, 0xCBB5, 0xCB54, 0xC2F3, 0xC2D3,
  0xCAF4, 0xCAF4, 0xCAF4, 0xCAF4, 0xCAF3, 0xCB14, 0xCAF3, 0xCAF3, 0xCAF4, 0xCAF4, 0xCB13, 0xCAF3, 0xCAF3, 0xCAF3, 0xCB13, 0xCB13,
  0xCB13, 0xCB13, 0xCB14, 0xCB13, 0xCB13, 0xCB13, 0xCAF3, 0xCB13, 0xCAF3, 0xCAF4, 0xCAF4, 0xCB13, 0xCAF4, 0xCAF3, 0xCAF3, 0xCAF4,
  0xCAF3, 0xCAF3, 0xCB14, 0xAA10, 0x896C, 0xDDB9, 0x4A28, 0x0000, 0x0000, 0x0000, 0x0000, 0x0000, 0x0000, 0x0000, 0x0000, 0x0000,
  0x0000, 0x0000, 0x0000, 0x0000, 0x0000, 0x0000, 0x0000, 0x0000, 0x0000, 0x0000, 0x0000, 0x0000, 0x0000, 0x0000, 0x0000, 0x0000,
  0x0000, 0x0000, 0x0000, 0x0000, 0x0000, 0x0000, 0x0000, 0x0000, 0x0000, 0x0000, 0x0000, 0x0000, 0x0000, 0x0000, 0x0000, 0x0000,
  0x0000, 0x0000, 0x0000, 0x0000, 0x0000, 0x0000, 0x0000, 0x0000, 0x0000, 0x0000, 0x0000, 0x0000, 0x0000, 0x0000, 0x0000, 0x0000,
  0x0000, 0x0000, 0x0000, 0x0000, 0x0000, 0x0000, 0x0000, 0x0000, 0x0000, 0x0000, 0x0000, 0x0000, 0x0000, 0x0000, 0x0000, 0x0000,
  0x0000, 0x0000, 0x0000, 0x0000, 0x0000, 0x0000, 0x0000, 0x0000, 0x0000, 0x0000, 0x0000, 0x0000, 0x0000, 0x0000, 0x0000, 0x0000,
  0x0000, 0x0000, 0x0000, 0x0000, 0x0000, 0x0000, 0x0000, 0x0000, 0x0000, 0x0000, 0x0000, 0x0000, 0x0000, 0x0000, 0x0000, 0x0000,
  0x0000, 0x0000, 0x0000, 0x0000, 0x0000, 0x0000, 0x0000, 0x0000, 0x0000, 0x0000, 0x0000, 0x0000, 0x0000, 0x0000, 0x0000, 0x0000,
  0x0000, 0x0000, 0x0000, 0x0000, 0x0000, 0x0000, 0x0000, 0x0000, 0x0000, 0x0000, 0x0000, 0x0000, 0x0000, 0x0000, 0x0000, 0x0000,
  0x0000, 0x0000, 0x0000, 0x0000, 0x0000, 0x0000, 0x0000, 0x0000, 0x0000, 0x4207, 0xFEDC, 0xCC35, 0xDC16, 0xCB54, 0xD355, 0xD375,
  0xD375, 0xD375, 0xD375, 0xD375, 0xD375, 0xD395, 0xD395, 0xD395, 0xD395, 0xD395, 0xD395, 0xD375, 0xD375, 0xD375, 0xD375, 0xD374,
  0xD374, 0xD374, 0xD375, 0xD375, 0xD374, 0xD354, 0xCB54, 0xCB54, 0xCB54, 0xCB54, 0xCB54, 0xCB54, 0xCB54, 0xCB54, 0xCB54, 0xCB54,
  0xCB54, 0xCB74, 0xCB75, 0xCB75, 0xCB74, 0xCB74, 0xCB75, 0xD375, 0xD395, 0xD395, 0xD395, 0xD394, 0xD3B5, 0xD395, 0xD3B5, 0xD3B5,
  0xD3B5, 0xD3B5, 0xD3D5, 0xD3D5, 0xD3D5, 0xD3D5, 0xD3D5, 0xD3F6, 0xD3F5, 0xDBF6, 0xDBF6, 0xDBF6, 0xDBF6, 0xDC16, 0xDC16, 0xDC16,
  0xDC16, 0xDC16, 0xDC16, 0xDC16, 0xDC16, 0xDC16, 0xDC16, 0xDBF6, 0xDC16, 0xDBF6, 0xDBF6, 0xDBF6, 0xDBF6, 0xDC16, 0xDBF6, 0xDBF6,
  0xDBF6, 0xDC16, 0xDBF6, 0xDBF6, 0xD3F6, 0xD3D6, 0xD3D5, 0xD3D5, 0xD3B5, 0xD395, 0xD3B5, 0xD395, 0xCB95, 0xCB75, 0xCB75, 0xCB74,
  0xCB54, 0xCB54, 0xCB54, 0xCB54, 0xCB54, 0xCB34, 0xCB34, 0xCB34, 0xC313, 0xCB13, 0xC313, 0xC313, 0xC2F3, 0xC2F3, 0xC2F3, 0xC2D3,
  0xC2D3, 0xC2D3, 0xC2D3, 0xC2D3, 0xC2D3, 0xC2D3, 0xC2D3, 0xC2D3, 0xC2D3, 0xC2F3, 0xCAF3, 0xC2F3, 0xCAF3, 0xCB14, 0xCB14, 0xCB34,
  0xCB14, 0xCB14, 0xCB14, 0xCAF4, 0xCAF4, 0xCAF3, 0xCAF3, 0xCAF3, 0xCAF3, 0xCAF3, 0xCAF3, 0xCAF3, 0xCAF3, 0xCAF3, 0xC2F3, 0xCB13,
  0xCB13, 0xCB13, 0xCB13, 0xCB13, 0xCAF3, 0xCB13, 0xCAF3, 0xCB13, 0xCB13, 0xCB14, 0xCB14, 0xCB14, 0xCAF3, 0xCAF3, 0xCAF3, 0xCAF3,
  0xCAF3, 0xCAF3, 0xCB14, 0xAA10, 0x896C, 0xE5B9, 0x4A28, 0x0000, 0x0000, 0x0000, 0x0000, 0x0000, 0x0000, 0x0000, 0x0000, 0x0000,
  0x0000, 0x0000, 0x0000, 0x0000, 0x0000, 0x0000, 0x0000, 0x0000, 0x0000, 0x0000, 0x0000, 0x0000, 0x0000, 0x0000, 0x0000, 0x0000,
  0x0000, 0x0000, 0x0000, 0x0000, 0x0000, 0x0000, 0x0000, 0x0000, 0x0000, 0x0000, 0x0000, 0x0000, 0x0000, 0x0000, 0x0000, 0x0000,
  0x0000, 0x0000, 0x0000, 0x0000, 0x0000, 0x0000, 0x0000, 0x0000, 0x0000, 0x0000, 0x0000, 0x0000, 0x0000, 0x0000, 0x0000, 0x0000,
  0x0000, 0x0000, 0x0000, 0x0000, 0x0000, 0x0000, 0x0000, 0x0000, 0x0000, 0x0000, 0x0000, 0x0000, 0x0000, 0x0000, 0x0000, 0x0000,
  0x0000, 0x0000, 0x0000, 0x0000, 0x0000, 0x0000, 0x0000, 0x0000, 0x0000, 0x0000, 0x0000, 0x0000, 0x0000, 0x0000, 0x0000, 0x0000,
  0x0000, 0x0000, 0x0000, 0x0000, 0x0000, 0x0000, 0x0000, 0x0000, 0x0000, 0x0000, 0x0000, 0x0000, 0x0000, 0x0000, 0x0000, 0x0000,
  0x0000, 0x0000, 0x0000, 0x0000, 0x0000, 0x0000, 0x0000, 0x0000, 0x0000, 0x0000, 0x0000, 0x0000, 0x0000, 0x0000, 0x0000, 0x0000,
  0x0000, 0x0000, 0x0000, 0x0000, 0x0000, 0x0000, 0x0000, 0x0000, 0x0000, 0x0000, 0x0000, 0x0000, 0x0000, 0x0000, 0x0000, 0x0000,
  0x0000, 0x0000, 0x0000, 0x0000, 0x0000, 0x0000, 0x0000, 0x0000, 0x0000, 0x39C7, 0xFEFC, 0xCC35, 0xDBF6, 0xCB54, 0xD375, 0xD355,
  0xD375, 0xD375, 0xD375, 0xD375, 0xD395, 0xD395, 0xD395, 0xD395, 0xD395, 0xD395, 0xD395, 0xD395, 0xD395, 0xD395, 0xD395, 0xD395,
  0xD395, 0xD375, 0xD395, 0xD375, 0xD395, 0xD375, 0xD375, 0xD375, 0xD375, 0xD375, 0xD375, 0xD375, 0xD375, 0xD355, 0xD374, 0xCB74,
  0xD375, 0xD354, 0xD355, 0xCB74, 0xCB74, 0xCB54, 0xCB54, 0xCB54, 0xD354, 0xCB54, 0xCB54, 0xCB54, 0xCB34, 0xCB34, 0xCB33, 0xCB34,
  0xCB33, 0xCB34, 0xCB33, 0xCB33, 0xCB13, 0xCB33, 0xCB33, 0xCB33, 0xCB33, 0xCB13, 0xCB33, 0xCB13, 0xCB13, 0xCAF3, 0xCB13, 0xCAF3,
  0xCB13, 0xCAF3, 0xCB13, 0xCB13, 0xCB13, 0xCAF3, 0xCAF3, 0xCAF3, 0xCB13, 0xCB13, 0xCB13, 0xCB13, 0xCB14, 0xCB13, 0xCAF3, 0xCB13,
  0xCB13, 0xCB13, 0xCB13, 0xCB13, 0xCB13, 0xCB13, 0xCB13, 0xCB13, 0xC313, 0xCB13, 0xCAF3, 0xCB13, 0xCAF3, 0xCAF3, 0xCB13, 0xCAF3,
  0xCB14, 0xCAF3, 0xCB13, 0xCB13, 0xCB14, 0xCB14, 0xCB14, 0xCB14, 0xCB14, 0xCB14, 0xCB14, 0xCB14, 0xCB14, 0xCB14, 0xCB14, 0xCB14,
  0xCB14, 0xCB14, 0xCB13, 0xCB14, 0xCB14, 0xCB14, 0xCB14, 0xCB14, 0xCB14, 0xCB14, 0xCB14, 0xCB14, 0xCB14, 0xCB14, 0xCB14, 0xCB13,
  0xCB14, 0xCAF3, 0xCAF3, 0xCB14, 0xCAF3, 0xCB14, 0xCB13, 0xCB13, 0xCAF4, 0xCAF4, 0xCAF3, 0xCAF4, 0xCAF3, 0xCAF3, 0xCB14, 0xCB13,
  0xCB13, 0xCB14, 0xCB13, 0xCAF3, 0xCB14, 0xCAF4, 0xCB14, 0xCB14, 0xCB14, 0xCB14, 0xCB14, 0xCB14, 0xCB14, 0xCB14, 0xCAF4, 0xCAF4,
  0xCAF4, 0xCAF3, 0xCAF4, 0xA9F0, 0x896C, 0xE5B8, 0x4228, 0x0000, 0x0000, 0x0000, 0x0000, 0x0000, 0x0000, 0x0000, 0x0000, 0x0000,
  0x0000, 0x0000, 0x0000, 0x0000, 0x0000, 0x0000, 0x0000, 0x0000, 0x0000, 0x0000, 0x0000, 0x0000, 0x0000, 0x0000, 0x0000, 0x0000,
  0x0000, 0x0000, 0x0000, 0x0000, 0x0000, 0x0000, 0x0000, 0x0000, 0x0000, 0x0000, 0x0000, 0x0000, 0x0000, 0x0000, 0x0000, 0x0000,
  0x0000, 0x0000, 0x0000, 0x0000, 0x0000, 0x0000, 0x0000, 0x0000, 0x0000, 0x0000, 0x0000, 0x0000, 0x0000, 0x0000, 0x0000, 0x0000,
  0x0000, 0x0000, 0x0000, 0x0000, 0x0000, 0x0000, 0x0000, 0x0000, 0x0000, 0x0000, 0x0000, 0x0000, 0x0000, 0x0000, 0x0000, 0x0000,
  0x0000, 0x0000, 0x0000, 0x0000, 0x0000, 0x0000, 0x0000, 0x0000, 0x0000, 0x0000, 0x0000, 0x0000, 0x0000, 0x0000, 0x0000, 0x0000,
  0x0000, 0x0000, 0x0000, 0x0000, 0x0000, 0x0000, 0x0000, 0x0000, 0x0000, 0x0000, 0x0000, 0x0000, 0x0000, 0x0000, 0x0000, 0x0000,
  0x0000, 0x0000, 0x0000, 0x0000, 0x0000, 0x0000, 0x0000, 0x0000, 0x0000, 0x0000, 0x0000, 0x0000, 0x0000, 0x0000, 0x0000, 0x0000,
  0x0000, 0x0000, 0x0000, 0x0000, 0x0000, 0x0000, 0x0000, 0x0000, 0x0000, 0x0000, 0x0000, 0x0000, 0x0000, 0x0000, 0x0000, 0x0000,
  0x0000, 0x0000, 0x0000, 0x0000, 0x0000, 0x0000, 0x0000, 0x0000, 0x0000, 0x62EB, 0xFEFC, 0xCC35, 0xDC16, 0xCB74, 0xD375, 0xD375,
  0xD375, 0xD375, 0xD395, 0xD375, 0xD375, 0xD395, 0xD395, 0xD395, 0xD395, 0xD395, 0xD395, 0xD375, 0xD375, 0xD375, 0xD375, 0xD375,
  0xD375, 0xD375, 0xD375, 0xD375, 0xD375, 0xD375, 0xD375, 0xD375, 0xD375, 0xD375, 0xD375, 0xD375, 0xD375, 0xD375, 0xD374, 0xD374,
  0xD374, 0xD374, 0xD374, 0xD374, 0xCB54, 0xD375, 0xD374, 0xD375, 0xD374, 0xCB34, 0xD375, 0xC313, 0xD374, 0xB2B1, 0xD395, 0xAA70,
  0xCB54, 0xAA90, 0xBB12, 0xB290, 0xBAF2, 0xBAF2, 0xB2B1, 0xC333, 0xAA90, 0xC333, 0xAA70, 0xC333, 0xA22F, 0xCB54, 0xA22F, 0xCB74,
  0xA20E, 0xCB53, 0xA20F, 0xC333, 0xA22F, 0xC333, 0xAA70, 0xBAF2, 0xAA70, 0xBAD2, 0xB2B1, 0xBAD2, 0xBAB2, 0xAA70, 0xC313, 0xAA30,
  0xC333, 0xA250, 0xCB34, 0xA20F, 0xCB34, 0xA20F, 0xCB54, 0xAA2F, 0xCB33, 0xB291, 0xC2F3, 0xC2D2, 0xC2F2, 0xCB33, 0xC2F2, 0xCB34,
  0xC2F2, 0xCB34, 0xCB13, 0xCB34, 0xCB14, 0xCB14, 0xCB14, 0xCB14, 0xCB14, 0xCB14, 0xCB14, 0xCB14, 0xCB14, 0xCB14, 0xCB14, 0xCB14,
  0xCB14, 0xCAF4, 0xCAF4, 0xCB13, 0xCB14, 0xCB14, 0xCB14, 0xCAF3, 0xCB13, 0xCB14, 0xCAF3, 0xCAF3, 0xCB14, 0xCB14, 0xCAF3, 0xCB13,
  0xCAF3, 0xCAF3, 0xC2F3, 0xCAF3, 0xCAF3, 0xCAF3, 0xCAF3, 0xC2F3, 0xCAF3, 0xCAF3, 0xCAF3, 0xCAF3, 0xCAF3, 0xCAF3, 0xC2F3, 0xCAF3,
  0xCAF3, 0xCAF3, 0xC2F3, 0xCAF3, 0xCAF3, 0xCAF3, 0xCAF3, 0xCB13, 0xCAF3, 0xCAF3, 0xCB13, 0xCB13, 0xCB13, 0xCAF3, 0xCB14, 0xCB14,
  0xCAF4, 0xCAF4, 0xCAF4, 0xAA10, 0x896C, 0xE5B9, 0x4A48, 0x0000, 0x0000, 0x0000, 0x0000, 0x0000, 0x0000, 0x0000, 0x0000, 0x0000,
  0x0000, 0x0000, 0x0000, 0x0000, 0x0000, 0x0000, 0x0000, 0x0000, 0x0000, 0x0000, 0x0000, 0x0000, 0x0000, 0x0000, 0x0000, 0x0000,
  0x0000, 0x0000, 0x0000, 0x0000, 0x0000, 0x0000, 0x0000, 0x0000, 0x0000, 0x0000, 0x0000, 0x0000, 0x0000, 0x0000, 0x0000, 0x0000,
  0x0000, 0x0000, 0x0000, 0x0000, 0x0000, 0x0000, 0x0000, 0x0000, 0x0000, 0x0000, 0x0000, 0x0000, 0x0000, 0x0000, 0x0000, 0x0000,
  0x0000, 0x0000, 0x0000, 0x0000, 0x0000, 0x0000, 0x0000, 0x0000, 0x0000, 0x0000, 0x0000, 0x0000, 0x0000, 0x0000, 0x0000, 0x0000,
  0x0000, 0x0000, 0x0000, 0x0000, 0x0000, 0x0000, 0x0000, 0x0000, 0x0000, 0x0000, 0x0000, 0x0000, 0x0000, 0x0000, 0x0000, 0x0000,
  0x0000, 0x0000, 0x0000, 0x0000, 0x0000, 0x0000, 0x0000, 0x0000, 0x0000, 0x0000, 0x0000, 0x0000, 0x0000, 0x0000, 0x0000, 0x0000,
  0x0000, 0x0000, 0x0000, 0x0000, 0x0000, 0x0000, 0x0000, 0x0000, 0x0000, 0x0000, 0x0000, 0x0000, 0x0000, 0x0000, 0x0000, 0x0000,
  0x0000, 0x0000, 0x0000, 0x0000, 0x0000, 0x0000, 0x0000, 0x0000, 0x0000, 0x0000, 0x0000, 0x0000, 0x0000, 0x0000, 0x0000, 0x0000,
  0x0000, 0x0000, 0x0000, 0x0000, 0x0000, 0x0000, 0x0000, 0x0000, 0x0000, 0x4A49, 0xFEFC, 0xCC35, 0xDC16, 0xCB94, 0xD375, 0xD375,
  0xD395, 0xD395, 0xD395, 0xD375, 0xD395, 0xD395, 0xD395, 0xD375, 0xD375, 0xD395, 0xD395, 0xD395, 0xD395, 0xD375, 0xD375, 0xD395,
  0xD395, 0xD375, 0xD395, 0xD375, 0xD375, 0xD375, 0xD375, 0xD375, 0xD375, 0xD395, 0xD375, 0xD395, 0xD395, 0xD375, 0xD375, 0xD375,
  0xD374, 0xD375, 0xD375, 0xD374, 0xD374, 0xD374, 0xD375, 0xCB54, 0xCB74, 0xCB74, 0xC333, 0xD374, 0xBAF2, 0xCB74, 0xB2B1, 0xCB74,
  0xB2B1, 0xC333, 0xB2D1, 0xC333, 0xBAF2, 0xBAF2, 0xBAF2, 0xB2D1, 0xBAF2, 0xB2B1, 0xBB12, 0xB2B1, 0xBB12, 0xAA91, 0xBB13, 0xAA70,
  0xBB12, 0xAA90, 0xBB12, 0xB291, 0xC312, 0xB291, 0xBAF2, 0xB2B1, 0xBAF2, 0xBAD1, 0xBAF2, 0xBAD1, 0xBAD1, 0xBAD2, 0xB291, 0xC2F2,
  0xAA90, 0xBB12, 0xAA70, 0xC313, 0xAA70, 0xC313, 0xAA70, 0xBAF2, 0xB291, 0xC2F2, 0xBAD2, 0xC2F2, 0xC313, 0xC2F2, 0xC333, 0xC2F2,
  0xCB33, 0xC2F2, 0xCB13, 0xCB14, 0xCB14, 0xCB14, 0xCB14, 0xCB14, 0xCB14, 0xCB14, 0xCB14, 0xCB14, 0xCB14, 0xCB14, 0xCB14, 0xCB14,
  0xCB13, 0xCB14, 0xCB14, 0xCB14, 0xCB14, 0xCB14, 0xCB14, 0xCB14, 0xCB14, 0xCB14, 0xCB14, 0xCB14, 0xCB14, 0xCB14, 0xCB14, 0xCB14,
  0xCB13, 0xCB14, 0xCB14, 0xCB14, 0xCB13, 0xCB14, 0xCAF4, 0xCAF3, 0xCAF4, 0xCAF3, 0xCAF3, 0xCAF4, 0xCAF3, 0xCAF3, 0xCAF3, 0xCAF3,
  0xCAF3, 0xCAF3, 0xCAF3, 0xCB14, 0xCAF4, 0xCB14, 0xCB14, 0xCB14, 0xCB14, 0xCB13, 0xCB14, 0xCB14, 0xCB14, 0xCB13, 0xCB14, 0xCB13,
  0xCB13, 0xCAF4, 0xCB14, 0xAA30, 0x918D, 0xE599, 0x6B2C, 0x0000, 0x0000, 0x0000, 0x0000, 0x0000, 0x0000, 0x0000, 0x0000, 0x0000,
  0x0000, 0x0000, 0x0000, 0x0000, 0x0000, 0x0000, 0x0000, 0x0000, 0x0000, 0x0000, 0x0000, 0x0000, 0x0000, 0x0000, 0x0000, 0x0000,
  0x0000, 0x0000, 0x0000, 0x0000, 0x0000, 0x0000, 0x0000, 0x0000, 0x0000, 0x0000, 0x0000, 0x0000, 0x0000, 0x0000, 0x0000, 0x0000,
  0x0000, 0x0000, 0x0000, 0x0000, 0x0000, 0x0000, 0x0000, 0x0000, 0x0000, 0x0000, 0x0000, 0x0000, 0x0000, 0x0000, 0x0000, 0x0000,
  0x0000, 0x0000, 0x0000, 0x0000, 0x0000, 0x0000, 0x0000, 0x0000, 0x0000, 0x0000, 0x0000, 0x0000, 0x0000, 0x0000, 0x0000, 0x0000,
  0x0000, 0x0000, 0x0000, 0x0000, 0x0000, 0x0000, 0x0000, 0x0000, 0x0000, 0x0000, 0x0000, 0x0000, 0x0000, 0x0000, 0x0000, 0x0000,
  0x0000, 0x0000, 0x0000, 0x0000, 0x0000, 0x0000, 0x0000, 0x0000, 0x0000, 0x0000, 0x0000, 0x0000, 0x0000, 0x0000, 0x0000, 0x0000,
  0x0000, 0x0000, 0x0000, 0x0000, 0x0000, 0x0000, 0x0000, 0x0000, 0x0000, 0x0000, 0x0000, 0x0000, 0x0000, 0x0000, 0x0000, 0x0000,
  0x0000, 0x0000, 0x0000, 0x0000, 0x0000, 0x0000, 0x0000, 0x0000, 0x0000, 0x0000, 0x0000, 0x0000, 0x0000, 0x0000, 0x0000, 0x0000,
  0x0000, 0x0000, 0x0000, 0x0000, 0x0000, 0x0000, 0x0000, 0x0000, 0x0000, 0x4227, 0xFF3B, 0xCC35, 0xDC36, 0xD394, 0xD375, 0xD375,
  0xD395, 0xD375, 0xD375, 0xD375, 0xD375, 0xD375, 0xD375, 0xD375, 0xD375, 0xD375, 0xD375, 0xD375, 0xD375, 0xD375, 0xD375, 0xD395,
  0xD375, 0xD375, 0xD375, 0xD375, 0xD375, 0xD375, 0xD375, 0xD375, 0xD375, 0xD375, 0xD375, 0xD375, 0xD375, 0xD375, 0xD375, 0xD374,
  0xD374, 0xD375, 0xD375, 0xD375, 0xD375, 0xD375, 0xCB34, 0xCB54, 0xCB33, 0xCB33, 0xC333, 0xCB54, 0xBB12, 0xC353, 0xBAD1, 0xC353,
  0xBAF2, 0xC353, 0xBAD1, 0xC333, 0xBAF2, 0xBAF2, 0xBAF2, 0xB2D1, 0xBAF2, 0xB2B1, 0xC312, 0xB290, 0xC333, 0xAA90, 0xC313, 0xAA70,
  0xC333, 0xAA70, 0xC333, 0xB291, 0xC333, 0xB291, 0xC2F2, 0xB2B1, 0xBAF2, 0xBAD1, 0xBAD2, 0xB2D1, 0xB2B1, 0xBAF2, 0xB270, 0xC2F2,
  0xB291, 0xC2F2, 0xB290, 0xC313, 0xAA70, 0xC313, 0xB270, 0xC312, 0xB2B1, 0xC2F2, 0xBAF2, 0xC312, 0xC312, 0xC2F2, 0xC312, 0xC312,
  0xC333, 0xC313, 0xCB13, 0xCB13, 0xCB14, 0xCB14, 0xCB14, 0xCB14, 0xCB14, 0xCB14, 0xCB14, 0xCB14, 0xCB14, 0xCB13, 0xCB13, 0xCAF4,
  0xCB14, 0xCB14, 0xCB14, 0xCB14, 0xCB14, 0xCB14, 0xCB14, 0xCB14, 0xCAF4, 0xCAF3, 0xCB14, 0xCB14, 0xCB14, 0xCB14, 0xCB14, 0xCAF4,
  0xCB13, 0xCB14, 0xCB14, 0xCB14, 0xCB14, 0xCB14, 0xCB14, 0xCB14, 0xCAF4, 0xCAF4, 0xCB14, 0xCAF3, 0xCAF3, 0xCAF3, 0xCAF3, 0xCAF3,
  0xCAF3, 0xCAF3, 0xCAF3, 0xCAF3, 0xCAF3, 0xCAF3, 0xCAF4, 0xCAF4, 0xCAF4, 0xCAF4, 0xCAF4, 0xCB14, 0xCB14, 0xCB13, 0xCB14, 0xCB14,
  0xCB14, 0xCB34, 0xCB13, 0xAA10, 0x918D, 0xDDB8, 0x4228, 0x0000, 0x0000, 0x0000, 0x0000, 0x0000, 0x0000, 0x0000, 0x0000, 0x0000,
  0x0000, 0x0000, 0x0000, 0x0000, 0x0000, 0x0000, 0x0000, 0x0000, 0x0000, 0x0000, 0x0000, 0x0000, 0x0000, 0x0000, 0x0000, 0x0000,
  0x0000, 0x0000, 0x0000, 0x0000, 0x0000, 0x0000, 0x0000, 0x0000, 0x0000, 0x0000, 0x0000, 0x0000, 0x0000, 0x0000, 0x0000, 0x0000,
  0x0000, 0x0000, 0x0000, 0x0000, 0x0000, 0x0000, 0x0000, 0x0000, 0x0000, 0x0000, 0x0000, 0x0000, 0x0000, 0x0000, 0x0000, 0x0000,
  0x0000, 0x0000, 0x0000, 0x0000, 0x0000, 0x0000, 0x0000, 0x0000, 0x0000, 0x0000, 0x0000, 0x0000, 0x0000, 0x0000, 0x0000, 0x0000,
  0x0000, 0x0000, 0x0000, 0x0000, 0x0000, 0x0000, 0x0000, 0x0000, 0x0000, 0x0000, 0x0000, 0x0000, 0x0000, 0x0000, 0x0000, 0x0000,
  0x0000, 0x0000, 0x0000, 0x0000, 0x0000, 0x0000, 0x0000, 0x0000, 0x0000, 0x0000, 0x0000, 0x0000, 0x0000, 0x0000, 0x0000, 0x0000,
  0x0000, 0x0000, 0x0000, 0x0000, 0x0000, 0x0000, 0x0000, 0x0000, 0x0000, 0x0000, 0x0000, 0x0000, 0x0000, 0x0000, 0x0000, 0x0000,
  0x0000, 0x0000, 0x0000, 0x0000, 0x0000, 0x0000, 0x0000, 0x0000, 0x0000, 0x0000, 0x0000, 0x0000, 0x0000, 0x0000, 0x0000, 0x0000,
  0x0000, 0x0000, 0x0000, 0x0000, 0x0000, 0x0000, 0x0000, 0x0000, 0x0000, 0x4207, 0xFFDF, 0xC454, 0xDC36, 0xD3B5, 0xD375, 0xD375,
  0xD395, 0xD395, 0xD375, 0xD375, 0xD375, 0xD375, 0xD375, 0xD375, 0xD375, 0xD375, 0xD375, 0xD375, 0xD375, 0xD375, 0xD375, 0xD375,
  0xD375, 0xD375, 0xD375, 0xD375, 0xD375, 0xD375, 0xD375, 0xD375, 0xD375, 0xD375, 0xD375, 0xD375, 0xD375, 0xD375, 0xD375, 0xD374,
  0xD374, 0xD374, 0xD374, 0xD374, 0xD374, 0xCB74, 0xBAF2, 0xD374, 0xC333, 0xC313, 0xD395, 0xBAD2, 0xCB94, 0xA24F, 0xD3B5, 0xAA70,
  0xD3B5, 0xAA90, 0xCB74, 0xAA90, 0xC333, 0xB2D1, 0xB2D2, 0xC312, 0xB290, 0xC313, 0xAA90, 0xC353, 0xAA4F, 0xCB74, 0xA24F, 0xD395,
  0xA20E, 0xD395, 0xA22F, 0xD394, 0xA24F, 0xCB74, 0xAA70, 0xC333, 0xB290, 0xBAF2, 0xB2B1, 0xBAD2, 0xC2F2, 0xAA50, 0xC313, 0xAA2F,
  0xCB33, 0xA22F, 0xD374, 0x99EE, 0xCB74, 0xA20E, 0xD374, 0xAA4F, 0xCB33, 0xB291, 0xBAF2, 0xC332, 0xBAF1, 0xCB33, 0xBAD1, 0xCB54,
  0xBAD1, 0xCB53, 0xC2F2, 0xCB13, 0xCB14, 0xCB14, 0xCB14, 0xCB14, 0xCB14, 0xCB14, 0xCB14, 0xCB14, 0xCB14, 0xCB14, 0xCB14, 0xCB14,
  0xCAF4, 0xCAF3, 0xCAF3, 0xCAF3, 0xCAF4, 0xCAF3, 0xCB14, 0xCAF3, 0xCAF3, 0xCB14, 0xCAF3, 0xCB14, 0xCAF4, 0xCB14, 0xCAF3, 0xCAF3,
  0xCAF3, 0xCAF3, 0xCAF3, 0xCAF3, 0xCAF3, 0xCAF3, 0xCAF3, 0xCAF3, 0xCAF3, 0xCAF3, 0xCAF3, 0xCAF3, 0xCAF3, 0xCAF3, 0xCAF3, 0xCAF3,
  0xCAF3, 0xCAF3, 0xCAF4, 0xCAF3, 0xCAF3, 0xC2F3, 0xC2F3, 0xC2F3, 0xCAF3, 0xCAF3, 0xCAF3, 0xCAF3, 0xCB13, 0xCB13, 0xCB14, 0xCB14,
  0xCB14, 0xD354, 0xBA91, 0xA9CF, 0x91EE, 0xFF5D, 0x4228, 0x0000, 0x0000, 0x0000, 0x0000, 0x0000, 0x0000, 0x0000, 0x0000, 0x0000,
  0x0000, 0x0000, 0x0000, 0x0000, 0x0000, 0x0000, 0x0000, 0x0000, 0x0000, 0x0000, 0x0000, 0x0000, 0x0000, 0x0000, 0x0000, 0x0000,
  0x0000, 0x0000, 0x0000, 0x0000, 0x0000, 0x0000, 0x0000, 0x0000, 0x0000, 0x0000, 0x0000, 0x0000, 0x0000, 0x0000, 0x0000, 0x0000,
  0x0000, 0x0000, 0x0000, 0x0000, 0x0000, 0x0000, 0x0000, 0x0000, 0x0000, 0x0000, 0x0000, 0x0000, 0x0000, 0x0000, 0x0000, 0x0000,
  0x0000, 0x0000, 0x0000, 0x0000, 0x0000, 0x0000, 0x0000, 0x0000, 0x0000, 0x0000, 0x0000, 0x0000, 0x0000, 0x0000, 0x0000, 0x0000,
  0x0000, 0x0000, 0x0000, 0x0000, 0x0000, 0x0000, 0x0000, 0x0000, 0x0000, 0x0000, 0x0000, 0x0000, 0x0000, 0x0000, 0x0000, 0x0000,
  0x0000, 0x0000, 0x0000, 0x0000, 0x0000, 0x0000, 0x0000, 0x0000, 0x0000, 0x0000, 0x0000, 0x0000, 0x0000, 0x0000, 0x0000, 0x0000,
  0x0000, 0x0000, 0x0000, 0x0000, 0x0000, 0x0000, 0x0000, 0x0000, 0x0000, 0x0000, 0x0000, 0x0000, 0x0000, 0x0000, 0x0000, 0x0000,
  0x0000, 0x0000, 0x0000, 0x0000, 0x0000, 0x0000, 0x0000, 0x0000, 0x0000, 0x0000, 0x0000, 0x0000, 0x0000, 0x0000, 0x0000, 0x0000,
  0x0000, 0x0000, 0x0000, 0x0000, 0x0000, 0x0000, 0x0000, 0x0000, 0x0000, 0x0020, 0x9CF3, 0xF65A, 0xC3D4, 0xDC37, 0xCB95, 0xD375,
  0xD395, 0xD395, 0xD395, 0xD395, 0xD375, 0xD375, 0xD375, 0xD375, 0xD375, 0xD375, 0xD375, 0xD375, 0xD375, 0xD375, 0xD375, 0xD375,
  0xD375, 0xD355, 0xD375, 0xD375, 0xD375, 0xD375, 0xD375, 0xD375, 0xD375, 0xD374, 0xD374, 0xD375, 0xD375, 0xD375, 0xD375, 0xD375,
  0xD374, 0xD374, 0xD375, 0xCB74, 0xD374, 0xD374, 0xD395, 0xCB54, 0xCB54, 0xD374, 0xC333, 0xD375, 0xBAD1, 0xD394, 0xAA70, 0xCB74,
  0xAA70, 0xCB54, 0xAA70, 0xC333, 0xB290, 0xBAF2, 0xB2B1, 0xBAD1, 0xBAF2, 0xB2B1, 0xBAF2, 0xB291, 0xC312, 0xAA70, 0xC333, 0xAA2F,
  0xCB54, 0xAA4F, 0xCB33, 0xAA4F, 0xC333, 0xAA50, 0xC312, 0xAA70, 0xBAF2, 0xB291, 0xBAB1, 0xB291, 0xB291, 0xBAD2, 0xAA50, 0xC2F2,
  0xAA50, 0xC313, 0xAA4F, 0xC333, 0xA22F, 0xCB33, 0xAA4F, 0xC313, 0xB290, 0xC313, 0xBAD1, 0xBAD2, 0xCB33, 0xBAD2, 0xCB53, 0xBAD2,
  0xCB33, 0xC2F2, 0xCB34, 0xCB14, 0xCB14, 0xCB14, 0xCB14, 0xCB14, 0xCB14, 0xCB14, 0xCAF4, 0xCB14, 0xCB14, 0xCAF4, 0xCB14, 0xCAF4,
  0xCB14, 0xCAF4, 0xCB14, 0xCAF3, 0xCAF4, 0xCB13, 0xCB14, 0xCB14, 0xCB14, 0xCB14, 0xCB14, 0xCB14, 0xCB14, 0xCAF3, 0xCAF4, 0xCAF4,
  0xCAF3, 0xCAF3, 0xCAF3, 0xCAF3, 0xCAF3, 0xCAF4, 0xCAF3, 0xCAF3, 0xCAF3, 0xCAF3, 0xCAF3, 0xCAF3, 0xCAF3, 0xCAF3, 0xCAF3, 0xCAF3,
  0xCAF4, 0xCAF4, 0xCAF4, 0xCAF4, 0xCAF4, 0xCAF4, 0xCB14, 0xCB14, 0xCAF4, 0xCB14, 0xCB14, 0xCB14, 0xCB14, 0xCB14, 0xCB34, 0xD334,
  0xD354, 0xC2B2, 0xB210, 0x916D, 0xC475, 0xA4F3, 0x0020, 0x0000, 0x0000, 0x0000, 0x0000, 0x0000, 0x0000, 0x0000, 0x0000, 0x0000,
  0x0000, 0x0000, 0x0000, 0x0000, 0x0000, 0x0000, 0x0000, 0x0000, 0x0000, 0x0000, 0x0000, 0x0000, 0x0000, 0x0000, 0x0000, 0x0000,
  0x0000, 0x0000, 0x0000, 0x0000, 0x0000, 0x0000, 0x0000, 0x0000, 0x0000, 0x0000, 0x0000, 0x0000, 0x0000, 0x0000, 0x0000, 0x0000,
  0x0000, 0x0000, 0x0000, 0x0000, 0x0000, 0x0000, 0x0000, 0x0000, 0x0000, 0x0000, 0x0000, 0x0000, 0x0000, 0x0000, 0x0000, 0x0000,
  0x0000, 0x0000, 0x0000, 0x0000, 0x0000, 0x0000, 0x0000, 0x0000, 0x0000, 0x0000, 0x0000, 0x0000, 0x0000, 0x0000, 0x0000, 0x0000,
  0x0000, 0x0000, 0x0000, 0x0000, 0x0000, 0x0000, 0x0000, 0x0000, 0x0000, 0x0000, 0x0000, 0x0000, 0x0000, 0x0000, 0x0000, 0x0000,
  0x0000, 0x0000, 0x0000, 0x0000, 0x0000, 0x0000, 0x0000, 0x0000, 0x0000, 0x0000, 0x0000, 0x0000, 0x0000, 0x0000, 0x0000, 0x0000,
  0x0000, 0x0000, 0x0000, 0x0000, 0x0000, 0x0000, 0x0000, 0x0000, 0x0000, 0x0000, 0x0000, 0x0000, 0x0000, 0x0000, 0x0000, 0x0000,
  0x0000, 0x0000, 0x0000, 0x0000, 0x0000, 0x0000, 0x0000, 0x0000, 0x0000, 0x0000, 0x0000, 0x0000, 0x0000, 0x0000, 0x0000, 0x0000,
  0x0000, 0x0000, 0x0000, 0x0000, 0x0000, 0x0000, 0x0000, 0x0000, 0x0000, 0x0000, 0x1903, 0xDE99, 0xDD57, 0xCBB4, 0xD3B5, 0xD395,
  0xD395, 0xD395, 0xD375, 0xD375, 0xD375, 0xD375, 0xD375, 0xD375, 0xD375, 0xD395, 0xD395, 0xD395, 0xD395, 0xD395, 0xD395, 0xD395,
  0xD395, 0xD395, 0xD395, 0xD395, 0xD395, 0xD395, 0xD395, 0xD395, 0xD396, 0xD395, 0xD395, 0xD395, 0xD395, 0xD395, 0xD395, 0xD375,
  0xD395, 0xD395, 0xD375, 0xD395, 0xD395, 0xD375, 0xD395, 0xD395, 0xD395, 0xD375, 0xD375, 0xD375, 0xCB53, 0xD374, 0xC313, 0xD375,
  0xC2F3, 0xD375, 0xC313, 0xD374, 0xC313, 0xD354, 0xC313, 0xCB54, 0xCB33, 0xCB33, 0xCB33, 0xCB13, 0xCB54, 0xC2F3, 0xCB54, 0xC2D2,
  0xD374, 0xBAD2, 0xD375, 0xBAD2, 0xD354, 0xC2F2, 0xCB54, 0xC2F2, 0xCB34, 0xC2F3, 0xCB13, 0xC313, 0xC313, 0xCB14, 0xC2F3, 0xCB34,
  0xC2D2, 0xCB34, 0xC2D2, 0xD354, 0xBAD2, 0xD354, 0xC2D2, 0xCB34, 0xC2F3, 0xCB34, 0xCB13, 0xCB13, 0xD354, 0xCB13, 0xCB34, 0xCB33,
  0xD334, 0xD314, 0xD314, 0xD314, 0xD334, 0xCB14, 0xD314, 0xD314, 0xCB14, 0xD314, 0xD314, 0xD314, 0xD314, 0xD314, 0xD334, 0xD314,
  0xD334, 0xD334, 0xD314, 0xD314, 0xD334, 0xCB34, 0xCB34, 0xD334, 0xD334, 0xD334, 0xD334, 0xD334, 0xCB14, 0xD334, 0xD314, 0xCB14,
  0xCB14, 0xCB14, 0xCB14, 0xD334, 0xCB34, 0xCB14, 0xCB14, 0xD334, 0xD314, 0xD314, 0xCB14, 0xD314, 0xD314, 0xCB14, 0xD314, 0xD314,
  0xD314, 0xD314, 0xD314, 0xD314, 0xD314, 0xD314, 0xD314, 0xD315, 0xD334, 0xD314, 0xCB14, 0xD314, 0xD314, 0xD334, 0xD314, 0xCB14,
  0xBA72, 0xB1F0, 0x996E, 0xB351, 0xF71C, 0x2124, 0x0000, 0x0000, 0x0000, 0x0000, 0x0000, 0x0000, 0x0000, 0x0000, 0x0000, 0x0000,
  0x0000, 0x0000, 0x0000, 0x0000, 0x0000, 0x0000, 0x0000, 0x0000, 0x0000, 0x0000, 0x0000, 0x0000, 0x0000, 0x0000, 0x0000, 0x0000,
  0x0000, 0x0000, 0x0000, 0x0000, 0x0000, 0x0000, 0x0000, 0x0000, 0x0000, 0x0000, 0x0000, 0x0000, 0x0000, 0x0000, 0x0000, 0x0000,
  0x0000, 0x0000, 0x0000, 0x0000, 0x0000, 0x0000, 0x0000, 0x0000, 0x0000, 0x0000, 0x0000, 0x0000, 0x0000, 0x0000, 0x0000, 0x0000,
  0x0000, 0x0000, 0x0000, 0x0000, 0x0000, 0x0000, 0x0000, 0x0000, 0x0000, 0x0000, 0x0000, 0x0000, 0x0000, 0x0000, 0x0000, 0x0000,
  0x0000, 0x0000, 0x0000, 0x0000, 0x0000, 0x0000, 0x0000, 0x0000, 0x0000, 0x0000, 0x0000, 0x0000, 0x0000, 0x0000, 0x0000, 0x0000,
  0x0000, 0x0000, 0x0000, 0x0000, 0x0000, 0x0000, 0x0000, 0x0000, 0x0000, 0x0000, 0x0000, 0x0000, 0x0000, 0x0000, 0x0000, 0x0000,
  0x0000, 0x0000, 0x0000, 0x0000, 0x0000, 0x0000, 0x0000, 0x0000, 0x0000, 0x0000, 0x0000, 0x0000, 0x0000, 0x0000, 0x0000, 0x0000,
  0x0000, 0x0000, 0x0000, 0x0000, 0x0000, 0x0000, 0x0000, 0x0000, 0x0000, 0x0000, 0x0000, 0x0000, 0x0000, 0x0000, 0x0000, 0x0000,
  0x0000, 0x0000, 0x0000, 0x0000, 0x0000, 0x0000, 0x0000, 0x0000, 0x0000, 0x0000, 0x0000, 0x2965, 0xEF3C, 0xEE1A, 0xC3B4, 0xC333,
  0xCB54, 0xCB54, 0xCB54, 0xCB54, 0xCB54, 0xCB34, 0xCB34, 0xCB34, 0xCB34, 0xCB54, 0xCB34, 0xCB34, 0xCB34, 0xCB34, 0xCB34, 0xCB34,
  0xCB34, 0xCB34, 0xCB34, 0xCB34, 0xCB34, 0xCB34, 0xCB34, 0xCB34, 0xCB34, 0xCB34, 0xCB34, 0xCB14, 0xCB14, 0xCB14, 0xCB14, 0xCB14,
  0xCB14, 0xCB13, 0xCB14, 0xCB13, 0xC313, 0xC313, 0xCB13, 0xCB13, 0xCB13, 0xCB14, 0xCB14, 0xCB13, 0xCB34, 0xCB13, 0xCB34, 0xCB13,
  0xCB54, 0xCB13, 0xCB34, 0xCB13, 0xCB34, 0xCB13, 0xCB34, 0xCB14, 0xCB13, 0xCB14, 0xCB13, 0xCB14, 0xC2F3, 0xCB14, 0xC2F3, 0xCB14,
  0xC2F3, 0xCB13, 0xC2F3, 0xCB13, 0xC2F3, 0xCB13, 0xC2F3, 0xCB13, 0xC2F3, 0xCB13, 0xCAF3, 0xCAF3, 0xCAF3, 0xC2F3, 0xCAF3, 0xC2D3,
  0xCAF3, 0xC2D3, 0xCAF3, 0xC2B2, 0xC2F3, 0xC2D3, 0xCAF3, 0xC2D3, 0xC2F3, 0xC2D3, 0xC2D3, 0xC2D3, 0xC2D3, 0xC2D3, 0xC2B3, 0xC2B3,
  0xBAB2, 0xBAB2, 0xBAB3, 0xBA92, 0xBAB2, 0xC292, 0xC292, 0xBA92, 0xBA92, 0xBA92, 0xC292, 0xBA92, 0xC292, 0xBA92, 0xBA92, 0xBA92,
  0xBA72, 0xBA92, 0xBA92, 0xBA72, 0xBA92, 0xBA92, 0xBA92, 0xBA72, 0xBA92, 0xBA72, 0xBA72, 0xBA72, 0xBA72, 0xBA72, 0xBA72, 0xBA72,
  0xBA72, 0xBA72, 0xBA72, 0xBA72, 0xBA72, 0xBA72, 0xBA92, 0xBA72, 0xBA72, 0xBA72, 0xBA72, 0xBA72, 0xBA72, 0xBA72, 0xBA72, 0xBA72,
  0xBA72, 0xBA72, 0xBA72, 0xBA72, 0xBA72, 0xBA52, 0xBA72, 0xBA72, 0xBA72, 0xBA72, 0xBA52, 0xBA52, 0xBA51, 0xB231, 0xAA10, 0xA18E,
  0x996E, 0x99CE, 0xD4D6, 0xC5B6, 0x2945, 0x0000, 0x0000, 0x0000, 0x0000, 0x0000, 0x0000, 0x0000, 0x0000, 0x0000, 0x0000, 0x0000,
  0x0000, 0x0000, 0x0000, 0x0000, 0x0000, 0x0000, 0x0000, 0x0000, 0x0000, 0x0000, 0x0000, 0x0000, 0x0000, 0x0000, 0x0000, 0x0000,
  0x0000, 0x0000, 0x0000, 0x0000, 0x0000, 0x0000, 0x0000, 0x0000, 0x0000, 0x0000, 0x0000, 0x0000, 0x0000, 0x0000, 0x0000, 0x0000,
  0x0000, 0x0000, 0x0000, 0x0000, 0x0000, 0x0000, 0x0000, 0x0000, 0x0000, 0x0000, 0x0000, 0x0000, 0x0000, 0x0000, 0x0000, 0x0000,
  0x0000, 0x0000, 0x0000, 0x0000, 0x0000, 0x0000, 0x0000, 0x0000, 0x0000, 0x0000, 0x0000, 0x0000, 0x0000, 0x0000, 0x0000, 0x0000,
  0x0000, 0x0000, 0x0000, 0x0000, 0x0000, 0x0000, 0x0000, 0x0000, 0x0000, 0x0000, 0x0000, 0x0000, 0x0000, 0x0000, 0x0000, 0x0000,
  0x0000, 0x0000, 0x0000, 0x0000, 0x0000, 0x0000, 0x0000, 0x0000, 0x0000, 0x0000, 0x0000, 0x0000, 0x0000, 0x0000, 0x0000, 0x0000,
  0x0000, 0x0000, 0x0000, 0x0000, 0x0000, 0x0000, 0x0000, 0x0000, 0x0000, 0x0000, 0x0000, 0x0000, 0x0000, 0x0000, 0x0000, 0x0000,
  0x0000, 0x0000, 0x0000, 0x0000, 0x0000, 0x0000, 0x0000, 0x0000, 0x0000, 0x0000, 0x0000, 0x0000, 0x0000, 0x0000, 0x0000, 0x0000,
  0x0000, 0x0000, 0x0000, 0x0000, 0x0000, 0x0000, 0x0000, 0x0000, 0x0000, 0x0000, 0x0000, 0x0000, 0x2104, 0x8C70, 0xEEDB, 0xE599,
  0xD476, 0xD3F5, 0xD3D4, 0xCBB4, 0xCB94, 0xCB94, 0xCB94, 0xCB94, 0xCB74, 0xCB74, 0xC374, 0xC374, 0xC373, 0xC373, 0xC373, 0xC373,
  0xC353, 0xC353, 0xC353, 0xC353, 0xC353, 0xC353, 0xC333, 0xC333, 0xC333, 0xBB33, 0xC333, 0xC333, 0xC333, 0xBB33, 0xBB32, 0xBB32,
  0xBB32, 0xBB32, 0xBB12, 0xBB32, 0xBB32, 0xBB32, 0xBB12, 0xBB12, 0xBB12, 0xBB12, 0xBB12, 0xBAF2, 0xBAF2, 0xBAF1, 0xBAF2, 0xBAF1,
  0xBAF1, 0xB2F1, 0xB2D1, 0xB2F1, 0xB2D1, 0xB2D1, 0xB2D1, 0xB2D1, 0xB2D1, 0xB2D1, 0xB2D1, 0xB2D1, 0xB2D1, 0xBAF2, 0xBAF1, 0xBAF2,
  0xBAF1, 0xB2F1, 0xB2F1, 0xB2B1, 0xB2D1, 0xB2B1, 0xB2B0, 0xB2B0, 0xB2B1, 0xB2B1, 0xB2B0, 0xB290, 0xB290, 0xB290, 0xAA90, 0xB290,
  0xAA90, 0xAA90, 0xB290, 0xB2B1, 0xB2B1, 0xAA90, 0xAA90, 0xAA90, 0xAA90, 0xB2B1, 0xB2B1, 0xB2B1, 0xB2B1, 0xB2B1, 0xB2B1, 0xB2B1,
  0xB2B1, 0xB2B1, 0xB291, 0xB291, 0xB291, 0xB291, 0xB291, 0xB291, 0xB291, 0xB291, 0xAA70, 0xAA50, 0xAA50, 0xB271, 0xB291, 0xB291,
  0xB291, 0xB291, 0xB270, 0xAA70, 0xAA50, 0xAA50, 0xAA50, 0xAA50, 0xAA50, 0xAA50, 0xAA30, 0xAA50, 0xA230, 0xAA50, 0xAA70, 0xAA50,
  0xAA50, 0xAA70, 0xAA50, 0xA230, 0xAA30, 0xAA30, 0xA22F, 0xA230, 0xA230, 0xA22F, 0xAA30, 0xAA30, 0xA230, 0xA230, 0xA22F, 0xA22F,
  0xA22F, 0xA22F, 0xAA0F, 0xA20F, 0xA20F, 0xA20F, 0xA20F, 0xA20F, 0xA20F, 0xA20F, 0xA20F, 0xA20F, 0xA20F, 0xA22F, 0xAA70, 0xB332,
  0xBC34, 0xE659, 0x8C71, 0x0882, 0x0000, 0x0000, 0x0000, 0x0000, 0x0000, 0x0000, 0x0000, 0x0000, 0x0000, 0x0000, 0x0000, 0x0000,
  0x0000, 0x0000, 0x0000, 0x0000, 0x0000, 0x0000, 0x0000, 0x0000, 0x0000, 0x0000, 0x0000, 0x0000, 0x0000, 0x0000, 0x0000, 0x0000,
  0x0000, 0x0000, 0x0000, 0x0000, 0x0000, 0x0000, 0x0000, 0x0000, 0x0000, 0x0000, 0x0000, 0x0000, 0x0000, 0x0000, 0x0000, 0x0000,
  0x0000, 0x0000, 0x0000, 0x0000, 0x0000, 0x0000, 0x0000, 0x0000, 0x0000, 0x0000, 0x0000, 0x0000, 0x0000, 0x0000, 0x0000, 0x0000,
  0x0000, 0x0000, 0x0000, 0x0000, 0x0000, 0x0000, 0x0000, 0x0000, 0x0000, 0x0000, 0x0000, 0x0000, 0x0000, 0x0000, 0x0000, 0x0000,
  0x0000, 0x0000, 0x0000, 0x0000, 0x0000, 0x0000, 0x0000, 0x0000, 0x0000, 0x0000, 0x0000, 0x0000, 0x0000, 0x0000, 0x0000, 0x0000,
  0x0000, 0x0000, 0x0000, 0x0000, 0x0000, 0x0000, 0x0000, 0x0000, 0x0000, 0x0000, 0x0000, 0x0000, 0x0000, 0x0000, 0x0000, 0x0000,
  0x0000, 0x0000, 0x0000, 0x0000, 0x0000, 0x0000, 0x0000, 0x0000, 0x0000, 0x0000, 0x0000, 0x0000, 0x0000, 0x0000, 0x0000, 0x0000,
  0x0000, 0x0000, 0x0000, 0x0000, 0x0000, 0x0000, 0x0000, 0x0000, 0x0000, 0x0000, 0x0000, 0x0000, 0x0000, 0x0000, 0x0000, 0x0000,
  0x0000, 0x0000, 0x0000, 0x0000, 0x0000, 0x0000, 0x0000, 0x0000, 0x0000, 0x0000, 0x0000, 0x0000, 0x0000, 0x0000, 0x2945, 0x6B6D,
  0xB576, 0xB514, 0xACB2, 0xACB3, 0xACD2, 0xACD3, 0xACD4, 0xACD3, 0xACD3, 0xACD3, 0xACD4, 0xACD4, 0xACD4, 0xACD3, 0xACD3, 0xACB3,
  0xACB3, 0xACB3, 0xACD3, 0xACD3, 0xACB3, 0xACB3, 0xACB3, 0xACB3, 0xACB3, 0xACB3, 0xACB3, 0xACB3, 0xACB3, 0xACB3, 0xACB3, 0xACB3,
  0xACB3, 0xACB3, 0xACB3, 0xACB3, 0xACB3, 0xACB3, 0xACB3, 0xACB3, 0xACB3, 0xACB3, 0xACB3, 0xACB3, 0xACB3, 0xACB3, 0xACB3, 0xACB3,
  0xACB3, 0xACB3, 0xACB3, 0xA4B3, 0xACB3, 0xA4B3, 0xA4B3, 0xA4B3, 0xACB3, 0xA4B3, 0xA493, 0xACB3, 0x9C31, 0x5A29, 0x5A29, 0x5A29,
  0x5A29, 0x5A29, 0x72EC, 0xAC93, 0x72CC, 0x9410, 0xA493, 0xA493, 0xAC93, 0xA493, 0xA493, 0xA493, 0xA493, 0xA493, 0xA493, 0xA493,
  0xA493, 0xA493, 0x834E, 0x5A09, 0x5A4A, 0xA472, 0xA493, 0xA493, 0x93F0, 0x5209, 0x5A29, 0x5A09, 0x5A09, 0x5A09, 0x5A09, 0x5209,
  0x5209, 0x5A09, 0x5A09, 0x5A09, 0x5209, 0x5209, 0x5209, 0x5209, 0x5A09, 0x5209, 0x93F0, 0xA493, 0xA493, 0x628B, 0x5A09, 0x5A09,
  0x5209, 0x5209, 0x5A09, 0x5A09, 0x93F0, 0xA493, 0xA493, 0xA493, 0xA493, 0xA493, 0xA493, 0xA472, 0xA493, 0x730D, 0x5209, 0x5A09,
  0x5A09, 0x5209, 0x838F, 0xA493, 0xA493, 0x836F, 0xA472, 0xA493, 0xA473, 0xA493, 0x8BD0, 0x93F1, 0xA473, 0xA473, 0xA473, 0xA493,
  0xA493, 0xA493, 0xA473, 0xA473, 0xA472, 0xA473, 0xA473, 0xA472, 0xA472, 0xA472, 0xA472, 0xA472, 0xA472, 0xA493, 0xACF4, 0x7BAE,
  0x4A69, 0x2985, 0x0000, 0x0000, 0x0000, 0x0000, 0x0000, 0x0000, 0x0000, 0x0000, 0x0000, 0x0000, 0x0000, 0x0000, 0x0000, 0x0000,
  0x0000, 0x0000, 0x0000, 0x0000, 0x0000, 0x0000, 0x0000, 0x0000, 0x0000, 0x0000, 0x0000, 0x0000, 0x0000, 0x0000, 0x0000, 0x0000,
  0x0000, 0x0000, 0x0000, 0x0000, 0x0000, 0x0000, 0x0000, 0x0000, 0x0000, 0x0000, 0x0000, 0x0000, 0x0000, 0x0000, 0x0000, 0x0000,
  0x0000, 0x0000, 0x0000, 0x0000, 0x0000, 0x0000, 0x0000, 0x0000, 0x0000, 0x0000, 0x0000, 0x0000, 0x0000, 0x0000, 0x0000, 0x0000,
  0x0000, 0x0000, 0x0000, 0x0000, 0x0000, 0x0000, 0x0000, 0x0000, 0x0000, 0x0000, 0x0000, 0x0000, 0x0000, 0x0000, 0x0000, 0x0000,
  0x0000, 0x0000, 0x0000, 0x0000, 0x0000, 0x0000, 0x0000, 0x0000, 0x0000, 0x0000, 0x0000, 0x0000, 0x0000, 0x0000, 0x0000, 0x0000,
  0x0000, 0x0000, 0x0000, 0x0000, 0x0000, 0x0000, 0x0000, 0x0000, 0x0000, 0x0000, 0x0000, 0x0000, 0x0000, 0x0000, 0x0000, 0x0000,
  0x0000, 0x0000, 0x0000, 0x0000, 0x0000, 0x0000, 0x0000, 0x0000, 0x0000, 0x0000, 0x0000, 0x0000, 0x0000, 0x0000, 0x0000, 0x0000,
  0x0000, 0x0000, 0x0000, 0x0000, 0x0000, 0x0000, 0x0000, 0x0000, 0x0000, 0x0000, 0x0000, 0x0000, 0x0000, 0x0000, 0x0000, 0x0000,
  0x0000, 0x0000, 0x0000, 0x0000, 0x0000, 0x0000, 0x0000, 0x0000, 0x0000, 0x0000, 0x0000, 0x0000, 0x0000, 0x0000, 0x0000, 0x0000,
  0x0000, 0x0000, 0x0000, 0x0000, 0x0000, 0x0000, 0x0000, 0x0000, 0x0000, 0x0000, 0x0000, 0x0000, 0x0000, 0x0000, 0x0000, 0x0000,
  0x0000, 0x0000, 0x0000, 0x0000, 0x0000, 0x0000, 0x0000, 0x0000, 0x0000, 0x0000, 0x0000, 0x0000, 0x0000, 0x0000, 0x0000, 0x0000,
  0x0000, 0x0000, 0x0000, 0x0000, 0x0000, 0x0000, 0x0000, 0x0000, 0x0000, 0x0000, 0x0000, 0x0000, 0x0000, 0x0000, 0x0000, 0x0000,
  0x0000, 0x0000, 0x0000, 0x0000, 0x0000, 0x0000, 0x0000, 0x0000, 0x0000, 0x0000, 0x0000, 0x0000, 0x0000, 0x0000, 0x0000, 0x0000,
  0x0000, 0x0000, 0x0000, 0x0000, 0x0000, 0x0000, 0x0000, 0x0000, 0x0000, 0x0000, 0x0000, 0x0000, 0x0000, 0x0000, 0x0000, 0x0000,
  0x0000, 0x0000, 0x0000, 0x0000, 0x0000, 0x0000, 0x0000, 0x0000, 0x0000, 0x0000, 0x0000, 0x0000, 0x0000, 0x0000, 0x0000, 0x0000,
  0x0000, 0x0000, 0x0000, 0x0000, 0x0000, 0x0000, 0x0000, 0x0000, 0x0000, 0x0000, 0x0000, 0x0000, 0x0000, 0x0000, 0x0000, 0x0000,
  0x0000, 0x0000, 0x0000, 0x0000, 0x0000, 0x0000, 0x0000, 0x0000, 0x0000, 0x0000, 0x0000, 0x0000, 0x0000, 0x0000, 0x0000, 0x0000,
  0x0000, 0x0000, 0x0000, 0x0000, 0x0000, 0x0000, 0x0000, 0x0000, 0x0000, 0x0000, 0x0000, 0x0000, 0x0000, 0x0000, 0x0000, 0x0000,
  0x0000, 0x0000, 0x0000, 0x0000, 0x0000, 0x0000, 0x0000, 0x0000, 0x0000, 0x0000, 0x0000, 0x0000, 0x0000, 0x0000, 0x0000, 0x0000,
  0x0000, 0x0000, 0x0000, 0x0000, 0x0000, 0x0000, 0x0000, 0x0000, 0x0000, 0x0000, 0x0000, 0x0000, 0x0000, 0x0000, 0x0000, 0x0000,
  0x0000, 0x0000, 0x0000, 0x0000, 0x0000, 0x0000, 0x0000, 0x0000, 0x0000, 0x0000, 0x0000, 0x0000, 0x0000, 0x0000, 0x0000, 0x0000,
  0x0000, 0x0000, 0x0000, 0x0000, 0x0000, 0x0000, 0x0000, 0x0000, 0x0000, 0x0000, 0x0000, 0x0000, 0x0000, 0x0000, 0x0000, 0x0000,
  0x0000, 0x0000, 0x0000, 0x0000, 0x0000, 0x0000, 0x0000, 0x0000, 0x0000, 0x0000, 0x0000, 0x0000, 0x0000, 0x0000, 0x0000, 0x0000,
  0x0000, 0x0000, 0x0000, 0x0000, 0x0000, 0x0000, 0x0000, 0x0000, 0x0000, 0x0000, 0x0000, 0x0000, 0x0000, 0x0000, 0x0000, 0x0000,
  0x0000, 0x0000, 0x0000, 0x0000, 0x0000, 0x0000, 0x0000, 0x0000, 0x0000, 0x0000, 0x0000, 0x0000, 0x0000, 0x0000, 0x0000, 0x0000,
  0x0000, 0x0000, 0x0000, 0x0000, 0x0000, 0x0000, 0x0000, 0x0000, 0x0000, 0x0000, 0x0000, 0x0000, 0x0000, 0x0000, 0x0000, 0x0000,
  0x0000, 0x0000, 0x0000, 0x0000, 0x0000, 0x0000, 0x0000, 0x0000, 0x0000, 0x0000, 0x0000, 0x0000, 0x0000, 0x0000, 0x0000, 0x0000,
  0x0000, 0x0000, 0x0000, 0x0000, 0x0000, 0x0000, 0x0000, 0x0000, 0x0000, 0x0000, 0x0000, 0x0000, 0x0000, 0x0000, 0x0000, 0x0000,
  0x0000, 0x0000, 0x0000, 0x0000, 0x0000, 0x0000, 0x0000, 0x0000, 0x0000, 0x0000, 0x0000, 0x0000, 0x0000, 0x0000, 0x0000, 0x0020,
  0x0000, 0x0000, 0x0000, 0x0000, 0x0000, 0x0000, 0x0000, 0x0000, 0x0000, 0x0000, 0x0000, 0x0000, 0x0000, 0x0000, 0x0000, 0x0000,
  0x0000, 0x0000, 0x0000, 0x0000, 0x0000, 0x0000, 0x0000, 0x0000, 0x0000, 0x0000, 0x0000, 0x0000, 0x0000, 0x0000, 0x0000, 0x0000,
  0x0000, 0x0000, 0x0000, 0x0000, 0x0000, 0x0000, 0x0000, 0x0000, 0x0000, 0x0000, 0x0000, 0x0000, 0x0000, 0x0000, 0x0000, 0x0000,
  0x0000, 0x0000, 0x0000, 0x0000, 0x0000, 0x0000, 0x0000, 0x0000, 0x0000, 0x0000, 0x0000, 0x0000, 0x0000, 0x0000, 0x0000, 0x0000,
  0x0000, 0x0000, 0x0000, 0x0000, 0x0000, 0x0000, 0x0000, 0x0000, 0x0000, 0x0000, 0x0000, 0x0000, 0x0000, 0x0000, 0x0000, 0x0000,
  0x0000, 0x0000, 0x0000, 0x0000, 0x0000, 0x0000, 0x0000, 0x0000, 0x0000, 0x0000, 0x0000, 0x0000, 0x0000, 0x0000, 0x0000, 0x0000,
  0x0000, 0x0000, 0x0000, 0x0000, 0x0000, 0x0000, 0x0000, 0x0000, 0x0000, 0x0000, 0x0000, 0x0000, 0x0000, 0x0000, 0x0000, 0x0000,
  0x0000, 0x0000, 0x0000, 0x0000, 0x0000, 0x0000, 0x0000, 0x0000, 0x0000, 0x0000, 0x0000, 0x0000, 0x0000, 0x0000, 0x0000, 0x0000,
  0x0000, 0x0000, 0x0000, 0x0000, 0x0000, 0x0000, 0x0000, 0x0000, 0x0000, 0x0000, 0x0000, 0x0000, 0x0000, 0x0000, 0x0000, 0x0000,
  0x0000, 0x0000, 0x0000, 0x0000, 0x0000, 0x0000, 0x0000, 0x0000, 0x0000, 0x0000, 0x0000, 0x0000, 0x0000, 0x0000, 0x0000, 0x0000,
  0x0000, 0x0000, 0x0000, 0x0000, 0x0000, 0x0000, 0x0000, 0x0000, 0x0000, 0x0000, 0x0000, 0x0000, 0x0000, 0x0000, 0x0000, 0x0000,
  0x0000, 0x0000, 0x0000, 0x0000, 0x0000, 0x0000, 0x0000, 0x0000, 0x0000, 0x0000, 0x0000, 0x0000, 0x0000, 0x0000, 0x0000, 0x0000,
  0x0000, 0x0000, 0x0000, 0x0000, 0x0000, 0x0000, 0x0000, 0x0000, 0x0000, 0x0000, 0x0000, 0x0000, 0x0000, 0x0000, 0x0000, 0x0000,
  0x0000, 0x0000, 0x0000, 0x0000, 0x0000, 0x0000, 0x0000, 0x0000, 0x0000, 0x0000, 0x0000, 0x0000, 0x0000, 0x0000, 0x0000, 0x0000,
  0x0000, 0x0000, 0x0000, 0x0000, 0x0000, 0x0000, 0x0000, 0x0000, 0x0000, 0x0000, 0x0000, 0x0000, 0x0000, 0x0000, 0x0000, 0x0000,
  0x0000, 0x0000, 0x0000, 0x0000, 0x0000, 0x0000, 0x0000, 0x0000, 0x0000, 0x0000, 0x0000, 0x0000, 0x0000, 0x0000, 0x0000, 0x0000,
  0x0000, 0x0000, 0x0000, 0x0000, 0x0000, 0x0000, 0x0000, 0x0000, 0x0000, 0x0000, 0x0000, 0x0000, 0x0000, 0x0000, 0x0000, 0x0000,
  0x0000, 0x0000, 0x0000, 0x0000, 0x0000, 0x0000, 0x0000, 0x0000, 0x0000, 0x0000, 0x0000, 0x0000, 0x0000, 0x0000, 0x0000, 0x0000,
  0x0000, 0x0000, 0x0000, 0x0000, 0x0000, 0x0000, 0x0000, 0x0000, 0x0000, 0x0000, 0x0000, 0x0000, 0x0000, 0x0000, 0x0000, 0x0000,
  0x0000, 0x0000, 0x0000, 0x0000, 0x0000, 0x0000, 0x0000, 0x0000, 0x0000, 0x0000, 0x0000, 0x0000, 0x0000, 0x0000, 0x0000, 0x0000,
  0x0000, 0x0000, 0x0000, 0x0000, 0x0000, 0x0000, 0x0000, 0x0000, 0x0000, 0x0000, 0x0000, 0x0000, 0x0000, 0x0000, 0x0000, 0x0000,
  0x0000, 0x0000, 0x0000, 0x0000, 0x0000, 0x0000, 0x0000, 0x0000, 0x0000, 0x0000, 0x0000, 0x0000, 0x0000, 0x0000, 0x0000, 0x0000,
  0x0000, 0x0000, 0x0000, 0x0000, 0x0000, 0x0000, 0x0000, 0x0000, 0x0000, 0x0000, 0x0000, 0x0000, 0x0000, 0x0000, 0x0000, 0x0000,
  0x0000, 0x0000, 0x0000, 0x0000, 0x0000, 0x0000, 0x0000, 0x0000, 0x0000, 0x0000, 0x0000, 0x0000, 0x0000, 0x0000, 0x0000, 0x0000,
  0x0000, 0x0000, 0x0000, 0x0000, 0x0000, 0x0000, 0x0000, 0x0000, 0x0000, 0x0000, 0x0000, 0x0000, 0x0000, 0x0000, 0x0000, 0x0000,
  0x0000, 0x0000, 0x0000, 0x0000, 0x0000, 0x0000, 0x0000, 0x0000, 0x0000, 0x0000, 0x0000, 0x0000, 0x0000, 0x0000, 0x0000, 0x0000,
  0x0000, 0x0000, 0x0000, 0x0000, 0x0000, 0x0000, 0x0000, 0x0000, 0x0000, 0x0000, 0x0000, 0x0000, 0x0000, 0x0000, 0x0000, 0x0000,
  0x0000, 0x0000, 0x0000, 0x0000, 0x0000, 0x0000, 0x0000, 0x0000, 0x0000, 0x0000, 0x0000, 0x0000, 0x0000, 0x0000, 0x0000, 0x0000,
  0x0000, 0x0000, 0x0000, 0x0000, 0x0000, 0x0000, 0x0000, 0x0000, 0x0000, 0x0000, 0x0000, 0x0000, 0x0000, 0x0000, 0x0000, 0x0000,
  0x0000, 0x0000, 0x0000, 0x0000, 0x0000, 0x0000, 0x0000, 0x0000, 0x0000, 0x0000, 0x0000, 0x0000, 0x0000, 0x0000, 0x0000, 0x0000,
  0x0000, 0x0000, 0x0000, 0x0000, 0x0000, 0x0000, 0x0000, 0x0000, 0x0000, 0x0000, 0x0000, 0x0000, 0x0000, 0x0000, 0x0000, 0x0000,
  0x0000, 0x0000, 0x0000, 0x0000, 0x0000, 0x0000, 0x0000, 0x0000, 0x0000, 0x0000, 0x0000, 0x0000, 0x0000, 0x0000, 0x0000, 0x0000,
  0x0000, 0x0000, 0x0000, 0x0000, 0x0000, 0x0000, 0x0000, 0x0000, 0x0000, 0x0000, 0x0000, 0x0000, 0x0000, 0x0000, 0x0000, 0x0000,
  0x0000, 0x0000, 0x0000, 0x0000, 0x0000, 0x0000, 0x0000, 0x0000, 0x0000, 0x0000, 0x0000, 0x0000, 0x0000, 0x0000, 0x0000, 0x0000,
  0x0000, 0x0000, 0x0000, 0x0000, 0x0000, 0x0000, 0x0000, 0x0000, 0x0000, 0x0000, 0x0000, 0x0000, 0x0000, 0x0000, 0x0000, 0x0000,
  0x0000, 0x0000, 0x0000, 0x0000, 0x0000, 0x0000, 0x0000, 0x0000, 0x0000, 0x0000, 0x0000, 0x0000, 0x0000, 0x0000, 0x0000, 0x0000,
  0x0000, 0x0000, 0x0000, 0x0000, 0x0000, 0x0000, 0x0000, 0x0000, 0x0000, 0x0000, 0x0000, 0x0000, 0x0000, 0x0000, 0x0000, 0x0000,
  0x0000, 0x0000, 0x0000, 0x0000, 0x0000, 0x0000, 0x0000, 0x0000, 0x0000, 0x0000, 0x0000, 0x0000, 0x0000, 0x0000, 0x0000, 0x0000,
  0x0000, 0x0000, 0x0000, 0x0000, 0x0000, 0x0000, 0x0000, 0x0000, 0x0000, 0x0000, 0x0000, 0x0000, 0x0000, 0x0000, 0x0000, 0x0000,
  0x0000, 0x0000, 0x0000, 0x0000, 0x0000, 0x0000, 0x0000, 0x0000, 0x0000, 0x0000, 0x0000, 0x0000, 0x0000, 0x0000, 0x0000, 0x0000,
  0x0000, 0x0000, 0x0000, 0x0000, 0x0000, 0x0000, 0x0000, 0x0000, 0x0000, 0x0000, 0x0000, 0x0000, 0x0000, 0x0000, 0x0000, 0x0000,
  0x0000, 0x0000, 0x0000, 0x0000, 0x0000, 0x0000, 0x0000, 0x0000, 0x0000, 0x0000, 0x0000, 0x0000, 0x0000, 0x0000, 0x0000, 0x0000,
  0x0000, 0x0000, 0x0000, 0x0000, 0x0000, 0x0000, 0x0000, 0x0000, 0x0000, 0x0000, 0x0000, 0x0000, 0x0000, 0x0000, 0x0000, 0x0000,
  0x0000, 0x0000, 0x0000, 0x0000, 0x0000, 0x0000, 0x0000, 0x0000, 0x0000, 0x0000, 0x0000, 0x0000, 0x0000, 0x0000, 0x0000, 0x0000,
  0x0000, 0x0000, 0x0000, 0x0000, 0x0000, 0x0000, 0x0000, 0x0000, 0x0000, 0x0000, 0x0000, 0x0000, 0x0000, 0x0000, 0x0000, 0x0000,
  0x0000, 0x0000, 0x0000, 0x0000, 0x0000, 0x0000, 0x0000, 0x0000, 0x0000, 0x0000, 0x0000, 0x0000, 0x0000, 0x0000, 0x0000, 0x0000,
  0x0000, 0x0000, 0x0000, 0x0000, 0x0000, 0x0000, 0x0000, 0x0000, 0x0000, 0x0000, 0x0000, 0x0000, 0x0000, 0x0000, 0x0000, 0x0000,
  0x0000, 0x0000, 0x0000, 0x0000, 0x0000, 0x0000, 0x0000, 0x0000, 0x0000, 0x0000, 0x0000, 0x0000, 0x0000, 0x0000, 0x0000, 0x0000,
  0x0000, 0x0000, 0x0000, 0x0000, 0x0000, 0x0000, 0x0000, 0x0000, 0x0000, 0x0000, 0x0000, 0x0000, 0x0000, 0x0000, 0x0000, 0x0000,
  0x0000, 0x0000, 0x0000, 0x0000, 0x0000, 0x0000, 0x0000, 0x0000, 0x0000, 0x0000, 0x0000, 0x0000, 0x0000, 0x0000, 0x0000, 0x0000,
  0x0000, 0x0000, 0x0000, 0x0000, 0x0000, 0x0000, 0x0000, 0x0000, 0x0000, 0x0000, 0x0000, 0x0000, 0x0000, 0x0000, 0x0000, 0x0000,
  0x0000, 0x0000, 0x0000, 0x0000, 0x0000, 0x0000, 0x0000, 0x0000, 0x0000, 0x0000, 0x0000, 0x0000, 0x0000, 0x0000, 0x0000, 0x0000,
  0x0000, 0x0000, 0x0000, 0x0000, 0x0000, 0x0000, 0x0000, 0x0000, 0x0000, 0x0000, 0x0000, 0x0000, 0x0000, 0x0000, 0x0000, 0x0000,
  0x0000, 0x0000, 0x0000, 0x0000, 0x0000, 0x0000, 0x0000, 0x0000, 0x0000, 0x0000, 0x0000, 0x0000, 0x0000, 0x0000, 0x0000, 0x0000,
  0x0000, 0x0000, 0x0000, 0x0000, 0x0000, 0x0000, 0x0000, 0x0000, 0x0000, 0x0000, 0x0000, 0x0000, 0x0000, 0x0000, 0x0000, 0x0000,
  0x0000, 0x0000, 0x0000, 0x0000, 0x0000, 0x0000, 0x0000, 0x0000, 0x0000, 0x0000, 0x0000, 0x0000, 0x0000, 0x0000, 0x0000, 0x0000,
  0x0000, 0x0000, 0x0000, 0x0000, 0x0000, 0x0000, 0x0000, 0x0000, 0x0000, 0x0000, 0x0000, 0x0000, 0x0000, 0x0000, 0x0000, 0x0000,
  0x0000, 0x0000, 0x0000, 0x0000, 0x0000, 0x0000, 0x0000, 0x0000, 0x0000, 0x0000, 0x0000, 0x0000, 0x0000, 0x0000, 0x0000, 0x0000,
  0x0000, 0x0000, 0x0000, 0x0000, 0x0000, 0x0000, 0x0000, 0x0000, 0x0000, 0x0000, 0x0000, 0x0000, 0x0000, 0x0000, 0x0000, 0x0000,
  0x0000, 0x0000, 0x0000, 0x0000, 0x0000, 0x0000, 0x0000, 0x0000, 0x0000, 0x0000, 0x0000, 0x0000, 0x0000, 0x0000, 0x0000, 0x0000,
  0x0000, 0x0000, 0x0000, 0x0000, 0x0000, 0x0000, 0x0000, 0x0000, 0x0000, 0x0000, 0x0000, 0x0000, 0x0000, 0x0000, 0x0000, 0x0000,
  0x0000, 0x0000, 0x0000, 0x0000, 0x0000, 0x0000, 0x0000, 0x0000, 0x0000, 0x0000, 0x0000, 0x0000, 0x0000, 0x0000, 0x0000, 0x0000,
  0x0000, 0x0000, 0x0000, 0x0000, 0x0000, 0x0000, 0x0000, 0x0000, 0x0000, 0x0000, 0x0000, 0x0000, 0x0000, 0x0000, 0x0000, 0x0000,
  0x0000, 0x0000, 0x0000, 0x0000, 0x0000, 0x0000, 0x0000, 0x0000, 0x0000, 0x0000, 0x0000, 0x0000, 0x0000, 0x0000, 0x0000, 0x0000,
  0x0000, 0x0000, 0x0000, 0x0000, 0x0000, 0x0000, 0x0000, 0x0000, 0x0000, 0x0000, 0x0000, 0x0000, 0x0000, 0x0000, 0x0000, 0x0000,
  0x0000, 0x0000, 0x0000, 0x0000, 0x0000, 0x0000, 0x0000, 0x0000, 0x0000, 0x0000, 0x0000, 0x0000, 0x0000, 0x0000, 0x0000, 0x0000,
  0x0000, 0x0000, 0x0000, 0x0000, 0x0000, 0x0000, 0x0000, 0x0000, 0x0000, 0x0000, 0x0000, 0x0000, 0x0000, 0x0000, 0x0000, 0x0000,
  0x0000, 0x0000, 0x0000, 0x0000, 0x0000, 0x0000, 0x0000, 0x0000, 0x0000, 0x0000, 0x0000, 0x0000, 0x0000, 0x0000, 0x0000, 0x0000,
  0x0000, 0x0000, 0x0000, 0x0000, 0x0000, 0x0000, 0x0000, 0x0000, 0x0000, 0x0000, 0x0000, 0x0000, 0x0000, 0x0000, 0x0000, 0x0000,
  0x0000, 0x0000, 0x0000, 0x0000, 0x0000, 0x0000, 0x0000, 0x0000, 0x0000, 0x0000, 0x0000, 0x0000, 0x0000, 0x0000, 0x0000, 0x0000,
  0x0000, 0x0000, 0x0000, 0x0000, 0x0000, 0x0000, 0x0000, 0x0000, 0x0000, 0x0000, 0x0000, 0x0000, 0x0000, 0x0000, 0x0000, 0x0000,
  0x0000, 0x0000, 0x0000, 0x0000, 0x0000, 0x0000, 0x0000, 0x0000, 0x0000, 0x0000, 0x0000, 0x0000, 0x0000, 0x0000, 0x0000, 0x0000,
  0x0000, 0x0000, 0x0000, 0x0000, 0x0000, 0x0000, 0x0000, 0x0000, 0x0000, 0x0000, 0x0000, 0x0000, 0x0000, 0x0000, 0x0000, 0x0000,
  0x0000, 0x0000, 0x0000, 0x0000, 0x0000, 0x0000, 0x0000, 0x0000, 0x0000, 0x0000, 0x0000, 0x0000, 0x0000, 0x0000, 0x0000, 0x0000,
  0x0000, 0x0000, 0x0000, 0x0000, 0x0000, 0x0000, 0x0000, 0x0000, 0x0000, 0x0000, 0x0000, 0x0000, 0x0000, 0x0000, 0x0000, 0x0000,
  0x0000, 0x0000, 0x0000, 0x0000, 0x0000, 0x0000, 0x0000, 0x0000, 0x0000, 0x0000, 0x0000, 0x0000, 0x0000, 0x0000, 0x0000, 0x0000,
  0x0000, 0x0000, 0x0000, 0x0000, 0x0000, 0x0000, 0x0000, 0x0000, 0x0000, 0x0000, 0x0000, 0x0000, 0x0000, 0x0000, 0x0000, 0x0000,
  0x0000, 0x0000, 0x0000, 0x0000, 0x0000, 0x0000, 0x0000, 0x0000, 0x0000, 0x0000, 0x0000, 0x0000, 0x0000, 0x0000, 0x0000, 0x0000,
  0x0000, 0x0000, 0x0000, 0x0000, 0x0000, 0x0000, 0x0000, 0x0000, 0x0000, 0x0000, 0x0000, 0x0000, 0x0000, 0x0000, 0x0000, 0x0000,
  0x0000, 0x0000, 0x0000, 0x0000, 0x0000, 0x0000, 0x0000, 0x0000, 0x0000, 0x0000, 0x0000, 0x0000, 0x0000, 0x0000, 0x0000, 0x0000,
  0x0000, 0x0000, 0x0000, 0x0000, 0x0000, 0x0000, 0x0000, 0x0000, 0x0000, 0x0000, 0x0000, 0x0000, 0x0000, 0x0000, 0x0000, 0x0000,
  0x0000, 0x0000, 0x0000, 0x0000, 0x0000, 0x0000, 0x0000, 0x0000, 0x0000, 0x0000, 0x0000, 0x0000, 0x0000, 0x0000, 0x0000, 0x0000,
  0x0000, 0x0000, 0x0000, 0x0000, 0x0000, 0x0000, 0x0000, 0x0000, 0x0000, 0x0000, 0x0000, 0x0000, 0x0000, 0x0000, 0x0000, 0x0000,
  0x0000, 0x0000, 0x0000, 0x0000, 0x0000, 0x0000, 0x0000, 0x0000, 0x0000, 0x0000, 0x0000, 0x0000, 0x0000, 0x0000, 0x0000, 0x0000,
  0x0000, 0x0000, 0x0000, 0x0000, 0x0000, 0x0000, 0x0000, 0x0000, 0x0000, 0x0000, 0x0000, 0x0000, 0x0000, 0x0000, 0x0000, 0x0000,
  0x0000, 0x0000, 0x0000, 0x0000, 0x0000, 0x0000, 0x0000, 0x0000, 0x0000, 0x0000, 0x0000, 0x0000, 0x0000, 0x0000, 0x0000, 0x0000,
  0x0000, 0x0000, 0x0000, 0x0000, 0x0000, 0x0000, 0x0000, 0x0000, 0x0000, 0x0000, 0x0000, 0x0000, 0x0000, 0x0000, 0x0000, 0x0000,
  0x0000, 0x0000, 0x0000, 0x0000, 0x0000, 0x0000, 0x0000, 0x0000, 0x0000, 0x0000, 0x0000, 0x0000, 0x0000, 0x0000, 0x0000, 0x0000,
  0x0000, 0x0000, 0x0000, 0x0000, 0x0000, 0x0000, 0x0000, 0x0000, 0x0000, 0x0000, 0x0000, 0x0000, 0x0000, 0x0000, 0x0000, 0x0000,
  0x0000, 0x0000, 0x0000, 0x0000, 0x0000, 0x0000, 0x0000, 0x0000, 0x0000, 0x0000, 0x0000, 0x0000, 0x0000, 0x0000, 0x0000, 0x0000,
  0x0000, 0x0000, 0x0000, 0x0000, 0x0000, 0x0000, 0x0000, 0x0000, 0x0000, 0x0000, 0x0000, 0x0000, 0x0000, 0x0000, 0x0000, 0x0000,
  0x0000, 0x0000, 0x0000, 0x0000, 0x0000, 0x0000, 0x0000, 0x0000, 0x0000, 0x0000, 0x0000, 0x0000, 0x0000, 0x0000, 0x0000, 0x0000,
  0x0000, 0x0000, 0x0000, 0x0000, 0x0000, 0x0000, 0x0000, 0x0000, 0x0000, 0x0000, 0x0000, 0x0000, 0x0000, 0x0000, 0x0000, 0x0000,
  0x0000, 0x0000, 0x0000, 0x0000, 0x0000, 0x0000, 0x0000, 0x0000, 0x0000, 0x0000, 0x0000, 0x0000, 0x0000, 0x0000, 0x0000, 0x0000,
  0x0000, 0x0000, 0x0000, 0x0000, 0x0000, 0x0000, 0x0000, 0x0000, 0x0000, 0x0000, 0x0000, 0x0000, 0x0000, 0x0000, 0x0000, 0x0000,
  0x0000, 0x0000, 0x0000, 0x0000, 0x0000, 0x0000, 0x0000, 0x0000, 0x0000, 0x0000, 0x0000, 0x0000, 0x0000, 0x0000, 0x0000, 0x0000,
  0x0000, 0x0000, 0x0000, 0x0000, 0x0000, 0x0000, 0x0000, 0x0000, 0x0000, 0x0000, 0x0000, 0x0000, 0x0000, 0x0000, 0x0000, 0x0000,
  0x0000, 0x0000, 0x0000, 0x0000, 0x0000, 0x0000, 0x0000, 0x0000, 0x0000, 0x0000, 0x0000, 0x0000, 0x0000, 0x0000, 0x0000, 0x0000,
  0x0000, 0x0000, 0x0000, 0x0000, 0x0000, 0x0000, 0x0000, 0x0000, 0x0000, 0x0000, 0x0000, 0x0000, 0x0000, 0x0000, 0x0000, 0x0000,
  0x0000, 0x0000, 0x0000, 0x0000, 0x0000, 0x0000, 0x0000, 0x0000, 0x0000, 0x0000, 0x0000, 0x0000, 0x0000, 0x0000, 0x0000, 0x0000,
  0x0000, 0x0000, 0x0000, 0x0000, 0x0000, 0x0000, 0x0000, 0x0000, 0x0000, 0x0000, 0x0000, 0x0000, 0x0000, 0x0000, 0x0000, 0x0000,
  0x0000, 0x0000, 0x0000, 0x0000, 0x0000, 0x0000, 0x0000, 0x0000, 0x0000, 0x0000, 0x0000, 0x0000, 0x0000, 0x0000, 0x0000, 0x0000,
  0x0000, 0x0000, 0x0000, 0x0000, 0x0000, 0x0000, 0x0000, 0x0000, 0x0000, 0x0000, 0x0000, 0x0000, 0x0000, 0x0000, 0x0000, 0x0000,
  0x0000, 0x0000, 0x0000, 0x0000, 0x0000, 0x0000, 0x0000, 0x0000, 0x0000, 0x0000, 0x0000, 0x0000, 0x0000, 0x0000, 0x0000, 0x0000,
  0x0000, 0x0000, 0x0000, 0x0000, 0x0000, 0x0000, 0x0000, 0x0000, 0x0000, 0x0000, 0x0000, 0x0000, 0x0000, 0x0000, 0x0000, 0x0000,
  0x0000, 0x0000, 0x0000, 0x0000, 0x0000, 0x0000, 0x0000, 0x0000, 0x0000, 0x0000, 0x0000, 0x0000, 0x0000, 0x0000, 0x0000, 0x0000,
  0x0000, 0x0000, 0x0000, 0x0000, 0x0000, 0x0000, 0x0000, 0x0000, 0x0000, 0x0000, 0x0000, 0x0000, 0x0000, 0x0000, 0x0000, 0x0000,
  0x0000, 0x0000, 0x0000, 0x0000, 0x0000, 0x0000, 0x0000, 0x0000, 0x0000, 0x0000, 0x0000, 0x0000, 0x0000, 0x0000, 0x0000, 0x0000,
  0x0000, 0x0000, 0x0000, 0x0000, 0x0000, 0x0000, 0x0000, 0x0000, 0x0000, 0x0000, 0x0000, 0x0000, 0x0000, 0x0000, 0x0000, 0x0000,
  0x0000, 0x0000, 0x0000, 0x0000, 0x0000, 0x0000, 0x0000, 0x0000, 0x0000, 0x0000, 0x0000, 0x0000, 0x0000, 0x0000, 0x0000, 0x0000,
  0x0000, 0x0000, 0x0000, 0x0000, 0x0000, 0x0000, 0x0000, 0x0000, 0x0000, 0x0000, 0x0000, 0x0000, 0x0000, 0x0000, 0x0000, 0x0000,
  0x0000, 0x0000, 0x0000, 0x0000, 0x0000, 0x0000, 0x0000, 0x0000, 0x0000, 0x0000, 0x0000, 0x0000, 0x0000, 0x0000, 0x0000, 0x0000,
  0x0000, 0x0000, 0x0000, 0x0000, 0x0000, 0x0000, 0x0000, 0x0000, 0x0000, 0x0000, 0x0000, 0x0000, 0x0000, 0x0000, 0x0000, 0x0000,
  0x0000, 0x0000, 0x0000, 0x0000, 0x0000, 0x0000, 0x0000, 0x0000, 0x0000, 0x0000, 0x0000, 0x0000, 0x0000, 0x0000, 0x0000, 0x0000,
  0x0000, 0x0000, 0x0000, 0x0000, 0x0000, 0x0000, 0x0000, 0x0000, 0x0000, 0x0000, 0x0000, 0x0000, 0x0000, 0x0000, 0x0000, 0x0000,
  0x0000, 0x0000, 0x0000, 0x0000, 0x0000, 0x0000, 0x0000, 0x0000, 0x0000, 0x0000, 0x0000, 0x0000, 0x0000, 0x0000, 0x0000, 0x0000,
  0x0000, 0x0000, 0x0000, 0x0000, 0x0000, 0x0000, 0x0000, 0x0000, 0x0000, 0x0000, 0x0000, 0x0000, 0x0000, 0x0000, 0x0000, 0x0000,
  0x0000, 0x0000, 0x0000, 0x0000, 0x0000, 0x0000, 0x0000, 0x0000, 0x0000, 0x0000, 0x0000, 0x0000, 0x0000, 0x0000, 0x0000, 0x0000,
  0x0000, 0x0000, 0x0000, 0x0000, 0x0000, 0x0000, 0x0000, 0x0000, 0x0000, 0x0000, 0x0000, 0x0000, 0x0000, 0x0000, 0x0000, 0x0000,
  0x0000, 0x0000, 0x0000, 0x0000, 0x0000, 0x0000, 0x0000, 0x0000, 0x0000, 0x0000, 0x0000, 0x0000, 0x0000, 0x0000, 0x0000, 0x0000,
  0x0000, 0x0000, 0x0000, 0x0000, 0x0000, 0x0000, 0x0000, 0x0000, 0x0000, 0x0000, 0x0000, 0x0000, 0x0000, 0x0000, 0x0000, 0x0000,
  0x0000, 0x0000, 0x0000, 0x0000, 0x0000, 0x0000, 0x0000, 0x0000, 0x0000, 0x0000, 0x0000, 0x0000, 0x0000, 0x0000, 0x0000, 0x0000,
  0x0000, 0x0000, 0x0000, 0x0000, 0x0000, 0x0000, 0x0000, 0x0000, 0x0000, 0x0000, 0x0000, 0x0000, 0x0000, 0x0000, 0x0000, 0x0000,
  0x0000, 0x0000, 0x0000, 0x0000, 0x0000, 0x0000, 0x0000, 0x0000, 0x0000, 0x0000, 0x0000, 0x0000, 0x0000, 0x0000, 0x0000, 0x0000,
  0x0000, 0x0000, 0x0000, 0x0000, 0x0000, 0x0000, 0x0000, 0x0000, 0x0000, 0x0000, 0x0000, 0x0000, 0x0000, 0x0000, 0x0000, 0x0000,
  0x0000, 0x0000, 0x0000, 0x0000, 0x0020, 0x0020, 0x0020, 0x0020, 0x0020, 0x0020, 0x0020, 0x0020, 0x0020, 0x0020, 0x0020, 0x0020,
  0x0020, 0x0020, 0x0020, 0x0020, 0x0020, 0x0000, 0x0000, 0x0000, 0x0000, 0x0000, 0x0000, 0x0000, 0x0000, 0x0000, 0x0000, 0x0000,
  0x0000, 0x0000, 0x0000, 0x0000, 0x0000, 0x0000, 0x0000, 0x0000, 0x0000, 0x0000, 0x0000, 0x0000, 0x0000, 0x0000, 0x0000, 0x0000,
  0x0000, 0x0000, 0x0000, 0x0000, 0x0000, 0x0000, 0x0000, 0x0020, 0x0000, 0x0000, 0x0000, 0x0000, 0x0000, 0x0000, 0x0000, 0x0020,
  0x0020, 0x0000, 0x0000, 0x0000, 0x0000, 0x0000, 0x0000, 0x0000, 0x0000, 0x0000, 0x0000, 0x0000, 0x0000, 0x0000, 0x0000, 0x0000,
  0x0000, 0x0000, 0x0000, 0x0000, 0x0000, 0x0000, 0x0000, 0x0000, 0x0000, 0x0000, 0x0000, 0x0000, 0x0000, 0x0000, 0x0020, 0x0020,
  0x0020, 0x0000, 0x0000, 0x0000, 0x0000, 0x0000, 0x0000, 0x0000, 0x0000, 0x0000, 0x0000, 0x0000, 0x0000, 0x0000, 0x0000, 0x0000,
  0x0000, 0x0000, 0x0000, 0x0000, 0x0000, 0x0000, 0x0000, 0x0000, 0x0000, 0x0000, 0x0000, 0x0000, 0x0000, 0x0000, 0x0000, 0x0000,
  0x0000, 0x0000, 0x0000, 0x0000, 0x0000, 0x0000, 0x0000, 0x0000, 0x0000, 0x0000, 0x0000, 0x0000, 0x0000, 0x0000, 0x0000, 0x0000,
  0x0000, 0x0000, 0x0000, 0x0000, 0x0000, 0x0000, 0x0000, 0x0000, 0x0000, 0x0000, 0x0000, 0x0000, 0x0000, 0x0000, 0x0000, 0x0000,
  0x0000, 0x0000, 0x0000, 0x0000, 0x0000, 0x0000, 0x0000, 0x0000, 0x0000, 0x0000, 0x0000, 0x0000, 0x0000, 0x0000, 0x0000, 0x0000,
  0x0000, 0x0000, 0x0000, 0x0000, 0x0000, 0x0000, 0x0000, 0x0000, 0x0000, 0x0000, 0x0000, 0x0000, 0x0000, 0x0000, 0x0000, 0x0000,
  0x0000, 0x0000, 0x0000, 0x0000, 0x0000, 0x0000, 0x0000, 0x0000, 0x0000, 0x0000, 0x0000, 0x0000, 0x0000, 0x0000, 0x0000, 0x0000,
  0x0000, 0x0000, 0x0000, 0x0000, 0x0000, 0x0000, 0x0000, 0x0000, 0x0000, 0x0000, 0x0000, 0x0000, 0x0000, 0x0000, 0x0000, 0x0000,
  0x0000, 0x0000, 0x0000, 0x0000, 0x0000, 0x0000, 0x0000, 0x0000, 0x0000, 0x0000, 0x0000, 0x0000, 0x0000, 0x0000, 0x0000, 0x0000,
  0x0000, 0x0000, 0x0000, 0x0000, 0x0000, 0x0000, 0x0000, 0x0000, 0x0000, 0x0000, 0x0000, 0x0000, 0x0000, 0x0000, 0x0000, 0x0000,
  0x0000, 0x0000, 0x0000, 0x0000, 0x0000, 0x0000, 0x0000, 0x0000, 0x0000, 0x0000, 0x0000, 0x0000, 0x0000, 0x0000, 0x0000, 0x0000,
  0x0000, 0x0000, 0x0000, 0x0000, 0x0000, 0x0000, 0x0000, 0x0000, 0x0000, 0x0000, 0x0000, 0x0000, 0x0000, 0x0000, 0x0000, 0x0000,
  0x0000, 0x0000, 0x0000, 0x0000, 0x0000, 0x0000, 0x0000, 0x0000, 0x0000, 0x0000, 0x0000, 0x0000, 0x0000, 0x0000, 0x0000, 0x0000,
  0x0000, 0x0000, 0x0000, 0x0000, 0x0000, 0x0000, 0x0000, 0x0000, 0x0000, 0x0000, 0x0000, 0x0000, 0x0000, 0x0000, 0x0000, 0x0000,
  0x0000, 0x0000, 0x0000, 0x0000, 0x0000, 0x0000, 0x0000, 0x0000, 0x0000, 0x0000, 0x0000, 0x0000, 0x0000, 0x0000, 0x0000, 0x0000,
  0x0000, 0x0000, 0x0000, 0x0000, 0x0000, 0x0000, 0x0000, 0x0000, 0x0000, 0x0000, 0x0000, 0x0000, 0x0000, 0x0000, 0x0000, 0x0000,
  0x0000, 0x0000, 0x0000, 0x0000, 0x0000, 0x0000, 0x0000, 0x0000, 0x0000, 0x0000, 0x0000, 0x0000, 0x0000, 0x0000, 0x0000, 0x0000,
  0x0000, 0x0000, 0x0000, 0x0000, 0x0000, 0x0000, 0x0000, 0x0000, 0x0000, 0x0020, 0x0040, 0x0040, 0x0040, 0x0000, 0x0000, 0x0000,
  0x0000, 0x0000, 0x0000, 0x0000, 0x0000, 0x0000, 0x0000, 0x0000, 0x0000, 0x0000, 0x0000, 0x0000, 0x0000, 0x0000, 0x0000, 0x0000,
  0x0000, 0x0000, 0x0000, 0x0000, 0x0000, 0x0000, 0x0000, 0x0000, 0x0000, 0x0000, 0x0000, 0x0000, 0x0000, 0x0000, 0x0000, 0x0000,
  0x0000, 0x0000, 0x0000, 0x0000, 0x0000, 0x0000, 0x0000, 0x0000, 0x0000, 0x0000, 0x0000, 0x0000, 0x0000, 0x0000, 0x0000, 0x0000,
  0x0000, 0x0000, 0x0000, 0x0000, 0x0000, 0x0000, 0x0000, 0x0000, 0x0000, 0x0000, 0x0000, 0x0000, 0x0000, 0x0000, 0x0000, 0x0000,
  0x0000, 0x0000, 0x0000, 0x0000, 0x0000, 0x0000, 0x0000, 0x0000, 0x0000, 0x0000, 0x0000, 0x0000, 0x0000, 0x0000, 0x0000, 0x0000,
  0x0000, 0x0000, 0x0000, 0x0000, 0x0000, 0x0000, 0x0000, 0x0000, 0x0000, 0x0000, 0x0000, 0x0000, 0x0000, 0x0000, 0x0000, 0x0000,
  0x0000, 0x0000, 0x0000, 0x0000, 0x0000, 0x0000, 0x0000, 0x0000, 0x0000, 0x0000, 0x0000, 0x0000, 0x0000, 0x0000, 0x0000, 0x0000,
  0x0000, 0x0000, 0x0000, 0x0000, 0x0000, 0x0000, 0x0000, 0x0000, 0x0000, 0x0000, 0x0000, 0x0000, 0x0000, 0x0000, 0x0000, 0x0000,
  0x0000, 0x0000, 0x0000, 0x0000, 0x0000, 0x0000, 0x0000, 0x0000, 0x0000, 0x0000, 0x0000, 0x0000, 0x0000, 0x0000, 0x0000, 0x0000,
  0x0000, 0x0000, 0x0000, 0x0000, 0x0000, 0x0000, 0x0000, 0x0000, 0x0000, 0x0000, 0x0000, 0x0000, 0x0000, 0x0000, 0x0000, 0x0000,
  0x0000, 0x0000, 0x0000, 0x0000, 0x0000, 0x0000, 0x0000, 0x0000, 0x0000, 0x0000, 0x0000, 0x0000, 0x0000, 0x0000, 0x0000, 0x0000,
  0x0000, 0x0000, 0x0000, 0x0000, 0x0000, 0x0000, 0x0000, 0x0000, 0x0000, 0x0000, 0x0000, 0x0000, 0x0000, 0x0000, 0x0000, 0x0000,
  0x0000, 0x0000, 0x0000, 0x0000, 0x0000, 0x0000, 0x0000, 0x0000, 0x0000, 0x0000, 0x0000, 0x0000, 0x0000, 0x0000, 0x0000, 0x0000,
  0x0000, 0x0000, 0x0000, 0x0000, 0x0000, 0x0000, 0x0000, 0x0000, 0x0000, 0x0000, 0x0000, 0x0000, 0x0000, 0x0000, 0x0000, 0x0000,
  0x0000, 0x0000, 0x0000, 0x0000, 0x0000, 0x0000, 0x0000, 0x0000, 0x0000, 0x0000, 0x0000, 0x0000, 0x0000, 0x0000, 0x0000, 0x0000,
  0x0000, 0x0000, 0x0000, 0x0000, 0x0000, 0x0000, 0x0000, 0x0000, 0x0000, 0x0000, 0x0000, 0x0000, 0x0000, 0x0000, 0x0000, 0x0000,
  0x0000, 0x0000, 0x0000, 0x4228, 0x8430, 0x8C51, 0x8C51, 0x8C51, 0x8C51, 0x8C51, 0x8C51, 0x8C51, 0x8C51, 0x8C51, 0x8C51, 0x8C51,
  0x8C51, 0x8C51, 0x8C51, 0x8C71, 0x8C50, 0x2965, 0x0000, 0x0000, 0x0000, 0x0000, 0x0000, 0x0000, 0x0000, 0x0000, 0x0000, 0x0000,
  0x0000, 0x0000, 0x0000, 0x0000, 0x0000, 0x0000, 0x0000, 0x0000, 0x0000, 0x0000, 0x0000, 0x0000, 0x0000, 0x0000, 0x0000, 0x0000,
  0x0000, 0x0000, 0x0000, 0x0000, 0x0000, 0x31C6, 0x6B4D, 0x8C31, 0x836F, 0xBD35, 0xC536, 0xBD36, 0xC536, 0xACD4, 0x838F, 0x9451,
  0x73AE, 0x4248, 0x0020, 0x0000, 0x0020, 0x0000, 0x0000, 0x0000, 0x0000, 0x0000, 0x0000, 0x0000, 0x0000, 0x0000, 0x0000, 0x0000,
  0x0000, 0x0000, 0x0000, 0x0000, 0x0000, 0x0000, 0x0000, 0x0000, 0x0000, 0x0000, 0x0000, 0x0000, 0x0000, 0x0882, 0x6B6C, 0x94B2,
  0x94B2, 0x4A89, 0x0000, 0x0000, 0x0000, 0x0000, 0x0000, 0x0000, 0x0000, 0x0000, 0x0000, 0x0000, 0x0000, 0x0000, 0x0000, 0x0000,
  0x0000, 0x0000, 0x0000, 0x0000, 0x0000, 0x0000, 0x0000, 0x0000, 0x0000, 0x0000, 0x0000, 0x0000, 0x0000, 0x0000, 0x0000, 0x0000,
  0x0000, 0x0000, 0x0000, 0x0000, 0x0000, 0x0000, 0x0000, 0x0000, 0x0000, 0x0000, 0x0000, 0x0000, 0x0000, 0x0000, 0x0000, 0x0000,
  0x0000, 0x0000, 0x0000, 0x0000, 0x0000, 0x0000, 0x0000, 0x0000, 0x0000, 0x0000, 0x0000, 0x0000, 0x0000, 0x0000, 0x0000, 0x0000,
  0x0000, 0x0000, 0x0000, 0x0000, 0x0000, 0x0000, 0x0000, 0x0000, 0x0000, 0x0000, 0x0000, 0x0000, 0x0000, 0x0000, 0x0000, 0x0000,
  0x0000, 0x0000, 0x0000, 0x0000, 0x0000, 0x0000, 0x0000, 0x0000, 0x0000, 0x0000, 0x0000, 0x0000, 0x0000, 0x0000, 0x0000, 0x0000,
  0x0000, 0x0000, 0x0000, 0x0000, 0x0000, 0x0000, 0x0000, 0x0000, 0x0000, 0x0000, 0x0000, 0x0000, 0x0000, 0x0000, 0x0000, 0x0000,
  0x0000, 0x0000, 0x0000, 0x0000, 0x0000, 0x0000, 0x0000, 0x0000, 0x0000, 0x0000, 0x0000, 0x0000, 0x0000, 0x0000, 0x0000, 0x0000,
  0x0000, 0x0000, 0x0000, 0x0000, 0x0000, 0x0000, 0x0000, 0x0000, 0x0000, 0x0000, 0x0000, 0x0000, 0x0000, 0x0000, 0x0000, 0x0000,
  0x0000, 0x0000, 0x0000, 0x0000, 0x0000, 0x0000, 0x0000, 0x0000, 0x0000, 0x0000, 0x0000, 0x0000, 0x0000, 0x0000, 0x0000, 0x0000,
  0x0000, 0x0000, 0x0000, 0x0000, 0x0000, 0x0000, 0x0000, 0x0000, 0x0000, 0x0000, 0x0000, 0x0000, 0x0000, 0x0000, 0x0000, 0x0000,
  0x0000, 0x0000, 0x0000, 0x0000, 0x0000, 0x0000, 0x0000, 0x0000, 0x0000, 0x0000, 0x0000, 0x0000, 0x0000, 0x0000, 0x0000, 0x0000,
  0x0000, 0x0000, 0x0000, 0x0000, 0x0000, 0x0000, 0x0000, 0x0000, 0x0000, 0x0000, 0x0000, 0x0000, 0x0000, 0x0000, 0x0000, 0x0000,
  0x0000, 0x0000, 0x0000, 0x0000, 0x0000, 0x0000, 0x0000, 0x0000, 0x0000, 0x0000, 0x0000, 0x0000, 0x0000, 0x0000, 0x0000, 0x0000,
  0x0000, 0x0000, 0x632B, 0xF69B, 0xCC14, 0xC394, 0xC393, 0xC394, 0xC393, 0xC373, 0xC373, 0xC393, 0xCB94, 0xC394, 0xC3B4, 0xC3B4,
  0xCBB4, 0xCBB4, 0xCBB4, 0xC3B4, 0xD4F6, 0xFF3C, 0x7BCE, 0x0000, 0x0000, 0x0000, 0x0000, 0x0000, 0x0000, 0x0000, 0x0000, 0x0000,
  0x0000, 0x0000, 0x0000, 0x0000, 0x0000, 0x0000, 0x0000, 0x0000, 0x0000, 0x0000, 0x0000, 0x0000, 0x0000, 0x0000, 0x0000, 0x0000,
  0x0000, 0x0000, 0x0000, 0x4248, 0xBDB6, 0xE5F9, 0xCC55, 0xBB33, 0xBA91, 0xB210, 0xB1F0, 0xB1F0, 0xB1F0, 0xB230, 0xBAB2, 0xC353,
  0xD4B6, 0xF6BB, 0xBDF6, 0x39C7, 0x0000, 0x0000, 0x0000, 0x0000, 0x0000, 0x0000, 0x0000, 0x0000, 0x0000, 0x0000, 0x0000, 0x0000,
  0x0000, 0x0000, 0x0000, 0x0000, 0x0000, 0x0000, 0x0000, 0x0000, 0x0000, 0x0000, 0x0000, 0x0000, 0x736D, 0xD638, 0xDD98, 0xDCB6,
  0xD4B6, 0xD577, 0xB575, 0x5ACA, 0x0000, 0x0000, 0x0000, 0x0000, 0x0000, 0x0000, 0x0000, 0x0000, 0x0000, 0x0000, 0x0000, 0x0000,
  0x0000, 0x0000, 0x0000, 0x0000, 0x0000, 0x0000, 0x0000, 0x0000, 0x0000, 0x0000, 0x0000, 0x0000, 0x0000, 0x0000, 0x0000, 0x0000,
  0x0000, 0x0000, 0x0000, 0x0000, 0x0000, 0x0000, 0x0000, 0x0000, 0x0000, 0x0000, 0x0000, 0x0000, 0x0000, 0x0000, 0x0000, 0x0000,
  0x0000, 0x0000, 0x0000, 0x0000, 0x0000, 0x0000, 0x0000, 0x0000, 0x0000, 0x0000, 0x0000, 0x0000, 0x0000, 0x0000, 0x0000, 0x0000,
  0x0000, 0x0000, 0x0000, 0x0000, 0x0000, 0x0000, 0x0000, 0x0000, 0x0000, 0x0000, 0x0000, 0x0000, 0x0000, 0x0000, 0x0000, 0x0000,
  0x0000, 0x0000, 0x0000, 0x0000, 0x0000, 0x0000, 0x0000, 0x0000, 0x0000, 0x0000, 0x0000, 0x0000, 0x0000, 0x0000, 0x0000, 0x0000,
  0x0000, 0x0000, 0x0000, 0x0000, 0x0000, 0x0000, 0x0000, 0x0000, 0x0000, 0x0000, 0x0000, 0x0000, 0x0000, 0x0000, 0x0000, 0x0000,
  0x0000, 0x0000, 0x0000, 0x0000, 0x0000, 0x0000, 0x0000, 0x0000, 0x0000, 0x0000, 0x0000, 0x0000, 0x0000, 0x0000, 0x0000, 0x0000,
  0x0000, 0x0000, 0x0000, 0x0000, 0x0000, 0x0000, 0x0000, 0x0000, 0x0000, 0x0000, 0x0000, 0x0000, 0x0000, 0x0000, 0x0000, 0x0000,
  0x0000, 0x0000, 0x0000, 0x0000, 0x0000, 0x0000, 0x0000, 0x0000, 0x0000, 0x0000, 0x0000, 0x0000, 0x0000, 0x0000, 0x0000, 0x0000,
  0x0000, 0x0000, 0x0000, 0x0000, 0x0000, 0x0000, 0x0000, 0x0000, 0x0000, 0x0000, 0x0000, 0x0000, 0x0000, 0x0000, 0x0000, 0x0000,
  0x0000, 0x0000, 0x0000, 0x0000, 0x0000, 0x0000, 0x0000, 0x0000, 0x0000, 0x0000, 0x0000, 0x0000, 0x0000, 0x0000, 0x0000, 0x0000,
  0x0000, 0x0000, 0x0000, 0x0000, 0x0000, 0x0000, 0x0000, 0x0000, 0x0000, 0x0000, 0x0000, 0x0000, 0x0000, 0x0000, 0x0000, 0x0000,
  0x0000, 0x0000, 0x0000, 0x0000, 0x0000, 0x0000, 0x0000, 0x0000, 0x0000, 0x0000, 0x0000, 0x0000, 0x0000, 0x0000, 0x0000, 0x0000,
  0x0000, 0x0020, 0xCDF7, 0xA24F, 0xB190, 0xB9B1, 0xB9B1, 0xB9B1, 0xB9B1, 0xB991, 0xB991, 0xB990, 0xB1B1, 0xB1B1, 0xB1B0, 0xB1B0,
  0xB1B1, 0xB1B1, 0xB1B1, 0xB9D1, 0x994D, 0xCC95, 0xF7BD, 0x0020, 0x0000, 0x0000, 0x0000, 0x0000, 0x0000, 0x0000, 0x0000, 0x0000,
  0x0000, 0x0000, 0x0000, 0x0000, 0x0000, 0x0000, 0x0000, 0x0000, 0x0000, 0x0000, 0x0000, 0x0000, 0x0000, 0x0000, 0x0000, 0x0000,
  0x0000, 0x0861, 0xBDD6, 0xEE9B, 0xC373, 0xA9AF, 0xA96F, 0xB190, 0xB1D0, 0xB9F1, 0xB9F1, 0xB9F1, 0xBA12, 0xB9F1, 0xB9D1, 0xB1B0,
  0xA990, 0xA9CF, 0xCBF4, 0xE6BB, 0x9D14, 0x0841, 0x0000, 0x0000, 0x0000, 0x0000, 0x0000, 0x0000, 0x0000, 0x0000, 0x0000, 0x0000,
  0x0000, 0x0000, 0x0000, 0x0000, 0x0000, 0x0000, 0x0000, 0x0000, 0x0000, 0x0000, 0x0000, 0x39E7, 0xFF5D, 0xB2F1, 0xA16E, 0xB18F,
  0xA96F, 0x994D, 0xCC35, 0xDE9A, 0x0040, 0x0000, 0x0000, 0x0000, 0x0000, 0x0000, 0x0000, 0x0000, 0x0000, 0x0000, 0x0000, 0x0000,
  0x0000, 0x0000, 0x0000, 0x0000, 0x0000, 0x0000, 0x0000, 0x0000, 0x0000, 0x0000, 0x0000, 0x0000, 0x0000, 0x0000, 0x0000, 0x0000,
  0x0000, 0x0000, 0x0000, 0x0000, 0x0000, 0x0000, 0x0000, 0x0000, 0x0000, 0x0000, 0x0000, 0x0000, 0x0000, 0x0000, 0x0000, 0x0000,
  0x0000, 0x0000, 0x0000, 0x0000, 0x0000, 0x0000, 0x0000, 0x0000, 0x0000, 0x0000, 0x0000, 0x0000, 0x0000, 0x0000, 0x0000, 0x0000,
  0x0000, 0x0000, 0x0000, 0x0000, 0x0000, 0x0000, 0x0000, 0x0000, 0x0000, 0x0000, 0x0000, 0x0000, 0x0000, 0x0000, 0x0000, 0x0000,
  0x0000, 0x0000, 0x0000, 0x0000, 0x0000, 0x0000, 0x0000, 0x0000, 0x0000, 0x0000, 0x0000, 0x0000, 0x0000, 0x0000, 0x0000, 0x0000,
  0x0000, 0x0000, 0x0000, 0x0000, 0x0000, 0x0000, 0x0000, 0x0000, 0x0000, 0x0000, 0x0000, 0x0000, 0x0000, 0x0000, 0x0000, 0x0000,
  0x0000, 0x0000, 0x0000, 0x0000, 0x0000, 0x0000, 0x0000, 0x0000, 0x0000, 0x0000, 0x0000, 0x0000, 0x0000, 0x0000, 0x0000, 0x0000,
  0x0000, 0x0000, 0x0000, 0x0000, 0x0000, 0x0000, 0x0000, 0x0000, 0x0000, 0x0000, 0x0000, 0x0000, 0x0000, 0x0000, 0x0000, 0x0000,
  0x0000, 0x0000, 0x0000, 0x0000, 0x0000, 0x0000, 0x0000, 0x0000, 0x0000, 0x0000, 0x0000, 0x0000, 0x0000, 0x0000, 0x0000, 0x0000,
  0x0000, 0x0000, 0x0000, 0x0000, 0x0000, 0x0000, 0x0000, 0x0000, 0x0000, 0x0000, 0x0000, 0x0000, 0x0000, 0x0000, 0x0000, 0x0000,
  0x0000, 0x0000, 0x0000, 0x0000, 0x0000, 0x0000, 0x0000, 0x0000, 0x0000, 0x0000, 0x0000, 0x0000, 0x0000, 0x0000, 0x0000, 0x0000,
  0x0000, 0x0000, 0x0000, 0x0000, 0x0000, 0x0000, 0x0000, 0x0000, 0x0000, 0x0000, 0x0000, 0x0000, 0x0000, 0x0000, 0x0000, 0x0000,
  0x0000, 0x0000, 0x0000, 0x0000, 0x0000, 0x0000, 0x0000, 0x0000, 0x0000, 0x0000, 0x0000, 0x0000, 0x0000, 0x0000, 0x0000, 0x0000,
  0x0000, 0x4248, 0xD598, 0xA9CF, 0xC233, 0xC212, 0xC212, 0xC212, 0xC232, 0xC232, 0xC212, 0xC212, 0xC212, 0xC212, 0xC212, 0xC212,
  0xC212, 0xC232, 0xC232, 0xC252, 0xBA11, 0xB372, 0xEF5D, 0x18E3, 0x0000, 0x0000, 0x0000, 0x0000, 0x0000, 0x0000, 0x0000, 0x0000,
  0x0000, 0x0000, 0x0000, 0x0000, 0x0000, 0x0000, 0x0000, 0x0000, 0x0000, 0x0000, 0x0000, 0x0000, 0x0000, 0x0000, 0x0000, 0x0000,
  0x0000, 0xC637, 0xEE1A, 0xA1CE, 0xB18F, 0xC212, 0xC212, 0xBA11, 0xBA11, 0xBA11, 0xB9F1, 0xB9D1, 0xB9F1, 0xC212, 0xC212, 0xC212,
  0xC212, 0xC232, 0xB1B0, 0x99EE, 0xFF7F, 0x8C92, 0x0000, 0x0000, 0x0000, 0x0000, 0x0000, 0x0000, 0x0000, 0x0000, 0x0000, 0x0000,
  0x0000, 0x0000, 0x0000, 0x0000, 0x0000, 0x0000, 0x0000, 0x0000, 0x0000, 0x0020, 0x0000, 0x62EB, 0xE578, 0x994D, 0xC232, 0xC212,
  0xB9F1, 0xB9F1, 0xA20F, 0xFF3D, 0x5ACA, 0x0000, 0x0000, 0x0000, 0x0000, 0x0000, 0x0000, 0x0000, 0x0000, 0x0000, 0x0000, 0x0000,
  0x0000, 0x0000, 0x0000, 0x0000, 0x0000, 0x0000, 0x0000, 0x0000, 0x0000, 0x0000, 0x0000, 0x0000, 0x0000, 0x0000, 0x0000, 0x0000,
  0x0000, 0x0000, 0x0000, 0x0000, 0x0000, 0x0000, 0x0000, 0x0000, 0x0000, 0x0000, 0x0000, 0x0000, 0x0000, 0x0000, 0x0000, 0x0000,
  0x0000, 0x0000, 0x0000, 0x0000, 0x0000, 0x0000, 0x0000, 0x0000, 0x0000, 0x0000, 0x0000, 0x0000, 0x0000, 0x0000, 0x0000, 0x0000,
  0x0000, 0x0000, 0x0000, 0x0000, 0x0000, 0x0000, 0x0000, 0x0000, 0x0000, 0x0000, 0x0000, 0x0000, 0x0000, 0x0000, 0x0000, 0x0000,
  0x0000, 0x0000, 0x0000, 0x0000, 0x0000, 0x0000, 0x0000, 0x0000, 0x0000, 0x0000, 0x0000, 0x0000, 0x0000, 0x0000, 0x0000, 0x0000,
  0x0000, 0x0000, 0x0000, 0x0000, 0x0000, 0x0000, 0x0020, 0x0000, 0x0000, 0x0000, 0x0000, 0x0000, 0x0000, 0x0000, 0x0000, 0x0020,
  0x0000, 0x0000, 0x0000, 0x0000, 0x0000, 0x0000, 0x0000, 0x0000, 0x0000, 0x0000, 0x0000, 0x0000, 0x0000, 0x0020, 0x0000, 0x0000,
  0x0000, 0x0000, 0x0000, 0x0000, 0x0000, 0x0000, 0x0000, 0x0020, 0x0000, 0x0000, 0x0000, 0x0000, 0x0000, 0x0000, 0x0000, 0x0000,
  0x0000, 0x0000, 0x0000, 0x0000, 0x0000, 0x0000, 0x0000, 0x0020, 0x0000, 0x0000, 0x0000, 0x0000, 0x0000, 0x0000, 0x0000, 0x0000,
  0x0020, 0x0000, 0x0000, 0x0000, 0x0000, 0x0000, 0x0000, 0x0000, 0x0000, 0x0000, 0x0000, 0x0000, 0x0000, 0x0000, 0x0000, 0x0000,
  0x0000, 0x0000, 0x0000, 0x0000, 0x0000, 0x0000, 0x0000, 0x0000, 0x0000, 0x0000, 0x0000, 0x0000, 0x0000, 0x0000, 0x0000, 0x0000,
  0x0000, 0x0000, 0x0000, 0x0000, 0x0000, 0x0000, 0x0000, 0x0000, 0x0000, 0x0000, 0x0000, 0x0000, 0x0000, 0x0000, 0x0000, 0x0000,
  0x0000, 0x0000, 0x0000, 0x0000, 0x0000, 0x0000, 0x0000, 0x0000, 0x0000, 0x0000, 0x0000, 0x0000, 0x0000, 0x0000, 0x0000, 0x0000,
  0x0000, 0xB5D7, 0xDD58, 0xA98F, 0xC232, 0xC212, 0xC1F2, 0xB9F2, 0xB9D1, 0xB190, 0xB1B0, 0xB1B0, 0xA9B0, 0xA9B0, 0xA9B0, 0xB1B0,
  0xB1B0, 0xB1B0, 0xB1D0, 0xB1D0, 0x998E, 0xDD37, 0xDEFB, 0x0000, 0x0000, 0x0000, 0x0000, 0x0000, 0x0000, 0x0000, 0x0000, 0x0000,
  0x0000, 0x0000, 0x0000, 0x0000, 0x0000, 0x0000, 0x0000, 0x0000, 0x0000, 0x0000, 0x0000, 0x0000, 0x0000, 0x0000, 0x0000, 0x0000,
  0xAD75, 0xEE3A, 0x996D, 0xC1F1, 0xC211, 0xB9F1, 0xB9F1, 0xB9F1, 0xB18F, 0xB1F0, 0xBAB2, 0xC2D2, 0xBA92, 0xB1D0, 0xB9D0, 0xB9F1,
  0xC212, 0xC232, 0xC232, 0xB1B0, 0xAAD1, 0xFFFF, 0x5ACB, 0x0000, 0x0000, 0x0000, 0x0000, 0x0000, 0x0000, 0x0000, 0x0000, 0x0000,
  0x0000, 0x0000, 0x0000, 0x0000, 0x0000, 0x0000, 0x0000, 0x0000, 0x0000, 0x0020, 0x0000, 0x5ACB, 0xE558, 0xA18F, 0xC232, 0xC212,
  0xB9F1, 0xB1F1, 0xAA30, 0xFF3E, 0x73AE, 0x0000, 0x0020, 0x0000, 0x0000, 0x0000, 0x0000, 0x0000, 0x0000, 0x0000, 0x0000, 0x0000,
  0x0020, 0x0000, 0x0000, 0x0000, 0x0000, 0x0000, 0x0000, 0x0000, 0x0000, 0x0000, 0x0000, 0x0000, 0x0000, 0x0000, 0x0000, 0x0020,
  0x0000, 0x0000, 0x0000, 0x0000, 0x0000, 0x0000, 0x0000, 0x0000, 0x0000, 0x0000, 0x0000, 0x0000, 0x0000, 0x0000, 0x0000, 0x0000,
  0x0000, 0x0000, 0x0000, 0x0000, 0x0000, 0x0000, 0x0000, 0x0000, 0x0000, 0x0000, 0x0000, 0x0000, 0x0000, 0x0000, 0x0000, 0x0000,
  0x0000, 0x0000, 0x0000, 0x0000, 0x0000, 0x0000, 0x0000, 0x0000, 0x0000, 0x0000, 0x0000, 0x0000, 0x0000, 0x0000, 0x0000, 0x0000,
  0x0000, 0x0000, 0x0000, 0x0000, 0x0000, 0x0000, 0x0000, 0x0000, 0x0000, 0x0000, 0x0000, 0x0000, 0x0000, 0x0000, 0x0000, 0x0000,
  0x0000, 0x0000, 0x0000, 0x0000, 0x0000, 0x0000, 0x0000, 0x0000, 0x0020, 0x0881, 0x0861, 0x0861, 0x0861, 0x0040, 0x0000, 0x0000,
  0x0000, 0x0000, 0x0000, 0x0000, 0x0000, 0x0000, 0x0000, 0x0000, 0x0000, 0x0000, 0x0000, 0x0000, 0x0000, 0x0000, 0x0000, 0x0841,
  0x0861, 0x0861, 0x0861, 0x0861, 0x0861, 0x0861, 0x0000, 0x0000, 0x0000, 0x0000, 0x0000, 0x0000, 0x0000, 0x0000, 0x0000, 0x0000,
  0x0000, 0x0000, 0x0000, 0x0841, 0x0861, 0x0861, 0x0000, 0x0000, 0x0000, 0x0000, 0x0000, 0x0000, 0x0861, 0x0881, 0x0881, 0x0000,
  0x0000, 0x0000, 0x0000, 0x0000, 0x0000, 0x0000, 0x0000, 0x0000, 0x0000, 0x0000, 0x0000, 0x0000, 0x0040, 0x0881, 0x0881, 0x0861,
  0x0000, 0x0000, 0x0000, 0x0000, 0x0000, 0x0000, 0x0000, 0x0000, 0x0000, 0x0000, 0x0000, 0x0000, 0x0000, 0x0000, 0x0000, 0x0000,
  0x0000, 0x0000, 0x0000, 0x0000, 0x0000, 0x0000, 0x0041, 0x0881, 0x0861, 0x0881, 0x0861, 0x0000, 0x0000, 0x0000, 0x0000, 0x0000,
  0x0000, 0x0000, 0x0000, 0x0861, 0x0881, 0x0881, 0x0861, 0x0861, 0x0000, 0x0000, 0x0000, 0x0000, 0x0000, 0x0000, 0x0000, 0x0000,
  0x0000, 0xC617, 0xCC75, 0xA990, 0xC212, 0xC212, 0xC212, 0xB1B0, 0xC354, 0xC415, 0xBBD4, 0xBBD3, 0xB3B3, 0xB3B2, 0xB3B3, 0xB3B3,
  0xBBD3, 0xBBD3, 0xBBD3, 0xB3D3, 0xC4B5, 0xCE58, 0x3A07, 0x0000, 0x0000, 0x0000, 0x0000, 0x0000, 0x0020, 0x0000, 0x0000, 0x0000,
  0x0000, 0x0861, 0x0881, 0x0881, 0x0881, 0x0861, 0x0020, 0x0000, 0x0000, 0x0000, 0x0000, 0x0000, 0x0000, 0x0000, 0x0000, 0x39C7,
  0xFFBE, 0xA24F, 0xB9D0, 0xC212, 0xC212, 0xBA11, 0xC211, 0xB1F0, 0xCBF4, 0xC536, 0x9451, 0x83AF, 0xACD4, 0xC435, 0xAA10, 0xB9F1,
  0xC212, 0xC212, 0xB9F2, 0xC232, 0xB1D0, 0xDD98, 0xCE99, 0x0000, 0x0000, 0x0000, 0x0000, 0x0000, 0x0000, 0x0000, 0x0000, 0x0000,
  0x0000, 0x0000, 0x0000, 0x0000, 0x0000, 0x0000, 0x0000, 0x0000, 0x0000, 0x0000, 0x0000, 0x5289, 0xE599, 0xA9AF, 0xC252, 0xC232,
  0xB9F1, 0xB9F1, 0xAA50, 0xFF9F, 0x634C, 0x0000, 0x0000, 0x0000, 0x0000, 0x0000, 0x0000, 0x0000, 0x0000, 0x0861, 0x0861, 0x0000,
  0x0000, 0x0000, 0x0000, 0x0000, 0x0000, 0x0000, 0x0000, 0x0000, 0x0000, 0x0000, 0x0000, 0x0000, 0x0841, 0x0861, 0x0000, 0x0000,
  0x0000, 0x0000, 0x0000, 0x0000, 0x0000, 0x0000, 0x0000, 0x0000, 0x0000, 0x0000, 0x0000, 0x0000, 0x0000, 0x0000, 0x0000, 0x0000,
  0x0000, 0x0000, 0x0000, 0x0000, 0x0000, 0x0000, 0x0000, 0x0000, 0x0000, 0x0000, 0x0000, 0x0000, 0x0000, 0x0000, 0x0000, 0x0000,
  0x0000, 0x0000, 0x0000, 0x0000, 0x0000, 0x0000, 0x0000, 0x0000, 0x0000, 0x0000, 0x0000, 0x0000, 0x0000, 0x0000, 0x0000, 0x0000,
  0x0000, 0x0000, 0x0000, 0x0000, 0x0000, 0x0000, 0x0000, 0x0000, 0x0000, 0x0000, 0x0000, 0x0000, 0x0000, 0x0000, 0x0000, 0x0000,
  0x0000, 0x0000, 0x0000, 0x0000, 0x0861, 0x31E6, 0x8C71, 0x9C92, 0xB4F5, 0xCD97, 0xCD56, 0xCD76, 0xCDD8, 0xCDF8, 0x9CB2, 0x5B2C,
  0x2124, 0x0000, 0x0000, 0x0000, 0x0000, 0x0000, 0x0000, 0x0000, 0x0000, 0x0000, 0x0000, 0x0000, 0x18E3, 0x52CA, 0xA4F3, 0xDE9A,
  0xD5D8, 0xCD76, 0xCD36, 0xCD56, 0xCDD7, 0xDE59, 0xBDB6, 0x6B6D, 0x31A6, 0x0000, 0x0000, 0x0000, 0x0000, 0x0000, 0x0000, 0x0000,
  0x0000, 0x0000, 0x7BEF, 0xDEBA, 0xDE39, 0xDE39, 0xB534, 0x5AEA, 0x5269, 0x2124, 0x4A69, 0x9C92, 0xD5F8, 0xC556, 0xCD77, 0xB535,
  0x8C30, 0x0000, 0x0000, 0x0000, 0x0020, 0x0000, 0x0000, 0x0861, 0x4A89, 0x5269, 0x838F, 0x8B90, 0xB4B4, 0xCD36, 0xCD57, 0xCDB8,
  0xA4B3, 0x6B6D, 0x3A07, 0x0000, 0x0000, 0x0000, 0x0000, 0x0000, 0x0000, 0x0000, 0x0000, 0x0000, 0x4A69, 0x9C72, 0x93F0, 0x9431,
  0x6B4C, 0x18E3, 0x0020, 0x4248, 0x52CA, 0x838E, 0xC577, 0xC556, 0xC515, 0xCD76, 0xDE5A, 0x8C51, 0x4A89, 0x0000, 0x0000, 0x0000,
  0x0041, 0x52AA, 0x83F0, 0xC5B7, 0xCD77, 0xC536, 0xCD76, 0xD639, 0xB5B6, 0x4249, 0x0020, 0x0000, 0x0000, 0x0000, 0x0000, 0x0000,
  0x18E3, 0xE6FA, 0xAB11, 0xB190, 0xC1F2, 0xC1F2, 0xC212, 0xA1AF, 0xFEFE, 0xAD95, 0x2104, 0x2144, 0x2124, 0x2124, 0x2104, 0x2124,
  0x2104, 0x2104, 0x2104, 0x2104, 0x2124, 0x0000, 0x0000, 0x0000, 0x0000, 0x0000, 0x0000, 0x0000, 0x0000, 0x0020, 0x3A07, 0x6B6D,
  0xA4B3, 0xD5F8, 0xCD97, 0xCD97, 0xCD76, 0xCDB8, 0xCDF7, 0x7BAE, 0x52CA, 0x2145, 0x0000, 0x0000, 0x0000, 0x0020, 0x0000, 0x8C71,
  0xE5F9, 0x996D, 0xC211, 0xB9F1, 0xC212, 0xC212, 0xB1D0, 0xCC76, 0xCE58, 0x10C3, 0x0000, 0x0000, 0x0000, 0x8C51, 0xEDBA, 0xA98F,
  0xC212, 0xC1F2, 0xB9F2, 0xB9F2, 0xB9D1, 0xC393, 0xD678, 0x0000, 0x0000, 0x0000, 0x0000, 0x0000, 0x0000, 0x0000, 0x0000, 0x0000,
  0x0000, 0x0000, 0x0000, 0x0000, 0x0000, 0x0000, 0x0000, 0x0000, 0x0000, 0x31A6, 0x5ACB, 0xBDD7, 0xD4F8, 0xA9B0, 0xC253, 0xC252,
  0xBA11, 0xB9F1, 0xB251, 0xF6DE, 0xBD96, 0x4A09, 0x4A29, 0x5269, 0x4A68, 0x0000, 0x0000, 0x73AE, 0xCDF8, 0xDE39, 0xDE39, 0xB555,
  0x7BEF, 0x1081, 0x0000, 0x0000, 0x0000, 0x0000, 0x0000, 0x0000, 0x0000, 0x0000, 0x52CA, 0xCE59, 0xDE79, 0xDE58, 0xCDF7, 0x9CF3,
  0x4208, 0x0000, 0x0000, 0x0000, 0x0000, 0x0000, 0x0000, 0x0000, 0x0000, 0x0000, 0x0000, 0x0000, 0x0000, 0x0000, 0x0000, 0x0000,
  0x0000, 0x0000, 0x0000, 0x0000, 0x0000, 0x0000, 0x0000, 0x0000, 0x0000, 0x0000, 0x0000, 0x0000, 0x0000, 0x0000, 0x0000, 0x0000,
  0x0000, 0x0000, 0x0000, 0x0000, 0x0000, 0x0000, 0x0000, 0x0000, 0x0000, 0x0000, 0x0000, 0x0000, 0x0000, 0x0000, 0x0000, 0x0000,
  0x0000, 0x0000, 0x0000, 0x0000, 0x0000, 0x0000, 0x0000, 0x0000, 0x0000, 0x0000, 0x0000, 0x0000, 0x0000, 0x0000, 0x0000, 0x0000,
  0x0000, 0x0000, 0x0000, 0x7BEE, 0xDEBA, 0xD578, 0xCC55, 0xC353, 0xBA91, 0xBA51, 0xBA51, 0xB251, 0xBA71, 0xBAD2, 0xCBB4, 0xD4F7,
  0xD5F8, 0x9492, 0x0861, 0x0000, 0x0000, 0x0000, 0x0000, 0x0000, 0x0020, 0x0000, 0x2103, 0x8C91, 0xE6BB, 0xE599, 0xCC15, 0xBAD2,
  0xBA71, 0xB251, 0xB251, 0xBA71, 0xBA91, 0xBAD2, 0xCBB4, 0xDD38, 0xE63A, 0xA4F3, 0x2145, 0x0000, 0x0000, 0x0000, 0x0000, 0x0000,
  0x0861, 0xB575, 0xDD37, 0xAA90, 0xB270, 0xB270, 0xBB52, 0xF6BC, 0xFFFF, 0xEEFC, 0xD4B6, 0xBB12, 0xBA51, 0xBA72, 0xBA72, 0xBAF2,
  0xE5D9, 0xA534, 0x0000, 0x0000, 0x0000, 0x10C2, 0x6B4C, 0xCD97, 0xD517, 0xCB94, 0xC2D2, 0xBA72, 0xBA31, 0xB210, 0xB210, 0xB231,
  0xC313, 0xCBD4, 0xD517, 0xC5D7, 0x632C, 0x0000, 0x0000, 0x0000, 0x0000, 0x0000, 0x0000, 0x9471, 0xEE1A, 0xBB12, 0xC2D3, 0xC2D3,
  0xC393, 0xDDF9, 0xDF1B, 0xF6FC, 0xD4B6, 0xC313, 0xB251, 0xB211, 0xB231, 0xBA51, 0xBA92, 0xCBB4, 0xE5FA, 0xAD35, 0x39E7, 0x4249,
  0xAC94, 0xD4D7, 0xC353, 0xBA71, 0xBA51, 0xB251, 0xBA52, 0xBA92, 0xC374, 0xD558, 0xD67A, 0x31C7, 0x0000, 0x0000, 0x0000, 0x0000,
  0x31A6, 0xFF9E, 0x9A2E, 0xB1B0, 0xB9D2, 0xB9D2, 0xB9D1, 0x918D, 0xFF7F, 0x9D14, 0x0000, 0x0000, 0x0000, 0x0000, 0x0000, 0x0000,
  0x0000, 0x0000, 0x0000, 0x0000, 0x0000, 0x0000, 0x0000, 0x0000, 0x0000, 0x0000, 0x0000, 0x1082, 0x7BEF, 0xBD56, 0xD558, 0xCC15,
  0xC333, 0xBA71, 0xB251, 0xB231, 0xB231, 0xB251, 0xBAB2, 0xCB94, 0xD4B6, 0xD5F9, 0x94B2, 0x2965, 0x0000, 0x0841, 0x0000, 0x8C71,
  0xFF1D, 0x99EE, 0xB1F0, 0xB1F0, 0xB1D0, 0xB1B0, 0x99CE, 0xFFBF, 0x4A48, 0x0000, 0x0020, 0x0020, 0x0000, 0x10A2, 0xE69A, 0xAA50,
  0xB9B0, 0xB9F1, 0xB9F1, 0xC1F2, 0xB9B1, 0xBB32, 0xD658, 0x0000, 0x0000, 0x0000, 0x0000, 0x0000, 0x0000, 0x0000, 0x0000, 0x0000,
  0x0000, 0x0000, 0x0000, 0x0000, 0x0000, 0x0000, 0x0000, 0x0020, 0x9C92, 0xC495, 0xC394, 0xCB74, 0xBA72, 0xBA12, 0xC232, 0xC232,
  0xBA32, 0xC212, 0xBA11, 0xBA72, 0xCB13, 0xCB34, 0xCB33, 0xC393, 0xFF5D, 0x6B4C, 0x6AEC, 0xE538, 0xBAB1, 0xBA91, 0xBA91, 0xC353,
  0xFEFC, 0x8C4F, 0x0020, 0x0020, 0x0000, 0x0000, 0x0000, 0x0000, 0x1082, 0xB595, 0xFF1C, 0xBBB2, 0xBAD1, 0xBAD1, 0xBB12, 0xD4F6,
  0xFFFF, 0x528A, 0x0000, 0x0000, 0x0000, 0x0000, 0x0000, 0x0000, 0x0000, 0x0000, 0x0000, 0x0000, 0x0000, 0x0000, 0x0000, 0x0000,
  0x0000, 0x0000, 0x0000, 0x0000, 0x0000, 0x0000, 0x0000, 0x0000, 0x0000, 0x0000, 0x0000, 0x0000, 0x0000, 0x0000, 0x0000, 0x0000,
  0x0000, 0x0000, 0x0000, 0x0000, 0x0000, 0x0000, 0x0000, 0x0000, 0x0000, 0x0000, 0x0000, 0x0000, 0x0000, 0x0000, 0x0000, 0x0000,
  0x0000, 0x0000, 0x0000, 0x0000, 0x0000, 0x0000, 0x0000, 0x0000, 0x0000, 0x0000, 0x0000, 0x0000, 0x0000, 0x0000, 0x0000, 0x0000,
  0x0000, 0x2945, 0xCE59, 0xDD98, 0xAAD1, 0xA9AF, 0xA98F, 0xB1B0, 0xB9F1, 0xC231, 0xC252, 0xC232, 0xC232, 0xBA12, 0xB9D1, 0xA98F,
  0xAA10, 0xD4B6, 0xD618, 0x6B6D, 0x0000, 0x0000, 0x0000, 0x0000, 0x0000, 0x52AA, 0xEF1C, 0xD517, 0xAA71, 0xA98F, 0xB1B0, 0xB9F1,
  0xBA11, 0xC252, 0xC252, 0xC252, 0xC232, 0xBA11, 0xB1D0, 0xA98F, 0xAA0F, 0xCC35, 0xEEDB, 0x4A48, 0x0000, 0x0000, 0x0020, 0x0000,
  0x8450, 0xFEDC, 0x914C, 0xB9B0, 0xB9D0, 0xB9D1, 0xA92E, 0xAB32, 0xEEBD, 0xB2F1, 0xA98F, 0xB9F1, 0xC212, 0xC212, 0xCA32, 0xC212,
  0xA22F, 0xFF3D, 0x4228, 0x0000, 0x7C0F, 0xDE9A, 0xCC76, 0xB230, 0xA96F, 0xB18F, 0xB9B0, 0xB9F1, 0xC212, 0xC212, 0xC212, 0xB9F1,
  0xB9B1, 0xB190, 0xA96F, 0xB2D1, 0xE61A, 0x9CF3, 0x0020, 0x0000, 0x0000, 0x0000, 0x2104, 0xEE7A, 0xA1EF, 0xB190, 0xB190, 0xB9B1,
  0xA12E, 0xC394, 0xEDDB, 0xA1EF, 0xA14F, 0xB1D1, 0xB9F2, 0xC212, 0xC212, 0xC212, 0xBA12, 0xB9F1, 0x994E, 0xC455, 0xFF9F, 0xDD38,
  0xB271, 0xB1B0, 0xB9F1, 0xC232, 0xC232, 0xC232, 0xC232, 0xC212, 0xBA12, 0xA9B0, 0xB352, 0xE6DB, 0x2965, 0x0000, 0x0020, 0x0000,
  0x31A6, 0xF6DC, 0x99CE, 0xB1D1, 0xB9D2, 0xB9D2, 0xB1B1, 0xA22F, 0xDE5A, 0x2986, 0x0000, 0x0020, 0x2985, 0x2144, 0x0020, 0x0020,
  0x0000, 0x0000, 0x0000, 0x0020, 0x0000, 0x0000, 0x0000, 0x0000, 0x0000, 0x0000, 0x31A6, 0xD679, 0xCCB6, 0xAA50, 0xB1B0, 0xB1B0,
  0xB9D1, 0xC212, 0xC232, 0xC232, 0xC232, 0xC212, 0xB9F1, 0xB9D1, 0xB1B0, 0xA1CF, 0xC435, 0xEEDC, 0x630C, 0x0000, 0x0000, 0x2945,
  0xA534, 0xBD36, 0xA3B1, 0xA331, 0xA2EF, 0x9ACF, 0xB4D3, 0x8C50, 0x1082, 0x0020, 0x0020, 0x0020, 0x0000, 0x0840, 0xDE59, 0xB291,
  0xB9B1, 0xB9F1, 0xB9F1, 0xC1F2, 0xB9B1, 0xBB53, 0xC5D7, 0x0000, 0x0000, 0x0000, 0x0000, 0x0000, 0x0000, 0x0000, 0x0000, 0x0000,
  0x0000, 0x0000, 0x0000, 0x0000, 0x0000, 0x0000, 0x0000, 0x528A, 0xD4F6, 0xA16E, 0xB9F1, 0xB9F1, 0xC212, 0xC232, 0xC211, 0xC211,
  0xC212, 0xC211, 0xBA11, 0xB9F1, 0xB9D1, 0xB9B0, 0xB9D0, 0xA14E, 0xAB10, 0xFFDF, 0xC4B5, 0xA16E, 0xB9D0, 0xB9D0, 0xB1D0, 0xA96F,
  0xA22F, 0xFF9F, 0x5AEB, 0x0000, 0x0000, 0x0000, 0x0000, 0x0000, 0x3186, 0xFFDF, 0xA26F, 0xA98F, 0xB9F1, 0xB9F1, 0xC211, 0x916C,
  0xE5F9, 0xAD75, 0x0000, 0x0020, 0x0000, 0x0000, 0x0000, 0x0000, 0x0000, 0x0000, 0x0000, 0x0000, 0x0000, 0x0000, 0x0000, 0x0000,
  0x0000, 0x0000, 0x0000, 0x0000, 0x0000, 0x0000, 0x0000, 0x0000, 0x0000, 0x0000, 0x0000, 0x0000, 0x0000, 0x0000, 0x0000, 0x0000,
  0x0000, 0x0000, 0x0000, 0x0000, 0x0000, 0x0000, 0x0000, 0x0000, 0x0000, 0x0000, 0x0000, 0x0000, 0x0000, 0x0000, 0x0000, 0x0000,
  0x0000, 0x0000, 0x0000, 0x0000, 0x0000, 0x0000, 0x0000, 0x0000, 0x0000, 0x0000, 0x0000, 0x0000, 0x0000, 0x0000, 0x0000, 0x0000,
  0x1082, 0xCE38, 0xDD17, 0x996D, 0xB1AF, 0xB9F0, 0xB9F0, 0xB1F0, 0xB9F0, 0xB1D0, 0xB1AF, 0xB1D0, 0xB9F1, 0xC212, 0xBA11, 0xB9F1,
  0xB9F1, 0xA96F, 0xAAB0, 0xFF5E, 0x5289, 0x0000, 0x0020, 0x0000, 0x632C, 0xFFBE, 0xBB52, 0x992D, 0xB9D1, 0xBA11, 0xB9F1, 0xBA11,
  0xBA11, 0xB1D0, 0xB1D0, 0xB9F1, 0xBA11, 0xBA11, 0xBA11, 0xBA11, 0xBA11, 0xA14E, 0xAA70, 0xF6FC, 0x6B8D, 0x0000, 0x0841, 0x0000,
  0xA534, 0xEE1A, 0xA18E, 0xC211, 0xC1F1, 0xC1F1, 0xB9B1, 0xBAB2, 0xC2F3, 0xA98F, 0xBA11, 0xB9F1, 0xB9F1, 0xBA11, 0xBA11, 0xC232,
  0xA1EE, 0xF6FC, 0x4A49, 0x9492, 0xFFDF, 0xAAB1, 0xA96E, 0xB9B0, 0xB9D1, 0xB9D1, 0xB9D1, 0xB9B0, 0xB190, 0xB1B0, 0xB190, 0xB9D1,
  0xB9F1, 0xB9D1, 0xB9D1, 0xB9B1, 0xA18E, 0xD4F7, 0xD699, 0x2144, 0x0000, 0x0000, 0x2944, 0xD537, 0xB1AF, 0xC9F2, 0xB9D1, 0xB9F2,
  0xC1F2, 0xB9F1, 0xB1D0, 0xB1D1, 0xB9D1, 0xB9D1, 0xB1D1, 0xB9F1, 0xB9F2, 0xBA12, 0xC232, 0xC232, 0xBA12, 0xA9B0, 0xC2D3, 0xB1D0,
  0xB9F1, 0xBA12, 0xB9D1, 0xB9F1, 0xBA12, 0xB9F2, 0xBA12, 0xC212, 0xC233, 0xB9F2, 0xA96F, 0xC3B4, 0xF73D, 0x10C2, 0x0000, 0x0000,
  0x31C6, 0xEE7B, 0x998E, 0xB9F1, 0xB9F2, 0xC1F2, 0xB191, 0xB312, 0xF79E, 0xB596, 0x9C52, 0xAC73, 0xDD98, 0xCD37, 0xAC32, 0xB4D4,
  0xA4F4, 0x5B0B, 0x2985, 0x0000, 0x0000, 0x0000, 0x0000, 0x0000, 0x0000, 0x528A, 0xFFDF, 0xBBB3, 0xA14E, 0xB1B0, 0xB1D1, 0xB9D1,
  0xB9F1, 0xB1B0, 0xB1B0, 0xB1D0, 0xB1D0, 0xB1B0, 0xB9F2, 0xB9F1, 0xB9D1, 0xB9F1, 0xA98F, 0xA270, 0xFF3D, 0x8C91, 0x0000, 0x0000,
  0x0000, 0x0040, 0x0041, 0x0040, 0x0040, 0x0041, 0x0040, 0x0000, 0x0000, 0x0000, 0x0000, 0x0000, 0x0000, 0x73EF, 0xEE1B, 0xA9AF,
  0xC1F2, 0xC1F2, 0xB9D1, 0xB9F2, 0xA990, 0xDD38, 0x7BAE, 0x0000, 0x0020, 0x0000, 0x0000, 0x0000, 0x0000, 0x0000, 0x0000, 0x0000,
  0x0000, 0x0000, 0x0000, 0x0000, 0x0000, 0x0020, 0x0000, 0x8C71, 0xCC75, 0xA14E, 0xBA11, 0xB9F1, 0xB9F1, 0xBA11, 0xBA11, 0xBA11,
  0xBA11, 0xBA11, 0xB9F1, 0xB9F1, 0xB9F1, 0xB1D0, 0xB1D0, 0xB1AF, 0x91ED, 0xFF3E, 0xCCF6, 0xA9CF, 0xC211, 0xB1D0, 0xB9F1, 0xC211,
  0xA9CF, 0xD537, 0x9CF3, 0x0841, 0x0000, 0x0000, 0x0020, 0x0000, 0x8430, 0xEE1A, 0x994D, 0xB9F1, 0xBA11, 0xB9F1, 0xBA11, 0x998E,
  0xEE3A, 0x8450, 0x0000, 0x0020, 0x0000, 0x0000, 0x0000, 0x0000, 0x0000, 0x0000, 0x0000, 0x0000, 0x0000, 0x0000, 0x0000, 0x0000,
  0x0000, 0x0000, 0x0000, 0x0000, 0x0000, 0x0000, 0x0000, 0x0000, 0x0000, 0x0000, 0x0000, 0x0000, 0x0000, 0x0000, 0x0000, 0x0000,
  0x0000, 0x0000, 0x0000, 0x0000, 0x0000, 0x0000, 0x0000, 0x0000, 0x0000, 0x0000, 0x0000, 0x0000, 0x0000, 0x0000, 0x0000, 0x0000,
  0x0000, 0x0000, 0x0000, 0x0000, 0x0000, 0x0000, 0x0000, 0x0000, 0x0000, 0x0000, 0x0000, 0x0000, 0x0000, 0x0000, 0x0000, 0x0000,
  0xC5F7, 0xDD38, 0xA1AF, 0xC232, 0xBA11, 0xB9F1, 0xBA11, 0xB9F0, 0xA9AF, 0xB2D2, 0xC394, 0xC374, 0xB251, 0xB1F1, 0xC232, 0xC232,
  0xC232, 0xC252, 0xA98F, 0xB352, 0xE6FC, 0x18E3, 0x0000, 0x4A69, 0xFFFF, 0xB393, 0xB1B0, 0xC1F1, 0xC212, 0xC1F1, 0xC212, 0xB9F0,
  0xA9CF, 0xBAF2, 0xCB94, 0xC333, 0xAA10, 0xB1F0, 0xC232, 0xC212, 0xC232, 0xBA11, 0xBA11, 0xB2F2, 0xF71C, 0x1903, 0x0000, 0x0000,
  0x9D13, 0xEE1A, 0x996D, 0xBA11, 0xC212, 0xC212, 0xC1F2, 0xB9F1, 0xB9F1, 0xC212, 0xB9D0, 0xB1B0, 0xB9B0, 0xB1D0, 0xB9D1, 0xB1F0,
  0xC3D3, 0xFFBE, 0xC638, 0xF75D, 0xAAD1, 0xB9F1, 0xB9F1, 0xB9F1, 0xC1F2, 0xC1F2, 0xB1D0, 0xC333, 0xD456, 0xC415, 0xCC16, 0xB291,
  0xB1D0, 0xC232, 0xC212, 0xC212, 0xC1F2, 0x912D, 0xEDFA, 0xBDB6, 0x0000, 0x0000, 0x10A2, 0xDD57, 0xB1B0, 0xC9F2, 0xC1B1, 0xC1F2,
  0xC1F2, 0xC212, 0xC232, 0xB1D1, 0xB231, 0xBAF3, 0xBAB2, 0xB1D0, 0xB9F2, 0xC212, 0xC212, 0xC212, 0xBA12, 0xC212, 0xB9F2, 0xC212,
  0xB9F1, 0xB210, 0xBAF3, 0xC313, 0xA9F0, 0xB1D1, 0xC212, 0xC212, 0xC1F2, 0xB9F2, 0xC233, 0xA9D0, 0xDD58, 0x2944, 0x0000, 0x0000,
  0x2985, 0xE619, 0x998E, 0xC1F2, 0xC1F2, 0xC212, 0xB9B1, 0xCBD5, 0xDD59, 0xC353, 0xBA72, 0xBA31, 0xB1D0, 0xB1D0, 0xBA31, 0xBA51,
  0xBAD2, 0xCC35, 0xDDF9, 0x9CD3, 0x2124, 0x0000, 0x0020, 0x0000, 0x0000, 0xD6BA, 0xDD17, 0xA9AF, 0xC253, 0xBA11, 0xB9D1, 0xBA12,
  0xB210, 0xC394, 0xCC76, 0xCCB6, 0xC435, 0xC3B4, 0xA9F0, 0xB1F1, 0xBA12, 0xBA11, 0xC232, 0xA18F, 0xBBF3, 0xE6DA, 0x0000, 0x0000,
  0x0000, 0x0000, 0x0000, 0x0000, 0x0000, 0x0000, 0x0000, 0x0861, 0x4A89, 0x8C50, 0x9492, 0x8C71, 0xB556, 0xD558, 0xAA30, 0xB9F1,
  0xC212, 0xC212, 0xB9F2, 0xB190, 0xB2F2, 0xF73D, 0x31C6, 0x0000, 0x0000, 0x0000, 0x0000, 0x0000, 0x0000, 0x0000, 0x0000, 0x0000,
  0x0000, 0x0000, 0x0000, 0x0000, 0x0000, 0x0000, 0x0000, 0x2986, 0xDE1A, 0xB2D1, 0xBA71, 0xB1F0, 0xB1F1, 0xB9F1, 0xB9F1, 0xBA11,
  0xB9F1, 0xB9F0, 0xB9F1, 0xB1F0, 0xB1F0, 0xBA71, 0xBA51, 0xA1EE, 0xE599, 0xAD55, 0xA4B3, 0xBB12, 0xB9F1, 0xB9F0, 0xBA11, 0xC232,
  0xBA11, 0xB352, 0xFF9E, 0x0861, 0x0000, 0x0000, 0x0000, 0x0000, 0xB596, 0xCC55, 0xA16E, 0xB9F0, 0xBA11, 0xBA11, 0xB1D0, 0xA24F,
  0xFF9F, 0x2965, 0x0000, 0x0000, 0x0000, 0x0000, 0x0000, 0x0000, 0x0000, 0x0000, 0x0000, 0x0000, 0x0000, 0x0000, 0x0000, 0x0000,
  0x0000, 0x0000, 0x0000, 0x0000, 0x0000, 0x0000, 0x0000, 0x0000, 0x0000, 0x0000, 0x0000, 0x0000, 0x0000, 0x0000, 0x0000, 0x0000,
  0x0000, 0x0000, 0x0000, 0x0000, 0x0000, 0x0000, 0x0000, 0x0000, 0x0000, 0x0000, 0x0000, 0x0000, 0x0000, 0x0000, 0x0000, 0x0000,
  0x0000, 0x0000, 0x0000, 0x0000, 0x0000, 0x0000, 0x0000, 0x0000, 0x0000, 0x0000, 0x0000, 0x0000, 0x0000, 0x0000, 0x0000, 0x528A,
  0xF67C, 0x99CE, 0xC232, 0xBA32, 0xBA11, 0xB9F1, 0xB9F1, 0xAA70, 0xE5D9, 0xB576, 0x83F0, 0x8C51, 0xE67B, 0xC394, 0xB211, 0xC252,
  0xC232, 0xC232, 0xB9F1, 0xA9F0, 0xEE3B, 0x5AEB, 0x0000, 0xF7BE, 0xD578, 0xA9CF, 0xC232, 0xB9F1, 0xB9F1, 0xC212, 0xB9D1, 0xB2B1,
  0xDDB9, 0xAD35, 0xB555, 0xB535, 0xD5B9, 0xB332, 0xBA11, 0xC252, 0xC232, 0xBA11, 0xC232, 0xB1D0, 0xCC75, 0x7BCF, 0x0000, 0x0000,
  0x9CF3, 0xEE1A, 0xA16D, 0xC211, 0xC212, 0xC212, 0xC1F2, 0xB9F1, 0xC212, 0xB1B0, 0xBA91, 0xCC56, 0xCCB6, 0xC495, 0xC475, 0xB433,
  0xBD76, 0xFFFE, 0xFFFF, 0xBBD3, 0xA18F, 0xBA11, 0xB9D1, 0xB9D1, 0xB9F1, 0xB230, 0xE59A, 0x8C51, 0x634C, 0x31A6, 0x6B6D, 0xE69B,
  0xCBF5, 0xB1D0, 0xC212, 0xC1F2, 0xB9D1, 0xB1B0, 0xAA30, 0xF6FC, 0x3185, 0x0000, 0xA534, 0xE598, 0xA990, 0xC9F2, 0xC1D2, 0xC1F2,
  0xC212, 0xC232, 0xB1F0, 0xC3F5, 0xE65A, 0xB576, 0xBD56, 0xDDB9, 0xB2B2, 0xBA12, 0xC232, 0xBA12, 0xC1F2, 0xC1F2, 0xC1F2, 0xB1D0,
  0xB2F2, 0xE61A, 0xCE39, 0xACF4, 0xE65B, 0xBB12, 0xB1D1, 0xC1F2, 0xC1F2, 0xC1F2, 0xC1F2, 0xB1B0, 0xCC15, 0x7BAE, 0x0000, 0x0000,
  0x73CE, 0xE5D9, 0x996E, 0xC1F2, 0xC1F2, 0xC1F2, 0xC1F2, 0xB9D1, 0xB190, 0xB190, 0xB9B1, 0xB9D1, 0xB9F2, 0xB9F1, 0xB9D1, 0xB9F1,
  0xB9B1, 0xA96F, 0xA9AF, 0xCC15, 0xE69B, 0x52AA, 0x0000, 0x0000, 0x2145, 0xF75E, 0xAAB0, 0xBA12, 0xC232, 0xBA12, 0xB9F1, 0xB1F1,
  0xDCF8, 0xB596, 0x2986, 0x2965, 0x2145, 0x8C71, 0xE578, 0xA1AE, 0xB1B0, 0xB1B0, 0xB1D0, 0x992D, 0xAB31, 0xDE99, 0x0000, 0x0000,
  0x0000, 0x0000, 0x0000, 0x0000, 0x0000, 0x0000, 0x2144, 0xC5B6, 0xD4F6, 0xCBF4, 0xCBB4, 0xC394, 0xBAD3, 0xA98F, 0xB190, 0xB9F1,
  0xC212, 0xB9F2, 0xA990, 0xAA90, 0xFF5E, 0x8C71, 0x0000, 0x0000, 0x0000, 0x0000, 0x0020, 0x0020, 0x0020, 0x0020, 0x0020, 0x0020,
  0x0020, 0x0020, 0x0020, 0x0020, 0x0020, 0x0020, 0x0020, 0x0000, 0x3186, 0x9472, 0xBD16, 0xF69D, 0xD436, 0xB1B0, 0xBA11, 0xB9F1,
  0xB9F1, 0xB9F1, 0xB210, 0xED9A, 0xDDFA, 0x9BF1, 0x93D1, 0xB515, 0x9492, 0x0020, 0x6B4D, 0xDD38, 0xA9CF, 0xBA11, 0xBA11, 0xBA11,
  0xC232, 0xAA0F, 0xEE9B, 0x4A69, 0x0000, 0x0020, 0x0000, 0x31C7, 0xEEDC, 0xA22F, 0xB1CF, 0xB1D0, 0xBA11, 0xC211, 0xA18E, 0xD4B6,
  0xAD54, 0x0020, 0x0000, 0x0000, 0x0000, 0x0000, 0x0000, 0x0000, 0x0000, 0x0000, 0x0000, 0x0000, 0x0000, 0x0000, 0x0000, 0x0000,
  0x0000, 0x0000, 0x0000, 0x0000, 0x0000, 0x0000, 0x0000, 0x0000, 0x0000, 0x0000, 0x0000, 0x0000, 0x0000, 0x0000, 0x0000, 0x0000,
  0x0000, 0x0000, 0x0000, 0x0000, 0x0000, 0x0000, 0x0000, 0x0000, 0x0000, 0x0000, 0x0000, 0x0000, 0x0000, 0x0000, 0x0000, 0x0000,
  0x0000, 0x0000, 0x0000, 0x0000, 0x0000, 0x0000, 0x0000, 0x0000, 0x0000, 0x0000, 0x0000, 0x0000, 0x0000, 0x0000, 0x2104, 0xEF3C,
  0xB372, 0xB1B0, 0xC232, 0xC232, 0xB9F1, 0xB1F0, 0xAA30, 0xEE5B, 0x73CE, 0x0000, 0x0000, 0x0000, 0x52AA, 0xFF7E, 0xAA2F, 0xB9F1,
  0xC232, 0xBA11, 0xB9F1, 0xB9F1, 0xC415, 0x8C51, 0x0000, 0xEF3C, 0xB311, 0xB9F1, 0xC212, 0xC212, 0xB9F1, 0xB9F2, 0xA20F, 0xEE5B,
  0x5AEB, 0x0000, 0x0000, 0x0000, 0x10C2, 0xC5B8, 0xBB33, 0xBA12, 0xBA12, 0xC212, 0xC232, 0xC252, 0xA230, 0xEEBC, 0x31A6, 0x0841,
  0xAD55, 0xE5DA, 0xA18E, 0xC211, 0xC212, 0xC212, 0xB9F2, 0xB9F1, 0xB1F0, 0xBB73, 0xD619, 0x52CA, 0x10E3, 0x18E3, 0x10E3, 0x10A2,
  0x0000, 0x4228, 0xEE7B, 0x91AE, 0xB9F1, 0xB9F1, 0xB9F1, 0xB1B0, 0xA18E, 0xC475, 0x52AA, 0x0000, 0x0000, 0x0000, 0x0000, 0x2124,
  0xDE7A, 0xB2D2, 0xC1F1, 0xC212, 0xB9D1, 0xC1F2, 0xA98F, 0xE599, 0x6B4C, 0x2945, 0xEF7D, 0xD516, 0xB1B0, 0xC9F2, 0xB9D2, 0xC212,
  0xC232, 0xB9F1, 0xBB32, 0xDEDB, 0x2145, 0x0000, 0x0000, 0x8450, 0xE5BA, 0xA9D0, 0xC233, 0xC1F2, 0xC1F2, 0xC1F2, 0xB9D2, 0xAA50,
  0xF6FC, 0x3A07, 0x0040, 0x0000, 0x73CE, 0xFF1D, 0xA1CF, 0xC1F2, 0xC1D2, 0xC1F2, 0xC213, 0xB1B1, 0xCBD5, 0x83CF, 0x0000, 0x0000,
  0x9D14, 0xE599, 0x994E, 0xC1F2, 0xC1F2, 0xC1F2, 0xC1F2, 0xB9D2, 0xC1F2, 0xB9D1, 0xA970, 0xA970, 0xA970, 0xB9D1, 0xC212, 0xB9F1,
  0xB9F1, 0xBA12, 0xC232, 0xB1B0, 0xAAB1, 0xFF5E, 0x8450, 0x0000, 0xC618, 0xF73D, 0xAA2F, 0xC232, 0xC232, 0xBA12, 0xBA12, 0xA9D0,
  0xF67C, 0x636C, 0x0000, 0x0000, 0x0000, 0x0000, 0xA4F2, 0xE5D9, 0xB312, 0xC312, 0xBAF2, 0xB351, 0xCDB7, 0xA513, 0x0000, 0x0000,
  0x0000, 0x0000, 0x0000, 0x0000, 0x0020, 0x0000, 0x840F, 0xD4D6, 0x90EC, 0xB190, 0xB190, 0xB991, 0xB9D1, 0xC212, 0xB9F2, 0xB9F2,
  0xBA12, 0xC2B2, 0xCC35, 0xF73D, 0x6B6D, 0x0000, 0x0020, 0x0000, 0x0000, 0x0000, 0x0000, 0x0000, 0x0000, 0x0000, 0x0000, 0x0000,
  0x0000, 0x0000, 0x0000, 0x0000, 0x0000, 0x0000, 0x0000, 0x0000, 0x0000, 0x0000, 0x0861, 0x8430, 0xDD18, 0xA16E, 0xC212, 0xB9F1,
  0xB1F0, 0xB1D0, 0xB210, 0xEE7B, 0x31E7, 0x0000, 0x0000, 0x0020, 0x0000, 0x0000, 0x39E7, 0xF6FD, 0xA22F, 0xB1D0, 0xBA31, 0xBA31,
  0xC232, 0xA9AF, 0xDD18, 0x8410, 0x0000, 0x0020, 0x0000, 0xD6BA, 0xDD78, 0xA1AF, 0xBA11, 0xB1F0, 0xB9F1, 0xBA11, 0xA1EE, 0xFEDC,
  0x4A48, 0x0000, 0x0020, 0x0000, 0x0000, 0x0000, 0x0000, 0x0000, 0x0000, 0x0000, 0x0000, 0x0000, 0x0000, 0x0000, 0x0000, 0x0000,
  0x0000, 0x0000, 0x0000, 0x0000, 0x0000, 0x0000, 0x0000, 0x0000, 0x0000, 0x0000, 0x0000, 0x0000, 0x0000, 0x0000, 0x0000, 0x0000,
  0x0000, 0x0000, 0x0000, 0x0000, 0x0000, 0x0000, 0x0000, 0x0000, 0x0000, 0x0000, 0x0000, 0x0000, 0x0000, 0x0000, 0x0000, 0x0000,
  0x0000, 0x0000, 0x0000, 0x0000, 0x0000, 0x0000, 0x0000, 0x0000, 0x0000, 0x0000, 0x0000, 0x0000, 0x0000, 0x0000, 0x2965, 0xFF3E,
  0x99CE, 0xB9F1, 0xC232, 0xC212, 0xB9F2, 0xA98F, 0xCC76, 0xB596, 0x0000, 0x0000, 0x0020, 0x0020, 0x0000, 0xA4D2, 0xDCF7, 0xA14D,
  0xB1B0, 0xB1B0, 0xB9F1, 0xB210, 0xE579, 0x6B6D, 0x52AA, 0xEE7B, 0xA1CE, 0xBA12, 0xB9F2, 0xB9F1, 0xB9F1, 0xB1B0, 0xD4B7, 0xCE59,
  0x0000, 0x0020, 0x0000, 0x0020, 0x0000, 0x4A69, 0xDDB9, 0xB211, 0xC212, 0xC1F2, 0xC212, 0xC232, 0xA1AF, 0xD517, 0xA534, 0xBDD7,
  0xF79E, 0xD537, 0xA16E, 0xC211, 0xC212, 0xC212, 0xC1F2, 0xB9D1, 0xBB33, 0xF73D, 0x10C2, 0x0000, 0x0000, 0x0000, 0x0000, 0x0000,
  0x0000, 0x2124, 0xCCB6, 0x994E, 0xB9F2, 0xB9F1, 0xB9F1, 0xA990, 0xA230, 0xD63A, 0x0000, 0x0020, 0x0040, 0x0020, 0x0061, 0x0061,
  0x9D34, 0xE579, 0xB1AF, 0xC232, 0xB9F2, 0xC1F2, 0xB1B0, 0xD436, 0x4A49, 0x7BCF, 0xAD95, 0xBC74, 0xB9F1, 0xCA12, 0xC1D2, 0xC9F2,
  0xCA12, 0xA9AF, 0xE5D9, 0xB595, 0x0000, 0x0020, 0x0000, 0x2145, 0xFF5E, 0xAA50, 0xC212, 0xC1F2, 0xC212, 0xC213, 0xB190, 0xCC55,
  0xCE58, 0x0000, 0x0000, 0x0000, 0x18C3, 0xDEDB, 0xBB12, 0xB9B1, 0xC1F2, 0xC1F2, 0xC213, 0xB9D1, 0xC3D4, 0x7BAE, 0x0000, 0x0861,
  0xDF1B, 0xC475, 0xA16E, 0xC212, 0xC1F2, 0xC1F2, 0xC1F2, 0xC1F2, 0xA990, 0xBA52, 0xCB95, 0xCBD5, 0xCB95, 0xC2D3, 0xB1D0, 0xC232,
  0xC212, 0xC212, 0xBA12, 0xC233, 0xA96F, 0xB393, 0xFFFF, 0xAD55, 0xFFFE, 0xEEFB, 0xAA50, 0xC232, 0xC232, 0xC212, 0xB9F1, 0xBA11,
  0xB2B1, 0xD538, 0xC5B7, 0xB596, 0x5B0C, 0x31A6, 0x10A2, 0x31E6, 0x5AAA, 0x7B6E, 0x8BF0, 0x83EF, 0x10C3, 0x0000, 0x0000, 0x0000,
  0x0000, 0x0000, 0x0000, 0x0000, 0x0000, 0x0000, 0xD679, 0xAB10, 0xB1B0, 0xC212, 0xBA12, 0xC212, 0xBA12, 0xBA12, 0xB9F2, 0xB9F1,
  0xB1D1, 0xBAB2, 0xDCF7, 0xF71C, 0xCE79, 0x2104, 0x0000, 0x0020, 0x0000, 0x0020, 0x636D, 0x6B6D, 0x6B2D, 0x6B4D, 0x6B4D, 0x6B4D,
  0x6B4D, 0x6B4D, 0x6B4D, 0x6B4D, 0x6B2C, 0x6B4D, 0x5AEB, 0x0000, 0x0000, 0x0020, 0x0000, 0x5269, 0xE517, 0xA16E, 0xC212, 0xBA11,
  0xB1F0, 0xB1D0, 0xB230, 0xDDB8, 0x0861, 0x0000, 0x0000, 0x0000, 0x0000, 0x0000, 0x0000, 0xBDD7, 0xC414, 0xA18E, 0xC252, 0xBA32,
  0xC232, 0xB1B0, 0xB2F1, 0xC5D8, 0x0000, 0x0000, 0x39E7, 0xFF9E, 0xB312, 0xB9D0, 0xBA11, 0xB9F1, 0xC212, 0xA9CF, 0xCC55, 0xDEBA,
  0x0020, 0x0000, 0x0000, 0x0000, 0x0000, 0x0000, 0x0000, 0x0000, 0x0000, 0x0000, 0x0000, 0x0000, 0x0000, 0x0000, 0x0000, 0x0000,
  0x0000, 0x0000, 0x0000, 0x0000, 0x0000, 0x0000, 0x0000, 0x0000, 0x0000, 0x0000, 0x0000, 0x0000, 0x0000, 0x0000, 0x0000, 0x0000,
  0x0000, 0x0000, 0x0000, 0x0000, 0x0000, 0x0000, 0x0000, 0x0000, 0x0000, 0x0000, 0x0000, 0x0000, 0x0000, 0x0000, 0x0000, 0x0000,
  0x0000, 0x0000, 0x0000, 0x0000, 0x0000, 0x0000, 0x0000, 0x0000, 0x0000, 0x0000, 0x0000, 0x0000, 0x0000, 0x0000, 0x634D, 0xEDFA,
  0x994D, 0xB9F1, 0xBA12, 0xC212, 0xBA11, 0xA16E, 0xEDFB, 0x94D3, 0x0000, 0x0020, 0x0000, 0x0000, 0x0000, 0x0000, 0xA4B2, 0xD557,
  0xCC95, 0xD4B6, 0xB413, 0xAC53, 0xCE59, 0x738E, 0xD699, 0xD537, 0xA18E, 0xC212, 0xC1F2, 0xB9F1, 0xB9D1, 0xA9F0, 0xFEBD, 0x6B8D,
  0x0000, 0x0020, 0x0000, 0x0000, 0x0000, 0x0861, 0xE67A, 0xBA92, 0xB9D1, 0xB9F1, 0xC1F2, 0xC1F2, 0xA9CF, 0xA310, 0xFFFF, 0xFFFF,
  0xFFFF, 0xD516, 0xA16E, 0xB9F1, 0xC1F1, 0xC1F2, 0xC1F2, 0xA98F, 0xEDBA, 0xAD95, 0x0000, 0x0020, 0x0000, 0x0000, 0x0000, 0x0000,
  0x0000, 0xBDD7, 0xCC35, 0xA14E, 0xB9F1, 0xB9F1, 0xB9F1, 0xB1D1, 0xAA31, 0xD4D8, 0xB3F3, 0xA371, 0xA372, 0xA371, 0xA371, 0xB414,
  0xDD58, 0xCBD5, 0xB9F1, 0xC212, 0xC1F2, 0xC1F2, 0xB9D1, 0xBAF2, 0xCE18, 0xEF5D, 0xF7BE, 0xDD98, 0xB1F0, 0xCA13, 0xC1D2, 0xC1F2,
  0xC9F2, 0xA9B0, 0xE61A, 0x5B0B, 0x0000, 0x0020, 0x0000, 0x0861, 0xC596, 0xBAD2, 0xC1F2, 0xC1F2, 0xC212, 0xCA13, 0xB190, 0xDCF7,
  0x9471, 0x0000, 0x0020, 0x0020, 0x0000, 0x630C, 0xCBF5, 0xB1B1, 0xC1F2, 0xC212, 0xC233, 0xB9F1, 0xC3D4, 0x7BAE, 0x0000, 0x0020,
  0xBE17, 0xE5B9, 0x910C, 0xB190, 0xB170, 0xB170, 0xB170, 0xA1AF, 0xD4B7, 0xC577, 0x83EF, 0x630C, 0x528A, 0xB576, 0xD4D7, 0xA1CF,
  0xC212, 0xC212, 0xC212, 0xC212, 0xB9F1, 0xAA30, 0xE65B, 0xFFFF, 0xFFFF, 0xFFFF, 0xB372, 0xB1B0, 0xC232, 0xB1F1, 0xB9F1, 0xB9F2,
  0xB9D1, 0xA9B0, 0xBAB2, 0xCBD5, 0xD4B7, 0xDD78, 0xC557, 0xB535, 0x73CF, 0x3A07, 0x0000, 0x0000, 0x0000, 0x0000, 0x0000, 0x0000,
  0x0000, 0x0000, 0x0000, 0x0000, 0x0000, 0x0000, 0x8C30, 0xE598, 0xA1AE, 0xBA11, 0xB1F0, 0xA98F, 0xA96F, 0xB190, 0xB9F1, 0xB1B0,
  0xB9D1, 0xB9D1, 0xA98F, 0xAA30, 0xE5FA, 0xEF7D, 0x39C7, 0x0000, 0x0000, 0xA4F3, 0xE599, 0xC393, 0xCB53, 0xCB74, 0xCB94, 0xCB94,
  0xCB94, 0xCB94, 0xCB74, 0xCB73, 0xC373, 0xC393, 0xC3F3, 0xCDB7, 0x4228, 0x0000, 0x0000, 0x5ACB, 0xDCF7, 0xA16E, 0xC212, 0xBA11,
  0xB1F0, 0xB1D0, 0xB231, 0xE5F9, 0x10A2, 0x0000, 0x0000, 0x0000, 0x0000, 0x0000, 0x0000, 0x31A6, 0xDDF9, 0xA1CE, 0xC232, 0xBA11,
  0xBA11, 0xB9F0, 0xA9EF, 0xD598, 0x39E7, 0x0000, 0xC638, 0xEE5B, 0xA1AE, 0xC211, 0xBA11, 0xB1F1, 0xBA11, 0xA22F, 0xFEFC, 0x738D,
  0x0000, 0x0020, 0x0000, 0x0000, 0x0000, 0x0000, 0x0000, 0x0000, 0x0000, 0x0000, 0x0000, 0x0000, 0x0000, 0x0000, 0x0000, 0x0000,
  0x0000, 0x0000, 0x0000, 0x0000, 0x0000, 0x0000, 0x0000, 0x0000, 0x0000, 0x0000, 0x0000, 0x0000, 0x0000, 0x0000, 0x0000, 0x0000,
  0x0000, 0x0000, 0x0000, 0x0000, 0x0000, 0x0000, 0x0000, 0x0000, 0x0000, 0x0000, 0x0000, 0x0000, 0x0000, 0x0000, 0x0000, 0x0000,
  0x0000, 0x0000, 0x0000, 0x0000, 0x0000, 0x0000, 0x0000, 0x0000, 0x0000, 0x0000, 0x0000, 0x0000, 0x0020, 0x0000, 0xA534, 0xEDDA,
  0x992D, 0xB9F1, 0xBA11, 0xBA11, 0xBA11, 0x996E, 0xEE1B, 0x4248, 0x0000, 0x0000, 0x0000, 0x0000, 0x0000, 0x0000, 0x0000, 0x2965,
  0x2985, 0x2985, 0x10C2, 0x0000, 0x0000, 0x0000, 0xDEBA, 0xC454, 0xA18E, 0xC212, 0xC1F2, 0xC1F2, 0xB1B0, 0xAA50, 0xFF7F, 0x52AA,
  0x0000, 0x0020, 0x0000, 0x0000, 0x0000, 0x1082, 0xF73D, 0xC333, 0xB190, 0xC1F1, 0xC1F2, 0xC1F2, 0xB1D0, 0xA2AF, 0xFF7D, 0xFFFF,
  0xFFFF, 0xD517, 0xA16E, 0xB9F1, 0xC1F1, 0xC1F1, 0xC1F1, 0xA16E, 0xF65C, 0x9CD3, 0x0000, 0x0020, 0x0000, 0x0000, 0x0000, 0x0000,
  0x0000, 0xEF5D, 0xC3B4, 0xA96F, 0xBA12, 0xB9F1, 0xB9F1, 0xB9F1, 0xB9F1, 0xB1B0, 0xB9D1, 0xB9F1, 0xC1F1, 0xC1F1, 0xC1F1, 0xB9D1,
  0xB1B0, 0xB9D1, 0xC1F2, 0xC1F2, 0xC1F2, 0xC1F2, 0xC1F2, 0xB271, 0xEEDB, 0xEF5D, 0xEF7D, 0xDD98, 0xB1F0, 0xCA13, 0xC1F2, 0xC1F2,
  0xC9F2, 0xA9AF, 0xE61A, 0x4228, 0x0000, 0x0000, 0x0000, 0x0000, 0xB514, 0xBAF2, 0xC1F2, 0xC1D2, 0xC1F2, 0xCA13, 0xB1B0, 0xD4F7,
  0x9CD2, 0x0000, 0x0020, 0x0020, 0x0000, 0x6B4D, 0xCC15, 0xB1D1, 0xC212, 0xC212, 0xC233, 0xB9F1, 0xC3B4, 0x738E, 0x0000, 0x0000,
  0x4A69, 0xBDD7, 0xB433, 0xAAF1, 0xBB33, 0xC354, 0xB332, 0xD578, 0x8430, 0x0040, 0x0000, 0x0000, 0x0000, 0x0020, 0xA534, 0xCC75,
  0xA98F, 0xC232, 0xC212, 0xC212, 0xB9F1, 0xBA11, 0xC475, 0xFFFF, 0xC5F8, 0x5AEB, 0xD618, 0xAA70, 0xA98F, 0xB9D1, 0xB9F2, 0xB9F2,
  0xC212, 0xC212, 0xB9D1, 0xB190, 0xB190, 0xB1D0, 0xBA52, 0xCB14, 0xDC57, 0xE5FA, 0xCE18, 0x8450, 0x1082, 0x0000, 0x0000, 0x0000,
  0x0000, 0x0000, 0x0020, 0x0020, 0x0020, 0x0000, 0x1082, 0x9CD2, 0x9C11, 0x8AEE, 0x8ACE, 0xBC14, 0xCC76, 0xBB12, 0xA18F, 0xB9F1,
  0xB9F1, 0xC1F2, 0xC1F2, 0xB9D1, 0xA9CF, 0xDDB9, 0xF79E, 0x630C, 0x4A89, 0xEE5B, 0xA18E, 0xB9D0, 0xB190, 0xB9D0, 0xB9D1, 0xB9B1,
  0xB9D1, 0xB9B0, 0xB9B1, 0xB9B0, 0xB9B0, 0xB9D0, 0xA12E, 0xCC55, 0xBD95, 0x0000, 0x0000, 0x5ACA, 0xDCF7, 0xA16E, 0xC212, 0xBA11,
  0xB211, 0xB1F0, 0xB271, 0xE63A, 0x10A2, 0x0000, 0x0000, 0x0000, 0x0000, 0x0000, 0x0000, 0x0000, 0xBD75, 0xBB32, 0xB1D0, 0xB9F1,
  0xB9F1, 0xB9F0, 0xA9AF, 0xDCD8, 0xAD55, 0x4228, 0xFFFF, 0xBBB3, 0xB1B0, 0xC212, 0xC211, 0xB1F0, 0xA9CF, 0xCC76, 0xC5F7, 0x0000,
  0x0000, 0x0000, 0x0000, 0x0000, 0x0000, 0x0000, 0x0000, 0x0000, 0x0000, 0x0000, 0x0000, 0x0000, 0x0000, 0x0000, 0x0000, 0x0000,
  0x0000, 0x0000, 0x0000, 0x0000, 0x0000, 0x0000, 0x0000, 0x0000, 0x0000, 0x0000, 0x0000, 0x0000, 0x0000, 0x0000, 0x0000, 0x0000,
  0x0000, 0x0000, 0x0000, 0x0000, 0x0000, 0x0000, 0x0000, 0x0000, 0x0000, 0x0000, 0x0000, 0x0000, 0x0000, 0x0000, 0x0000, 0x0000,
  0x0000, 0x0000, 0x0000, 0x0000, 0x0000, 0x0000, 0x0000, 0x0000, 0x0000, 0x0000, 0x0000, 0x0000, 0x0020, 0x0000, 0x9CD3, 0xE599,
  0x992D, 0xB9F1, 0xBA11, 0xBA11, 0xB9F1, 0x996E, 0xE5FA, 0x2986, 0x0000, 0x0000, 0x0000, 0x0000, 0x0000, 0x0000, 0x0020, 0x0000,
  0x0000, 0x0000, 0x0000, 0x0000, 0x0020, 0x0020, 0xDE9A, 0xC3F4, 0xA18F, 0xC212, 0xC1F2, 0xC1F2, 0xB1B0, 0xAA71, 0xFFBF, 0x5ACB,
  0x0000, 0x0020, 0x0000, 0x0000, 0x0000, 0x0861, 0xF79E, 0xC394, 0xB190, 0xB9D1, 0xC1F2, 0xC1F2, 0xB1D0, 0xA28F, 0xFF7D, 0xFFFF,
  0xFFFF, 0xD517, 0xA16E, 0xB9F1, 0xB9F1, 0xC1F1, 0xB9F1, 0x994D, 0xF65C, 0x9D13, 0x0000, 0x0020, 0x0000, 0x0000, 0x0000, 0x0000,
  0x0000, 0xE6FC, 0xC394, 0xA96F, 0xC212, 0xB9F1, 0xBA11, 0xB9F1, 0xB9F1, 0xB9D1, 0xB9B1, 0xB9B1, 0xB9B1, 0xB9B1, 0xB9B1, 0xB9B1,
  0xB9B1, 0xB9B1, 0xB190, 0xB190, 0xB190, 0xB9B1, 0xB14F, 0xC354, 0x5A8A, 0x8430, 0xBDF7, 0xC4D5, 0xB211, 0xCA33, 0xC1F2, 0xC1F2,
  0xC212, 0xA9CF, 0xE61A, 0x4249, 0x0000, 0x0000, 0x0000, 0x0000, 0xB515, 0xBAD2, 0xC1F2, 0xC1D2, 0xC1F2, 0xCA13, 0xB1B0, 0xDCF7,
  0x9CB2, 0x0000, 0x0020, 0x0020, 0x0000, 0x6B4C, 0xCC15, 0xB9D1, 0xC213, 0xC1F3, 0xC213, 0xB9D1, 0xC374, 0x8C10, 0x0000, 0x0020,
  0x0000, 0x0000, 0x2104, 0x2965, 0x5ACB, 0x5ACB, 0x4A69, 0x1904, 0x0000, 0x0000, 0x0020, 0x0000, 0x0020, 0x0000, 0x10A2, 0xE65A,
  0xAA30, 0xC212, 0xC212, 0xC212, 0xB9F2, 0xB9F1, 0xBB94, 0xD6BA, 0x10A2, 0x0000, 0x18E3, 0xBD15, 0xCBD5, 0xB1F0, 0xB190, 0xB9B1,
  0xB9F1, 0xB9F2, 0xC212, 0xC212, 0xC212, 0xB9F2, 0xB9F2, 0xB9D2, 0xB190, 0xA96F, 0xAA50, 0xDD78, 0xEF5D, 0x4A69, 0x0000, 0x0020,
  0x0000, 0x0000, 0x0000, 0x0000, 0x0000, 0x0000, 0x0000, 0x0000, 0x0000, 0x0000, 0x0000, 0x1903, 0x4A69, 0xB575, 0xE5BA, 0xA9F0,
  0xC1F2, 0xC212, 0xC1F2, 0xC212, 0xCA33, 0xA230, 0xFF9E, 0xAD74, 0x8410, 0xE5B9, 0xA9CF, 0xCA52, 0xB9F0, 0xC212, 0xC211, 0xC211,
  0xC211, 0xC211, 0xC211, 0xC211, 0xC1F1, 0xC211, 0xB1B0, 0xAB11, 0xBD96, 0x0000, 0x0000, 0x5ACB, 0xDD18, 0xA98F, 0xC232, 0xC232,
  0xBA11, 0xB1F1, 0xB291, 0xDE5A, 0x10A2, 0x0000, 0x0000, 0x0000, 0x0000, 0x0000, 0x0020, 0x0000, 0x9471, 0xE599, 0xA18E, 0xC211,
  0xB9F1, 0xB9D0, 0xB9F1, 0xB271, 0xE69B, 0xF7BE, 0xF6FC, 0x9A0F, 0xB9F1, 0xC212, 0xC212, 0xB9F1, 0x99CE, 0xF6DD, 0x6B8E, 0x0000,
  0x0020, 0x0000, 0x0000, 0x0000, 0x0000, 0x0000, 0x0000, 0x0000, 0x0000, 0x0000, 0x0000, 0x0000, 0x0000, 0x0000, 0x0000, 0x0000,
  0x0000, 0x0000, 0x0000, 0x0000, 0x0000, 0x0000, 0x0000, 0x0000, 0x0000, 0x0000, 0x0000, 0x0000, 0x0000, 0x0000, 0x0000, 0x0000,
  0x0000, 0x0000, 0x0000, 0x0000, 0x0000, 0x0000, 0x0000, 0x0000, 0x0000, 0x0000, 0x0000, 0x0000, 0x0000, 0x0000, 0x0000, 0x0000,
  0x0000, 0x0000, 0x0000, 0x0000, 0x0000, 0x0000, 0x0000, 0x0000, 0x0000, 0x0000, 0x0000, 0x0000, 0x0020, 0x0000, 0x9CF3, 0xED99,
  0x990D, 0xB9F1, 0xB9F1, 0xBA11, 0xB9F1, 0x994D, 0xE5FA, 0x4228, 0x0000, 0x0000, 0x0000, 0x0000, 0x0000, 0x0000, 0x0000, 0x0000,
  0x0000, 0x0000, 0x0000, 0x0000, 0x0000, 0x0000, 0xD69A, 0xBBF3, 0xA18F, 0xC212, 0xC1F2, 0xC1F2, 0xB1B0, 0xA230, 0xFF7F, 0x5ACB,
  0x0000, 0x0020, 0x0000, 0x0000, 0x0000, 0x0882, 0xF75E, 0xC373, 0xB190, 0xB9F1, 0xC1F2, 0xC1F1, 0xB1F0, 0x9A6F, 0xFF5D, 0xFFFF,
  0xFFFF, 0xD517, 0xA16E, 0xB9F1, 0xB9F1, 0xB9F1, 0xB9F1, 0x994E, 0xF65C, 0x9CF3, 0x0000, 0x0020, 0x0000, 0x0000, 0x0000, 0x0000,
  0x0000, 0xE71C, 0xC394, 0xA96F, 0xC212, 0xBA11, 0xBA12, 0xB1D1, 0xAA10, 0xB333, 0xB313, 0xB312, 0xB2F2, 0xB2F1, 0xB2D1, 0xB2D1,
  0xB2D1, 0xB2F2, 0xB312, 0xBB12, 0xBB13, 0xBB12, 0xB352, 0xDDD8, 0x39E7, 0x52AA, 0x8410, 0xCD37, 0xB211, 0xC213, 0xC1F2, 0xC1F2,
  0xCA13, 0xA9CF, 0xEE3A, 0x4A69, 0x0000, 0x0000, 0x0000, 0x0000, 0xB514, 0xBAD2, 0xC1F2, 0xC1D2, 0xC1F2, 0xCA13, 0xB1B0, 0xD4F7,
  0x9CB2, 0x0000, 0x0020, 0x0020, 0x0000, 0x6B4D, 0xCC15, 0xB9D1, 0xC1F2, 0xC1F2, 0xC213, 0xB9B1, 0xC353, 0x8C10, 0x0000, 0x0020,
  0x0000, 0x0000, 0x0000, 0x0000, 0x0000, 0x0000, 0x0000, 0x0000, 0x0020, 0x0000, 0x0000, 0x0000, 0x0000, 0x0000, 0x1082, 0xE69A,
  0xB2B1, 0xB9F2, 0xC212, 0xC212, 0xC212, 0xB9D1, 0xC394, 0xBDB7, 0x0000, 0x0841, 0x0000, 0x2945, 0x6B2D, 0x9BB1, 0xBBD4, 0xBAF2,
  0xBA51, 0xB1F1, 0xB9D1, 0xB190, 0xB9B1, 0xB9F2, 0xBA12, 0xB9F2, 0xC212, 0xC232, 0xC212, 0x996E, 0xC476, 0xDEBA, 0x0000, 0x0000,
  0x0000, 0x1904, 0x632C, 0x634C, 0x634D, 0x39E7, 0x18C2, 0x0000, 0x0000, 0x0000, 0x0000, 0x0000, 0x0000, 0x0000, 0xC638, 0xD496,
  0xB1B0, 0xB9F2, 0xB9F1, 0xC212, 0xCA33, 0xA9CF, 0xDD78, 0x73AE, 0x2986, 0xFEFD, 0xAA4F, 0xB1D0, 0xB1AF, 0xB1D0, 0xB1B0, 0xB1B0,
  0xB1AF, 0xB1B0, 0xB1D0, 0xB1D0, 0xB1AF, 0xB1D0, 0xA16D, 0xD4B6, 0xCE17, 0x0000, 0x0000, 0x5AEB, 0xE558, 0xA98F, 0xC232, 0xC232,
  0xBA11, 0xB1F1, 0xB291, 0xE67B, 0x18E3, 0x0000, 0x0000, 0x0000, 0x0000, 0x0000, 0x0000, 0x0000, 0x31C6, 0xEEFC, 0xAA4F, 0xB9F1,
  0xB9F1, 0xB9F1, 0xC212, 0xA9AF, 0xDD58, 0xFFFF, 0xD537, 0x994D, 0xC212, 0xBA11, 0xC232, 0xA9AF, 0xB352, 0xEF5D, 0x0861, 0x0000,
  0x0000, 0x0000, 0x0000, 0x0000, 0x0000, 0x0000, 0x0000, 0x0000, 0x0000, 0x0000, 0x0000, 0x0000, 0x0000, 0x0000, 0x0000, 0x0000,
  0x0000, 0x0000, 0x0000, 0x0000, 0x0000, 0x0000, 0x0000, 0x0000, 0x0000, 0x0000, 0x0000, 0x0000, 0x0000, 0x0000, 0x0000, 0x0000,
  0x0000, 0x0000, 0x0000, 0x0000, 0x0000, 0x0000, 0x0000, 0x0000, 0x0000, 0x0000, 0x0000, 0x0000, 0x0000, 0x0000, 0x0000, 0x0000,
  0x0000, 0x0000, 0x0000, 0x0000, 0x0000, 0x0000, 0x0000, 0x0000, 0x0000, 0x0000, 0x0000, 0x0000, 0x0020, 0x0000, 0x9D13, 0xEDFA,
  0x910D, 0xB9F1, 0xBA11, 0xBA12, 0xBA11, 0x994D, 0xE59A, 0x9CF3, 0x0000, 0x0020, 0x0000, 0x0000, 0x0000, 0x0000, 0x52AA, 0xACF4,
  0x9C12, 0x9BF1, 0x9BF1, 0xACD4, 0xC617, 0x73AE, 0xD69A, 0xC434, 0xA16E, 0xC212, 0xC1F2, 0xB9F1, 0xB1B0, 0xA1EF, 0xFF1E, 0x52CA,
  0x0000, 0x0020, 0x0000, 0x0000, 0x0000, 0x0861, 0xEEFC, 0xBB12, 0xB1B0, 0xC1F1, 0xC212, 0xC212, 0xB1F1, 0xA2F0, 0xFFFF, 0xFFFF,
  0xFFFF, 0xD516, 0xA16D, 0xB9F1, 0xB9F1, 0xC1F1, 0xB9F1, 0x994E, 0xF65C, 0x9CF3, 0x0000, 0x0020, 0x0000, 0x0000, 0x0000, 0x0000,
  0x0000, 0xF79D, 0xC3B4, 0xA94F, 0xC212, 0xBA12, 0xC212, 0xB1D0, 0xBB33, 0xDE9B, 0x41E8, 0x39C7, 0x39C7, 0x39A7, 0x39A7, 0x39A7,
  0x39C7, 0x39A6, 0x3165, 0x3165, 0x2965, 0x2945, 0x31A6, 0x2124, 0x0000, 0x0000, 0x18E3, 0xDDB8, 0xA9F0, 0xC213, 0xC1D2, 0xC1F2,
  0xC212, 0xB231, 0xBCB4, 0x10A2, 0x0000, 0x0000, 0x0000, 0x0000, 0xB514, 0xBAD2, 0xC1F2, 0xC1F2, 0xC1F2, 0xC213, 0xB1B0, 0xDCF7,
  0x9CB2, 0x0000, 0x0020, 0x0020, 0x0000, 0x6B2C, 0xCC15, 0xB1B1, 0xC1F2, 0xC1F2, 0xC1F3, 0xB9D1, 0xBB53, 0xA4D3, 0x0020, 0x0000,
  0x3186, 0x738E, 0xA472, 0x9BF1, 0x9BF1, 0xAC93, 0xAD34, 0x4228, 0x0000, 0x0000, 0x0000, 0x0000, 0x0000, 0x0000, 0x0861, 0xDE79,
  0xB291, 0xB9D1, 0xC1F2, 0xC1F2, 0xC1D2, 0xB9B1, 0xBB53, 0xBD95, 0x0000, 0x0000, 0x0000, 0x0000, 0x0000, 0x0000, 0x2124, 0x3987,
  0x72ED, 0xA3F2, 0xAC13, 0xC3D5, 0xC314, 0xBA32, 0xB9D1, 0xC212, 0xC232, 0xC212, 0xC232, 0xB9F1, 0x998E, 0xDDB9, 0xCE79, 0x5ACA,
  0x734D, 0xC516, 0xDCF7, 0xD4D7, 0xD4B7, 0xD516, 0xF77C, 0x31A6, 0x0000, 0x0000, 0x0000, 0x0000, 0x0020, 0x0000, 0x18E3, 0xE5FA,
  0xA9D0, 0xB9F1, 0xB9D1, 0xC212, 0xC212, 0xB1D0, 0xCC75, 0x632C, 0x0000, 0x73CF, 0xB535, 0xA3F2, 0xA391, 0xA392, 0xA392, 0xA371,
  0xA371, 0xA372, 0xA371, 0xA371, 0xA371, 0xA371, 0xAC32, 0x8C30, 0x31A6, 0x0000, 0x0000, 0x5AEB, 0xE558, 0xA9AF, 0xC232, 0xC232,
  0xBA11, 0xBA11, 0xAA30, 0xFF5E, 0x6B8D, 0x0000, 0x0020, 0x0000, 0x0000, 0x0000, 0x0000, 0x0020, 0x0000, 0x73AE, 0xDCF7, 0xA98F,
  0xBA11, 0xB9F1, 0xC212, 0xB1D0, 0xB373, 0xFFFF, 0xB373, 0xA14E, 0xC212, 0xB9F1, 0xC212, 0xA1AE, 0xDD99, 0x9CF3, 0x0000, 0x0000,
  0x0000, 0x0000, 0x0000, 0x0000, 0x0000, 0x0000, 0x0000, 0x0000, 0x0000, 0x0000, 0x0000, 0x0000, 0x0000, 0x0000, 0x0000, 0x0000,
  0x0000, 0x0000, 0x0000, 0x0000, 0x0000, 0x0000, 0x0000, 0x0000, 0x0000, 0x0000, 0x0000, 0x0000, 0x0000, 0x0000, 0x0000, 0x0000,
  0x0000, 0x0000, 0x0000, 0x0000, 0x0000, 0x0000, 0x0000, 0x0000, 0x0000, 0x0000, 0x0000, 0x0000, 0x0000, 0x0000, 0x0000, 0x0000,
  0x0000, 0x0000, 0x0000, 0x0000, 0x0000, 0x0000, 0x0000, 0x0000, 0x0000, 0x0000, 0x0000, 0x0000, 0x0000, 0x0000, 0x4A69, 0xEE7B,
  0x998E, 0xBA12, 0xBA12, 0xBA12, 0xBA11, 0xA18F, 0xD4D7, 0x9CF3, 0x0000, 0x0841, 0x0000, 0x0020, 0x0000, 0x39E7, 0xF69B, 0xB2B1,
  0xBA51, 0xBA51, 0xBA51, 0xAA70, 0xE5B8, 0xD6B9, 0xDEDA, 0xD557, 0x996E, 0xC212, 0xC1F2, 0xB9F1, 0xB9D1, 0xA9AF, 0xEDDA, 0xAD74,
  0x0000, 0x0020, 0x0000, 0x0020, 0x0000, 0x1904, 0xE65B, 0xB251, 0xC1F2, 0xB9F1, 0xC232, 0xC252, 0xB1D0, 0xCC96, 0x9CD2, 0xBDF7,
  0xDF1B, 0xDD58, 0xA16D, 0xB9F1, 0xB9F1, 0xB9F2, 0xB9D1, 0x996E, 0xF65C, 0x9CF3, 0x0000, 0x0020, 0x0000, 0x0000, 0x0000, 0x0000,
  0x0000, 0x6B4D, 0xCC55, 0xA14E, 0xC212, 0xBA12, 0xC212, 0xB9D0, 0xBAB2, 0xC577, 0x0000, 0x0000, 0x0000, 0x0000, 0x0000, 0x0000,
  0x0000, 0x0000, 0x2965, 0x4A08, 0x62EC, 0x62EC, 0x4208, 0x10A2, 0x0000, 0x0000, 0x2144, 0xDD77, 0xA9D0, 0xC213, 0xC1D2, 0xC213,
  0xC213, 0xBA51, 0xAC32, 0x0000, 0x0000, 0x0000, 0x0000, 0x0000, 0xB514, 0xBAD2, 0xC1F2, 0xC1F2, 0xC1F3, 0xC213, 0xB1B0, 0xD4F7,
  0x9CB2, 0x0000, 0x0020, 0x0020, 0x0000, 0x6B2C, 0xCC15, 0xB1B1, 0xC1F2, 0xC1F2, 0xC213, 0xB9F2, 0xB2F1, 0xFFBE, 0x2945, 0x52AA,
  0xFFDF, 0xCC34, 0xB251, 0xBA11, 0xC232, 0xB210, 0xCC55, 0xFFFE, 0x18E3, 0x0000, 0x0020, 0x0000, 0x0020, 0x0000, 0x31C6, 0xEE7A,
  0xA1AF, 0xC1F2, 0xC1D2, 0xC1F2, 0xB9D1, 0xB9B1, 0xBB73, 0xFFDE, 0x52AA, 0x0041, 0x39E7, 0x736D, 0x7BAF, 0x736D, 0x31A6, 0x1082,
  0x0000, 0x0040, 0x0881, 0x31A6, 0x62EC, 0xBCB5, 0xC3B4, 0xA9AF, 0xC212, 0xB9F2, 0xC212, 0xB1D1, 0xA9B0, 0xC435, 0xFFFF, 0xFFFE,
  0xC413, 0xA18E, 0xA96F, 0xA96F, 0xA96F, 0x910C, 0xE599, 0xCE58, 0x0000, 0x0020, 0x0000, 0x0000, 0x0020, 0x0000, 0x2104, 0xE5FA,
  0xA9D0, 0xB9F2, 0xB9F1, 0xC212, 0xC212, 0xB1D0, 0xC3F4, 0xE71B, 0x0861, 0x0000, 0x0020, 0x0061, 0x0041, 0x0041, 0x0041, 0x0041,
  0x0041, 0x0041, 0x0041, 0x0041, 0x0041, 0x0041, 0x0041, 0x0000, 0x0000, 0x0020, 0x0000, 0x5AEB, 0xE578, 0xA9AF, 0xC232, 0xC232,
  0xBA11, 0xBA11, 0xAA30, 0xFF1D, 0x634D, 0x0000, 0x0820, 0x0000, 0x0000, 0x0000, 0x0000, 0x0000, 0x0000, 0x2124, 0xEE9B, 0xAA50,
  0xB1F1, 0xBA11, 0xC232, 0xC212, 0xAA51, 0xEE5C, 0xAA91, 0xB190, 0xB9F1, 0xC211, 0xB1D0, 0xAAB0, 0xEEDB, 0x0841, 0x0000, 0x0000,
  0x0000, 0x0000, 0x0000, 0x0000, 0x0000, 0x0000, 0x0000, 0x0000, 0x0000, 0x0000, 0x0000, 0x0000, 0x0000, 0x0000, 0x0000, 0x0000,
  0x0000, 0x0000, 0x0000, 0x0000, 0x0000, 0x0000, 0x0000, 0x0000, 0x0000, 0x0000, 0x0000, 0x0000, 0x0000, 0x0000, 0x0000, 0x0000,
  0x0000, 0x0000, 0x0000, 0x0000, 0x0000, 0x0000, 0x0000, 0x0000, 0x0000, 0x0000, 0x0000, 0x0000, 0x0000, 0x0000, 0x0000, 0x0000,
  0x0000, 0x0000, 0x0000, 0x0000, 0x0000, 0x0000, 0x0000, 0x0000, 0x0000, 0x0000, 0x0000, 0x0000, 0x0000, 0x0000, 0x2945, 0xFFBF,
  0xA26F, 0xB9F1, 0xC232, 0xC232, 0xBA11, 0xB1F0, 0xB2F2, 0xE69B, 0x4228, 0x0000, 0x0000, 0x0000, 0x18C3, 0xF77D, 0xBB73, 0xB190,
  0xC232, 0xC211, 0xB9F1, 0xB9F1, 0xBBB3, 0xA514, 0x52CA, 0xFF3D, 0x99EE, 0xBA11, 0xC1F2, 0xB9F1, 0xB9F1, 0xB9D1, 0xBB52, 0xEF3D,
  0x18E3, 0x0000, 0x0000, 0x0000, 0x0000, 0xAD55, 0xD477, 0xB1D0, 0xC232, 0xC212, 0xC232, 0xC252, 0xA1EF, 0xEE5B, 0x4A89, 0x2104,
  0xAD55, 0xEDDA, 0x996D, 0xBA11, 0xC1F1, 0xC1F2, 0xB9F1, 0x996D, 0xF65B, 0x9CF3, 0x0000, 0x0020, 0x0000, 0x0000, 0x0000, 0x0000,
  0x0000, 0x18E3, 0xDDB9, 0x994E, 0xB9F2, 0xB9F1, 0xC1F2, 0xB9D1, 0xA9CF, 0xC4B6, 0x6B8D, 0x0000, 0x0000, 0x0000, 0x0000, 0x0000,
  0x2965, 0xC5B7, 0xC3D4, 0xC2F3, 0xCB14, 0xCB13, 0xCC14, 0xE69A, 0x2144, 0x0000, 0x2144, 0xDD78, 0xA9D0, 0xC213, 0xB9D2, 0xC1F2,
  0xC1F2, 0xB251, 0xAC53, 0x0020, 0x0000, 0x0000, 0x0000, 0x0000, 0xB514, 0xBAD2, 0xC1F2, 0xC1F2, 0xC1F3, 0xCA13, 0xB1B0, 0xD4F7,
  0x9CF2, 0x0000, 0x0020, 0x0020, 0x0000, 0x6B2C, 0xCC15, 0xB9D1, 0xC213, 0xC212, 0xCA33, 0xBA12, 0xBB52, 0xDEDB, 0x0020, 0xAD95,
  0xEE7B, 0xA1AE, 0xB1D1, 0xB9D1, 0xC1F2, 0xC1F2, 0x992E, 0xE599, 0xB5B5, 0x1082, 0x0000, 0x0000, 0x0000, 0x0040, 0xC5F7, 0xC3F4,
  0xA14F, 0xC1F2, 0xC1D2, 0xB9F2, 0xB9B1, 0xB1D1, 0xC455, 0xCE9A, 0xF7BE, 0xD659, 0xC455, 0xCB53, 0xD375, 0xCB54, 0xC3F4, 0xE6FC,
  0x4A89, 0x0000, 0x0000, 0x0000, 0x0000, 0x0040, 0xCDF8, 0xBB12, 0xB1B0, 0xC1F2, 0xBA12, 0xB1D0, 0xB1B0, 0xC3F4, 0xFFDE, 0xF75C,
  0xA28F, 0xB1D0, 0xC232, 0xC232, 0xCA53, 0xB9F1, 0xA270, 0xFF9F, 0x5AEB, 0x0000, 0x0000, 0x0000, 0x0000, 0x0881, 0xD6DB, 0xC415,
  0xB1D0, 0xC232, 0xC212, 0xC212, 0xC212, 0xB1B0, 0xD495, 0xBDF7, 0x0020, 0x0020, 0x0000, 0x0000, 0x0000, 0x0000, 0x0000, 0x0000,
  0x0000, 0x0000, 0x0000, 0x0000, 0x0000, 0x0000, 0x0000, 0x0000, 0x0000, 0x0020, 0x0000, 0x5ACB, 0xE579, 0xA9AF, 0xC232, 0xC232,
  0xBA11, 0xB9F1, 0xA9F0, 0xFEBD, 0xA554, 0x0000, 0x0000, 0x0000, 0x0000, 0x0000, 0x0000, 0x0000, 0x0020, 0x0000, 0xAD54, 0xDD18,
  0xA18F, 0xC232, 0xC232, 0xC232, 0xC252, 0xD375, 0xB211, 0xB9F1, 0xB9F1, 0xC211, 0xA9AE, 0xDD16, 0xA513, 0x0020, 0x0000, 0x0000,
  0x0000, 0x0000, 0x0000, 0x0000, 0x0000, 0x0000, 0x0000, 0x0000, 0x0000, 0x0000, 0x0000, 0x0000, 0x0000, 0x0000, 0x0000, 0x0000,
  0x0000, 0x0000, 0x0000, 0x0000, 0x0000, 0x0000, 0x0000, 0x0000, 0x0000, 0x0000, 0x0000, 0x0000, 0x0000, 0x0000, 0x0000, 0x0000,
  0x0000, 0x0000, 0x0000, 0x0000, 0x0000, 0x0000, 0x0000, 0x0000, 0x0000, 0x0000, 0x0000, 0x0000, 0x0000, 0x0000, 0x0000, 0x0000,
  0x0000, 0x0000, 0x0000, 0x0000, 0x0000, 0x0000, 0x0000, 0x0000, 0x0000, 0x0000, 0x0000, 0x0000, 0x0000, 0x0000, 0x0020, 0x8C71,
  0xD517, 0xA18F, 0xC232, 0xBA11, 0xBA11, 0xBA11, 0xB210, 0xC3F4, 0xF73D, 0x6B6D, 0x1903, 0x2144, 0xC5D7, 0xD4F7, 0xA9AF, 0xC212,
  0xC212, 0xC212, 0xBA11, 0xB1F0, 0xDD38, 0x6B4D, 0x0000, 0xE6FB, 0xBBF4, 0xB1B0, 0xC232, 0xC212, 0xB9F2, 0xC232, 0xA9D0, 0xCC76,
  0xCDF8, 0x5AEB, 0x52CB, 0x5B0C, 0x9CD3, 0xC475, 0xB1F0, 0xC212, 0xC212, 0xC212, 0xC232, 0xB9F1, 0xC393, 0x83F0, 0x0861, 0x0000,
  0x9CF3, 0xEE1A, 0x996D, 0xBA11, 0xC1F1, 0xC1F2, 0xB9F1, 0x996D, 0xF65B, 0x9CF3, 0x0000, 0x0020, 0x0000, 0x0000, 0x0000, 0x0000,
  0x0000, 0x0881, 0xCDF7, 0xB2B1, 0xB1B0, 0xB9F1, 0xB9F1, 0xB9D0, 0xB9D1, 0xB271, 0xE61A, 0xA534, 0x4269, 0x10E3, 0x2144, 0x6B8E,
  0xCE19, 0xCBD4, 0xB18F, 0xC1D1, 0xB190, 0xB190, 0xA14E, 0xDD57, 0x7BEE, 0x0000, 0x2944, 0xDD98, 0xA9D0, 0xC1F3, 0xB9D2, 0xC1F2,
  0xC1F3, 0xBA51, 0xAC52, 0x0020, 0x0000, 0x0000, 0x0000, 0x0000, 0xB514, 0xBAF2, 0xC1F2, 0xC1F2, 0xC213, 0xCA13, 0xB1B0, 0xDCF7,
  0x9CD2, 0x0000, 0x0020, 0x0020, 0x0000, 0x6B4C, 0xCC15, 0xB9D1, 0xC212, 0xC212, 0xCA33, 0xC212, 0xAB11, 0xFFDF, 0x31A6, 0x632C,
  0xFF7E, 0xAA0F, 0xB1F1, 0xB9D1, 0xC1F2, 0xC1F2, 0xB9D1, 0xA1CF, 0xE5B9, 0xE6FC, 0x9CD3, 0x52CA, 0x5AEB, 0xB556, 0xD4D7, 0x996E,
  0xB1B0, 0xB9F1, 0xC1F2, 0xB9F1, 0xB1B1, 0xB291, 0xCDB8, 0x52AA, 0xFFFF, 0xC4B5, 0x994D, 0xB9F1, 0xB9D1, 0xB9B1, 0xA14E, 0xBBD4,
  0xEF5D, 0x2165, 0x0000, 0x0000, 0x0000, 0x2124, 0xD5F9, 0xBAD2, 0xB9D1, 0xC1F2, 0xC212, 0xB1D1, 0xA9CF, 0xD4B7, 0xFFFE, 0xFFFF,
  0xC475, 0xA9AF, 0xC232, 0xC232, 0xC232, 0xC232, 0xA9D0, 0xC3B4, 0xEEDC, 0x9CF3, 0x52CB, 0x52CB, 0x8410, 0xBD97, 0xD4F8, 0xA9D0,
  0xC212, 0xC212, 0xC1F2, 0xC1F2, 0xC1F2, 0xA18F, 0xEE1A, 0x6B4D, 0x0000, 0x0000, 0x0000, 0x0000, 0x0000, 0x0000, 0x0000, 0x0000,
  0x0000, 0x0000, 0x0000, 0x0000, 0x0000, 0x0000, 0x0000, 0x0000, 0x0000, 0x0020, 0x0000, 0x5AEB, 0xE599, 0xA9AF, 0xC232, 0xC211,
  0xB9F0, 0xB9F0, 0xB1D0, 0xCC15, 0xF73D, 0xA4D3, 0x5A8A, 0x528A, 0x39E7, 0x0000, 0x0000, 0x0000, 0x0000, 0x0000, 0x18E3, 0xD5D8,
  0xAA50, 0xBA11, 0xC232, 0xC232, 0xC232, 0xB9F1, 0xC1F2, 0xB9F1, 0xB9F1, 0xB9F1, 0xA24F, 0xFF5D, 0x39E7, 0x0000, 0x0000, 0x0000,
  0x0000, 0x0000, 0x0000, 0x0000, 0x0000, 0x0000, 0x0000, 0x0000, 0x0000, 0x0000, 0x0000, 0x0000, 0x0000, 0x0000, 0x0000, 0x0000,
  0x0000, 0x0000, 0x0000, 0x0000, 0x0000, 0x0000, 0x0000, 0x0000, 0x0000, 0x0000, 0x0000, 0x0000, 0x0000, 0x0000, 0x0000, 0x0000,
  0x0000, 0x0000, 0x0000, 0x0000, 0x0000, 0x0000, 0x0000, 0x0000, 0x0000, 0x0000, 0x0000, 0x0000, 0x0000, 0x0000, 0x0000, 0x0000,
  0x0000, 0x0000, 0x0000, 0x0000, 0x0000, 0x0000, 0x0000, 0x0000, 0x0000, 0x0000, 0x0000, 0x0000, 0x0000, 0x0000, 0x0000, 0x10A2,
  0xFF5D, 0xB2F1, 0xB1D0, 0xBA11, 0xBA11, 0xBA11, 0xC212, 0xB1D0, 0xB2B1, 0xD4D7, 0xC4B6, 0xCCB6, 0xC3B4, 0xA9D0, 0xC212, 0xC212,
  0xC212, 0xC232, 0xB1F0, 0xAA70, 0xDE3A, 0x2124, 0x0000, 0x73AE, 0xFF5E, 0xA22F, 0xB9F1, 0xB9F1, 0xC212, 0xC212, 0xC232, 0xB1F0,
  0xBB13, 0xD4B7, 0xDD18, 0xDCF8, 0xCBB5, 0xB1D0, 0xB9F1, 0xC1F1, 0xB9F2, 0xBA11, 0xC232, 0xA9EF, 0xDDD9, 0x2124, 0x0000, 0x0000,
  0x9CF3, 0xEE1A, 0x996D, 0xC211, 0xC1F2, 0xC1F2, 0xC1F1, 0xA14E, 0xF63B, 0x9CF3, 0x0000, 0x0020, 0x0000, 0x0000, 0x0000, 0x0000,
  0x0020, 0x0000, 0x842F, 0xF65B, 0xA18E, 0xB9D1, 0xB9D1, 0xB9F1, 0xC1F2, 0xB9D1, 0xA9CF, 0xCC36, 0xE599, 0xD578, 0xD578, 0xDD18,
  0xBAF3, 0xB1F0, 0xC232, 0xC232, 0xB9F1, 0xB9F1, 0xA1CF, 0xE5F9, 0x4A89, 0x0000, 0x2144, 0xDD98, 0xA9D0, 0xC1F3, 0xB9D2, 0xC1F2,
  0xC1F2, 0xBA31, 0xAC73, 0x0020, 0x0000, 0x0000, 0x0000, 0x0000, 0xB514, 0xBAF2, 0xC1F2, 0xC1F2, 0xC212, 0xCA13, 0xB1B0, 0xDCF7,
  0x9CB2, 0x0000, 0x0020, 0x0020, 0x0000, 0x6B4C, 0xCC35, 0xB9D1, 0xC212, 0xC212, 0xCA13, 0xC1F2, 0xB332, 0xE6FB, 0x0041, 0x2124,
  0xFFBE, 0xC414, 0x990D, 0xB9F1, 0xC1F2, 0xC1F2, 0xC1F2, 0xC1F2, 0xA9D0, 0xC313, 0xD456, 0xDCD8, 0xD456, 0xC2F3, 0xB1D0, 0xC212,
  0xB9F1, 0xB9F2, 0xB9F1, 0xC212, 0xA14E, 0xCC55, 0xE6FB, 0x31A6, 0xEF7D, 0xD598, 0x998E, 0xC232, 0xB9F2, 0xB9F2, 0xC232, 0xA9B0,
  0xC374, 0xCD17, 0xA432, 0xA4B3, 0xA473, 0xD518, 0xC354, 0xB1B0, 0xC1F2, 0xC1F1, 0xC212, 0xB9F1, 0xA1CF, 0xE65B, 0xFFFF, 0xCE79,
  0xDE5A, 0xA20F, 0xC212, 0xC232, 0xC212, 0xC232, 0xC232, 0xBA11, 0xB271, 0xCBF5, 0xD497, 0xDCB8, 0xD436, 0xC2F3, 0xB1D0, 0xC232,
  0xC212, 0xC212, 0xB9F1, 0xC212, 0xB190, 0xC393, 0xD659, 0x0000, 0x0000, 0x0000, 0x0000, 0x0000, 0x0000, 0x0000, 0x0000, 0x0000,
  0x0000, 0x0000, 0x0000, 0x0000, 0x0000, 0x0000, 0x0000, 0x0000, 0x0000, 0x0020, 0x0000, 0x52A9, 0xE5F9, 0xA1CE, 0xC231, 0xBA11,
  0xB9F1, 0xB9F1, 0xC1F1, 0xB1D0, 0xBAD2, 0xD3D5, 0xCB94, 0xC393, 0xDDB7, 0xA554, 0x18C3, 0x0000, 0x0000, 0x0000, 0x0000, 0x9CB2,
  0xCC35, 0xB1B0, 0xC232, 0xBA11, 0xBA11, 0xC212, 0xC212, 0xB9F2, 0xB9F1, 0xA9CF, 0xD4D6, 0xD699, 0x0861, 0x0000, 0x0000, 0x0000,
  0x0000, 0x0000, 0x0000, 0x0000, 0x0000, 0x0000, 0x0000, 0x0000, 0x0000, 0x0000, 0x0000, 0x0000, 0x0000, 0x0000, 0x0000, 0x0000,
  0x0000, 0x0000, 0x0000, 0x0000, 0x0000, 0x0000, 0x0000, 0x0000, 0x0000, 0x0000, 0x0000, 0x0000, 0x0000, 0x0000, 0x0000, 0x0000,
  0x0000, 0x0000, 0x0000, 0x0000, 0x0000, 0x0000, 0x0000, 0x0000, 0x0000, 0x0000, 0x0000, 0x0000, 0x0000, 0x0000, 0x0000, 0x0000,
  0x0000, 0x0000, 0x0000, 0x0000, 0x0000, 0x0000, 0x0000, 0x0000, 0x0000, 0x0000, 0x0000, 0x0000, 0x0000, 0x0000, 0x0000, 0x0000,
  0x6B6D, 0xF6DC, 0xAA90, 0xA98F, 0xBA11, 0xBA11, 0xBA11, 0xBA11, 0xB9F1, 0xA9AF, 0xB1F0, 0xB1F0, 0xB9F1, 0xC232, 0xC232, 0xC232,
  0xC232, 0xB9F1, 0x996D, 0xE599, 0x5ACB, 0x0000, 0x0020, 0x0020, 0x7BCF, 0xEE5B, 0xAA0F, 0xA96F, 0xC232, 0xC211, 0xBA12, 0xC231,
  0xB9F1, 0xB1B0, 0xB1B0, 0xA9B0, 0xB1D0, 0xC211, 0xBA11, 0xBA11, 0xC212, 0xB9D1, 0xA18E, 0xE579, 0x8430, 0x0000, 0x0841, 0x0000,
  0x9D13, 0xEDFA, 0x996D, 0xC211, 0xC212, 0xC212, 0xC212, 0xA16E, 0xF63B, 0x9CF3, 0x0000, 0x0020, 0x0000, 0x0000, 0x0000, 0x0000,
  0x0000, 0x0000, 0x0841, 0x8C50, 0xE579, 0xA1AF, 0xB1B0, 0xC1F1, 0xC1F1, 0xC1F2, 0xB9F1, 0xB190, 0xB1B0, 0xB211, 0xB211, 0xB1D0,
  0xB9F1, 0xC232, 0xC212, 0xC232, 0xB9F1, 0x994D, 0xE538, 0xB595, 0x0000, 0x0000, 0x2124, 0xDDD9, 0xB231, 0xC233, 0xC1F2, 0xCA13,
  0xC9F3, 0xBA51, 0xAC53, 0x0020, 0x0000, 0x0000, 0x0000, 0x0000, 0xB4F4, 0xBAF2, 0xC1D2, 0xC1D2, 0xC1F2, 0xCA13, 0xB1B0, 0xDD17,
  0x9CD2, 0x0000, 0x0020, 0x0020, 0x0000, 0x6B2C, 0xD435, 0xB9D1, 0xC1F2, 0xC1F2, 0xCA13, 0xC1D2, 0xBB12, 0xCE18, 0x0020, 0x0000,
  0x39C7, 0xD639, 0xB352, 0xA16F, 0xC1F2, 0xC212, 0xC1F2, 0xC212, 0xC212, 0xB9D1, 0xB1B0, 0xB190, 0xB1B1, 0xB9F1, 0xC232, 0xC212,
  0xC212, 0xC212, 0xC212, 0xA96F, 0xBB73, 0xE6DB, 0x39C7, 0x0000, 0x4228, 0xF7BE, 0xC3D4, 0xA98F, 0xBA12, 0xBA12, 0xB9F1, 0xC212,
  0xB1D1, 0xB1D0, 0xBA72, 0xBAB2, 0xC292, 0xB1F1, 0xB9D0, 0xB9F2, 0xC212, 0xC212, 0xC212, 0xA14E, 0xC414, 0xF77D, 0x6B4D, 0x0000,
  0x5ACA, 0xDDB9, 0xA1CF, 0xB9D1, 0xC212, 0xC212, 0xC212, 0xC232, 0xC232, 0xB9D1, 0xB9D1, 0xB1B1, 0xB9D1, 0xC1F2, 0xC232, 0xC212,
  0xC212, 0xC212, 0xC1F2, 0xA970, 0xB2B1, 0xFF7F, 0x4249, 0x0000, 0x0000, 0x0000, 0x0000, 0x0000, 0x0000, 0x0000, 0x0000, 0x0000,
  0x0000, 0x0000, 0x0000, 0x0000, 0x0000, 0x0000, 0x0000, 0x0000, 0x0000, 0x0000, 0x0000, 0x0040, 0xE699, 0xAAB0, 0xB1B0, 0xC211,
  0xBA11, 0xC211, 0xC211, 0xC212, 0xB9D1, 0xB1B0, 0xB1D0, 0xB1AF, 0x9A0E, 0xFFDF, 0x4248, 0x0000, 0x0000, 0x0020, 0x0000, 0x4A48,
  0xEE5A, 0xA1EF, 0xC252, 0xC232, 0xC212, 0xC212, 0xC232, 0xC232, 0xB9F1, 0xAA50, 0xF71D, 0x4A69, 0x0000, 0x0020, 0x0000, 0x0000,
  0x0000, 0x0000, 0x0000, 0x0000, 0x0000, 0x0000, 0x0000, 0x0000, 0x0000, 0x0000, 0x0000, 0x0000, 0x0000, 0x0000, 0x0000, 0x0000,
  0x0000, 0x0000, 0x0000, 0x0000, 0x0000, 0x0000, 0x0000, 0x0000, 0x0000, 0x0000, 0x0000, 0x0000, 0x0000, 0x0000, 0x0000, 0x0000,
  0x0000, 0x0000, 0x0000, 0x0000, 0x0000, 0x0000, 0x0000, 0x0000, 0x0000, 0x0000, 0x0000, 0x0000, 0x0000, 0x0000, 0x0000, 0x0000,
  0x0000, 0x0000, 0x0000, 0x0000, 0x0000, 0x0000, 0x0000, 0x0000, 0x0000, 0x0000, 0x0000, 0x0000, 0x0000, 0x0000, 0x0000, 0x0020,
  0x0000, 0x6B6D, 0xF71D, 0xB352, 0x994D, 0xA96F, 0xB1B0, 0xB1D0, 0xB1F0, 0xBA11, 0xBA11, 0xBA11, 0xBA11, 0xBA11, 0xB9F1, 0xB9D0,
  0xB18F, 0xB250, 0xD558, 0x9CD2, 0x0000, 0x0020, 0x0000, 0x0000, 0x0000, 0x8410, 0xE61A, 0xB2D1, 0xA16E, 0xB190, 0xB1D0, 0xB1F0,
  0xB9F1, 0xBA11, 0xBA11, 0xBA11, 0xB9F1, 0xB1F0, 0xB1D0, 0xB1B0, 0xA96E, 0xAA2F, 0xE599, 0x7BCF, 0x0020, 0x0000, 0x0020, 0x0000,
  0x9D13, 0xEE3A, 0x910C, 0xB9D0, 0xB9D0, 0xB9D1, 0xB9D1, 0x992D, 0xF67B, 0xA554, 0x0000, 0x0020, 0x0000, 0x0000, 0x0000, 0x0000,
  0x0000, 0x0000, 0x0000, 0x0000, 0x9471, 0xE5D9, 0xB290, 0xA14E, 0xB16F, 0xB190, 0xB1B0, 0xB1D1, 0xB1D1, 0xB1F0, 0xB1F0, 0xB9F1,
  0xB1D0, 0xB1B0, 0xB190, 0xA94E, 0xA9EF, 0xD517, 0xD679, 0x2944, 0x0000, 0x0000, 0x2144, 0xE63A, 0xA1AF, 0xC1D2, 0xB9B1, 0xB9D1,
  0xC1B1, 0xAA10, 0xB4B4, 0x0000, 0x0000, 0x0000, 0x0000, 0x0000, 0xBD75, 0xB291, 0xB170, 0xB190, 0xB190, 0xB9B1, 0xA12E, 0xD516,
  0xA533, 0x0000, 0x0020, 0x0020, 0x0000, 0x738E, 0xCC35, 0xA96F, 0xB9B1, 0xB190, 0xB9B1, 0xA94F, 0xBB32, 0x83CE, 0x0000, 0x0020,
  0x0000, 0x1082, 0xA4D3, 0xCC76, 0xAA10, 0xA96F, 0xB1B0, 0xB9D1, 0xB9D1, 0xB9F1, 0xBA11, 0xBA11, 0xBA11, 0xB9F1, 0xB9F1, 0xB9D1,
  0xB9B1, 0xA990, 0xA9CF, 0xD476, 0xD659, 0x2104, 0x0000, 0x0020, 0x0000, 0x2965, 0xBD76, 0xC3F4, 0xA1CF, 0xA96F, 0xA970, 0xB190,
  0xB1D1, 0xB1D1, 0xA9B0, 0xA9B0, 0xB1B0, 0xB1D1, 0xB9F1, 0xB1D0, 0xB1B0, 0xA96F, 0xA9CF, 0xC414, 0xB596, 0x31C7, 0x0000, 0x0020,
  0x0000, 0x6B8E, 0xDDF9, 0xBB12, 0xA98F, 0xB190, 0xB9D1, 0xB9D1, 0xB9F1, 0xB9F1, 0xBA12, 0xBA12, 0xB9F1, 0xBA11, 0xB9F1, 0xB9D1,
  0xB1B1, 0xA96F, 0xA9AF, 0xC3D4, 0xF71C, 0x6B6D, 0x0000, 0x0000, 0x0000, 0x0000, 0x0000, 0x0000, 0x0000, 0x0000, 0x0000, 0x0000,
  0x0000, 0x0000, 0x0000, 0x0000, 0x0000, 0x0000, 0x0000, 0x0000, 0x0000, 0x0000, 0x0000, 0x0000, 0x842F, 0xFEBC, 0x99CE, 0xA14E,
  0xB1AF, 0xB1D0, 0xB9F0, 0xB9F1, 0xBA11, 0xBA11, 0xBA11, 0xB9F0, 0x916C, 0xF6DB, 0x4A48, 0x0000, 0x0000, 0x0000, 0x0000, 0x0020,
  0xE71B, 0xBB92, 0xA16E, 0xB9F1, 0xB1D0, 0xB9D0, 0xB9F0, 0xB9F1, 0xA16E, 0xC3F4, 0xEF5D, 0x0000, 0x0000, 0x0000, 0x0000, 0x0000,
  0x0000, 0x0000, 0x0000, 0x0000, 0x0000, 0x0000, 0x0000, 0x0000, 0x0000, 0x0000, 0x0000, 0x0000, 0x0000, 0x0000, 0x0000, 0x0000,
  0x0000, 0x0000, 0x0000, 0x0000, 0x0000, 0x0000, 0x0000, 0x0000, 0x0000, 0x0000, 0x0000, 0x0000, 0x0000, 0x0000, 0x0000, 0x0000,
  0x0000, 0x0000, 0x0000, 0x0000, 0x0000, 0x0000, 0x0000, 0x0000, 0x0000, 0x0000, 0x0000, 0x0000, 0x0000, 0x0000, 0x0000, 0x0000,
  0x0000, 0x0000, 0x0000, 0x0000, 0x0000, 0x0000, 0x0000, 0x0000, 0x0000, 0x0000, 0x0000, 0x0000, 0x0000, 0x0000, 0x0000, 0x0000,
  0x0020, 0x0000, 0x4248, 0xC618, 0xDD78, 0xC373, 0xB271, 0xB1D0, 0xB1D0, 0xB1D0, 0xB1B0, 0xB1D0, 0xBA11, 0xBA11, 0xBA71, 0xBAD2,
  0xCC96, 0xD5F8, 0x4A49, 0x0000, 0x0000, 0x0000, 0x0000, 0x0000, 0x0000, 0x0000, 0x31A6, 0xB535, 0xCCB6, 0xBB12, 0xB231, 0xB1F0,
  0xB1F1, 0xB1D0, 0xB1D0, 0xB1D0, 0xB9F1, 0xB1F0, 0xB251, 0xB2D2, 0xCCB6, 0xC576, 0x632C, 0x0000, 0x0000, 0x0000, 0x0000, 0x0000,
  0x3A07, 0xFF5D, 0xB311, 0xBA10, 0xC232, 0xC232, 0xBA11, 0xBB73, 0xF75D, 0x52AA, 0x0000, 0x0000, 0x0000, 0x0000, 0x0000, 0x0000,
  0x0000, 0x0000, 0x0000, 0x0000, 0x0000, 0x5AEB, 0xB514, 0xCC95, 0xBB12, 0xB231, 0xB1F0, 0xB1B0, 0xB1D0, 0xA990, 0xB1B0, 0xB1D0,
  0xB1F1, 0xB211, 0xB291, 0xC434, 0xB4F4, 0x94D2, 0x0020, 0x0000, 0x0000, 0x0000, 0x18C2, 0xE6DB, 0xCC56, 0xBA52, 0xBA12, 0xC232,
  0xBA31, 0xD455, 0xBD96, 0x0000, 0x0000, 0x0000, 0x0000, 0x0000, 0xA533, 0xDD38, 0xB211, 0xB1D1, 0xB1B1, 0xB9F1, 0xB2D1, 0xFF5D,
  0x5B0B, 0x0000, 0x0000, 0x0000, 0x0000, 0x5ACB, 0xF6DC, 0xB2B1, 0xBA32, 0xB9D1, 0xBA32, 0xAA30, 0xEE1A, 0x6B6D, 0x0000, 0x0020,
  0x0000, 0x0000, 0x0000, 0x6B8D, 0xBD36, 0xCC55, 0xBAB2, 0xB1F0, 0xB1B0, 0xA990, 0xB1B0, 0xB1B0, 0xB1D0, 0xB9F1, 0xB9F1, 0xBA72,
  0xBAB2, 0xC3F5, 0xE65A, 0xAD75, 0x0882, 0x0000, 0x0000, 0x0000, 0x0000, 0x0000, 0x0000, 0x8C51, 0xC536, 0xC3F5, 0xB2B2, 0xB231,
  0xB9F1, 0xB1B0, 0xB9D1, 0xB1D1, 0xB9F1, 0xB1D1, 0xB1F1, 0xBA52, 0xB250, 0xC3D4, 0xBCF6, 0x9CF2, 0x0000, 0x0000, 0x0000, 0x0000,
  0x0000, 0x0000, 0x4248, 0xA514, 0xD537, 0xCB94, 0xBA92, 0xBA11, 0xB1D1, 0xB1D0, 0xB1B0, 0xB1B0, 0xB9D1, 0xB1D1, 0xB1D0, 0xB211,
  0xB291, 0xCC35, 0xC516, 0xB5B6, 0x39C7, 0x0000, 0x0000, 0x0000, 0x0000, 0x0000, 0x0000, 0x0000, 0x0000, 0x0000, 0x0000, 0x0000,
  0x0000, 0x0000, 0x0000, 0x0000, 0x0000, 0x0000, 0x0000, 0x0000, 0x0000, 0x0000, 0x0000, 0x0000, 0x0000, 0x738E, 0xE67B, 0xC3B3,
  0xB271, 0xBA31, 0xB1F0, 0xB9F1, 0xB9F1, 0xB9F1, 0xBA10, 0xA9EF, 0xC455, 0xFFDE, 0x3185, 0x0000, 0x0000, 0x0000, 0x0000, 0x0000,
  0x39C7, 0xDE39, 0xB312, 0xB230, 0xBA31, 0xBA31, 0xC252, 0xBA51, 0xB2F1, 0xFFBF, 0x7BEF, 0x0000, 0x0020, 0x0000, 0x0000, 0x0000,
  0x0000, 0x0000, 0x0000, 0x0000, 0x0000, 0x0000, 0x0000, 0x0000, 0x0000, 0x0000, 0x0000, 0x0000, 0x0000, 0x0000, 0x0000, 0x0000,
  0x0000, 0x0000, 0x0000, 0x0000, 0x0000, 0x0000, 0x0000, 0x0000, 0x0000, 0x0000, 0x0000, 0x0000, 0x0000, 0x0000, 0x0000, 0x0000,
  0x0000, 0x0000, 0x0000, 0x0000, 0x0000, 0x0000, 0x0000, 0x0000, 0x0000, 0x0000, 0x0000, 0x0000, 0x0000, 0x0000, 0x0000, 0x0000,
  0x0000, 0x0000, 0x0000, 0x0000, 0x0000, 0x0000, 0x0000, 0x0000, 0x0000, 0x0000, 0x0000, 0x0000, 0x0000, 0x0000, 0x0000, 0x0000,
  0x0000, 0x0000, 0x0000, 0x0000, 0x52CA, 0x8430, 0x9C52, 0xBCD5, 0xBC54, 0xCC96, 0xD4B7, 0xCC76, 0xB3F3, 0xCCF6, 0xA453, 0x9CB3,
  0x52CB, 0x0881, 0x0000, 0x0000, 0x0000, 0x0000, 0x0000, 0x0000, 0x0000, 0x0000, 0x0000, 0x0000, 0x4A69, 0x94B2, 0x9C52, 0xC4F6,
  0xCCB6, 0xD4F8, 0xD4B7, 0xD497, 0xBC34, 0xC4B5, 0x93D1, 0xA514, 0x6B6D, 0x0040, 0x0000, 0x0000, 0x0000, 0x0000, 0x0000, 0x0000,
  0x0000, 0x31A6, 0xA4D3, 0x9390, 0x8B50, 0x9390, 0x93B0, 0xA4F4, 0x2965, 0x0000, 0x0000, 0x0000, 0x0000, 0x0000, 0x0000, 0x0000,
  0x0000, 0x0000, 0x0000, 0x0000, 0x0000, 0x0000, 0x0000, 0x5289, 0x9CD3, 0x93F1, 0x9B91, 0xBC34, 0xB3B2, 0xCC56, 0xBBF4, 0xBC14,
  0xC495, 0x9390, 0xA4B3, 0x5B0C, 0x0020, 0x0000, 0x0000, 0x0000, 0x0000, 0x0000, 0x0000, 0x2104, 0xA514, 0x93F1, 0x8B2F, 0x8B4F,
  0x8BB0, 0xAD55, 0x2945, 0x0000, 0x0000, 0x0000, 0x0000, 0x0000, 0x0020, 0x840F, 0x9C31, 0x8ACE, 0x8AEE, 0x8B2F, 0xA4D4, 0x6B6D,
  0x0000, 0x0000, 0x0000, 0x0000, 0x0000, 0x0000, 0x6B6D, 0xA4B3, 0x8B2F, 0x8AEF, 0x8B4F, 0x9C72, 0x73AE, 0x0020, 0x0000, 0x0000,
  0x0000, 0x0000, 0x0000, 0x0000, 0x0882, 0x73AE, 0xA4B3, 0xAC73, 0xC4B6, 0xD4D7, 0xD4B7, 0xD4B7, 0xD4D7, 0xBC34, 0xC4D6, 0x93F1,
  0xA4B3, 0x6B6D, 0x31E7, 0x0000, 0x0000, 0x0000, 0x0000, 0x0000, 0x0000, 0x0000, 0x0000, 0x0000, 0x10C2, 0x5AEB, 0xA4D3, 0x93D1,
  0xABF3, 0xBC54, 0xB3D3, 0xBC14, 0xB3B3, 0xB3F4, 0xB434, 0x9390, 0xA492, 0x7BAE, 0x10C3, 0x0000, 0x0000, 0x0000, 0x0000, 0x0000,
  0x0000, 0x0000, 0x0000, 0x0000, 0x4228, 0x738E, 0x9C32, 0xB474, 0xC475, 0xC435, 0xD497, 0xD476, 0xB3B3, 0xBC14, 0xC4B6, 0xA412,
  0xA493, 0x8451, 0x2145, 0x0000, 0x0000, 0x0000, 0x0000, 0x0000, 0x0000, 0x0000, 0x0000, 0x0000, 0x0000, 0x0000, 0x0000, 0x0000,
  0x0000, 0x0000, 0x0000, 0x0000, 0x0000, 0x0000, 0x0000, 0x0000, 0x0000, 0x0000, 0x0000, 0x0000, 0x0000, 0x0000, 0x31C6, 0x738E,
  0x9C73, 0x9BD1, 0xCD17, 0xC495, 0xC495, 0xC495, 0xCCF6, 0xC556, 0xAD55, 0x31A6, 0x0000, 0x0000, 0x0000, 0x0000, 0x0000, 0x0000,
  0x0000, 0x52AA, 0xAD35, 0x8B6F, 0x8B0F, 0x8B0F, 0x9370, 0x93B0, 0x9472, 0x632C, 0x0000, 0x0000, 0x0000, 0x0000, 0x0000, 0x0000,
  0x0000, 0x0000, 0x0000, 0x0000, 0x0000, 0x0000, 0x0000, 0x0000, 0x0000, 0x0000, 0x0000, 0x0000, 0x0000, 0x0000, 0x0000, 0x0000,
  0x0000, 0x0000, 0x0000, 0x0000, 0x0000, 0x0000, 0x0000, 0x0000, 0x0000, 0x0000, 0x0000, 0x0000, 0x0000, 0x0000, 0x0000, 0x0000,
  0x0000, 0x0000, 0x0000, 0x0000, 0x0000, 0x0000, 0x0000, 0x0000, 0x0000, 0x0000, 0x0000, 0x0000, 0x0000, 0x0000, 0x0000, 0x0000,
  0x0000, 0x0000, 0x0000, 0x0000, 0x0000, 0x0000, 0x0000, 0x0000, 0x0000, 0x0000, 0x0000, 0x0000, 0x0000, 0x0000, 0x0000, 0x0000,
  0x0000, 0x0000, 0x0000, 0x0000, 0x0000, 0x0000, 0x0000, 0x10A2, 0x10E3, 0x4248, 0x52CA, 0x4228, 0x10C2, 0x10E3, 0x0000, 0x0000,
  0x0000, 0x0000, 0x0000, 0x0000, 0x0000, 0x0000, 0x0000, 0x0000, 0x0000, 0x0000, 0x0000, 0x0000, 0x0000, 0x0000, 0x0000, 0x10E3,
  0x31A6, 0x52CA, 0x52AA, 0x4A89, 0x10C3, 0x10C2, 0x0000, 0x0000, 0x0000, 0x0000, 0x0000, 0x0000, 0x0000, 0x0000, 0x0000, 0x0000,
  0x0000, 0x0000, 0x0000, 0x0000, 0x0000, 0x0000, 0x0000, 0x0000, 0x0000, 0x0000, 0x0000, 0x0000, 0x0000, 0x0000, 0x0000, 0x0000,
  0x0000, 0x0000, 0x0000, 0x0000, 0x0000, 0x0000, 0x0000, 0x0000, 0x0000, 0x0000, 0x0020, 0x10E3, 0x10C2, 0x4A89, 0x31A6, 0x10C3,
  0x10C2, 0x0000, 0x0000, 0x0000, 0x0000, 0x0000, 0x0000, 0x0000, 0x0000, 0x0000, 0x0000, 0x0000, 0x0000, 0x0000, 0x0000, 0x0000,
  0x0000, 0x0000, 0x0000, 0x0000, 0x0000, 0x0000, 0x0000, 0x0000, 0x0000, 0x0000, 0x0000, 0x0000, 0x0000, 0x0000, 0x0000, 0x0000,
  0x0000, 0x0000, 0x0000, 0x0000, 0x0000, 0x0000, 0x0000, 0x0000, 0x0000, 0x0000, 0x0000, 0x0000, 0x0000, 0x0000, 0x0000, 0x0000,
  0x0000, 0x0000, 0x0000, 0x0000, 0x0000, 0x0000, 0x0000, 0x0061, 0x10E3, 0x4A69, 0x52CA, 0x52CA, 0x4A89, 0x10C3, 0x10C2, 0x0000,
  0x0000, 0x0000, 0x0000, 0x0000, 0x0000, 0x0000, 0x0000, 0x0000, 0x0000, 0x0000, 0x0000, 0x0000, 0x0000, 0x0000, 0x0000, 0x0000,
  0x0061, 0x10E3, 0x10C2, 0x2986, 0x18E3, 0x10C3, 0x0882, 0x0000, 0x0000, 0x0000, 0x0000, 0x0000, 0x0000, 0x0000, 0x0000, 0x0000,
  0x0000, 0x0000, 0x0000, 0x0000, 0x0000, 0x0000, 0x0000, 0x0881, 0x10E3, 0x31A6, 0x52AA, 0x528A, 0x18E3, 0x10C2, 0x10E3, 0x0020,
  0x0000, 0x0000, 0x0000, 0x0000, 0x0000, 0x0000, 0x0000, 0x0000, 0x0000, 0x0000, 0x0000, 0x0000, 0x0000, 0x0000, 0x0000, 0x0000,
  0x0000, 0x0000, 0x0000, 0x0000, 0x0000, 0x0000, 0x0000, 0x0000, 0x0000, 0x0000, 0x0000, 0x0000, 0x0000, 0x0000, 0x0000, 0x0000,
  0x0000, 0x0000, 0x10C3, 0x10C2, 0x10C2, 0x10C2, 0x10E3, 0x0882, 0x0000, 0x0000, 0x0000, 0x0000, 0x0000, 0x0000, 0x0000, 0x0000,
  0x0000, 0x0000, 0x0000, 0x0000, 0x0000, 0x0000, 0x0000, 0x0000, 0x0000, 0x0000, 0x0000, 0x0000, 0x0000, 0x0000, 0x0000, 0x0000,
  0x0000, 0x0000, 0x0000, 0x0000, 0x0000, 0x0000, 0x0000, 0x0000, 0x0000, 0x0000, 0x0000, 0x0000, 0x0000, 0x0000, 0x0000, 0x0000,
  0x0000, 0x0000, 0x0000, 0x0000, 0x0000, 0x0000, 0x0000, 0x0000, 0x0000, 0x0000, 0x0000, 0x0000, 0x0000, 0x0000, 0x0000, 0x0000,
  0x0000, 0x0000, 0x0000, 0x0000, 0x0000, 0x0000, 0x0000, 0x0000, 0x0000, 0x0000, 0x0000, 0x0000, 0x0000, 0x0000, 0x0000, 0x0000,
  0x0000, 0x0000, 0x0000, 0x0000, 0x0000, 0x0000, 0x0000, 0x0000, 0x0000, 0x0000, 0x0000, 0x0000, 0x0000, 0x0000, 0x0000, 0x0000,
  0x0000, 0x0000, 0x0000, 0x0000, 0x0000, 0x0000, 0x0000, 0x0000, 0x0000, 0x0000, 0x0000, 0x0000, 0x0000, 0x0000, 0x0000, 0x0000,
  0x0000, 0x0000, 0x0000, 0x0000, 0x0000, 0x0000, 0x0000, 0x0000, 0x0000, 0x0000, 0x0000, 0x0000, 0x0000, 0x0000, 0x0000, 0x0000,
  0x0000, 0x0000, 0x0000, 0x0000, 0x0000, 0x0000, 0x0000, 0x0000, 0x0020, 0x0000, 0x0000, 0x0000, 0x0000, 0x0000, 0x0000, 0x0000,
  0x0000, 0x0000, 0x0000, 0x0000, 0x0000, 0x0000, 0x0000, 0x0000, 0x0000, 0x0000, 0x0000, 0x0000, 0x0000, 0x0000, 0x0000, 0x0000,
  0x0000, 0x0000, 0x0000, 0x0000, 0x0000, 0x0000, 0x0000, 0x0000, 0x0000, 0x0000, 0x0000, 0x0000, 0x0000, 0x0000, 0x0000, 0x0000,
  0x0000, 0x0000, 0x0000, 0x0000, 0x0000, 0x0000, 0x0000, 0x0000, 0x0000, 0x0000, 0x0000, 0x0000, 0x0000, 0x0000, 0x0000, 0x0000,
  0x0000, 0x0000, 0x0000, 0x0000, 0x0000, 0x0000, 0x0000, 0x0000, 0x0000, 0x0000, 0x0000, 0x0000, 0x0000, 0x0000, 0x0000, 0x0000,
  0x0000, 0x0000, 0x0000, 0x0000, 0x0000, 0x0000, 0x0020, 0x0000, 0x0000, 0x0000, 0x0000, 0x0000, 0x0020, 0x0000, 0x0000, 0x0000,
  0x0000, 0x0000, 0x0000, 0x0000, 0x0000, 0x0000, 0x0000, 0x0000, 0x0000, 0x0000, 0x0000, 0x0000, 0x0000, 0x0000, 0x0000, 0x0000,
  0x0000, 0x0020, 0x0000, 0x0000, 0x0000, 0x0000, 0x0000, 0x0000, 0x0000, 0x0000, 0x0000, 0x0000, 0x0000, 0x0000, 0x0000, 0x0000,
  0x0000, 0x0000, 0x0000, 0x0000, 0x0000, 0x0000, 0x0000, 0x0000, 0x0000, 0x0020, 0x0000, 0x0000, 0x0000, 0x0000, 0x0000, 0x0000,
  0x0000, 0x0000, 0x0000, 0x0000, 0x0000, 0x0000, 0x0000, 0x0000, 0x0000, 0x0000, 0x0000, 0x0000, 0x0000, 0x0000, 0x0000, 0x0000,
  0x0000, 0x0000, 0x0000, 0x0000, 0x0000, 0x0000, 0x0000, 0x0000, 0x0000, 0x0000, 0x0000, 0x0000, 0x0000, 0x0000, 0x0000, 0x0000,
  0x0000, 0x0000, 0x0000, 0x0000, 0x0000, 0x0000, 0x0000, 0x0000, 0x0000, 0x0000, 0x0000, 0x0000, 0x0000, 0x0000, 0x0000, 0x0020,
  0x0000, 0x0000, 0x0000, 0x0000, 0x0000, 0x0000, 0x0000, 0x0000, 0x0000, 0x0000, 0x0000, 0x0000, 0x0000, 0x0000, 0x0000, 0x0000,
  0x0000, 0x0000, 0x0000, 0x0000, 0x0000, 0x0000, 0x0000, 0x0000, 0x0000, 0x0020, 0x0000, 0x0000, 0x0000, 0x0000, 0x0000, 0x0000,
  0x0000, 0x0000, 0x0000, 0x0000, 0x0000, 0x0000, 0x0000, 0x0000, 0x0000, 0x0000, 0x0000, 0x0000, 0x0000, 0x0000, 0x0000, 0x0000,
  0x0000, 0x0000, 0x0000, 0x0000, 0x0000, 0x0000, 0x0000, 0x0000, 0x0000, 0x0000, 0x0000, 0x0000, 0x0000, 0x0000, 0x0000, 0x0000,
  0x0000, 0x0000, 0x0000, 0x0000, 0x0000, 0x0000, 0x0000, 0x0000, 0x0000, 0x0000, 0x0000, 0x0000, 0x0000, 0x0000, 0x0000, 0x0000,
  0x0000, 0x0000, 0x0000, 0x0000, 0x0000, 0x0000, 0x0000, 0x0000, 0x0000, 0x0000, 0x0000, 0x0000, 0x0000, 0x0000, 0x0000, 0x0000,
  0x0000, 0x0000, 0x0000, 0x0000, 0x0000, 0x0000, 0x0000, 0x0000, 0x0000, 0x0000, 0x0000, 0x0000, 0x0000, 0x0000, 0x0000, 0x0000,
  0x0000, 0x0000, 0x0000, 0x0000, 0x0000, 0x0000, 0x0000, 0x0000, 0x0000, 0x0000, 0x0000, 0x0000, 0x0000, 0x0000, 0x0000, 0x0000,
  0x0000, 0x0000, 0x0000, 0x0000, 0x0000, 0x0000, 0x0000, 0x0000, 0x0000, 0x0000, 0x0000, 0x0000, 0x0000, 0x0000, 0x0000, 0x0000,
  0x0000, 0x0000, 0x0000, 0x0000, 0x0000, 0x0000, 0x0000, 0x0000, 0x0000, 0x0000, 0x0000, 0x0000, 0x0000, 0x0000, 0x0000, 0x0000,
  0x0000, 0x0000, 0x0000, 0x0000, 0x0000, 0x0000, 0x0000, 0x0000, 0x0000, 0x0000, 0x0000, 0x0000, 0x0000, 0x0000, 0x0000, 0x0000,
  0x0000, 0x0000, 0x0000, 0x0000, 0x0000, 0x0000, 0x0000, 0x0000, 0x0000, 0x0000, 0x0000, 0x0000, 0x0000, 0x0000, 0x0000, 0x0000,
  0x0000, 0x0000, 0x0000, 0x0000, 0x0000, 0x0000, 0x0000, 0x0000, 0x0000, 0x0000, 0x0000, 0x0000, 0x0000, 0x0000, 0x0000, 0x0000,
  0x0000, 0x0000, 0x0000, 0x0000, 0x0000, 0x0000, 0x0000, 0x0000, 0x0000, 0x0000, 0x0000, 0x0000, 0x0000, 0x0000, 0x0000, 0x0000,
  0x0000, 0x0000, 0x0000, 0x0000, 0x0000, 0x0000, 0x0000, 0x0000, 0x0000, 0x0000, 0x0000, 0x0000, 0x0000, 0x0000, 0x0000, 0x0000,
  0x0000, 0x0000, 0x0000, 0x0000, 0x0000, 0x0000, 0x0000, 0x0000, 0x0000, 0x0000, 0x0000, 0x0000, 0x0000, 0x0000, 0x0000, 0x0000,
  0x0000, 0x0000, 0x0000, 0x0000, 0x0000, 0x0000, 0x0000, 0x0000, 0x0000, 0x0000, 0x0000, 0x0000, 0x0000, 0x0000, 0x0000, 0x0000,
  0x0000, 0x0000, 0x0000, 0x0000, 0x0000, 0x0000, 0x0000, 0x0000, 0x0000, 0x0000, 0x0000, 0x0000, 0x0000, 0x0000, 0x0000, 0x0000,
  0x0000, 0x0000, 0x0000, 0x0000, 0x0000, 0x0000, 0x0000, 0x0000, 0x0000, 0x0000, 0x0000, 0x0000, 0x0000, 0x0000, 0x0000, 0x0000,
  0x0000, 0x0000, 0x0000, 0x0000, 0x0000, 0x0000, 0x0000, 0x0000, 0x0000, 0x0000, 0x0000, 0x0000, 0x0000, 0x0000, 0x0000, 0x0000,
  0x0000, 0x0000, 0x0000, 0x0000, 0x0000, 0x0000, 0x0000, 0x0000, 0x0000, 0x0000, 0x0000, 0x0000, 0x0000, 0x0000, 0x0000, 0x0000,
  0x0000, 0x0000, 0x0000, 0x0000, 0x0000, 0x0000, 0x0000, 0x0000, 0x0000, 0x0000, 0x0000, 0x0000, 0x0000, 0x0000, 0x0000, 0x0000,
  0x0000, 0x0000, 0x0000, 0x0000, 0x0000, 0x0000, 0x0000, 0x0000, 0x0000, 0x0000, 0x0000, 0x0000, 0x0000, 0x0000, 0x0000, 0x0000,
  0x0000, 0x0000, 0x0000, 0x0000, 0x0000, 0x0000, 0x0000, 0x0000, 0x0000, 0x0000, 0x0000, 0x0000, 0x0000, 0x0000, 0x0000, 0x0000,
  0x0000, 0x0000, 0x0000, 0x0000, 0x0000, 0x0000, 0x0000, 0x0000, 0x0000, 0x0000, 0x0000, 0x0000, 0x0000, 0x0000, 0x0000, 0x0000,
  0x0000, 0x0000, 0x0000, 0x0000, 0x0000, 0x0000, 0x0000, 0x0000, 0x0000, 0x0000, 0x0000, 0x0000, 0x0000, 0x0000, 0x0000, 0x0000,
  0x0000, 0x0000, 0x0000, 0x0000, 0x0000, 0x0000, 0x0000, 0x0000, 0x0000, 0x0000, 0x0000, 0x0000, 0x0000, 0x0000, 0x0000, 0x0000,
  0x0000, 0x0000, 0x0000, 0x0000, 0x0000, 0x0000, 0x0000, 0x0000, 0x0000, 0x0000, 0x0000, 0x0000, 0x0000, 0x0000, 0x0000, 0x0000,
  0x0000, 0x0000, 0x0000, 0x0000, 0x0000, 0x0000, 0x0000, 0x0000, 0x0000, 0x0000, 0x0000, 0x0000, 0x0000, 0x0000, 0x0000, 0x0000,
  0x0000, 0x0000, 0x0000, 0x0000, 0x0000, 0x0000, 0x0000, 0x0000, 0x0000, 0x0000, 0x0000, 0x0000, 0x0000, 0x0000, 0x0000, 0x0000,
  0x0000, 0x0000, 0x0000, 0x0000, 0x0000, 0x0000, 0x0000, 0x0000, 0x0000, 0x0000, 0x0000, 0x0000, 0x0000, 0x0000, 0x0000, 0x0000,
  0x0000, 0x0000, 0x0000, 0x0000, 0x0000, 0x0000, 0x0000, 0x0000, 0x0000, 0x0000, 0x0000, 0x0000, 0x0000, 0x0000, 0x0000, 0x0000,
  0x0000, 0x0000, 0x0000, 0x0000, 0x0000, 0x0000, 0x0000, 0x0000, 0x0000, 0x0000, 0x0000, 0x0000, 0x0000, 0x0000, 0x0000, 0x0000,
  0x0000, 0x0000, 0x0000, 0x0000, 0x0000, 0x0000, 0x0000, 0x0000, 0x0000, 0x0000, 0x0000, 0x0000, 0x0000, 0x0000, 0x0000, 0x0000,
  0x0000, 0x0000, 0x0000, 0x0000, 0x0000, 0x0000, 0x0000, 0x0000, 0x0000, 0x0000, 0x0000, 0x0000, 0x0000, 0x0000, 0x0000, 0x0000,
  0x0000, 0x0000, 0x0000, 0x0000, 0x0000, 0x0000, 0x0000, 0x0000, 0x0000, 0x0000, 0x0000, 0x0000, 0x0000, 0x0000, 0x0000, 0x0000,
  0x0000, 0x0000, 0x0000, 0x0000, 0x0000, 0x0000, 0x0000, 0x0000, 0x0000, 0x0000, 0x0000, 0x0000, 0x0000, 0x0000, 0x0000, 0x0000,
  0x0000, 0x0000, 0x0000, 0x0000, 0x0000, 0x0000, 0x0000, 0x0000, 0x0000, 0x0000, 0x0000, 0x0000, 0x0000, 0x0000, 0x0000, 0x0000,
  0x0000, 0x0000, 0x0000, 0x0000, 0x0000, 0x0000, 0x0000, 0x0000, 0x0000, 0x0000, 0x0000, 0x0000, 0x0000, 0x0000, 0x0000, 0x0000,
  0x0000, 0x0000, 0x0000, 0x0000, 0x0000, 0x0000, 0x0000, 0x0000, 0x0000, 0x0000, 0x0000, 0x0000, 0x0000, 0x0000, 0x0000, 0x0000,
  0x0000, 0x0000, 0x0000, 0x0000, 0x0000, 0x0000, 0x0000, 0x0000, 0x0000, 0x0000, 0x0000, 0x0000, 0x0000, 0x0000, 0x0000, 0x0000,
  0x0000, 0x0000, 0x0000, 0x0000, 0x0000, 0x0000, 0x0000, 0x0000, 0x0000, 0x0000, 0x0000, 0x0000, 0x0000, 0x0000, 0x0000, 0x0000,
  0x0000, 0x0000, 0x0000, 0x0000, 0x0000, 0x0000, 0x0000, 0x0000, 0x0000, 0x0000, 0x0000, 0x0000, 0x0000, 0x0000, 0x0000, 0x0000,
  0x0000, 0x0000, 0x0000, 0x0000, 0x0000, 0x0000, 0x0000, 0x0000, 0x0000, 0x0000, 0x0000, 0x0000, 0x0000, 0x0000, 0x0000, 0x0000,
  0x0000, 0x0000, 0x0000, 0x0000, 0x0000, 0x0000, 0x0000, 0x0000, 0x0000, 0x0000, 0x0000, 0x0000, 0x0000, 0x0000, 0x0000, 0x0000,
  0x0000, 0x0000, 0x0000, 0x0000, 0x0000, 0x0000, 0x0000, 0x0000, 0x0000, 0x0000, 0x0000, 0x0000, 0x0000, 0x0000, 0x0000, 0x0000,
  0x0000, 0x0000, 0x0000, 0x0000, 0x0000, 0x0000, 0x0000, 0x0000, 0x0000, 0x0000, 0x0000, 0x0000, 0x0000, 0x0000, 0x0000, 0x0000,
  0x0000, 0x0000, 0x0000, 0x0000, 0x0000, 0x0000, 0x0000, 0x0000, 0x0000, 0x0000, 0x0020, 0x0000, 0x0000, 0x0000, 0x0000, 0x0000,
  0x0000, 0x0020, 0x0020, 0x0020, 0x0020, 0x0000, 0x0020, 0x0020, 0x0020, 0x0020, 0x0020, 0x0020, 0x0020, 0x0000, 0x0000, 0x0000,
  0x0000, 0x0000, 0x0000, 0x0000, 0x0000, 0x0000, 0x0020, 0x0020, 0x0020, 0x0000, 0x0000, 0x0000, 0x0000, 0x0000, 0x0000, 0x0000,
  0x0020, 0x0020, 0x0020, 0x0020, 0x0020, 0x0000, 0x0000, 0x0000, 0x0000, 0x0020, 0x0020, 0x0020, 0x0020, 0x0020, 0x0020, 0x0000,
  0x0000, 0x0000, 0x0000, 0x0000, 0x0020, 0x0020, 0x0020, 0x0020, 0x0020, 0x0020, 0x0000, 0x0000, 0x0000, 0x0020, 0x0020, 0x0020,
  0x0020, 0x0020, 0x0000, 0x0000, 0x0000, 0x0000, 0x0000, 0x0000, 0x0020, 0x0020, 0x0020, 0x0000, 0x0000, 0x0000, 0x0000, 0x0000,
  0x0000, 0x0000, 0x0000, 0x0000, 0x0000, 0x0000, 0x0000, 0x0000, 0x0000, 0x0000, 0x0000, 0x0000, 0x0020, 0x0020, 0x0000, 0x0000,
  0x0020, 0x0020, 0x0020, 0x0000, 0x0020, 0x0020, 0x0020, 0x0000, 0x0000, 0x0000, 0x0000, 0x0000, 0x0020, 0x0000, 0x0000, 0x0000,
  0x0020, 0x0020, 0x0020, 0x0000, 0x0000, 0x0000, 0x0000, 0x0000, 0x0020, 0x0020, 0x0020, 0x0020, 0x0020, 0x0020, 0x0020, 0x0020,
  0x0020, 0x0020, 0x0020, 0x0020, 0x0020, 0x0000, 0x0000, 0x0000, 0x0000, 0x0020, 0x0000, 0x0000, 0x0000, 0x0000, 0x0000, 0x0000,
  0x0000, 0x0020, 0x0020, 0x0020, 0x0020, 0x0020, 0x0000, 0x0000, 0x0000, 0x0000, 0x0000, 0x0020, 0x0000, 0x0000, 0x0000, 0x0000,
  0x0000, 0x0000, 0x0000, 0x0000, 0x0000, 0x0000, 0x0020, 0x0020, 0x0020, 0x0000, 0x0000, 0x0000, 0x0000, 0x0000, 0x0000, 0x0000,
  0x0000, 0x0000, 0x0000, 0x0020, 0x0020, 0x0020, 0x0020, 0x0020, 0x0020, 0x0020, 0x0020, 0x0020, 0x0020, 0x0020, 0x0000, 0x0000,
  0x0020, 0x0020, 0x0020, 0x0020, 0x0020, 0x0000, 0x0000, 0x0000, 0x0000, 0x0000, 0x0000, 0x0000, 0x0000, 0x0000, 0x0000, 0x0000,
  0x0000, 0x0000, 0x0000, 0x0000, 0x0000, 0x0000, 0x0000, 0x0000, 0x0000, 0x0000, 0x0000, 0x0000, 0x0000, 0x0000, 0x0000, 0x0000,
  0x0000, 0x0000, 0x0000, 0x0000, 0x0000, 0x0000, 0x0000, 0x0000, 0x0000, 0x0000, 0x0000, 0x0000, 0x0000, 0x0000, 0x0000, 0x0000,
  0x0000, 0x0000, 0x0000, 0x0000, 0x0000, 0x0000, 0x0000, 0x0000, 0x0000, 0x0000, 0x0000, 0x0000, 0x0000, 0x0000, 0x0000, 0x0000,
  0x0000, 0x0000, 0x0000, 0x0000, 0x0000, 0x0000, 0x0000, 0x0000, 0x0000, 0x0000, 0x0000, 0x0000, 0x0000, 0x0000, 0x0000, 0x0000,
  0x0000, 0x0000, 0x0000, 0x0000, 0x0000, 0x0000, 0x0000, 0x0000, 0x0000, 0x0000, 0x0000, 0x0000, 0x0000, 0x0000, 0x0000, 0x0000,
  0x0000, 0x0000, 0x0000, 0x0000, 0x0000, 0x0000, 0x0000, 0x0000, 0x0000, 0x0000, 0x0000, 0x0000, 0x0000, 0x0000, 0x0000, 0x0000,
  0x0000, 0x0000, 0x0000, 0x0000, 0x0000, 0x0000, 0x0000, 0x0000, 0x0000, 0x0000, 0x0000, 0x0000, 0x0000, 0x0000, 0x0000, 0x0000,
  0x0000, 0x0000, 0x0000, 0x0000, 0x0000, 0x0000, 0x0000, 0x0000, 0x0000, 0x0000, 0x0000, 0x0000, 0x0000, 0x0000, 0x0000, 0x0000,
  0x0000, 0x0000, 0x0000, 0x0020, 0x0000, 0x0000, 0x0000, 0x0000, 0x0000, 0x0000, 0x0000, 0x0000, 0x0000, 0x0000, 0x0000, 0x0000,
  0x0000, 0x0000, 0x0000, 0x0000, 0x0000, 0x0000, 0x0000, 0x0000, 0x0000, 0x0000, 0x0000, 0x0000, 0x0000, 0x0000, 0x0000, 0x0000,
  0x0000, 0x0000, 0x0000, 0x0000, 0x0000, 0x0000, 0x0000, 0x0000, 0x0000, 0x0000, 0x0000, 0x0000, 0x0000, 0x0000, 0x0000, 0x0000,
  0x0000, 0x0000, 0x0000, 0x0020, 0x0000, 0x0000, 0x0000, 0x0000, 0x0000, 0x0000, 0x0000, 0x0000, 0x0000, 0x0000, 0x0000, 0x0000,
  0x0000, 0x0000, 0x0000, 0x0000, 0x0000, 0x0000, 0x0000, 0x0000, 0x0000, 0x0000, 0x0000, 0x0000, 0x0000, 0x0000, 0x0000, 0x0000,
  0x0000, 0x0000, 0x0000, 0x0000, 0x0000, 0x0000, 0x0000, 0x0000, 0x0000, 0x0000, 0x0000, 0x0000, 0x0000, 0x0000, 0x0000, 0x0000,
  0x0000, 0x0000, 0x0000, 0x0000, 0x0000, 0x0000, 0x0000, 0x0000, 0x0000, 0x0000, 0x0000, 0x0000, 0x0000, 0x0000, 0x0000, 0x0000,
  0x0000, 0x0000, 0x0000, 0x0000, 0x0000, 0x0000, 0x0000, 0x0000, 0x0000, 0x0000, 0x0000, 0x0000, 0x0000, 0x0000, 0x0000, 0x0000,
  0x0000, 0x0000, 0x0000, 0x0000, 0x0000, 0x0000, 0x0000, 0x0000, 0x0000, 0x0000, 0x0000, 0x0000, 0x0000, 0x0000, 0x0000, 0x0000,
  0x0000, 0x0000, 0x0000, 0x0000, 0x0000, 0x0000, 0x0000, 0x0000, 0x0000, 0x0000, 0x0000, 0x0000, 0x0000, 0x0000, 0x0000, 0x0000,
  0x0000, 0x0020, 0x0000, 0x0000, 0x0000, 0x0000, 0x0000, 0x0000, 0x0000, 0x0000, 0x0000, 0x0000, 0x0000, 0x0000, 0x0000, 0x0000,
  0x0000, 0x0000, 0x0000, 0x0000, 0x0000, 0x0000, 0x0000, 0x0000, 0x0000, 0x0000, 0x0000, 0x0000, 0x0000, 0x0000, 0x0000, 0x0000,
  0x0000, 0x0000, 0x0000, 0x0000, 0x0000, 0x0000, 0x0000, 0x0000, 0x0000, 0x0000, 0x0000, 0x0000, 0x0000, 0x0000, 0x0000, 0x0000,
  0x0000, 0x0000, 0x0000, 0x0000, 0x0000, 0x0000, 0x0000, 0x0000, 0x0000, 0x0000, 0x0000, 0x0000, 0x0000, 0x0000, 0x0000, 0x0000,
  0x0000, 0x0000, 0x0000, 0x0000, 0x0000, 0x0000, 0x0000, 0x0000, 0x0000, 0x0000, 0x0000, 0x0000, 0x0000, 0x0000, 0x0000, 0x0000,
  0x0000, 0x0000, 0x0000, 0x0000, 0x0000, 0x0000, 0x0000, 0x0000, 0x0000, 0x0000, 0x0000, 0x0000, 0x0000, 0x0000, 0x0000, 0x0000,
  0x0000, 0x0000, 0x0000, 0x0000, 0x0000, 0x0000, 0x0000, 0x0000, 0x0000, 0x0000, 0x0000, 0x0000, 0x0000, 0x0000, 0x0000, 0x0000,
  0x0000, 0x0000, 0x0000, 0x0000, 0x0000, 0x0000, 0x0000, 0x0000, 0x0000, 0x0000, 0x0000, 0x0000, 0x0000, 0x0000, 0x0000, 0x0000,
  0x0000, 0x0000, 0x0000, 0x0000, 0x0000, 0x0000, 0x0000, 0x0000, 0x2104, 0x2965, 0x630B, 0x1082, 0x0000, 0x0020, 0x0020, 0x0000,
  0x39E7, 0x73AE, 0x73AE, 0x738D, 0x6B6D, 0x52AA, 0x6B6D, 0x73CE, 0x7BCE, 0x7BCE, 0x73AE, 0x73AE, 0x7BCE, 0x2945, 0x0000, 0x0000,
  0x0000, 0x0000, 0x0000, 0x0000, 0x0000, 0x39C7, 0x73AE, 0x73AE, 0x73AE, 0x39C7, 0x0000, 0x0000, 0x0000, 0x0000, 0x0000, 0x2944,
  0x7BCE, 0x73AE, 0x73AE, 0x7BCE, 0x6B4D, 0x10A2, 0x0000, 0x0000, 0x1082, 0x73AE, 0x73AE, 0x7BCE, 0x7BCE, 0x7BAE, 0x7BCE, 0x39E7,
  0x2124, 0x2945, 0x2145, 0x31C6, 0x7BCE, 0x7BAE, 0x7BAD, 0x7BAC, 0x7BAE, 0x630B, 0x2945, 0x2124, 0x2945, 0x738D, 0x7BCE, 0x73AD,
  0x73AE, 0x7BCE, 0x4208, 0x0000, 0x0000, 0x0000, 0x2104, 0x5ACB, 0x73AE, 0x73AE, 0x73AE, 0x39C7, 0x0000, 0x0000, 0x0000, 0x0000,
  0x0000, 0x0000, 0x0000, 0x2124, 0x2965, 0x18C3, 0x0000, 0x0000, 0x0000, 0x0000, 0x0000, 0x10A2, 0x6B4C, 0x738E, 0x2945, 0x4228,
  0x738D, 0x7BCE, 0x6B6D, 0x2124, 0x630B, 0x73AE, 0x7BCE, 0x528A, 0x0000, 0x0000, 0x0000, 0x0841, 0x738E, 0x4A48, 0x2945, 0x31A5,
  0x738D, 0x73AE, 0x73AE, 0x2104, 0x0000, 0x0000, 0x0000, 0x10A2, 0x6B6D, 0x73AE, 0x73AD, 0x73AD, 0x73AD, 0x73AD, 0x7BCD, 0x7BCD,
  0x73AD, 0x738D, 0x73AE, 0x73AE, 0x52AA, 0x0861, 0x0000, 0x0000, 0x1082, 0x6B4D, 0x52AA, 0x2125, 0x0841, 0x0000, 0x0000, 0x0000,
  0x2965, 0x6B6D, 0x7BCE, 0x7BCE, 0x7BCE, 0x7BCE, 0x39C7, 0x0000, 0x0000, 0x0000, 0x2965, 0x7BCF, 0x2965, 0x0020, 0x0000, 0x0000,
  0x0000, 0x0000, 0x0000, 0x0000, 0x0000, 0x1082, 0x73AE, 0x73AE, 0x6B4D, 0x18E3, 0x0000, 0x0841, 0x3185, 0x2944, 0x0000, 0x0000,
  0x0000, 0x0000, 0x0020, 0x7BCE, 0x73AE, 0x6B6D, 0x73AE, 0x7BCE, 0x7BCE, 0x7BCE, 0x7BCE, 0x73AE, 0x7BCE, 0x632C, 0x2124, 0x52AA,
  0x7BCE, 0x73AE, 0x7BCE, 0x73AE, 0x7BCE, 0x4207, 0x0000, 0x0000, 0x0000, 0x0000, 0x0000, 0x0000, 0x0000, 0x0000, 0x0000, 0x0000,
  0x0000, 0x0000, 0x0000, 0x0000, 0x0000, 0x0000, 0x0000, 0x0000, 0x0000, 0x0000, 0x0000, 0x0000, 0x0000, 0x0000, 0x0000, 0x0000,
  0x0000, 0x0000, 0x0000, 0x0000, 0x0000, 0x0000, 0x0000, 0x0000, 0x0000, 0x0000, 0x0000, 0x0000, 0x0000, 0x0000, 0x0000, 0x0000,
  0x0000, 0x0000, 0x0000, 0x0000, 0x0000, 0x0000, 0x0000, 0x0000, 0x0000, 0x0000, 0x0000, 0x0000, 0x0000, 0x0000, 0x0000, 0x0000,
  0x0000, 0x0000, 0x0000, 0x0000, 0x0000, 0x0000, 0x0000, 0x0000, 0x0000, 0x0000, 0x0000, 0x0000, 0x0000, 0x0000, 0x0000, 0x0000,
  0x0000, 0x0000, 0x0000, 0x0000, 0x0000, 0x0000, 0x0000, 0x0000, 0x0000, 0x0000, 0x0000, 0x0000, 0x0000, 0x0000, 0x0000, 0x0000,
  0x0000, 0x0000, 0x0000, 0x0000, 0x0000, 0x0000, 0x0000, 0x0000, 0x0000, 0x0000, 0x0000, 0x0000, 0x0000, 0x0000, 0x0000, 0x0000,
  0x0000, 0x0000, 0x0000, 0x0000, 0x0000, 0x0000, 0x0000, 0x7BCE, 0xDEFA, 0x9CD2, 0xC616, 0x9490, 0x0861, 0x0000, 0x0000, 0x4228,
  0xFFDD, 0xB5B5, 0xAD53, 0xEF5B, 0xFFFF, 0xFFFF, 0xDEDA, 0xBDF6, 0xC5F6, 0xBDF6, 0xBDF6, 0xBDD6, 0xC616, 0xFFDE, 0x4229, 0x0000,
  0x0020, 0x0000, 0x0020, 0x6B4C, 0xB5B5, 0xBDF6, 0xAD74, 0xA512, 0xAD74, 0xC616, 0xBDD6, 0x2104, 0x10A2, 0x7BEF, 0xCE58, 0xC616,
  0xBDF6, 0xAD33, 0xAD54, 0xC616, 0xE73B, 0xF79D, 0x2124, 0x18C3, 0xCE78, 0xC617, 0xBDD5, 0xBDD6, 0xBDD6, 0xBDF6, 0xD678, 0xEF5B,
  0xFFFF, 0xFFFE, 0xFFDD, 0xC657, 0xBDD5, 0xBDB5, 0xB5B5, 0xBDD5, 0xBDB5, 0xB594, 0xE71B, 0xFFFE, 0xFFFD, 0xE71A, 0xBDB5, 0xA532,
  0xA533, 0xC5F6, 0xCE77, 0x632C, 0x31A6, 0xB5B6, 0xF79D, 0xD699, 0xB5B5, 0xAD74, 0xBDB5, 0xC616, 0xBDD6, 0x3186, 0x0000, 0x0000,
  0x0000, 0x0000, 0x5ACA, 0xCE77, 0x94B1, 0xB5B5, 0x632B, 0x0000, 0x0020, 0x0000, 0x6B6D, 0xDED9, 0xB595, 0xBDD5, 0xF79D, 0xFFFF,
  0xFFFE, 0xC617, 0xCE78, 0xFFFD, 0xFFFF, 0xE73A, 0xAD54, 0xE71B, 0x9490, 0x0000, 0x0000, 0xA533, 0xDED9, 0x9CF2, 0xEF5B, 0xFFFD,
  0xF7DC, 0xA553, 0xCE57, 0xE6FA, 0x0861, 0x0000, 0x1082, 0xD699, 0xCE58, 0xBDD6, 0xBDD6, 0xC5F6, 0xC617, 0xBDF6, 0xBDF6, 0xBDD5,
  0xE73B, 0xF7BC, 0xBDF6, 0xDED9, 0xFFFF, 0x9491, 0x0000, 0x0841, 0xBDF7, 0xCE78, 0xB595, 0xFFDD, 0x3185, 0x0000, 0x0000, 0xA513,
  0xDEFA, 0xB5B5, 0xBDD5, 0xB5B5, 0xB5B5, 0xBDD5, 0xC617, 0xBDF7, 0x2945, 0x4207, 0xD698, 0xAD34, 0xD6B9, 0xD6B9, 0x10A2, 0x0000,
  0x0000, 0x0000, 0x0000, 0x0000, 0x31A6, 0xC617, 0xBDD6, 0xB5B5, 0xEF7C, 0xF7BE, 0x8410, 0x9CB1, 0xA4F2, 0xC637, 0x8C50, 0x3186,
  0x31A6, 0x738E, 0x9491, 0xAD74, 0xD677, 0xFFFF, 0xDED8, 0xBDF5, 0xBDF6, 0xBDD5, 0xC5F6, 0xC5F6, 0xBDD5, 0xE73B, 0xFFFF, 0xF79C,
  0xC616, 0xBDF6, 0xBDD6, 0xBDD6, 0xBDF6, 0xC637, 0xBDD5, 0x5289, 0x0841, 0x0000, 0x0000, 0x0000, 0x0000, 0x0000, 0x0000, 0x0000,
  0x0000, 0x0000, 0x0000, 0x0000, 0x0000, 0x0000, 0x0000, 0x0000, 0x0000, 0x0000, 0x0000, 0x0000, 0x0000, 0x0000, 0x0000, 0x0000,
  0x0000, 0x0000, 0x0000, 0x0000, 0x0000, 0x0000, 0x0000, 0x0000, 0x0000, 0x0000, 0x0000, 0x0000, 0x0000, 0x0000, 0x0000, 0x0000,
  0x0000, 0x0000, 0x0000, 0x0000, 0x0000, 0x0000, 0x0000, 0x0000, 0x0000, 0x0000, 0x0000, 0x0000, 0x0000, 0x0000, 0x0000, 0x0000,
  0x0000, 0x0000, 0x0000, 0x0000, 0x0000, 0x0000, 0x0000, 0x0000, 0x0000, 0x0000, 0x0000, 0x0000, 0x0000, 0x0000, 0x0000, 0x0000,
  0x0000, 0x0000, 0x0000, 0x0000, 0x0000, 0x0000, 0x0000, 0x0000, 0x0000, 0x0000, 0x0000, 0x0000, 0x0000, 0x0000, 0x0000, 0x0000,
  0x0000, 0x0000, 0x0000, 0x0000, 0x0000, 0x0000, 0x0000, 0x0000, 0x0000, 0x0000, 0x0000, 0x0000, 0x0000, 0x0000, 0x0000, 0x0000,
  0x0000, 0x0000, 0x0000, 0x0000, 0x0000, 0x0020, 0x0000, 0xA532, 0xC636, 0x6B6D, 0x73AE, 0xAD74, 0xC616, 0x8C71, 0x8C71, 0xE73B,
  0xB594, 0x630C, 0x630C, 0x9CF2, 0xFFDD, 0xFFBD, 0x842F, 0x738D, 0x8430, 0x8430, 0x8C50, 0x840F, 0x8C50, 0xFFFF, 0x5ACB, 0x0000,
  0x0000, 0x0000, 0xCE58, 0xEF7B, 0x8C50, 0x6B4C, 0x842F, 0xA534, 0x842F, 0x630B, 0x94B1, 0xD699, 0xEF7D, 0xFFFD, 0xA533, 0x6B6D,
  0x6B8D, 0x8C70, 0x9491, 0x6B4C, 0x632C, 0xCE58, 0x6B4C, 0x4A69, 0xE71A, 0x630B, 0x73AE, 0x8430, 0x8C50, 0x8430, 0x6B6D, 0x73AD,
  0xBDF6, 0xFFFD, 0xBDF6, 0x840F, 0x630C, 0x7BCE, 0x7BEF, 0x738D, 0x7BEF, 0x73AD, 0xD678, 0xFFFE, 0xAD54, 0x632C, 0x738D, 0x94B2,
  0x9491, 0x6B6D, 0x6B6C, 0xC616, 0xFFFF, 0xFFDD, 0x8C70, 0x6B6C, 0x842F, 0x9CD2, 0x7C0F, 0x6B6D, 0x9CF2, 0xDEDA, 0x2945, 0x0000,
  0x0020, 0x0000, 0xC616, 0x94B1, 0x6B6D, 0x7BCE, 0xBDD5, 0x2945, 0x0000, 0x2945, 0xFFFE, 0x9CF2, 0x632C, 0x738D, 0x8C70, 0xD6D9,
  0xDED9, 0x6B6D, 0x73AD, 0xE73B, 0xFFDF, 0x9CD2, 0x6B4C, 0x7BCE, 0xDEFA, 0x8410, 0x2945, 0xE73B, 0x842F, 0x5B0B, 0xC616, 0xFFFF,
  0xBDF6, 0x5AEA, 0x7C0E, 0xEF3B, 0x10A2, 0x0000, 0x18E3, 0xDEFA, 0x9491, 0x8C91, 0x9491, 0x7BCE, 0x73AE, 0x7BCE, 0x8C71, 0x8C50,
  0xBDD5, 0xCE78, 0x738D, 0x7BCE, 0xDEFA, 0xFFFF, 0x3186, 0x52A9, 0xDF1A, 0x634C, 0x7BCE, 0xFFDC, 0x3185, 0x0000, 0x0020, 0xF7BD,
  0x9CF2, 0x5AEB, 0x73AD, 0x840F, 0x94B1, 0x7C0F, 0x6B4C, 0x94B1, 0xCE58, 0xE73C, 0xA512, 0x52AA, 0xAD74, 0xDED9, 0x0861, 0x0000,
  0x0000, 0x0000, 0x0000, 0x0861, 0xE71B, 0xA513, 0x632C, 0x738D, 0x842F, 0xFFFF, 0xCE59, 0xC617, 0x6B4C, 0x6B4C, 0xE71A, 0xFFFF,
  0xFFFC, 0xFFFE, 0x8C70, 0x52AA, 0xB595, 0xFFDE, 0x842F, 0x632C, 0x7BEF, 0x8C70, 0x840F, 0x842F, 0x842F, 0xBDF6, 0xFFFF, 0xAD74,
  0x6B4C, 0x7C0F, 0x8C91, 0x9CD2, 0x8C50, 0x738D, 0x840F, 0xEF7B, 0x8C70, 0x0000, 0x0020, 0x0000, 0x0000, 0x0000, 0x0000, 0x0000,
  0x0000, 0x0000, 0x0000, 0x0000, 0x0000, 0x0000, 0x0000, 0x0000, 0x0000, 0x0000, 0x0000, 0x0000, 0x0000, 0x0000, 0x0000, 0x0000,
  0x0000, 0x0000, 0x0000, 0x0000, 0x0000, 0x0000, 0x0000, 0x0000, 0x0000, 0x0000, 0x0000, 0x0000, 0x0000, 0x0000, 0x0000, 0x0000,
  0x0000, 0x0000, 0x0000, 0x0000, 0x0000, 0x0000, 0x0000, 0x0000, 0x0000, 0x0000, 0x0000, 0x0000, 0x0000, 0x0000, 0x0000, 0x0000,
  0x0000, 0x0000, 0x0000, 0x0000, 0x0000, 0x0000, 0x0000, 0x0000, 0x0000, 0x0000, 0x0000, 0x0000, 0x0000, 0x0000, 0x0000, 0x0000,
  0x0000, 0x0000, 0x0000, 0x0000, 0x0000, 0x0000, 0x0000, 0x0000, 0x0000, 0x0000, 0x0000, 0x0000, 0x0000, 0x0000, 0x0000, 0x0000,
  0x0000, 0x0000, 0x0000, 0x0000, 0x0000, 0x0000, 0x0000, 0x0000, 0x0000, 0x0000, 0x0000, 0x0000, 0x0000, 0x0000, 0x0000, 0x0000,
  0x0000, 0x0000, 0x0000, 0x0000, 0x0000, 0x0020, 0x0000, 0x9CD1, 0xC637, 0x7BCE, 0x8C51, 0x7BEF, 0xE6FA, 0xFFFF, 0xFFFF, 0xE73A,
  0x73AE, 0x7BEF, 0x738E, 0xA512, 0xFFFD, 0xF7BC, 0x842F, 0x8430, 0xFFFF, 0xFFDD, 0xB5B6, 0xE71B, 0xFFFF, 0xBDF7, 0x0020, 0x0020,
  0x0000, 0x4A69, 0xFFFF, 0x840F, 0x6B4D, 0xBDF6, 0xCE58, 0x6B4D, 0xC637, 0xC616, 0x738D, 0xB594, 0xFFFF, 0xAD74, 0x6B4C, 0x8430,
  0xEF5B, 0xFFFF, 0xC617, 0xE71B, 0x7BAE, 0x7BAE, 0x9491, 0xE71C, 0xCE78, 0x6B6D, 0x8C71, 0xFFDD, 0xFFFD, 0xFFFD, 0xBDF6, 0x73CE,
  0x840F, 0xF7BD, 0xFFFE, 0x8C50, 0x738D, 0xE71B, 0xAD54, 0x8C51, 0xC638, 0xFFFE, 0xFFFD, 0xEF5B, 0x7BCE, 0x73CE, 0xDEFA, 0xF79E,
  0xFFFE, 0xEF5B, 0x94B1, 0xB5B5, 0xFFFF, 0xEF7C, 0x9CD2, 0xB595, 0xFFFE, 0xFFFF, 0xEF9C, 0x8430, 0x630B, 0xEF5B, 0x94B2, 0x0000,
  0x0021, 0x0000, 0xBDD5, 0xA512, 0x840F, 0x7BCE, 0x9CD2, 0xC637, 0x52AA, 0xF79D, 0xCE57, 0x6B6D, 0x7BEF, 0x7BEF, 0x8430, 0xD6B9,
  0xE71A, 0x7BCF, 0x840F, 0xE73B, 0xFFFE, 0xA533, 0x7BCF, 0x840F, 0x840F, 0xD6D9, 0xFFFE, 0xFFFE, 0x8C91, 0x73AE, 0xC637, 0xFFFF,
  0xCE57, 0x6B6D, 0x9491, 0xE73B, 0x1082, 0x0000, 0x0000, 0x1082, 0x2124, 0x4208, 0xDEDA, 0xA533, 0x7BCE, 0xC637, 0xEF5C, 0x4A28,
  0x2124, 0xCE78, 0xA513, 0x738D, 0xAD74, 0xFFFF, 0x4A69, 0x632C, 0xAD54, 0x634C, 0xC616, 0xB594, 0x0020, 0x0000, 0x0000, 0xE73B,
  0xAD53, 0x632C, 0xC617, 0xCE79, 0x632C, 0xDEFA, 0xAD74, 0x6B4C, 0xB5B5, 0xFFFF, 0x9D12, 0x6B4C, 0xA553, 0xFFFF, 0x18E3, 0x0000,
  0x0000, 0x0000, 0x0000, 0x9CF3, 0xE73B, 0x632B, 0xA513, 0xAD54, 0x73AD, 0xCE58, 0xFFFF, 0xFFFF, 0xB595, 0x6B4C, 0x840F, 0xF79C,
  0xFFFE, 0x9CF2, 0x630C, 0x9CD2, 0xFFFD, 0xFFFD, 0x9CD2, 0x6B4C, 0xCE78, 0xB595, 0x10A2, 0x4208, 0xBDD6, 0xFFFF, 0xFFFF, 0xB5D5,
  0x738D, 0xAD75, 0xEF7C, 0x4A69, 0xF7BD, 0xB5B5, 0x6B6D, 0x9491, 0xEF5B, 0x0861, 0x0000, 0x0000, 0x0000, 0x0000, 0x0000, 0x0000,
  0x0000, 0x0000, 0x0000, 0x0000, 0x0000, 0x0000, 0x0000, 0x0000, 0x0000, 0x0000, 0x0000, 0x0000, 0x0000, 0x0000, 0x0000, 0x0000,
  0x0000, 0x0000, 0x0000, 0x0000, 0x0000, 0x0000, 0x0000, 0x0000, 0x0000, 0x0000, 0x0000, 0x0000, 0x0000, 0x0000, 0x0000, 0x0000,
  0x0000, 0x0000, 0x0000, 0x0000, 0x0000, 0x0000, 0x0000, 0x0000, 0x0000, 0x0000, 0x0000, 0x0000, 0x0000, 0x0000, 0x0000, 0x0000,
  0x0000, 0x0000, 0x0000, 0x0000, 0x0000, 0x0000, 0x0000, 0x0000, 0x0000, 0x0000, 0x0000, 0x0000, 0x0000, 0x0000, 0x0000, 0x0000,
  0x0000, 0x0000, 0x0000, 0x0000, 0x0000, 0x0000, 0x0000, 0x0000, 0x0000, 0x0000, 0x0000, 0x0000, 0x0000, 0x0000, 0x0000, 0x0000,
  0x0000, 0x0000, 0x0000, 0x0000, 0x0000, 0x0000, 0x0000, 0x0000, 0x0000, 0x0000, 0x0000, 0x0000, 0x0000, 0x0000, 0x0000, 0x0000,
  0x0000, 0x0000, 0x0000, 0x0000, 0x0000, 0x0020, 0x0000, 0x9CD2, 0xC637, 0x73AE, 0xA513, 0x8C30, 0x9CD2, 0xFFDD, 0xFFDD, 0x9CB2,
  0x7BEF, 0x9CD2, 0x6B6D, 0xA513, 0xFFFD, 0xEF7B, 0x7BEF, 0x8430, 0xB5D5, 0x9CF2, 0x9CD2, 0xB594, 0xEF5A, 0xD699, 0x31A7, 0x0000,
  0x0000, 0x5AEA, 0xEF5A, 0x73AE, 0x840F, 0xDEDA, 0x2965, 0x0000, 0x1082, 0x8C50, 0x94B1, 0xE73B, 0xF7BD, 0x8C50, 0x738E, 0xC637,
  0xFFFF, 0x73AE, 0x1082, 0xC617, 0xA533, 0x634C, 0xAD74, 0xFFFF, 0xC617, 0x6B4C, 0x8C70, 0xFFFD, 0xFFFD, 0xFFFE, 0xC616, 0x73AE,
  0x842F, 0xF7BD, 0xFFFF, 0x8C50, 0x73AE, 0xC617, 0xD6DA, 0xE71B, 0xDEDA, 0xEF7B, 0xFFFE, 0xF7BD, 0x8450, 0x738D, 0x9CD2, 0xCE79,
  0xEF5B, 0xFFFE, 0xFFFF, 0xFFFF, 0xEF5C, 0xDEFA, 0xEF7B, 0xFFDD, 0xEF5B, 0xDEFA, 0xBDD6, 0x7BCE, 0x842F, 0xF79C, 0x5ACB, 0x0000,
  0x0020, 0x0000, 0xBDD6, 0xA4F3, 0x8430, 0x9CF3, 0x73AE, 0xBDF6, 0xFFFF, 0xF79D, 0x7BEF, 0x8C71, 0x8C50, 0x6B4C, 0xC637, 0xFFFE,
  0xD6B9, 0x7BCF, 0x7BEF, 0xE73B, 0xFFFE, 0x9CF2, 0x6B6D, 0x9D13, 0x7BEF, 0x840F, 0xEF7C, 0xFFFE, 0x94B1, 0x73AE, 0xCE57, 0xFFFF,
  0xCE78, 0x738D, 0x94B1, 0xE73C, 0x1082, 0x0000, 0x0000, 0x0000, 0x0000, 0x0000, 0xBDD7, 0xAD54, 0x73AE, 0xCE37, 0xDEB9, 0x0000,
  0x0000, 0x6B4C, 0xCE78, 0x632C, 0x8C30, 0xF79C, 0xF79D, 0xCE78, 0x73AE, 0x7BEE, 0xDEF9, 0x3186, 0x0000, 0x0000, 0x0000, 0xEF7C,
  0xAD53, 0x630B, 0xD699, 0xB5B6, 0x0000, 0xC617, 0xC637, 0x6B6C, 0xA533, 0xFFFF, 0x9CF2, 0x630B, 0xAD74, 0xCE37, 0x0841, 0x0000,
  0x0000, 0x0000, 0x0000, 0xEF7C, 0xA513, 0x6B2C, 0xD6B9, 0xDEDA, 0x6B6D, 0x9491, 0xFFDE, 0xFFFE, 0xFFFF, 0xA534, 0x6B4C, 0xA513,
  0xC638, 0x6B6D, 0x840F, 0xFFFE, 0xFFFC, 0xFFDC, 0x94B1, 0x6B4C, 0xB595, 0xD699, 0x840E, 0xAD75, 0xE73B, 0xFFFD, 0xF79D, 0xAD73,
  0x6B6C, 0xA513, 0xFFFF, 0xBDF7, 0xFFFE, 0xBDD6, 0x6B6D, 0x94B1, 0xEF7C, 0x0861, 0x0000, 0x0000, 0x0000, 0x0000, 0x0000, 0x0000,
  0x0000, 0x0000, 0x0000, 0x0000, 0x0000, 0x0000, 0x0000, 0x0000, 0x0000, 0x0000, 0x0000, 0x0000, 0x0000, 0x0000, 0x0000, 0x0000,
  0x0000, 0x0000, 0x0000, 0x0000, 0x0000, 0x0000, 0x0000, 0x0000, 0x0000, 0x0000, 0x0000, 0x0000, 0x0000, 0x0000, 0x0000, 0x0000,
  0x0000, 0x0000, 0x0000, 0x0000, 0x0000, 0x0000, 0x0000, 0x0000, 0x0000, 0x0000, 0x0000, 0x0000, 0x0000, 0x0000, 0x0000, 0x0000,
  0x0000, 0x0000, 0x0000, 0x0000, 0x0000, 0x0000, 0x0000, 0x0000, 0x0000, 0x0000, 0x0000, 0x0000, 0x0000, 0x0000, 0x0000, 0x0000,
  0x0000, 0x0000, 0x0000, 0x0000, 0x0000, 0x0000, 0x0000, 0x0000, 0x0000, 0x0000, 0x0000, 0x0000, 0x0000, 0x0000, 0x0000, 0x0000,
  0x0000, 0x0000, 0x0000, 0x0000, 0x0000, 0x0000, 0x0000, 0x0000, 0x0000, 0x0000, 0x0000, 0x0000, 0x0000, 0x0000, 0x0000, 0x0000,
  0x0000, 0x0000, 0x0000, 0x0000, 0x0000, 0x0020, 0x0000, 0x9CF2, 0xCE57, 0x6B6D, 0xC617, 0xB5B6, 0x6B6D, 0xD6B9, 0xDEDA, 0x6B2C,
  0xC617, 0xB5B6, 0x632C, 0xA533, 0xFFFD, 0xEF3A, 0x73AD, 0x6B6D, 0x840F, 0xAD54, 0x8C70, 0x6B4C, 0x7BCE, 0xFFFE, 0x5AEB, 0x0000,
  0x0000, 0x5ACA, 0xDED9, 0x73AE, 0x8C91, 0xBDF6, 0x0020, 0x0020, 0x0000, 0x0862, 0x8C71, 0xFFFF, 0xEF7B, 0x842F, 0x73AE, 0xE71A,
  0x5AEB, 0x0000, 0x0000, 0x630B, 0xC5F6, 0x6B4C, 0x94B2, 0xFFFE, 0xC637, 0x736D, 0x7BCF, 0x9491, 0x9CD2, 0x9CD2, 0x7BEE, 0x7C0F,
  0xC637, 0xFFFF, 0xFFBE, 0x842F, 0x73AE, 0x73AE, 0x840F, 0x8450, 0x738D, 0x9CF2, 0xFFFE, 0xFFFF, 0xDEFA, 0x9491, 0x738D, 0x73CE,
  0x73CE, 0x8430, 0xA533, 0xE73C, 0xBDF7, 0x31A7, 0x0000, 0xEF5B, 0x94B1, 0x6B4C, 0x6B4D, 0x738D, 0xBDD5, 0xFFFF, 0x18E4, 0x0000,
  0x0020, 0x0000, 0xBDD5, 0xA4F3, 0x8430, 0xD6BA, 0x8C50, 0x7BEE, 0xE73C, 0xAD75, 0x6B6D, 0xD699, 0x94B1, 0x632C, 0xCE57, 0xFFFF,
  0xD6B9, 0x7BCF, 0x7BEF, 0xE73A, 0xFFFE, 0x9CF2, 0x632C, 0xBE17, 0xD699, 0x634C, 0x8C70, 0xF7BD, 0x9CF2, 0x738D, 0xC657, 0xFFFF,
  0xCE78, 0x738D, 0x94B1, 0xE73B, 0x1082, 0x0000, 0x0000, 0x0000, 0x0020, 0x0000, 0xBDF7, 0xA533, 0x738D, 0xC616, 0xDEB9, 0x0000,
  0x0000, 0x0861, 0xDED9, 0x842F, 0x6B4C, 0xC637, 0xFFFF, 0xA512, 0x632C, 0xB595, 0x73AE, 0x0000, 0x0020, 0x0020, 0x0000, 0x9CF3,
  0xB5B5, 0x6B6C, 0x9D13, 0xA513, 0x7BCE, 0xA533, 0x7BEE, 0x842F, 0xCE38, 0xEF7D, 0xA513, 0x5AEB, 0xB595, 0xAD72, 0x0000, 0x0020,
  0x0020, 0x0000, 0x39E7, 0xE6FA, 0x6B4C, 0x8C50, 0xFFFE, 0xFFFF, 0x9491, 0x6B6D, 0xDEDA, 0xF79E, 0x738E, 0x8410, 0x94B2, 0x73AE,
  0x7BEF, 0x7BEF, 0xE71B, 0xAD55, 0xEF5A, 0xFFFD, 0x9490, 0x73AE, 0x73AE, 0x840F, 0x9491, 0x842F, 0x9CD1, 0xFFDD, 0xEF7C, 0xA513,
  0x6B6D, 0x8430, 0x94B1, 0xA533, 0x9CD2, 0x7BEF, 0x7BEE, 0xE73B, 0x9491, 0x0000, 0x0020, 0x0000, 0x0000, 0x0000, 0x0000, 0x0000,
  0x0000, 0x0000, 0x0000, 0x0000, 0x0000, 0x0000, 0x0000, 0x0000, 0x0000, 0x0000, 0x0000, 0x0000, 0x0000, 0x0000, 0x0000, 0x0000,
  0x0000, 0x0000, 0x0000, 0x0000, 0x0000, 0x0000, 0x0000, 0x0000, 0x0000, 0x0000, 0x0000, 0x0000, 0x0000, 0x0000, 0x0000, 0x0000,
  0x0000, 0x0000, 0x0000, 0x0000, 0x0000, 0x0000, 0x0000, 0x0000, 0x0000, 0x0000, 0x0000, 0x0000, 0x0000, 0x0000, 0x0000, 0x0000,
  0x0000, 0x0000, 0x0000, 0x0000, 0x0000, 0x0000, 0x0000, 0x0000, 0x0000, 0x0000, 0x0000, 0x0000, 0x0000, 0x0000, 0x0000, 0x0000,
  0x0000, 0x0000, 0x0000, 0x0000, 0x0000, 0x0000, 0x0000, 0x0000, 0x0000, 0x0000, 0x0000, 0x0000, 0x0000, 0x0000, 0x0000, 0x0000,
  0x0000, 0x0000, 0x0000, 0x0000, 0x0000, 0x0000, 0x0000, 0x0000, 0x0000, 0x0000, 0x0000, 0x0000, 0x0000, 0x0000, 0x0000, 0x0000,
  0x0000, 0x0000, 0x0000, 0x0000, 0x0000, 0x0020, 0x0000, 0x9CF1, 0xC637, 0x6B6C, 0xBDF6, 0xF7BD, 0x840F, 0x8C71, 0x8C50, 0x8C50,
  0xFFFE, 0xAD54, 0x6B4D, 0xAD33, 0xFFFD, 0xFFBC, 0xDED9, 0xCE78, 0xF79B, 0xFFFD, 0xFFFE, 0x9CD2, 0x6B4C, 0xBDD5, 0x5ACA, 0x0000,
  0x0000, 0x630B, 0xE71A, 0x73CE, 0x7C0F, 0xF7DE, 0x4208, 0x0000, 0x0020, 0xE71B, 0xEF7C, 0xE73A, 0xF79C, 0x8430, 0x73AE, 0xD6B9,
  0xA534, 0x0000, 0x0000, 0x738D, 0xB5B5, 0x6B4C, 0xA533, 0xFFFF, 0xC637, 0x738D, 0x7BCE, 0x9CD2, 0x9491, 0x6B6D, 0x6B6D, 0xBDF6,
  0xFFFE, 0xFFFC, 0xF7BB, 0x840F, 0x6B4C, 0xBDF6, 0x9CD2, 0x632B, 0xA534, 0xEF3C, 0xFFFE, 0xFFFF, 0xFFFE, 0xFFFF, 0xE73B, 0x9CF3,
  0xA554, 0x8C71, 0x738D, 0x8C50, 0xFFDE, 0xFFDE, 0x94B2, 0xF77C, 0xAD75, 0xE71A, 0xC637, 0x7BCE, 0x6B4C, 0xDEDA, 0x9CF3, 0x0000,
  0x0020, 0x0000, 0xBDD5, 0xA513, 0x7BEE, 0xEF7C, 0xD699, 0x73AE, 0x94B2, 0x7BEF, 0x9CF2, 0xFFDD, 0x8C50, 0x6B4C, 0xCE57, 0xFFFF,
  0xD6B9, 0x7BCF, 0x7C0F, 0xE73A, 0xFFFE, 0x9CF2, 0x632C, 0xB595, 0xFFFF, 0xB5B5, 0x6B4C, 0x9D13, 0x94B2, 0x73AD, 0xCE57, 0xFFFF,
  0xCE78, 0x738D, 0x94B1, 0xE73B, 0x1082, 0x0000, 0x0000, 0x0000, 0x0000, 0x0000, 0xC617, 0xA533, 0x738D, 0xC5F6, 0xDE99, 0x0000,
  0x0000, 0x0000, 0x9491, 0xBDD5, 0x630B, 0x94B1, 0xE73B, 0x73AE, 0x736D, 0xD6B9, 0x2124, 0x0000, 0x0000, 0x0020, 0x0000, 0x8410,
  0xBDD6, 0x738D, 0x840F, 0x9CD2, 0xA4F2, 0x9470, 0xA533, 0xAD74, 0x3186, 0x6B4C, 0xB5B5, 0x5AEB, 0xB595, 0xAD73, 0x0000, 0x0000,
  0x0000, 0x0021, 0xD699, 0xA533, 0x6B4C, 0x8C50, 0xB595, 0xB595, 0x8C50, 0x6B6D, 0xAD54, 0xD69A, 0x0000, 0x2104, 0xD6B9, 0x7BCE,
  0x738D, 0xC637, 0x632C, 0x0000, 0x3186, 0xF7BD, 0x94D1, 0x6B6C, 0xB5B6, 0x8C71, 0x5289, 0x4A49, 0x9CF2, 0xFFDC, 0xFFFD, 0xAD73,
  0x6B6D, 0x8430, 0x9CF2, 0x9CF2, 0x7BCE, 0x7BEF, 0xD699, 0xFFFF, 0x2124, 0x0000, 0x0000, 0x0000, 0x0000, 0x0000, 0x0000, 0x0000,
  0x0000, 0x0000, 0x0000, 0x0000, 0x0000, 0x0000, 0x0000, 0x0000, 0x0000, 0x0000, 0x0000, 0x0000, 0x0000, 0x0000, 0x0000, 0x0000,
  0x0000, 0x0000, 0x0000, 0x0000, 0x0000, 0x0000, 0x0000, 0x0000, 0x0000, 0x0000, 0x0000, 0x0000, 0x0000, 0x0000, 0x0000, 0x0000,
  0x0000, 0x0000, 0x0000, 0x0000, 0x0000, 0x0000, 0x0000, 0x0000, 0x0000, 0x0000, 0x0000, 0x0000, 0x0000, 0x0000, 0x0000, 0x0000,
  0x0000, 0x0000, 0x0000, 0x0000, 0x0000, 0x0000, 0x0000, 0x0000, 0x0000, 0x0000, 0x0000, 0x0000, 0x0000, 0x0000, 0x0000, 0x0000,
  0x0000, 0x0000, 0x0000, 0x0000, 0x0000, 0x0000, 0x0000, 0x0000, 0x0000, 0x0000, 0x0000, 0x0000, 0x0000, 0x0000, 0x0000, 0x0000,
  0x0000, 0x0000, 0x0000, 0x0000, 0x0000, 0x0000, 0x0000, 0x0000, 0x0000, 0x0000, 0x0000, 0x0000, 0x0000, 0x0000, 0x0000, 0x0000,
  0x0000, 0x0000, 0x0000, 0x0000, 0x0000, 0x0020, 0x0000, 0x9CD1, 0xC637, 0x6B4C, 0xB5B5, 0xFFFF, 0xC617, 0x6B6D, 0x6B6D, 0xC657,
  0xFFFF, 0xAD54, 0x738D, 0xAD54, 0xFFFE, 0xE73A, 0xAD94, 0xDEDA, 0xFFFE, 0xFFFD, 0xFFFF, 0x9CF2, 0x632B, 0xC616, 0x630B, 0x0000,
  0x0000, 0x2945, 0xEF5B, 0x7BEF, 0x73AE, 0xC658, 0xBDF7, 0x31A6, 0x7BCE, 0xC616, 0x632B, 0xAD53, 0xFFFF, 0x9CF2, 0x73AE, 0xA513,
  0xFFFF, 0xDEDA, 0x8C71, 0xD6B9, 0x840F, 0x7BAE, 0x94B1, 0xDEDA, 0xCE78, 0x6B6D, 0x8430, 0xFFDC, 0xFFFE, 0xAD74, 0x6B4C, 0x8450,
  0xF79C, 0xFFFD, 0xFFDD, 0x842F, 0x6B6C, 0xE71A, 0x8C50, 0x5AEB, 0xCE78, 0xFFFF, 0xFFFE, 0xF79C, 0x9CF2, 0xB5D5, 0xFFFF, 0x94B2,
  0xF7BE, 0xEF7C, 0x7BEF, 0x7BCE, 0xEF5C, 0xD698, 0xB595, 0xCE58, 0xBDF7, 0xFFFE, 0xFFFF, 0x9491, 0x632B, 0xAD74, 0xEF7C, 0x0000,
  0x0000, 0x0000, 0xB5B5, 0x9CF2, 0x7BEF, 0xD6B9, 0xEF7C, 0x9CF2, 0x738E, 0x840F, 0xEF5B, 0xFFFD, 0x8C70, 0x6B4C, 0xCE57, 0xFFFE,
  0xD6B9, 0x7BEF, 0x840F, 0xE73A, 0xFFFE, 0xA513, 0x6B4C, 0xB5B5, 0xFFFE, 0xFFFF, 0xAD74, 0x738D, 0x8430, 0x7BCE, 0xCE57, 0xFFFF,
  0xCE78, 0x6B6D, 0x9491, 0xE71B, 0x1082, 0x0000, 0x0000, 0x0000, 0x0000, 0x0000, 0xAD54, 0xAD53, 0x738D, 0xC616, 0xDE99, 0x0000,
  0x0000, 0x0000, 0x0841, 0xD6B9, 0x7BCE, 0x7BEE, 0x9CF2, 0x6B6D, 0xA512, 0xDED9, 0x0861, 0x0000, 0x0000, 0x0000, 0x0000, 0xDEDA,
  0xB594, 0x6B4C, 0xBDF6, 0xAD54, 0x4228, 0x2945, 0x2965, 0x0000, 0x0000, 0x2104, 0xA513, 0x632C, 0xB595, 0xCE77, 0x4A48, 0x4A49,
  0x4A69, 0xAD54, 0xEF7C, 0x738D, 0x7BEF, 0x8C71, 0x9471, 0x9470, 0x8C70, 0x73AE, 0x7BCE, 0xDEFB, 0x1904, 0x10A2, 0xEF5C, 0x7BEF,
  0x6B4C, 0xE73B, 0x8410, 0x0000, 0x0841, 0xEF7C, 0x9CF2, 0x6B6C, 0xD6B9, 0x5ACB, 0x0020, 0x3186, 0x9CD2, 0xFFFC, 0xFFFD, 0xAD74,
  0x634C, 0xA533, 0xF79C, 0xA534, 0xA513, 0x738D, 0x94B1, 0xFFFF, 0x630B, 0x0000, 0x0000, 0x0000, 0x0000, 0x0000, 0x0000, 0x0000,
  0x0000, 0x0000, 0x0000, 0x0000, 0x0000, 0x0000, 0x0000, 0x0000, 0x0000, 0x0000, 0x0000, 0x0000, 0x0000, 0x0000, 0x0000, 0x0000,
  0x0000, 0x0000, 0x0000, 0x0000, 0x0000, 0x0000, 0x0000, 0x0000, 0x0000, 0x0000, 0x0000, 0x0000, 0x0000, 0x0000, 0x0000, 0x0000,
  0x0000, 0x0000, 0x0000, 0x0000, 0x0000, 0x0000, 0x0000, 0x0000, 0x0000, 0x0000, 0x0000, 0x0000, 0x0000, 0x0000, 0x0000, 0x0000,
  0x0000, 0x0000, 0x0000, 0x0000, 0x0000, 0x0000, 0x0000, 0x0000, 0x0000, 0x0000, 0x0000, 0x0000, 0x0000, 0x0000, 0x0000, 0x0000,
  0x0000, 0x0000, 0x0000, 0x0000, 0x0000, 0x0000, 0x0000, 0x0000, 0x0000, 0x0000, 0x0000, 0x0000, 0x0000, 0x0000, 0x0000, 0x0000,
  0x0000, 0x0000, 0x0000, 0x0000, 0x0000, 0x0000, 0x0000, 0x0000, 0x0000, 0x0000, 0x0000, 0x0000, 0x0000, 0x0000, 0x0000, 0x0000,
  0x0000, 0x0000, 0x0000, 0x0000, 0x0000, 0x0020, 0x0000, 0x9CB1, 0xBDB5, 0x5AEB, 0xAD74, 0xFFFE, 0xFFFE, 0xCE57, 0xCE78, 0xFFFF,
  0xFFFE, 0xA513, 0x6B4D, 0xA533, 0xFFFF, 0xE73B, 0x738D, 0x73AD, 0xAD54, 0xC637, 0xA513, 0x6B6D, 0x73AD, 0xCE58, 0x4207, 0x0000,
  0x0000, 0x0000, 0xC616, 0xD6B8, 0x6B6D, 0x6B8D, 0xA534, 0xB5B6, 0xA513, 0x6B6D, 0x73CE, 0xE73A, 0xFFFF, 0xF7BD, 0x8C70, 0x738D,
  0x94B1, 0xC637, 0xC617, 0x842F, 0x632B, 0xB595, 0x4228, 0x7BEF, 0xD6B9, 0x632C, 0x7BEE, 0xEF5A, 0xFF9B, 0xEF7B, 0x842F, 0x632C,
  0xA513, 0xF7BE, 0xE71B, 0x842F, 0x738D, 0x94B1, 0xB595, 0xB5B5, 0xB594, 0xA533, 0xE71A, 0xEF5B, 0x738D, 0x632C, 0x8C70, 0xB595,
  0xBDF7, 0x94B2, 0x6B4C, 0xA513, 0xFFFF, 0xC637, 0x632B, 0x7BCF, 0xB5B6, 0xC5F7, 0x9CF3, 0x6B6D, 0x6B6C, 0xEF5B, 0x8C30, 0x0000,
  0x0020, 0x0000, 0xB594, 0x8C70, 0x738D, 0xD678, 0xFFDD, 0xFFFE, 0xB5B5, 0xC617, 0xF79D, 0xFFDD, 0x8450, 0x6B4C, 0xCE57, 0xFFFF,
  0xCE98, 0x73AE, 0x7BEE, 0xE71A, 0xFFFE, 0xA513, 0x6B2C, 0xB594, 0xFFFE, 0x9CD2, 0xCE58, 0x9CD2, 0x73AE, 0x736D, 0xBDF5, 0xFFDF,
  0xC616, 0x630B, 0x840F, 0xEF5C, 0x1082, 0x0000, 0x0000, 0x0000, 0x0000, 0x0000, 0xA513, 0x9CF2, 0x6B4C, 0xBDD5, 0xDED9, 0x0000,
  0x0000, 0x0020, 0x0000, 0xAD73, 0xB5B5, 0x632C, 0x73AE, 0x6B6C, 0xD6B9, 0x52A9, 0x0000, 0x0000, 0x0000, 0x0000, 0x0000, 0xEF5C,
  0xA533, 0x630B, 0xC616, 0x8430, 0x0000, 0x0000, 0x0000, 0x0000, 0x0000, 0x2124, 0x9CF2, 0x632C, 0x840F, 0xA513, 0xAD54, 0xAD54,
  0xAD54, 0xF79C, 0x9CF2, 0x630B, 0xA513, 0xD6B9, 0x738E, 0xB595, 0xE71B, 0xA513, 0x5ACA, 0xBDD6, 0x7BEE, 0x8431, 0xF7BE, 0x73AD,
  0x632B, 0xDED9, 0x8430, 0x0000, 0x10A3, 0xFFDD, 0x9490, 0x6B6D, 0x94B2, 0xAD54, 0x9490, 0xAD54, 0xAD74, 0xCE77, 0xFFFD, 0xA533,
  0x5AEB, 0xA533, 0xC637, 0x0000, 0x8C70, 0x842F, 0x5B0B, 0xBDF6, 0xC616, 0x0020, 0x0000, 0x0000, 0x0000, 0x0000, 0x0000, 0x0000,
  0x0000, 0x0000, 0x0000, 0x0000, 0x0000, 0x0000, 0x0000, 0x0000, 0x0000, 0x0000, 0x0000, 0x0000, 0x0000, 0x0000, 0x0000, 0x0000,
  0x0000, 0x0000, 0x0000, 0x0000, 0x0000, 0x0000, 0x0000, 0x0000, 0x0000, 0x0000, 0x0000, 0x0000, 0x0000, 0x0000, 0x0000, 0x0000,
  0x0000, 0x0000, 0x0000, 0x0000, 0x0000, 0x0000, 0x0000, 0x0000, 0x0000, 0x0000, 0x0000, 0x0000, 0x0000, 0x0000, 0x0000, 0x0000,
  0x0000, 0x0000, 0x0000, 0x0000, 0x0000, 0x0000, 0x0000, 0x0000, 0x0000, 0x0000, 0x0000, 0x0000, 0x0000, 0x0000, 0x0000, 0x0000,
  0x0000, 0x0000, 0x0000, 0x0000, 0x0000, 0x0000, 0x0000, 0x0000, 0x0000, 0x0000, 0x0000, 0x0000, 0x0000, 0x0000, 0x0000, 0x0000,
  0x0000, 0x0000, 0x0000, 0x0000, 0x0000, 0x0000, 0x0000, 0x0000, 0x0000, 0x0000, 0x0000, 0x0000, 0x0000, 0x0000, 0x0000, 0x0000,
  0x0000, 0x0000, 0x0000, 0x0000, 0x0000, 0x0020, 0x0000, 0xA512, 0xE71A, 0x840F, 0xE6F9, 0xCE77, 0x5289, 0x5ACB, 0x5ACA, 0x630B,
  0xEF5C, 0xD698, 0x9491, 0xD698, 0xFFFE, 0xCE78, 0xB5B5, 0xAD54, 0x94B1, 0x9491, 0x94B1, 0xA533, 0xE71A, 0x52AA, 0x0000, 0x0020,
  0x0000, 0x0000, 0x0841, 0x9CF2, 0xC637, 0x9CF2, 0x8C70, 0x8C50, 0x8C70, 0x9CF2, 0xCE78, 0x94B1, 0x738E, 0xA514, 0xC637, 0xB5D6,
  0x94D2, 0x8C50, 0x8C50, 0x94D2, 0xC617, 0xCE58, 0x0841, 0x31A6, 0xEF5B, 0x8C70, 0xB594, 0xFFFD, 0xFFFD, 0xFFFE, 0xE71A, 0x8C91,
  0xA513, 0xFFFD, 0xEF7C, 0xB594, 0x9CF2, 0x9CF2, 0x94B1, 0x94B1, 0x9CD2, 0x8C70, 0xD6B9, 0xFFFF, 0xEF5B, 0xA533, 0x8C70, 0x8C50,
  0x8430, 0x8C70, 0xA533, 0x9CF2, 0xA513, 0xCE78, 0xD699, 0xA533, 0x8C70, 0x8C50, 0x8C70, 0x9CF2, 0xBDD6, 0x738D, 0x0020, 0x0000,
  0x0000, 0x0000, 0xB594, 0xC616, 0x9490, 0xF79B, 0xE6FA, 0x5289, 0x39E7, 0x18C3, 0x18C3, 0xDEB9, 0xC617, 0x8C70, 0xE73A, 0xFFFF,
  0xFFDD, 0xA513, 0xA513, 0xFFFD, 0xFFFF, 0xC657, 0x8C50, 0xEF3B, 0xC617, 0x0000, 0x1082, 0xC637, 0xA533, 0x8C70, 0xDED9, 0xFFFF,
  0xE73A, 0x842F, 0xB5B5, 0xC5F7, 0x0841, 0x0000, 0x0000, 0x0000, 0x0000, 0x0000, 0x10A2, 0xA512, 0x9CD1, 0xDEF9, 0xD699, 0x0000,
  0x0000, 0x0000, 0x0000, 0x2965, 0xCE57, 0xA533, 0x8C90, 0xBDF5, 0x9CD2, 0x0000, 0x0000, 0x0000, 0x0000, 0x0000, 0x0000, 0xE71B,
  0xD698, 0x8C50, 0xEF5B, 0x73AE, 0x0000, 0x0020, 0x0000, 0x0000, 0x0000, 0x2124, 0xC637, 0x94B2, 0x9CD2, 0x9491, 0x9491, 0x9491,
  0x8C4F, 0xDED9, 0xB5B5, 0x8C70, 0xDED9, 0x3185, 0x0000, 0x0000, 0x52AA, 0xE71A, 0x8C70, 0xAD74, 0xE71A, 0xF79C, 0xFFFF, 0xA513,
  0x8C90, 0xE73A, 0x2945, 0x0000, 0x0841, 0xCE58, 0xC637, 0x94B1, 0x9CF2, 0x9CD1, 0x9CF2, 0x94D1, 0x8C50, 0xC616, 0xFFFF, 0xCE77,
  0x8C50, 0xC636, 0xB5B5, 0x0000, 0x94B0, 0xE73A, 0x840F, 0xC5F6, 0xC5F6, 0x0020, 0x0000, 0x0000, 0x0000, 0x0000, 0x0000, 0x0000,
  0x0000, 0x0000, 0x0000, 0x0000, 0x0000, 0x0000, 0x0000, 0x0000, 0x0000, 0x0000, 0x0000, 0x0000, 0x0000, 0x0000, 0x0000, 0x0000,
  0x0000, 0x0000, 0x0000, 0x0000, 0x0000, 0x0000, 0x0000, 0x0000, 0x0000, 0x0000, 0x0000, 0x0000, 0x0000, 0x0000, 0x0000, 0x0000,
  0x0000, 0x0000, 0x0000, 0x0000, 0x0000, 0x0000, 0x0000, 0x0000, 0x0000, 0x0000, 0x0000, 0x0000, 0x0000, 0x0000, 0x0000, 0x0000,
  0x0000, 0x0000, 0x0000, 0x0000, 0x0000, 0x0000, 0x0000, 0x0000, 0x0000, 0x0000, 0x0000, 0x0000, 0x0000, 0x0000, 0x0000, 0x0000,
  0x0000, 0x0000, 0x0000, 0x0000, 0x0000, 0x0000, 0x0000, 0x0000, 0x0000, 0x0000, 0x0000, 0x0000, 0x0000, 0x0000, 0x0000, 0x0000,
  0x0000, 0x0000, 0x0000, 0x0000, 0x0000, 0x0000, 0x0000, 0x0000, 0x0000, 0x0000, 0x0000, 0x0000, 0x0000, 0x0000, 0x0000, 0x0000,
  0x0000, 0x0000, 0x0000, 0x0000, 0x0000, 0x0000, 0x0000, 0x31A6, 0x9491, 0x840F, 0x9491, 0x10A2, 0x0000, 0x0000, 0x0000, 0x0000,
  0x2104, 0x8C71, 0x8430, 0x8C50, 0x31A6, 0x0000, 0x10A2, 0x7BEF, 0x8430, 0x7BEF, 0x8430, 0x632C, 0x3186, 0x0000, 0x0000, 0x0000,
  0x0000, 0x0000, 0x0000, 0x0000, 0x2124, 0x738D, 0x8430, 0x840F, 0x842F, 0x5289, 0x2124, 0x0000, 0x0000, 0x0000, 0x0841, 0x528A,
  0x8C50, 0x840F, 0x8410, 0x8430, 0x4A69, 0x1082, 0x0000, 0x0020, 0x5ACA, 0x8C2F, 0x8C50, 0x4A48, 0x4208, 0x4207, 0x5289, 0x842F,
  0x8C71, 0x5ACB, 0x2965, 0x4208, 0x73AE, 0x8C71, 0x8C71, 0x8C71, 0x8C71, 0x73AD, 0x4228, 0x4208, 0x4228, 0x5289, 0x8430, 0x840F,
  0x840F, 0x6B4C, 0x39E7, 0x0000, 0x0000, 0x0000, 0x39E7, 0x738D, 0x840F, 0x7BEF, 0x8410, 0x528A, 0x2104, 0x0000, 0x0000, 0x0000,
  0x0000, 0x0000, 0x18C3, 0x8C50, 0x8C30, 0x5289, 0x18C3, 0x0000, 0x0000, 0x0000, 0x0000, 0x2104, 0x8410, 0x840F, 0x4208, 0x630B,
  0x9491, 0x8C50, 0x630B, 0x4207, 0x4207, 0x4A68, 0x8430, 0x6B4D, 0x10A2, 0x0020, 0x0000, 0x2965, 0x8C50, 0x73AE, 0x4207, 0x738C,
  0x9491, 0x840F, 0x7BEF, 0x0841, 0x0000, 0x0000, 0x0000, 0x0000, 0x0000, 0x0000, 0x0000, 0x62EB, 0x8C30, 0x4A69, 0x18E3, 0x0000,
  0x0000, 0x0000, 0x0000, 0x0000, 0x3185, 0x8430, 0x840F, 0x6B6D, 0x0000, 0x0020, 0x0000, 0x0000, 0x0000, 0x0000, 0x0000, 0x2965,
  0x9491, 0x8430, 0x8430, 0x0841, 0x0000, 0x0000, 0x0000, 0x0000, 0x0000, 0x0841, 0x52AA, 0x8C51, 0x8C50, 0x8C71, 0x8C71, 0x8C71,
  0x8C50, 0x9491, 0x8C50, 0x8C50, 0x4A69, 0x0000, 0x0020, 0x0020, 0x0000, 0x3165, 0x840F, 0x8430, 0x2965, 0x2103, 0x52AA, 0x8C50,
  0x73CE, 0x4207, 0x0020, 0x0000, 0x0000, 0x0841, 0x4228, 0x4228, 0x8C70, 0x8C71, 0x8C70, 0x8C70, 0x8C71, 0x5ACA, 0x39E7, 0x8C50,
  0x8C30, 0x630B, 0x0020, 0x0000, 0x0861, 0x840F, 0x8430, 0x94B2, 0x2965, 0x0000, 0x0000, 0x0000, 0x0000, 0x0000, 0x0000, 0x0000,
  0x0000, 0x0000, 0x0000, 0x0000, 0x0000, 0x0000, 0x0000, 0x0000, 0x0000, 0x0000, 0x0000, 0x0000, 0x0000, 0x0000, 0x0000, 0x0000,
  0x0000, 0x0000, 0x0000, 0x0000, 0x0000, 0x0000, 0x0000, 0x0000, 0x0000, 0x0000, 0x0000, 0x0000, 0x0000, 0x0000, 0x0000, 0x0000,
  0x0000, 0x0000, 0x0000, 0x0000, 0x0000, 0x0000, 0x0000, 0x0000, 0x0000, 0x0000, 0x0000, 0x0000, 0x0000, 0x0000, 0x0000, 0x0000,
  0x0000, 0x0000, 0x0000, 0x0000, 0x0000, 0x0000, 0x0000, 0x0000, 0x0000, 0x0000, 0x0000, 0x0000, 0x0000, 0x0000, 0x0000, 0x0000,
  0x0000, 0x0000, 0x0000, 0x0000, 0x0000, 0x0000, 0x0000, 0x0000, 0x0000, 0x0000, 0x0000, 0x0000, 0x0000, 0x0000, 0x0000, 0x0000,
  0x0000, 0x0000, 0x0000, 0x0000, 0x0000, 0x0000, 0x0000, 0x0000, 0x0000, 0x0000, 0x0000, 0x0000, 0x0000, 0x0000, 0x0000, 0x0000,
  0x0000, 0x0000, 0x0000, 0x0000, 0x0000, 0x0000, 0x0000, 0x0000, 0x0000, 0x0000, 0x0000, 0x0000, 0x0020, 0x0000, 0x0000, 0x0020,
  0x0000, 0x0000, 0x0000, 0x0000, 0x0000, 0x0000, 0x0000, 0x0000, 0x0000, 0x0000, 0x0000, 0x0000, 0x0000, 0x0000, 0x0000, 0x0000,
  0x0000, 0x0000, 0x0000, 0x0000, 0x0000, 0x0000, 0x0000, 0x0000, 0x0000, 0x0000, 0x0000, 0x0000, 0x0020, 0x0020, 0x0000, 0x0000,
  0x0000, 0x0000, 0x0000, 0x0000, 0x0000, 0x0000, 0x0000, 0x0000, 0x0000, 0x0000, 0x0000, 0x0000, 0x0000, 0x0000, 0x0000, 0x0000,
  0x0000, 0x0000, 0x0000, 0x0000, 0x0000, 0x0000, 0x0000, 0x0000, 0x0000, 0x0000, 0x0000, 0x0000, 0x0000, 0x0000, 0x0000, 0x0000,
  0x0000, 0x0000, 0x0000, 0x0000, 0x0020, 0x0000, 0x0000, 0x0000, 0x0000, 0x0000, 0x0000, 0x0000, 0x0000, 0x0000, 0x0000, 0x0000,
  0x0000, 0x0000, 0x0000, 0x0000, 0x0000, 0x0000, 0x0000, 0x0020, 0x0000, 0x0000, 0x0000, 0x0000, 0x0000, 0x0000, 0x0000, 0x0000,
  0x0000, 0x0000, 0x0000, 0x0000, 0x0000, 0x0000, 0x0000, 0x0000, 0x0000, 0x0000, 0x0000, 0x0000, 0x0000, 0x0000, 0x0000, 0x0000,
  0x0000, 0x0000, 0x0000, 0x0000, 0x0000, 0x0000, 0x0000, 0x0000, 0x0000, 0x0000, 0x0000, 0x0000, 0x0000, 0x0000, 0x0000, 0x0000,
  0x0000, 0x0000, 0x0000, 0x0000, 0x0000, 0x0000, 0x0000, 0x0000, 0x0000, 0x0000, 0x0000, 0x0000, 0x0000, 0x0000, 0x0000, 0x0000,
  0x0000, 0x0000, 0x0000, 0x0000, 0x0000, 0x0000, 0x0000, 0x0000, 0x0000, 0x0000, 0x0000, 0x0000, 0x0000, 0x0000, 0x0000, 0x0000,
  0x0000, 0x0000, 0x0000, 0x0000, 0x0000, 0x0000, 0x0000, 0x0000, 0x0000, 0x0000, 0x0000, 0x0000, 0x0000, 0x0000, 0x0000, 0x0000,
  0x0000, 0x0000, 0x0000, 0x0000, 0x0000, 0x0000, 0x0000, 0x0000, 0x0000, 0x0000, 0x0000, 0x0000, 0x0000, 0x0000, 0x0000, 0x0000,
  0x0000, 0x0000, 0x0000, 0x0000, 0x0000, 0x0000, 0x0000, 0x0000, 0x0000, 0x0000, 0x0000, 0x0000, 0x0000, 0x0000, 0x0000, 0x0000,
  0x0000, 0x0000, 0x0000, 0x0000, 0x0000, 0x0000, 0x0000, 0x0000, 0x0000, 0x0000, 0x0000, 0x0000, 0x0000, 0x0000, 0x0000, 0x0000,
  0x0000, 0x0000, 0x0000, 0x0000, 0x0000, 0x0000, 0x0000, 0x0000, 0x0000, 0x0000, 0x0000, 0x0000, 0x0000, 0x0000, 0x0000, 0x0000,
  0x0000, 0x0000, 0x0000, 0x0000, 0x0000, 0x0000, 0x0000, 0x0000, 0x0000, 0x0000, 0x0000, 0x0000, 0x0000, 0x0000, 0x0000, 0x0000,
  0x0000, 0x0000, 0x0000, 0x0000, 0x0000, 0x0000, 0x0000, 0x0000, 0x0000, 0x0000, 0x0000, 0x0000, 0x0000, 0x0000, 0x0000, 0x0000,
  0x0000, 0x0000, 0x0000, 0x0000, 0x0000, 0x0000, 0x0000, 0x0000, 0x0000, 0x0000, 0x0000, 0x0000, 0x0000, 0x0000, 0x0000, 0x0000,
  0x0000, 0x0000, 0x0000, 0x0000, 0x0000, 0x0000, 0x0000, 0x0000, 0x0000, 0x0000, 0x0000, 0x0000, 0x0000, 0x0000, 0x0000, 0x0000,
  0x0000, 0x0000, 0x0000, 0x0000, 0x0000, 0x0000, 0x0000, 0x0000, 0x0020, 0x0020, 0x0020, 0x0000, 0x0000, 0x0000, 0x0000, 0x0000,
  0x0000, 0x0020, 0x0020, 0x0020, 0x0000, 0x0000, 0x0000, 0x0020, 0x0020, 0x0000, 0x0020, 0x0000, 0x0000, 0x0000, 0x0000, 0x0000,
  0x0000, 0x0000, 0x0000, 0x0000, 0x0000, 0x0020, 0x0020, 0x0000, 0x0020, 0x0000, 0x0000, 0x0000, 0x0000, 0x0000, 0x0000, 0x0000,
  0x0020, 0x0020, 0x0020, 0x0020, 0x0000, 0x0000, 0x0000, 0x0000, 0x0000, 0x0020, 0x0020, 0x0000, 0x0000, 0x0000, 0x0000, 0x0020,
  0x0020, 0x0000, 0x0000, 0x0000, 0x0020, 0x0020, 0x0020, 0x0020, 0x0020, 0x0020, 0x0000, 0x0000, 0x0000, 0x0000, 0x0020, 0x0000,
  0x0000, 0x0000, 0x0000, 0x0000, 0x0000, 0x0000, 0x0000, 0x0020, 0x0020, 0x0000, 0x0020, 0x0000, 0x0000, 0x0000, 0x0000, 0x0000,
  0x0000, 0x0000, 0x0000, 0x0020, 0x0020, 0x0000, 0x0000, 0x0000, 0x0000, 0x0000, 0x0000, 0x0000, 0x0020, 0x0020, 0x0000, 0x0020,
  0x0020, 0x0020, 0x0000, 0x0000, 0x0000, 0x0000, 0x0020, 0x0020, 0x0000, 0x0000, 0x0000, 0x0000, 0x0020, 0x0000, 0x0000, 0x0020,
  0x0020, 0x0020, 0x0020, 0x0000, 0x0000, 0x0000, 0x0000, 0x0000, 0x0000, 0x0000, 0x0000, 0x0000, 0x0020, 0x0000, 0x0000, 0x0000,
  0x0000, 0x0000, 0x0000, 0x0000, 0x0000, 0x0020, 0x0020, 0x0020, 0x0000, 0x0000, 0x0000, 0x0000, 0x0000, 0x0000, 0x0000, 0x0000,
  0x0020, 0x0020, 0x0020, 0x0000, 0x0000, 0x0000, 0x0000, 0x0000, 0x0000, 0x0000, 0x0000, 0x0020, 0x0020, 0x0020, 0x0020, 0x0020,
  0x0020, 0x0020, 0x0020, 0x0020, 0x0000, 0x0000, 0x0000, 0x0000, 0x0000, 0x0000, 0x0020, 0x0020, 0x0000, 0x0000, 0x0000, 0x0020,
  0x0000, 0x0000, 0x0000, 0x0000, 0x0000, 0x0000, 0x0000, 0x0000, 0x0020, 0x0020, 0x0020, 0x0020, 0x0020, 0x0000, 0x0000, 0x0020,
  0x0020, 0x0000, 0x0000, 0x0000, 0x0000, 0x0020, 0x0020, 0x0020, 0x0000, 0x0000, 0x0000, 0x0000, 0x0000, 0x0000, 0x0000, 0x0000,
  0x0000, 0x0000, 0x0000, 0x0000, 0x0000, 0x0000, 0x0000, 0x0000, 0x0000, 0x0000, 0x0000, 0x0000, 0x0000, 0x0000, 0x0000, 0x0000,
  0x0000, 0x0000, 0x0000, 0x0000, 0x0000, 0x0000, 0x0000, 0x0000, 0x0000, 0x0000, 0x0000, 0x0000, 0x0000, 0x0000, 0x0000, 0x0000,
  0x0000, 0x0000, 0x0000, 0x0000, 0x0000, 0x0000, 0x0000, 0x0000, 0x0000, 0x0000, 0x0000, 0x0000, 0x0000, 0x0000, 0x0000, 0x0000,
  0x0000, 0x0000, 0x0000, 0x0000, 0x0000, 0x0000, 0x0000, 0x0000, 0x0000, 0x0000, 0x0000, 0x0000, 0x0000, 0x0000, 0x0000, 0x0000,
  0x0000, 0x0000, 0x0000, 0x0000, 0x0000, 0x0000, 0x0000, 0x0000, 0x0000, 0x0000, 0x0000, 0x0000, 0x0000, 0x0000, 0x0000, 0x0000,
  0x0000, 0x0000, 0x0000, 0x0000, 0x0000, 0x0000, 0x0000, 0x0000, 0x0000, 0x0000, 0x0000, 0x0000, 0x0000, 0x0000, 0x0000, 0x0000,
  0x0000, 0x0000, 0x0000, 0x0000, 0x0000, 0x0000, 0x0000, 0x0000, 0x0000, 0x0000, 0x0000, 0x0000, 0x0000, 0x0000, 0x0000, 0x0000,
  0x0000, 0x0000, 0x0000, 0x0000, 0x0000, 0x0000, 0x0000, 0x0000, 0x0000, 0x0000, 0x0000, 0x0000, 0x0000, 0x0000, 0x0000, 0x0000,
  0x0000, 0x0000, 0x0000, 0x0000, 0x0000, 0x0000, 0x0000, 0x0000, 0x0000, 0x0000, 0x0000, 0x0000, 0x0000, 0x0000, 0x0000, 0x0000,
  0x0000, 0x0000, 0x0000, 0x0000, 0x0000, 0x0000, 0x0000, 0x0000, 0x0000, 0x0000, 0x0000, 0x0000, 0x0000, 0x0000, 0x0000, 0x0000,
  0x0000, 0x0000, 0x0000, 0x0000, 0x0000, 0x0000, 0x0000, 0x0000, 0x0000, 0x0000, 0x0000, 0x0000, 0x0000, 0x0000, 0x0000, 0x0000,
  0x0000, 0x0000, 0x0000, 0x0000, 0x0000, 0x0000, 0x0000, 0x0000, 0x0000, 0x0000, 0x0000, 0x0000, 0x0000, 0x0000, 0x0000, 0x0000,
  0x0000, 0x0000, 0x0000, 0x0000, 0x0000, 0x0000, 0x0000, 0x0000, 0x0000, 0x0000, 0x0000, 0x0000, 0x0000, 0x0000, 0x0000, 0x0000,
  0x0000, 0x0000, 0x0000, 0x0000, 0x0000, 0x0000, 0x0000, 0x0000, 0x0000, 0x0000, 0x0000, 0x0000, 0x0000, 0x0000, 0x0000, 0x0000,
  0x0000, 0x0000, 0x0000, 0x0000, 0x0000, 0x0000, 0x0000, 0x0000, 0x0000, 0x0000, 0x0000, 0x0000, 0x0000, 0x0000, 0x0000, 0x0000,
  0x0000, 0x0000, 0x0000, 0x0000, 0x0000, 0x0000, 0x0000, 0x0000, 0x0000, 0x0000, 0x0000, 0x0000, 0x0000, 0x0000, 0x0000, 0x0000,
  0x0000, 0x0000, 0x0000, 0x0000, 0x0000, 0x0000, 0x0000, 0x0000, 0x0000, 0x0000, 0x0000, 0x0000, 0x0000, 0x0000, 0x0000, 0x0000,
  0x0000, 0x0000, 0x0000, 0x0000, 0x0000, 0x0000, 0x0000, 0x0000, 0x0000, 0x0000, 0x0000, 0x0000, 0x0000, 0x0000, 0x0000, 0x0000,
  0x0000, 0x0000, 0x0000, 0x0000, 0x0000, 0x0000, 0x0000, 0x0000, 0x0000, 0x0000, 0x0000, 0x0000, 0x0000, 0x0000, 0x0000, 0x0000,
  0x0000, 0x0000, 0x0000, 0x0000, 0x0000, 0x0000, 0x0000, 0x0000, 0x0000, 0x0000, 0x0000, 0x0000, 0x0000, 0x0000, 0x0000, 0x0000,
  0x0000, 0x0000, 0x0000, 0x0000, 0x0000, 0x0000, 0x0000, 0x0000, 0x0000, 0x0000, 0x0000, 0x0000, 0x0000, 0x0000, 0x0000, 0x0000,
  0x0000, 0x0000, 0x0000, 0x0000, 0x0000, 0x0000, 0x0000, 0x0000, 0x0000, 0x0000, 0x0000, 0x0000, 0x0000, 0x0000, 0x0000, 0x0000,
  0x0000, 0x0000, 0x0000, 0x0000, 0x0000, 0x0000, 0x0000, 0x0000, 0x0000, 0x0000, 0x0000, 0x0000, 0x0000, 0x0000, 0x0000, 0x0000,
  0x0000, 0x0000, 0x0000, 0x0000, 0x0000, 0x0000, 0x0000, 0x0000, 0x0000, 0x0000, 0x0000, 0x0000, 0x0000, 0x0000, 0x0000, 0x0000,
  0x0000, 0x0000, 0x0000, 0x0000, 0x0000, 0x0000, 0x0000, 0x0000, 0x0000, 0x0000, 0x0000, 0x0000, 0x0000, 0x0000, 0x0000, 0x0000,
  0x0000, 0x0000, 0x0000, 0x0000, 0x0000, 0x0000, 0x0000, 0x0000, 0x0000, 0x0000, 0x0000, 0x0000, 0x0000, 0x0000, 0x0000, 0x0000,
  0x0000, 0x0000, 0x0000, 0x0000, 0x0000, 0x0000, 0x0000, 0x0000, 0x0000, 0x0000, 0x0000, 0x0000, 0x0000, 0x0000, 0x0000, 0x0000,
  0x0000, 0x0000, 0x0000, 0x0000, 0x0000, 0x0000, 0x0000, 0x0000, 0x0000, 0x0000, 0x0000, 0x0000, 0x0000, 0x0000, 0x0000, 0x0000,
  0x0000, 0x0000, 0x0000, 0x0000, 0x0000, 0x0000, 0x0000, 0x0000, 0x0000, 0x0000, 0x0000, 0x0000, 0x0000, 0x0000, 0x0000, 0x0000,
  0x0000, 0x0000, 0x0000, 0x0000, 0x0000, 0x0000, 0x0000, 0x0000, 0x0000, 0x0000, 0x0000, 0x0000, 0x0000, 0x0000, 0x0000, 0x0000,
  0x0000, 0x0000, 0x0000, 0x0000, 0x0000, 0x0000, 0x0000, 0x0000, 0x0000, 0x0000, 0x0000, 0x0000, 0x0000, 0x0000, 0x0000, 0x0000,
  0x0000, 0x0000, 0x0000, 0x0000, 0x0000, 0x0000, 0x0000, 0x0000, 0x0000, 0x0000, 0x0000, 0x0000, 0x0000, 0x0000, 0x0000, 0x0000,
  0x0000, 0x0000, 0x0000, 0x0000, 0x0000, 0x0000, 0x0000, 0x0000, 0x0000, 0x0000, 0x0000, 0x0000, 0x0000, 0x0000, 0x0000, 0x0000,
  0x0000, 0x0000, 0x0000, 0x0000, 0x0000, 0x0000, 0x0000, 0x0000, 0x0000, 0x0000, 0x0000, 0x0000, 0x0000, 0x0000, 0x0000, 0x0000,
  0x0000, 0x0000, 0x0000, 0x0000, 0x0000, 0x0000, 0x0000, 0x0000, 0x0000, 0x0000, 0x0000, 0x0000, 0x0000, 0x0000, 0x0000, 0x0000,
  0x0000, 0x0000, 0x0000, 0x0000, 0x0000, 0x0000, 0x0000, 0x0000, 0x0000, 0x0000, 0x0000, 0x0000, 0x0000, 0x0000, 0x0000, 0x0000,
  0x0000, 0x0000, 0x0000, 0x0000, 0x0000, 0x0000, 0x0000, 0x0000, 0x0000, 0x0000, 0x0000, 0x0000, 0x0000, 0x0000, 0x0000, 0x0000,
  0x0000, 0x0000, 0x0000, 0x0000, 0x0000, 0x0000, 0x0000, 0x0000, 0x0000, 0x0000, 0x0000, 0x0000, 0x0000, 0x0000, 0x0000, 0x0000,
  0x0000, 0x0000, 0x0000, 0x0000, 0x0000, 0x0000, 0x0000, 0x0000, 0x0000, 0x0000, 0x0000, 0x0000, 0x0000, 0x0000, 0x0000, 0x0000,
  0x0000, 0x0000, 0x0000, 0x0000, 0x0000, 0x0000, 0x0000, 0x0000, 0x0000, 0x0000, 0x0000, 0x0000, 0x0000, 0x0000, 0x0000, 0x0000,
  0x0000, 0x0000, 0x0000, 0x0000, 0x0000, 0x0000, 0x0000, 0x0000, 0x0000, 0x0000, 0x0000, 0x0000, 0x0000, 0x0000, 0x0000, 0x0000,
  0x0000, 0x0000, 0x0000, 0x0000, 0x0000, 0x0000, 0x0000, 0x0000, 0x0000, 0x0000, 0x0000, 0x0000, 0x0000, 0x0000, 0x0000, 0x0000,
  0x0000, 0x0000, 0x0000, 0x0000, 0x0000, 0x0000, 0x0000, 0x0000, 0x0000, 0x0000, 0x0000, 0x0000, 0x0000, 0x0000, 0x0000, 0x0000,
  0x0000, 0x0000, 0x0000, 0x0000, 0x0000, 0x0000, 0x0000, 0x0000, 0x0000, 0x0000, 0x0000, 0x0000, 0x0000, 0x0000, 0x0000, 0x0000,
  0x0000, 0x0000, 0x0000, 0x0000, 0x0000, 0x0000, 0x0000, 0x0000, 0x0000, 0x0000, 0x0000, 0x0000, 0x0000, 0x0000, 0x0000, 0x0000,
  0x0000, 0x0000, 0x0000, 0x0000, 0x0000, 0x0000, 0x0000, 0x0000, 0x0000, 0x0000, 0x0000, 0x0000, 0x0000, 0x0000, 0x0000, 0x0000,
  0x0000, 0x0000, 0x0000, 0x0000, 0x0000, 0x0000, 0x0000, 0x0000, 0x0000, 0x0000, 0x0000, 0x0000, 0x0000, 0x0000, 0x0000, 0x0000,
  0x0000, 0x0000, 0x0000, 0x0000, 0x0000, 0x0000, 0x0000, 0x0000, 0x0000, 0x0000, 0x0000, 0x0000, 0x0000, 0x0000, 0x0000, 0x0000,
  0x0000, 0x0000, 0x0000, 0x0000, 0x0000, 0x0000, 0x0000, 0x0000, 0x0000, 0x0000, 0x0000, 0x0000, 0x0000, 0x0000, 0x0000, 0x0000,
  0x0000, 0x0000, 0x0000, 0x0000, 0x0000, 0x0000, 0x0000, 0x0000, 0x0000, 0x0000, 0x0000, 0x0000, 0x0000, 0x0000, 0x0000, 0x0000,
  0x0000, 0x0000, 0x0000, 0x0000, 0x0000, 0x0000, 0x0000, 0x0000, 0x0000, 0x0000, 0x0000, 0x0000, 0x0000, 0x0000, 0x0000, 0x0000,
  0x0000, 0x0000, 0x0000, 0x0000, 0x0000, 0x0000, 0x0000, 0x0000, 0x0000, 0x0000, 0x0000, 0x0000, 0x0000, 0x0000, 0x0000, 0x0000,
  0x0000, 0x0000, 0x0000, 0x0000, 0x0000, 0x0000, 0x0000, 0x0000, 0x0000, 0x0000, 0x0000, 0x0000, 0x0000, 0x0000, 0x0000, 0x0000,
  0x0000, 0x0000, 0x0000, 0x0000, 0x0000, 0x0000, 0x0000, 0x0000, 0x0000, 0x0000, 0x0000, 0x0000, 0x0000, 0x0000, 0x0000, 0x0000,
  0x0000, 0x0000, 0x0000, 0x0000, 0x0000, 0x0000, 0x0000, 0x0000, 0x0000, 0x0000, 0x0000, 0x0000, 0x0000, 0x0000, 0x0000, 0x0000,
  0x0000, 0x0000, 0x0000, 0x0000, 0x0000, 0x0000, 0x0000, 0x0000, 0x0000, 0x0000, 0x0000, 0x0000, 0x0000, 0x0000, 0x0000, 0x0000,
  0x0000, 0x0000, 0x0000, 0x0000, 0x0000, 0x0000, 0x0000, 0x0000, 0x0000, 0x0000, 0x0000, 0x0000, 0x0000, 0x0000, 0x0000, 0x0000,
  0x0000, 0x0000, 0x0000, 0x0000, 0x0000, 0x0000, 0x0000, 0x0000, 0x0000, 0x0000, 0x0000, 0x0000, 0x0000, 0x0000, 0x0000, 0x0000,
  0x0000, 0x0000, 0x0000, 0x0000, 0x0000, 0x0000, 0x0000, 0x0000, 0x0000, 0x0000, 0x0000, 0x0000, 0x0000, 0x0000, 0x0000, 0x0000,
  0x0000, 0x0000, 0x0000, 0x0000, 0x0000, 0x0000, 0x0000, 0x0000, 0x0000, 0x0000, 0x0000, 0x0000, 0x0000, 0x0000, 0x0000, 0x0000,
  0x0000, 0x0000, 0x0000, 0x0000, 0x0000, 0x0000, 0x0000, 0x0000, 0x0000, 0x0000, 0x0000, 0x0000, 0x0000, 0x0000, 0x0000, 0x0000,
  0x0000, 0x0000, 0x0000, 0x0000, 0x0000, 0x0000, 0x0000, 0x0000, 0x0000, 0x0000, 0x0000, 0x0000, 0x0000, 0x0000, 0x0000, 0x0000,
  0x0000, 0x0000, 0x0000, 0x0000, 0x0000, 0x0000, 0x0000, 0x0000, 0x0000, 0x0000, 0x0000, 0x0000, 0x0000, 0x0000, 0x0000, 0x0000,
  0x0000, 0x0000, 0x0000, 0x0000, 0x0000, 0x0000, 0x0000, 0x0000, 0x0000, 0x0000, 0x0000, 0x0000, 0x0000, 0x0000, 0x0000, 0x0000,
  0x0000, 0x0000, 0x0000, 0x0000, 0x0000, 0x0000, 0x0000, 0x0000, 0x0000, 0x0000, 0x0000, 0x0000, 0x0000, 0x0000, 0x0000, 0x0000,
  0x0000, 0x0000, 0x0000, 0x0000, 0x0000, 0x0000, 0x0000, 0x0000, 0x0000, 0x0000, 0x0000, 0x0000, 0x0000, 0x0000, 0x0000, 0x0000,
  0x0000, 0x0000, 0x0000, 0x0000, 0x0000, 0x0000, 0x0000, 0x0000, 0x0000, 0x0000, 0x0000, 0x0000, 0x0000, 0x0000, 0x0000, 0x0000,
  0x0000, 0x0000, 0x0000, 0x0000, 0x0000, 0x0000, 0x0000, 0x0000, 0x0000, 0x0000, 0x0000, 0x0000, 0x0000, 0x0000, 0x0000, 0x0000,
  0x0000, 0x0000, 0x0000, 0x0000, 0x0000, 0x0000, 0x0000, 0x0000, 0x0000, 0x0000, 0x0000, 0x0000, 0x0000, 0x0000, 0x0000, 0x0000,
  0x0000, 0x0000, 0x0000, 0x0000, 0x0000, 0x0000, 0x0000, 0x0000, 0x0000, 0x0000, 0x0000, 0x0000, 0x0000, 0x0000, 0x0000, 0x0000,
  0x0000, 0x0000, 0x0000, 0x0000, 0x0000, 0x0000, 0x0000, 0x0000, 0x0000, 0x0000, 0x0000, 0x0000, 0x0000, 0x0000, 0x0000, 0x0000,
  0x0000, 0x0000, 0x0000, 0x0000, 0x0000, 0x0000, 0x0000, 0x0000, 0x0000, 0x0000, 0x0000, 0x0000, 0x0000, 0x0000, 0x0000, 0x0000,
  0x0000, 0x0000, 0x0000, 0x0000, 0x0000, 0x0000, 0x0000, 0x0000, 0x0000, 0x0000, 0x0000, 0x0000, 0x0000, 0x0000, 0x0000, 0x0000,
  0x0000, 0x0000, 0x0000, 0x0000, 0x0000, 0x0000, 0x0000, 0x0000, 0x0000, 0x0000, 0x0000, 0x0000, 0x0000, 0x0000, 0x0000, 0x0000,
  0x0000, 0x0000, 0x0000, 0x0000, 0x0000, 0x0000, 0x0000, 0x0000, 0x0000, 0x0000, 0x0000, 0x0000, 0x0000, 0x0000, 0x0000, 0x0000,
  0x0000, 0x0000, 0x0000, 0x0000, 0x0000, 0x0000, 0x0000, 0x0000, 0x0000, 0x0000, 0x0000, 0x0000, 0x0000, 0x0000, 0x0000, 0x0000,
  0x0000, 0x0000, 0x0000, 0x0000, 0x0000, 0x0000, 0x0000, 0x0000, 0x0000, 0x0000, 0x0000, 0x0000, 0x0000, 0x0000, 0x0000, 0x0000,
  0x0000, 0x0000, 0x0000, 0x0000, 0x0000, 0x0000, 0x0000, 0x0000, 0x0000, 0x0000, 0x0000, 0x0000, 0x0000, 0x0000, 0x0000, 0x0000,
  0x0000, 0x0000, 0x0000, 0x0000, 0x0000, 0x0000, 0x0000, 0x0000, 0x0000, 0x0000, 0x0000, 0x0000, 0x0000, 0x0000, 0x0000, 0x0000,
  0x0000, 0x0000, 0x0000, 0x0000, 0x0000, 0x0000, 0x0000, 0x0000, 0x0000, 0x0000, 0x0000, 0x0000, 0x0000, 0x0000, 0x0000, 0x0000,
  0x0000, 0x0000, 0x0000, 0x0000, 0x0000, 0x0000, 0x0000, 0x0000, 0x0000, 0x0000, 0x0000, 0x0000, 0x0000, 0x0000, 0x0000, 0x0000,
  0x0000, 0x0000, 0x0000, 0x0000, 0x0000, 0x0000, 0x0000, 0x0000, 0x0000, 0x0000, 0x0000, 0x0000, 0x0000, 0x0000, 0x0000, 0x0000,
  0x0000, 0x0000, 0x0000, 0x0000, 0x0000, 0x0000, 0x0000, 0x0000, 0x0000, 0x0000, 0x0000, 0x0000, 0x0000, 0x0000, 0x0000, 0x0000,
  0x0000, 0x0000, 0x0000, 0x0000, 0x0000, 0x0000, 0x0000, 0x0000, 0x0000, 0x0000, 0x0000, 0x0000, 0x0000, 0x0000, 0x0000, 0x0000,
  0x0000, 0x0000, 0x0000, 0x0000, 0x0000, 0x0000, 0x0000, 0x0000, 0x0000, 0x0000, 0x0000, 0x0000, 0x0000, 0x0000, 0x0000, 0x0000,
  0x0000, 0x0000, 0x0000, 0x0000, 0x0000, 0x0000, 0x0000, 0x0000, 0x0000, 0x0000, 0x0000, 0x0000, 0x0000, 0x0000, 0x0000, 0x0000,
  0x0000, 0x0000, 0x0000, 0x0000, 0x0000, 0x0000, 0x0000, 0x0000, 0x0000, 0x0000, 0x0000, 0x0000, 0x0000, 0x0000, 0x0000, 0x0000,
  0x0000, 0x0000, 0x0000, 0x0000, 0x0000, 0x0000, 0x0000, 0x0000, 0x0000, 0x0000, 0x0000, 0x0000, 0x0000, 0x0000, 0x0000, 0x0000,
  0x0000, 0x0000, 0x0000, 0x0000, 0x0000, 0x0000, 0x0000, 0x0000, 0x0000, 0x0000, 0x0000, 0x0000, 0x0000, 0x0000, 0x0000, 0x0000,
  0x0000, 0x0000, 0x0000, 0x0000, 0x0000, 0x0000, 0x0000, 0x0000, 0x0000, 0x0000, 0x0000, 0x0000, 0x0000, 0x0000, 0x0000, 0x0000,
  0x0000, 0x0000, 0x0000, 0x0000, 0x0000, 0x0000, 0x0000, 0x0000, 0x0000, 0x0000, 0x0000, 0x0000, 0x0000, 0x0000, 0x0000, 0x0000,
  0x0000, 0x0000, 0x0000, 0x0000, 0x0000, 0x0000, 0x0000, 0x0000, 0x0000, 0x0000, 0x0000, 0x0000, 0x0000, 0x0000, 0x0000, 0x0000,
  0x0000, 0x0000, 0x0000, 0x0000, 0x0000, 0x0000, 0x0000, 0x0000, 0x0000, 0x0000, 0x0000, 0x0000, 0x0000, 0x0000, 0x0000, 0x0000,
  0x0000, 0x0000, 0x0000, 0x0000, 0x0000, 0x0000, 0x0000, 0x0000, 0x0000, 0x0000, 0x0000, 0x0000, 0x0000, 0x0000, 0x0000, 0x0000,
  0x0000, 0x0000, 0x0000, 0x0000, 0x0000, 0x0000, 0x0000, 0x0000, 0x0000, 0x0000, 0x0000, 0x0000, 0x0000, 0x0000, 0x0000, 0x0000,
  0x0000, 0x0000, 0x0000, 0x0000, 0x0000, 0x0000, 0x0000, 0x0000, 0x0000, 0x0000, 0x0000, 0x0000, 0x0000, 0x0000, 0x0000, 0x0000,
  0x0000, 0x0000, 0x0000, 0x0000, 0x0000, 0x0000, 0x0000, 0x0000, 0x0000, 0x0000, 0x0000, 0x0000, 0x0000, 0x0000, 0x0000, 0x0000,
  0x0000, 0x0000, 0x0000, 0x0000, 0x0000, 0x0000, 0x0000, 0x0000, 0x0000, 0x0000, 0x0000, 0x0000, 0x0000, 0x0000, 0x0000, 0x0000,
  0x0000, 0x0000, 0x0000, 0x0000, 0x0000, 0x0000, 0x0000, 0x0000, 0x0000, 0x0000, 0x0000, 0x0000, 0x0000, 0x0000, 0x0000, 0x0000,
  0x0000, 0x0000, 0x0000, 0x0000, 0x0000, 0x0000, 0x0000, 0x0000, 0x0000, 0x0000, 0x0000, 0x0000, 0x0000, 0x0000, 0x0000, 0x0000,
  0x0000, 0x0000, 0x0000, 0x0000, 0x0000, 0x0000, 0x0000, 0x0000, 0x0000, 0x0000, 0x0000, 0x0000, 0x0000, 0x0000, 0x0000, 0x0000,
  0x0000, 0x0000, 0x0000, 0x0000, 0x0000, 0x0000, 0x0000, 0x0000, 0x0000, 0x0000, 0x0000, 0x0000, 0x0000, 0x0000, 0x0000, 0x0000,
  0x0000, 0x0000, 0x0000, 0x0000, 0x0000, 0x0000, 0x0000, 0x0000, 0x0000, 0x0000, 0x0000, 0x0000, 0x0000, 0x0000, 0x0000, 0x0000,
  0x0000, 0x0000, 0x0000, 0x0000, 0x0000, 0x0000, 0x0000, 0x0000, 0x0000, 0x0000, 0x0000, 0x0000, 0x0000, 0x0000, 0x0000, 0x0000,
  0x0000, 0x0000, 0x0000, 0x0000, 0x0000, 0x0000, 0x0000, 0x0000, 0x0000, 0x0000, 0x0000, 0x0000, 0x0000, 0x0000, 0x0000, 0x0000,
  0x0000, 0x0000, 0x0000, 0x0000, 0x0000, 0x0000, 0x0000, 0x0000, 0x0000, 0x0000, 0x0000, 0x0000, 0x0000, 0x0000, 0x0000, 0x0000,
  0x0000, 0x0000, 0x0000, 0x0000, 0x0000, 0x0000, 0x0000, 0x0000, 0x0000, 0x0000, 0x0000, 0x0000, 0x0000, 0x0000, 0x0000, 0x0000,
  0x0000, 0x0000, 0x0000, 0x0000, 0x0000, 0x0000, 0x0000, 0x0000, 0x0000, 0x0000, 0x0000, 0x0000, 0x0000, 0x0000, 0x0000, 0x0000,
  0x0000, 0x0000, 0x0000, 0x0000, 0x0000, 0x0000, 0x0000, 0x0000, 0x0000, 0x0000, 0x0000, 0x0000, 0x0000, 0x0000, 0x0000, 0x0000,
  0x0000, 0x0000, 0x0000, 0x0000, 0x0000, 0x0000, 0x0000, 0x0000, 0x0000, 0x0000, 0x0000, 0x0000, 0x0000, 0x0000, 0x0000, 0x0000,
  0x0000, 0x0000, 0x0000, 0x0000, 0x0000, 0x0000, 0x0000, 0x0000, 0x0000, 0x0000, 0x0000, 0x0000, 0x0000, 0x0000, 0x0000, 0x0000,
  0x0000, 0x0000, 0x0000, 0x0000, 0x0000, 0x0000, 0x0000, 0x0000, 0x0000, 0x0000, 0x0000, 0x0000, 0x0000, 0x0000, 0x0000, 0x0000,
  0x0000, 0x0000, 0x0000, 0x0000, 0x0000, 0x0000, 0x0000, 0x0000, 0x0000, 0x0000, 0x0000, 0x0000, 0x0000, 0x0000, 0x0000, 0x0000,
  0x0000, 0x0000, 0x0000, 0x0000, 0x0000, 0x0000, 0x0000, 0x0000, 0x0000, 0x0000, 0x0000, 0x0000, 0x0000, 0x0000, 0x0000, 0x0000,
  0x0000, 0x0000, 0x0000, 0x0000, 0x0000, 0x0000, 0x0000, 0x0000, 0x0000, 0x0000, 0x0000, 0x0000, 0x0000, 0x0000, 0x0000, 0x0000,
  0x0000, 0x0000, 0x0000, 0x0000, 0x0000, 0x0000, 0x0000, 0x0000, 0x0000, 0x0000, 0x0000, 0x0000, 0x0000, 0x0000, 0x0000, 0x0000,
  0x0000, 0x0000, 0x0000, 0x0000, 0x0000, 0x0000, 0x0000, 0x0000, 0x0000, 0x0000, 0x0000, 0x0000, 0x0000, 0x0000, 0x0000, 0x0000,
  0x0000, 0x0000, 0x0000, 0x0000, 0x0000, 0x0000, 0x0000, 0x0000, 0x0000, 0x0000, 0x0000, 0x0000, 0x0000, 0x0000, 0x0000, 0x0000,
  0x0000, 0x0000, 0x0000, 0x0000, 0x0000, 0x0000, 0x0000, 0x0000, 0x0000, 0x0000, 0x0000, 0x0000, 0x0000, 0x0000, 0x0000, 0x0000,
  0x0000, 0x0000, 0x0000, 0x0000, 0x0000, 0x0000, 0x0000, 0x0000, 0x0000, 0x0000, 0x0000, 0x0000, 0x0000, 0x0000, 0x0000, 0x0000,
  0x0000, 0x0000, 0x0000, 0x0000, 0x0000, 0x0000, 0x0000, 0x0000, 0x0000, 0x0000, 0x0000, 0x0000, 0x0000, 0x0000, 0x0000, 0x0000,
  0x0000, 0x0000, 0x0000, 0x0000, 0x0000, 0x0000, 0x0000, 0x0000, 0x0000, 0x0000, 0x0000, 0x0000, 0x0000, 0x0000, 0x0000, 0x0000,
  0x0000, 0x0000, 0x0000, 0x0000, 0x0000, 0x0000, 0x0000, 0x0000, 0x0000, 0x0000, 0x0000, 0x0000, 0x0000, 0x0000, 0x0000, 0x0000,
  0x0000, 0x0000, 0x0000, 0x0000, 0x0000, 0x0000, 0x0000, 0x0000, 0x0000, 0x0000, 0x0000, 0x0000, 0x0000, 0x0000, 0x0000, 0x0000,
  0x0000, 0x0000, 0x0000, 0x0000, 0x0000, 0x0000, 0x0000, 0x0000, 0x0000, 0x0000, 0x0000, 0x0000, 0x0000, 0x0000, 0x0000, 0x0000,
  0x0000, 0x0000, 0x0000, 0x0000, 0x0000, 0x0000, 0x0000, 0x0000, 0x0000, 0x0000, 0x0000, 0x0000, 0x0000, 0x0000, 0x0000, 0x0000,
  0x0000, 0x0000, 0x0000, 0x0000, 0x0000, 0x0000, 0x0000, 0x0000, 0x0000, 0x0000, 0x0000, 0x0000, 0x0000, 0x0000, 0x0000, 0x0000,
  0x0000, 0x0000, 0x0000, 0x0000, 0x0000, 0x0000, 0x0000, 0x0000, 0x0000, 0x0000, 0x0000, 0x0000, 0x0000, 0x0000, 0x0000, 0x0000,
  0x0000, 0x0000, 0x0000, 0x0000, 0x0000, 0x0000, 0x0000, 0x0000, 0x0000, 0x0000, 0x0000, 0x0000, 0x0000, 0x0000, 0x0000, 0x0000,
  0x0000, 0x0000, 0x0000, 0x0000, 0x0000, 0x0000, 0x0000, 0x0000, 0x0000, 0x0000, 0x0000, 0x0000, 0x0000, 0x0000, 0x0000, 0x0000,
  0x0000, 0x0000, 0x0000, 0x0000, 0x0000, 0x0000, 0x0000, 0x0000, 0x0000, 0x0000, 0x0000, 0x0000, 0x0000, 0x0000, 0x0000, 0x0000,
  0x0000, 0x0000, 0x0000, 0x0000, 0x0000, 0x0000, 0x0000, 0x0000, 0x0000, 0x0000, 0x0000, 0x0000, 0x0000, 0x0000, 0x0000, 0x0000,
  0x0000, 0x0000, 0x0000, 0x0000, 0x0000, 0x0000, 0x0000, 0x0000, 0x0000, 0x0000, 0x0000, 0x0000, 0x0000, 0x0000, 0x0000, 0x0000,
  0x0000, 0x0000, 0x0000, 0x0000, 0x0000, 0x0000, 0x0000, 0x0000, 0x0000, 0x0000, 0x0000, 0x0000, 0x0000, 0x0000, 0x0000, 0x0000,
  0x0000, 0x0000, 0x0000, 0x0000, 0x0000, 0x0000, 0x0000, 0x0000, 0x0000, 0x0000, 0x0000, 0x0000, 0x0000, 0x0000, 0x0000, 0x0000,
  0x0000, 0x0000, 0x0000, 0x0000, 0x0000, 0x0000, 0x0000, 0x0000, 0x0000, 0x0000, 0x0000, 0x0000, 0x0000, 0x0000, 0x0000, 0x0000,
  0x0000, 0x0000, 0x0000, 0x0000, 0x0000, 0x0000, 0x0000, 0x0000, 0x0000, 0x0000, 0x0000, 0x0000, 0x0000, 0x0000, 0x0000, 0x0000,
  0x0000, 0x0000, 0x0000, 0x0000, 0x0000, 0x0000, 0x0000, 0x0000, 0x0000, 0x0000, 0x0000, 0x0000, 0x0000, 0x0000, 0x0000, 0x0000,
  0x0000, 0x0000, 0x0000, 0x0000, 0x0000, 0x0000, 0x0000, 0x0000, 0x0000, 0x0000, 0x0000, 0x0000, 0x0000, 0x0000, 0x0000, 0x0000,
  0x0000, 0x0000, 0x0000, 0x0000, 0x0000, 0x0000, 0x0000, 0x0000, 0x0000, 0x0000, 0x0000, 0x0000, 0x0000, 0x0000, 0x0000, 0x0000,
  0x0000, 0x0000, 0x0000, 0x0000, 0x0000, 0x0000, 0x0000, 0x0000, 0x0000, 0x0000, 0x0000, 0x0000, 0x0000, 0x0000, 0x0000, 0x0000,
  0x0000, 0x0000, 0x0000, 0x0000, 0x0000, 0x0000, 0x0000, 0x0000, 0x0000, 0x0000, 0x0000, 0x0000, 0x0000, 0x0000, 0x0000, 0x0000,
  0x0000, 0x0000, 0x0000, 0x0000, 0x0000, 0x0000, 0x0000, 0x0000, 0x0000, 0x0000, 0x0000, 0x0000, 0x0000, 0x0000, 0x0000, 0x0000,
  0x0000, 0x0000, 0x0000, 0x0000, 0x0000, 0x0000, 0x0000, 0x0000, 0x0000, 0x0000, 0x0000, 0x0000, 0x0000, 0x0000, 0x0000, 0x0000,
  0x0000, 0x0000, 0x0000, 0x0000, 0x0000, 0x0000, 0x0000, 0x0000, 0x0000, 0x0000, 0x0000, 0x0000, 0x0000, 0x0000, 0x0000, 0x0000,
  0x0000, 0x0000, 0x0000, 0x0000, 0x0000, 0x0000, 0x0000, 0x0000, 0x0000, 0x0000, 0x0000, 0x0000, 0x0000, 0x0000, 0x0000, 0x0000,
  0x0000, 0x0000, 0x0000, 0x0000, 0x0000, 0x0000, 0x0000, 0x0000, 0x0000, 0x0000, 0x0000, 0x0000, 0x0000, 0x0000, 0x0000, 0x0000,
  0x0000, 0x0000, 0x0000, 0x0000, 0x0000, 0x0000, 0x0000, 0x0000, 0x0000, 0x0000, 0x0000, 0x0000, 0x0000, 0x0000, 0x0000, 0x0000,
  0x0000, 0x0000, 0x0000, 0x0000, 0x0000, 0x0000, 0x0000, 0x0000, 0x0000, 0x0000, 0x0000, 0x0000, 0x0000, 0x0000, 0x0000, 0x0000,
  0x0000, 0x0000, 0x0000, 0x0000, 0x0000, 0x0000, 0x0000, 0x0000, 0x0000, 0x0000, 0x0000, 0x0000, 0x0000, 0x0000, 0x0000, 0x0000,
  0x0000, 0x0000, 0x0000, 0x0000, 0x0000, 0x0000, 0x0000, 0x0000, 0x0000, 0x0000, 0x0000, 0x0000, 0x0000, 0x0000, 0x0000, 0x0000,
  0x0000, 0x0000, 0x0000, 0x0000, 0x0000, 0x0000, 0x0000, 0x0000, 0x0000, 0x0000, 0x0000, 0x0000, 0x0000, 0x0000, 0x0000, 0x0000,
  0x0000, 0x0000, 0x0000, 0x0000, 0x0000, 0x0000, 0x0000, 0x0000, 0x0000, 0x0000, 0x0000, 0x0000, 0x0000, 0x0000, 0x0000, 0x0000,
  0x0000, 0x0000, 0x0000, 0x0000, 0x0000, 0x0000, 0x0000, 0x0000, 0x0000, 0x0000, 0x0000, 0x0000, 0x0000, 0x0000, 0x0000, 0x0000,
  0x0000, 0x0000, 0x0000, 0x0000, 0x0000, 0x0000, 0x0000, 0x0000, 0x0000, 0x0000, 0x0000, 0x0000, 0x0000, 0x0000, 0x0000, 0x0000,
  0x0000, 0x0000, 0x0000, 0x0000, 0x0000, 0x0000, 0x0000, 0x0000, 0x0000, 0x0000, 0x0000, 0x0000, 0x0000, 0x0000, 0x0000, 0x0000,
  0x0000, 0x0000, 0x0000, 0x0000, 0x0000, 0x0000, 0x0000, 0x0000, 0x0000, 0x0000, 0x0000, 0x0000, 0x0000, 0x0000, 0x0000, 0x0000,
  0x0000, 0x0000, 0x0000, 0x0000, 0x0000, 0x0000, 0x0000, 0x0000, 0x0000, 0x0000, 0x0000, 0x0000, 0x0000, 0x0000, 0x0000, 0x0000,
  0x0000, 0x0000, 0x0000, 0x0000, 0x0000, 0x0000, 0x0000, 0x0000, 0x0000, 0x0000, 0x0000, 0x0000, 0x0000, 0x0000, 0x0000, 0x0000,
  0x0000, 0x0000, 0x0000, 0x0000, 0x0000, 0x0000, 0x0000, 0x0000, 0x0000, 0x0000, 0x0000, 0x0000, 0x0000, 0x0000, 0x0000, 0x0000,
  0x0000, 0x0000, 0x0000, 0x0000, 0x0000, 0x0000, 0x0000, 0x0000, 0x0000, 0x0000, 0x0000, 0x0000, 0x0000, 0x0000, 0x0000, 0x0000,
  0x0000, 0x0000, 0x0000, 0x0000, 0x0000, 0x0000, 0x0000, 0x0000, 0x0000, 0x0000, 0x0000, 0x0000, 0x0000, 0x0000, 0x0000, 0x0000,
  0x0000, 0x0000, 0x0000, 0x0000, 0x0000, 0x0000, 0x0000, 0x0000, 0x0000, 0x0000, 0x0000, 0x0000, 0x0000, 0x0000, 0x0000, 0x0000,
  0x0000, 0x0000, 0x0000, 0x0000, 0x0000, 0x0000, 0x0000, 0x0000, 0x0000, 0x0000, 0x0000, 0x0000, 0x0000, 0x0000, 0x0000, 0x0000,
  0x0000, 0x0000, 0x0000, 0x0000, 0x0000, 0x0000, 0x0000, 0x0000, 0x0000, 0x0000, 0x0000, 0x0000, 0x0000, 0x0000, 0x0000, 0x0000,
  0x0000, 0x0000, 0x0000, 0x0000, 0x0000, 0x0000, 0x0000, 0x0000, 0x0000, 0x0000, 0x0000, 0x0000, 0x0000, 0x0000, 0x0000, 0x0000,
  0x0000, 0x0000, 0x0000, 0x0000, 0x0000, 0x0000, 0x0000, 0x0000, 0x0000, 0x0000, 0x0000, 0x0000, 0x0000, 0x0000, 0x0000, 0x0000,
  0x0000, 0x0000, 0x0000, 0x0000, 0x0000, 0x0000, 0x0000, 0x0000, 0x0000, 0x0000, 0x0000, 0x0000, 0x0000, 0x0000, 0x0000, 0x0000,
  0x0000, 0x0000, 0x0000, 0x0000, 0x0000, 0x0000, 0x0000, 0x0000, 0x0000, 0x0000, 0x0000, 0x0000, 0x0000, 0x0000, 0x0000, 0x0000,
  0x0000, 0x0000, 0x0000, 0x0000, 0x0000, 0x0000, 0x0000, 0x0000, 0x0000, 0x0000, 0x0000, 0x0000, 0x0000, 0x0000, 0x0000, 0x0000,
  0x0000, 0x0000, 0x0000, 0x0000, 0x0000, 0x0000, 0x0000, 0x0000, 0x0000, 0x0000, 0x0000, 0x0000, 0x0000, 0x0000, 0x0000, 0x0000,
  0x0000, 0x0000, 0x0000, 0x0000, 0x0000, 0x0000, 0x0000, 0x0000, 0x0000, 0x0000, 0x0000, 0x0000, 0x0000, 0x0000, 0x0000, 0x0000,
  0x0000, 0x0000, 0x0000, 0x0000, 0x0000, 0x0000, 0x0000, 0x0000, 0x0000, 0x0000, 0x0000, 0x0000, 0x0000, 0x0000, 0x0000, 0x0000,
  0x0000, 0x0000, 0x0000, 0x0000, 0x0000, 0x0000, 0x0000, 0x0000, 0x0000, 0x0000, 0x0000, 0x0000, 0x0000, 0x0000, 0x0000, 0x0000,
  0x0000, 0x0000, 0x0000, 0x0000, 0x0000, 0x0000, 0x0000, 0x0000, 0x0000, 0x0000, 0x0000, 0x0000, 0x0000, 0x0000, 0x0000, 0x0000,
  0x0000, 0x0000, 0x0000, 0x0000, 0x0000, 0x0000, 0x0000, 0x0000, 0x0000, 0x0000, 0x0000, 0x0000, 0x0000, 0x0000, 0x0000, 0x0000,
  0x0000, 0x0000, 0x0000, 0x0000, 0x0000, 0x0000, 0x0000, 0x0000, 0x0000, 0x0000, 0x0000, 0x0000, 0x0000, 0x0000, 0x0000, 0x0000,
  0x0000, 0x0000, 0x0000, 0x0000, 0x0000, 0x0000, 0x0000, 0x0000, 0x0000, 0x0000, 0x0000, 0x0000, 0x0000, 0x0000, 0x0000, 0x0000,
  0x0000, 0x0000, 0x0000, 0x0000, 0x0000, 0x0000, 0x0000, 0x0000, 0x0000, 0x0000, 0x0000, 0x0000, 0x0000, 0x0000, 0x0000, 0x0000,
  0x0000, 0x0000, 0x0000, 0x0000, 0x0000, 0x0000, 0x0000, 0x0000, 0x0000, 0x0000, 0x0000, 0x0000, 0x0000, 0x0000, 0x0000, 0x0000,
  0x0000, 0x0000, 0x0000, 0x0000, 0x0000, 0x0000, 0x0000, 0x0000, 0x0000, 0x0000, 0x0000, 0x0000, 0x0000, 0x0000, 0x0000, 0x0000,
  0x0000, 0x0000, 0x0000, 0x0000, 0x0000, 0x0000, 0x0000, 0x0000, 0x0000, 0x0000, 0x0000, 0x0000, 0x0000, 0x0000, 0x0000, 0x0000,
  0x0000, 0x0000, 0x0000, 0x0000, 0x0000, 0x0000, 0x0000, 0x0000, 0x0000, 0x0000, 0x0000, 0x0000, 0x0000, 0x0000, 0x0000, 0x0000,
  0x0000, 0x0000, 0x0000, 0x0000, 0x0000, 0x0000, 0x0000, 0x0000, 0x0000, 0x0000, 0x0000, 0x0000, 0x0000, 0x0000, 0x0000, 0x0000,
  0x0000, 0x0000, 0x0000, 0x0000, 0x0000, 0x0000, 0x0000, 0x0000, 0x0000, 0x0000, 0x0000, 0x0000, 0x0000, 0x0000, 0x0000, 0x0000,
  0x0000, 0x0000, 0x0000, 0x0000, 0x0000, 0x0000, 0x0000, 0x0000, 0x0000, 0x0000, 0x0000, 0x0000, 0x0000, 0x0000, 0x0000, 0x0000,
  0x0000, 0x0000, 0x0000, 0x0000, 0x0000, 0x0000, 0x0000, 0x0000, 0x0000, 0x0000, 0x0000, 0x0000, 0x0000, 0x0000, 0x0000, 0x0000,
  0x0000, 0x0000, 0x0000, 0x0000, 0x0000, 0x0000, 0x0000, 0x0000, 0x0000, 0x0000, 0x0000, 0x0000, 0x0000, 0x0000, 0x0000, 0x0000,
  0x0000, 0x0000, 0x0000, 0x0000, 0x0000, 0x0000, 0x0000, 0x0000, 0x0000, 0x0000, 0x0000, 0x0000, 0x0000, 0x0000, 0x0000, 0x0000,
  0x0000, 0x0000, 0x0000, 0x0000, 0x0000, 0x0000, 0x0000, 0x0000, 0x0000, 0x0000, 0x0000, 0x0000, 0x0000, 0x0000, 0x0000, 0x0000,
  0x0000, 0x0000, 0x0000, 0x0000, 0x0000, 0x0000, 0x0000, 0x0000, 0x0000, 0x0000, 0x0000, 0x0000, 0x0000, 0x0000, 0x0000, 0x0000,
  0x0000, 0x0000, 0x0000, 0x0000, 0x0000, 0x0000, 0x0000, 0x0000, 0x0000, 0x0000, 0x0000, 0x0000, 0x0000, 0x0000, 0x0000, 0x0000,
  0x0000, 0x0000, 0x0000, 0x0000, 0x0000, 0x0000, 0x0000, 0x0000, 0x0000, 0x0000, 0x0000, 0x0000, 0x0000, 0x0000, 0x0000, 0x0000,
  0x0000, 0x0000, 0x0000, 0x0000, 0x0000, 0x0000, 0x0000, 0x0000, 0x0000, 0x0000, 0x0000, 0x0000, 0x0000, 0x0000, 0x0000, 0x0000,
  0x0000, 0x0000, 0x0000, 0x0000, 0x0000, 0x0000, 0x0000, 0x0000, 0x0000, 0x0000, 0x0000, 0x0000, 0x0000, 0x0000, 0x0000, 0x0000,
  0x0000, 0x0000, 0x0000, 0x0000, 0x0000, 0x0000, 0x0000, 0x0000, 0x0000, 0x0000, 0x0000, 0x0000, 0x0000, 0x0000, 0x0000, 0x0000,
  0x0000, 0x0000, 0x0000, 0x0000, 0x0000, 0x0000, 0x0000, 0x0000, 0x0000, 0x0000, 0x0000, 0x0000, 0x0000, 0x0000, 0x0000, 0x0000,
  0x0000, 0x0000, 0x0000, 0x0000, 0x0000, 0x0000, 0x0000, 0x0000, 0x0000, 0x0000, 0x0000, 0x0000, 0x0000, 0x0000, 0x0000, 0x0000,
  0x0000, 0x0000, 0x0000, 0x0000, 0x0000, 0x0000, 0x0000, 0x0000, 0x0000, 0x0000, 0x0000, 0x0000, 0x0000, 0x0000, 0x0000, 0x0000,
  0x0000, 0x0000, 0x0000, 0x0000, 0x0000, 0x0000, 0x0000, 0x0000, 0x0000, 0x0000, 0x0000, 0x0000, 0x0000, 0x0000, 0x0000, 0x0000,
  0x0000, 0x0000, 0x0000, 0x0000, 0x0000, 0x0000, 0x0000, 0x0000, 0x0000, 0x0000, 0x0000, 0x0000, 0x0000, 0x0000, 0x0000, 0x0000,
  0x0000, 0x0000, 0x0000, 0x0000, 0x0000, 0x0000, 0x0000, 0x0000, 0x0000, 0x0000, 0x0000, 0x0000, 0x0000, 0x0000, 0x0000, 0x0000,
  0x0000, 0x0000, 0x0000, 0x0000, 0x0000, 0x0000, 0x0000, 0x0000, 0x0000, 0x0000, 0x0000, 0x0000, 0x0000, 0x0000, 0x0000, 0x0000,
  0x0000, 0x0000, 0x0000, 0x0000, 0x0000, 0x0000, 0x0000, 0x0000, 0x0000, 0x0000, 0x0000, 0x0000, 0x0000, 0x0000, 0x0000, 0x0000,
  0x0000, 0x0000, 0x0000, 0x0000, 0x0000, 0x0000, 0x0000, 0x0000, 0x0000, 0x0000, 0x0000, 0x0000, 0x0000, 0x0000, 0x0000, 0x0000,
  0x0000, 0x0000, 0x0000, 0x0000, 0x0000, 0x0000, 0x0000, 0x0000, 0x0000, 0x0000, 0x0000, 0x0000, 0x0000, 0x0000, 0x0000, 0x0000,
  0x0000, 0x0000, 0x0000, 0x0000, 0x0000, 0x0000, 0x0000, 0x0000, 0x0000, 0x0000, 0x0000, 0x0000, 0x0000, 0x0000, 0x0000, 0x0000,
  0x0000, 0x0000, 0x0000, 0x0000, 0x0000, 0x0000, 0x0000, 0x0000, 0x0000, 0x0000, 0x0000, 0x0000, 0x0000, 0x0000, 0x0000, 0x0000,
  0x0000, 0x0000, 0x0000, 0x0000, 0x0000, 0x0000, 0x0000, 0x0000, 0x0000, 0x0000, 0x0000, 0x0000, 0x0000, 0x0000, 0x0000, 0x0000,
  0x0000, 0x0000, 0x0000, 0x0000, 0x0000, 0x0000, 0x0000, 0x0000, 0x0000, 0x0000, 0x0000, 0x0000, 0x0000, 0x0000, 0x0000, 0x0000,
  0x0000, 0x0000, 0x0000, 0x0000, 0x0000, 0x0000, 0x0000, 0x0000, 0x0000, 0x0000, 0x0000, 0x0000, 0x0000, 0x0000, 0x0000, 0x0000,
  0x0000, 0x0000, 0x0000, 0x0000, 0x0000, 0x0000, 0x0000, 0x0000, 0x0000, 0x0000, 0x0000, 0x0000, 0x0000, 0x0000, 0x0000, 0x0000,
  0x0000, 0x0000, 0x0000, 0x0000, 0x0000, 0x0000, 0x0000, 0x0000, 0x0000, 0x0000, 0x0000, 0x0000, 0x0000, 0x0000, 0x0000, 0x0000,
  0x0000, 0x0000, 0x0000, 0x0000, 0x0000, 0x0000, 0x0000, 0x0000, 0x0000, 0x0000, 0x0000, 0x0000, 0x0000, 0x0000, 0x0000, 0x0000,
  0x0000, 0x0000, 0x0000, 0x0000, 0x0000, 0x0000, 0x0000, 0x0000, 0x0000, 0x0000, 0x0000, 0x0000, 0x0000, 0x0000, 0x0000, 0x0000,
  0x0000, 0x0000, 0x0000, 0x0000, 0x0000, 0x0000, 0x0000, 0x0000, 0x0000, 0x0000, 0x0000, 0x0000, 0x0000, 0x0000, 0x0000, 0x0000,
  0x0000, 0x0000, 0x0000, 0x0000, 0x0000, 0x0000, 0x0000, 0x0000, 0x0000, 0x0000, 0x0000, 0x0000, 0x0000, 0x0000, 0x0000, 0x0000,
  0x0000, 0x0000, 0x0000, 0x0000, 0x0000, 0x0000, 0x0000, 0x0000, 0x0000, 0x0000, 0x0000, 0x0000, 0x0000, 0x0000, 0x0000, 0x0000,
  0x0000, 0x0000, 0x0000, 0x0000, 0x0000, 0x0000, 0x0000, 0x0000, 0x0000, 0x0000, 0x0000, 0x0000, 0x0000, 0x0000, 0x0000, 0x0000,
  0x0000, 0x0000, 0x0000, 0x0000, 0x0000, 0x0000, 0x0000, 0x0000, 0x0000, 0x0000, 0x0000, 0x0000, 0x0000, 0x0000, 0x0000, 0x0000,
  0x0000, 0x0000, 0x0000, 0x0000, 0x0000, 0x0000, 0x0000, 0x0000, 0x0000, 0x0000, 0x0000, 0x0000, 0x0000, 0x0000, 0x0000, 0x0000,
  0x0000, 0x0000, 0x0000, 0x0000, 0x0000, 0x0000, 0x0000, 0x0000, 0x0000, 0x0000, 0x0000, 0x0000, 0x0000, 0x0000, 0x0000, 0x0000,
  0x0000, 0x0000, 0x0000, 0x0000, 0x0000, 0x0000, 0x0000, 0x0000, 0x0000, 0x0000, 0x0000, 0x0000, 0x0000, 0x0000, 0x0000, 0x0000,
  0x0000, 0x0000, 0x0000, 0x0000, 0x0000, 0x0000, 0x0000, 0x0000, 0x0000, 0x0000, 0x0000, 0x0000, 0x0000, 0x0000, 0x0000, 0x0000,
  0x0000, 0x0000, 0x0000, 0x0000, 0x0000, 0x0000, 0x0000, 0x0000, 0x0000, 0x0000, 0x0000, 0x0000, 0x0000, 0x0000, 0x0000, 0x0000,
  0x0000, 0x0000, 0x0000, 0x0000, 0x0000, 0x0000, 0x0000, 0x0000, 0x0000, 0x0000, 0x0000, 0x0000, 0x0000, 0x0000, 0x0000, 0x0000,
  0x0000, 0x0000, 0x0000, 0x0000, 0x0000, 0x0000, 0x0000, 0x0000, 0x0000, 0x0000, 0x0000, 0x0000, 0x0000, 0x0000, 0x0000, 0x0000,
  0x0000, 0x0000, 0x0000, 0x0000, 0x0000, 0x0000, 0x0000, 0x0000, 0x0000, 0x0000, 0x0000, 0x0000, 0x0000, 0x0000, 0x0000, 0x0000,
  0x0000, 0x0000, 0x0000, 0x0000, 0x0000, 0x0000, 0x0000, 0x0000, 0x0000, 0x0000, 0x0000, 0x0000, 0x0000, 0x0000, 0x0000, 0x0000,
  0x0000, 0x0000, 0x0000, 0x0000, 0x0000, 0x0000, 0x0000, 0x0000, 0x0000, 0x0000, 0x0000, 0x0000, 0x0000, 0x0000, 0x0000, 0x0000,
  0x0000, 0x0000, 0x0000, 0x0000, 0x0000, 0x0000, 0x0000, 0x0000, 0x0000, 0x0000, 0x0000, 0x0000, 0x0000, 0x0000, 0x0000, 0x0000,
  0x0000, 0x0000, 0x0000, 0x0000, 0x0000, 0x0000, 0x0000, 0x0000, 0x0000, 0x0000, 0x0000, 0x0000, 0x0000, 0x0000, 0x0000, 0x0000,
  0x0000, 0x0000, 0x0000, 0x0000, 0x0000, 0x0000, 0x0000, 0x0000, 0x0000, 0x0000, 0x0000, 0x0000, 0x0000, 0x0000, 0x0000, 0x0000,
  0x0000, 0x0000, 0x0000, 0x0000, 0x0000, 0x0000, 0x0000, 0x0000, 0x0000, 0x0000, 0x0000, 0x0000, 0x0000, 0x0000, 0x0000, 0x0000,
  0x0000, 0x0000, 0x0000, 0x0000, 0x0000, 0x0000, 0x0000, 0x0000, 0x0000, 0x0000, 0x0000, 0x0000, 0x0000, 0x0000, 0x0000, 0x0000,
  0x0000, 0x0000, 0x0000, 0x0000, 0x0000, 0x0000, 0x0000, 0x0000, 0x0000, 0x0000, 0x0000, 0x0000, 0x0000, 0x0000, 0x0000, 0x0000,
  0x0000, 0x0000, 0x0000, 0x0000, 0x0000, 0x0000, 0x0000, 0x0000, 0x0000, 0x0000, 0x0000, 0x0000, 0x0000, 0x0000, 0x0000, 0x0000,
  0x0000, 0x0000, 0x0000, 0x0000, 0x0000, 0x0000, 0x0000, 0x0000, 0x0000, 0x0000, 0x0000, 0x0000, 0x0000, 0x0000, 0x0000, 0x0000,
  0x0000, 0x0000, 0x0000, 0x0000, 0x0000, 0x0000, 0x0000, 0x0000, 0x0000, 0x0000, 0x0000, 0x0000, 0x0000, 0x0000, 0x0000, 0x0000,
  0x0000, 0x0000, 0x0000, 0x0000, 0x0000, 0x0000, 0x0000, 0x0000, 0x0000, 0x0000, 0x0000, 0x0000, 0x0000, 0x0000, 0x0000, 0x0000,
  0x0000, 0x0000, 0x0000, 0x0000, 0x0000, 0x0000, 0x0000, 0x0000, 0x0000, 0x0000, 0x0000, 0x0000, 0x0000, 0x0000, 0x0000, 0x0000,
  0x0000, 0x0000, 0x0000, 0x0000, 0x0000, 0x0000, 0x0000, 0x0000, 0x0000, 0x0000, 0x0000, 0x0000, 0x0000, 0x0000, 0x0000, 0x0000,
  0x0000, 0x0000, 0x0000, 0x0000, 0x0000, 0x0000, 0x0000, 0x0000, 0x0000, 0x0000, 0x0000, 0x0000, 0x0000, 0x0000, 0x0000, 0x0000,
  0x0000, 0x0000, 0x0000, 0x0000, 0x0000, 0x0000, 0x0000, 0x0000, 0x0000, 0x0000, 0x0000, 0x0000, 0x0000, 0x0000, 0x0000, 0x0000,
  0x0000, 0x0000, 0x0000, 0x0000, 0x0000, 0x0000, 0x0000, 0x0000, 0x0000, 0x0000, 0x0000, 0x0000, 0x0000, 0x0000, 0x0000, 0x0000,
  0x0000, 0x0000, 0x0000, 0x0000, 0x0000, 0x0000, 0x0000, 0x0000, 0x0000, 0x0000, 0x0000, 0x0000, 0x0000, 0x0000, 0x0000, 0x0000,
  0x0000, 0x0000, 0x0000, 0x0000, 0x0000, 0x0000, 0x0000, 0x0000, 0x0000, 0x0000, 0x0000, 0x0000, 0x0000, 0x0000, 0x0000, 0x0000,
  0x0000, 0x0000, 0x0000, 0x0000, 0x0000, 0x0000, 0x0000, 0x0000, 0x0000, 0x0000, 0x0000, 0x0000, 0x0000, 0x0000, 0x0000, 0x0000,
  0x0000, 0x0000, 0x0000, 0x0000, 0x0000, 0x0000, 0x0000, 0x0000, 0x0000, 0x0000, 0x0000, 0x0000, 0x0000, 0x0000, 0x0000, 0x0000,
  0x0000, 0x0000, 0x0000, 0x0000, 0x0000, 0x0000, 0x0000, 0x0000, 0x0000, 0x0000, 0x0000, 0x0000, 0x0000, 0x0000, 0x0000, 0x0000,
  0x0000, 0x0000, 0x0000, 0x0000, 0x0000, 0x0000, 0x0000, 0x0000, 0x0000, 0x0000, 0x0000, 0x0000, 0x0000, 0x0000, 0x0000, 0x0000,
  0x0000, 0x0000, 0x0000, 0x0000, 0x0000, 0x0000, 0x0000, 0x0000, 0x0000, 0x0000, 0x0000, 0x0000, 0x0000, 0x0000, 0x0000, 0x0000,
  0x0000, 0x0000, 0x0000, 0x0000, 0x0000, 0x0000, 0x0000, 0x0000, 0x0000, 0x0000, 0x0000, 0x0000, 0x0000, 0x0000, 0x0000, 0x0000,
  0x0000, 0x0000, 0x0000, 0x0000, 0x0000, 0x0000, 0x0000, 0x0000, 0x0000, 0x0000, 0x0000, 0x0000, 0x0000, 0x0000, 0x0000, 0x0000,
  0x0000, 0x0000, 0x0000, 0x0000, 0x0000, 0x0000, 0x0000, 0x0000, 0x0000, 0x0000, 0x0000, 0x0000, 0x0000, 0x0000, 0x0000, 0x0000,
  0x0000, 0x0000, 0x0000, 0x0000, 0x0000, 0x0000, 0x0000, 0x0000, 0x0000, 0x0000, 0x0000, 0x0000, 0x0000, 0x0000, 0x0000, 0x0000,
  0x0000, 0x0000, 0x0000, 0x0000, 0x0000, 0x0000, 0x0000, 0x0000, 0x0000, 0x0000, 0x0000, 0x0000, 0x0000, 0x0000, 0x0000, 0x0000,
  0x0000, 0x0000, 0x0000, 0x0000, 0x0000, 0x0000, 0x0000, 0x0000, 0x0000, 0x0000, 0x0000, 0x0000, 0x0000, 0x0000, 0x0000, 0x0000,
  0x0000, 0x0000, 0x0000, 0x0000, 0x0000, 0x0000, 0x0000, 0x0000, 0x0000, 0x0000, 0x0000, 0x0000, 0x0000, 0x0000, 0x0000, 0x0000,
  0x0000, 0x0000, 0x0000, 0x0000, 0x0000, 0x0000, 0x0000, 0x0000, 0x0000, 0x0000, 0x0000, 0x0000, 0x0000, 0x0000, 0x0000, 0x0000,
  0x0000, 0x0000, 0x0000, 0x0000, 0x0000, 0x0000, 0x0000, 0x0000, 0x0000, 0x0000, 0x0000, 0x0000, 0x0000, 0x0000, 0x0000, 0x0000,
  0x0000, 0x0000, 0x0000, 0x0000, 0x0000, 0x0000, 0x0000, 0x0000, 0x0000, 0x0000, 0x0000, 0x0000, 0x0000, 0x0000, 0x0000, 0x0000,
  0x0000, 0x0000, 0x0000, 0x0000, 0x0000, 0x0000, 0x0000, 0x0000, 0x0000, 0x0000, 0x0000, 0x0000, 0x0000, 0x0000, 0x0000, 0x0000,
  0x0000, 0x0000, 0x0000, 0x0000, 0x0000, 0x0000, 0x0000, 0x0000, 0x0000, 0x0000, 0x0000, 0x0000, 0x0000, 0x0000, 0x0000, 0x0000,
  0x0000, 0x0000, 0x0000, 0x0000, 0x0000, 0x0000, 0x0000, 0x0000, 0x0000, 0x0000, 0x0000, 0x0000, 0x0000, 0x0000, 0x0000, 0x0000,
  0x0000, 0x0000, 0x0000, 0x0000, 0x0000, 0x0000, 0x0000, 0x0000, 0x0000, 0x0000, 0x0000, 0x0000, 0x0000, 0x0000, 0x0000, 0x0000,
  0x0000, 0x0000, 0x0000, 0x0000, 0x0000, 0x0000, 0x0000, 0x0000, 0x0000, 0x0000, 0x0000, 0x0000, 0x0000, 0x0000, 0x0000, 0x0000,
  0x0000, 0x0000, 0x0000, 0x0000, 0x0000, 0x0000, 0x0000, 0x0000, 0x0000, 0x0000, 0x0000, 0x0000, 0x0000, 0x0000, 0x0000, 0x0000,
  0x0000, 0x0000, 0x0000, 0x0000, 0x0000, 0x0000, 0x0000, 0x0000, 0x0000, 0x0000, 0x0000, 0x0000, 0x0000, 0x0000, 0x0000, 0x0000,
  0x0000, 0x0000, 0x0000, 0x0000, 0x0000, 0x0000, 0x0000, 0x0000, 0x0000, 0x0000, 0x0000, 0x0000, 0x0000, 0x0000, 0x0000, 0x0000,
  0x0000, 0x0000, 0x0000, 0x0000, 0x0000, 0x0000, 0x0000, 0x0000, 0x0000, 0x0000, 0x0000, 0x0000, 0x0000, 0x0000, 0x0000, 0x0000,
  0x0000, 0x0000, 0x0000, 0x0000, 0x0000, 0x0000, 0x0000, 0x0000, 0x0000, 0x0000, 0x0000, 0x0000, 0x0000, 0x0000, 0x0000, 0x0000,
  0x0000, 0x0000, 0x0000, 0x0000, 0x0000, 0x0000, 0x0000, 0x0000, 0x0000, 0x0000, 0x0000, 0x0000, 0x0000, 0x0000, 0x0000, 0x0000,
  0x0000, 0x0000, 0x0000, 0x0000, 0x0000, 0x0000, 0x0000, 0x0000, 0x0000, 0x0000, 0x0000, 0x0000, 0x0000, 0x0000, 0x0000, 0x0000,
  0x0000, 0x0000, 0x0000, 0x0000, 0x0000, 0x0000, 0x0000, 0x0000, 0x0000, 0x0000, 0x0000, 0x0000, 0x0000, 0x0000, 0x0000, 0x0000,
  0x0000, 0x0000, 0x0000, 0x0000, 0x0000, 0x0000, 0x0000, 0x0000, 0x0000, 0x0000, 0x0000, 0x0000, 0x0000, 0x0000, 0x0000, 0x0000,
  0x0000, 0x0000, 0x0000, 0x0000, 0x0000, 0x0000, 0x0000, 0x0000, 0x0000, 0x0000, 0x0000, 0x0000, 0x0000, 0x0000, 0x0000, 0x0000,
  0x0000, 0x0000, 0x0000, 0x0000, 0x0000, 0x0000, 0x0000, 0x0000, 0x0000, 0x0000, 0x0000, 0x0000, 0x0000, 0x0000, 0x0000, 0x0000,
  0x0000, 0x0000, 0x0000, 0x0000, 0x0000, 0x0000, 0x0000, 0x0000, 0x0000, 0x0000, 0x0000, 0x0000, 0x0000, 0x0000, 0x0000, 0x0000,
  0x0000, 0x0000, 0x0000, 0x0000, 0x0000, 0x0000, 0x0000, 0x0000, 0x0000, 0x0000, 0x0000, 0x0000, 0x0000, 0x0000, 0x0000, 0x0000,
  0x0000, 0x0000, 0x0000, 0x0000, 0x0000, 0x0000, 0x0000, 0x0000, 0x0000, 0x0000, 0x0000, 0x0000, 0x0000, 0x0000, 0x0000, 0x0000,
  0x0000, 0x0000, 0x0000, 0x0000, 0x0000, 0x0000, 0x0000, 0x0000, 0x0000, 0x0000, 0x0000, 0x0000, 0x0000, 0x0000, 0x0000, 0x0000,
  0x0000, 0x0000, 0x0000, 0x0000, 0x0000, 0x0000, 0x0000, 0x0000, 0x0000, 0x0000, 0x0000, 0x0000, 0x0000, 0x0000, 0x0000, 0x0000,
  0x0000, 0x0000, 0x0000, 0x0000, 0x0000, 0x0000, 0x0000, 0x0000, 0x0000, 0x0000, 0x0000, 0x0000, 0x0000, 0x0000, 0x0000, 0x0000,
  0x0000, 0x0000, 0x0000, 0x0000, 0x0000, 0x0000, 0x0000, 0x0000, 0x0000, 0x0000, 0x0000, 0x0000, 0x0000, 0x0000, 0x0000, 0x0000,
  0x0000, 0x0000, 0x0000, 0x0000, 0x0000, 0x0000, 0x0000, 0x0000, 0x0000, 0x0000, 0x0000, 0x0000, 0x0000, 0x0000, 0x0000, 0x0000,
  0x0000, 0x0000, 0x0000, 0x0000, 0x0000, 0x0000, 0x0000, 0x0000, 0x0000, 0x0000, 0x0000, 0x0000, 0x0000, 0x0000, 0x0000, 0x0000,
  0x0000, 0x0000, 0x0000, 0x0000, 0x0000, 0x0000, 0x0000, 0x0000, 0x0000, 0x0000, 0x0000, 0x0000, 0x0000, 0x0000, 0x0000, 0x0000,
  0x0000, 0x0000, 0x0000, 0x0000, 0x0000, 0x0000, 0x0000, 0x0000, 0x0000, 0x0000, 0x0000, 0x0000, 0x0000, 0x0000, 0x0000, 0x0000,
  0x0000, 0x0000, 0x0000, 0x0000, 0x0000, 0x0000, 0x0000, 0x0000, 0x0000, 0x0000, 0x0000, 0x0000, 0x0000, 0x0000, 0x0000, 0x0000,
  0x0000, 0x0000, 0x0000, 0x0000, 0x0000, 0x0000, 0x0000, 0x0000, 0x0000, 0x0000, 0x0000, 0x0000, 0x0000, 0x0000, 0x0000, 0x0000,
  0x0000, 0x0000, 0x0000, 0x0000, 0x0000, 0x0000, 0x0000, 0x0000, 0x0000, 0x0000, 0x0000, 0x0000, 0x0000, 0x0000, 0x0000, 0x0000,
  0x0000, 0x0000, 0x0000, 0x0000, 0x0000, 0x0000, 0x0000, 0x0000, 0x0000, 0x0000, 0x0000, 0x0000, 0x0000, 0x0000, 0x0000, 0x0000,
  0x0000, 0x0000, 0x0000, 0x0000, 0x0000, 0x0000, 0x0000, 0x0000, 0x0000, 0x0000, 0x0000, 0x0000, 0x0000, 0x0000, 0x0000, 0x0000,
  0x0000, 0x0000, 0x0000, 0x0000, 0x0000, 0x0000, 0x0000, 0x0000, 0x0000, 0x0000, 0x0000, 0x0000, 0x0000, 0x0000, 0x0000, 0x0000,
  0x0000, 0x0000, 0x0000, 0x0000, 0x0000, 0x0000, 0x0000, 0x0000, 0x0000, 0x0000, 0x0000, 0x0000, 0x0000, 0x0000, 0x0000, 0x0000,
  0x0000, 0x0000, 0x0000, 0x0000, 0x0000, 0x0000, 0x0000, 0x0000, 0x0000, 0x0000, 0x0000, 0x0000, 0x0000, 0x0000, 0x0000, 0x0000,
  0x0000, 0x0000, 0x0000, 0x0000, 0x0000, 0x0000, 0x0000, 0x0000, 0x0000, 0x0000, 0x0000, 0x0000, 0x0000, 0x0000, 0x0000, 0x0000,
  0x0000, 0x0000, 0x0000, 0x0000, 0x0000, 0x0000, 0x0000, 0x0000, 0x0000, 0x0000, 0x0000, 0x0000, 0x0000, 0x0000, 0x0000, 0x0000,
  0x0000, 0x0000, 0x0000, 0x0000, 0x0000, 0x0000, 0x0000, 0x0000, 0x0000, 0x0000, 0x0000, 0x0000, 0x0000, 0x0000, 0x0000, 0x0000,
  0x0000, 0x0000, 0x0000, 0x0000, 0x0000, 0x0000, 0x0000, 0x0000, 0x0000, 0x0000, 0x0000, 0x0000, 0x0000, 0x0000, 0x0000, 0x0000,
  0x0000, 0x0000, 0x0000, 0x0000, 0x0000, 0x0000, 0x0000, 0x0000, 0x0000, 0x0000, 0x0000, 0x0000, 0x0000, 0x0000, 0x0000, 0x0000,
  0x0000, 0x0000, 0x0000, 0x0000, 0x0000, 0x0000, 0x0000, 0x0000, 0x0000, 0x0000, 0x0000, 0x0000, 0x0000, 0x0000, 0x0000, 0x0000,
  0x0000, 0x0000, 0x0000, 0x0000, 0x0000, 0x0000, 0x0000, 0x0000, 0x0000, 0x0000, 0x0000, 0x0000, 0x0000, 0x0000, 0x0000, 0x0000,
  0x0000, 0x0000, 0x0000, 0x0000, 0x0000, 0x0000, 0x0000, 0x0000, 0x0000, 0x0000, 0x0000, 0x0000, 0x0000, 0x0000, 0x0000, 0x0000,
  0x0000, 0x0000, 0x0000, 0x0000, 0x0000, 0x0000, 0x0000, 0x0000, 0x0000, 0x0000, 0x0000, 0x0000, 0x0000, 0x0000, 0x0000, 0x0000,
  0x0000, 0x0000, 0x0000, 0x0000, 0x0000, 0x0000, 0x0000, 0x0000, 0x0000, 0x0000, 0x0000, 0x0000, 0x0000, 0x0000, 0x0000, 0x0000,
  0x0000, 0x0000, 0x0000, 0x0000, 0x0000, 0x0000, 0x0000, 0x0000, 0x0000, 0x0000, 0x0000, 0x0000, 0x0000, 0x0000, 0x0000, 0x0000,
  0x0000, 0x0000, 0x0000, 0x0000, 0x0000, 0x0000, 0x0000, 0x0000, 0x0000, 0x0000, 0x0000, 0x0000, 0x0000, 0x0000, 0x0000, 0x0000,
  0x0000, 0x0000, 0x0000, 0x0000, 0x0000, 0x0000, 0x0000, 0x0000, 0x0000, 0x0000, 0x0000, 0x0000, 0x0000, 0x0000, 0x0000, 0x0000,
  0x0000, 0x0000, 0x0000, 0x0000, 0x0000, 0x0000, 0x0000, 0x0000, 0x0000, 0x0000, 0x0000, 0x0000, 0x0000, 0x0000, 0x0000, 0x0000,
  0x0000, 0x0000, 0x0000, 0x0000, 0x0000, 0x0000, 0x0000, 0x0000, 0x0000, 0x0000, 0x0000, 0x0000, 0x0000, 0x0000, 0x0000, 0x0000,
  0x0000, 0x0000, 0x0000, 0x0000, 0x0000, 0x0000, 0x0000, 0x0000, 0x0000, 0x0000, 0x0000, 0x0000, 0x0000, 0x0000, 0x0000, 0x0000,
  0x0000, 0x0000, 0x0000, 0x0000, 0x0000, 0x0000, 0x0000, 0x0000, 0x0000, 0x0000, 0x0000, 0x0000, 0x0000, 0x0000, 0x0000, 0x0000,
  0x0000, 0x0000, 0x0000, 0x0000, 0x0000, 0x0000, 0x0000, 0x0000, 0x0000, 0x0000, 0x0000, 0x0000, 0x0000, 0x0000, 0x0000, 0x0000,
  0x0000, 0x0000, 0x0000, 0x0000, 0x0000, 0x0000, 0x0000, 0x0000, 0x0000, 0x0000, 0x0000, 0x0000, 0x0000, 0x0000, 0x0000, 0x0000,
  0x0000, 0x0000, 0x0000, 0x0000, 0x0000, 0x0000, 0x0000, 0x0000, 0x0000, 0x0000, 0x0000, 0x0000, 0x0000, 0x0000, 0x0000, 0x0000,
  0x0000, 0x0000, 0x0000, 0x0000, 0x0000, 0x0000, 0x0000, 0x0000, 0x0000, 0x0000, 0x0000, 0x0000, 0x0000, 0x0000, 0x0000, 0x0000,
  0x0000, 0x0000, 0x0000, 0x0000, 0x0000, 0x0000, 0x0000, 0x0000, 0x0000, 0x0000, 0x0000, 0x0000, 0x0000, 0x0000, 0x0000, 0x0000,
  0x0000, 0x0000, 0x0000, 0x0000, 0x0000, 0x0000, 0x0000, 0x0000, 0x0000, 0x0000, 0x0000, 0x0000, 0x0000, 0x0000, 0x0000, 0x0000,
  0x0000, 0x0000, 0x0000, 0x0000, 0x0000, 0x0000, 0x0000, 0x0000, 0x0000, 0x0000, 0x0000, 0x0000, 0x0000, 0x0000, 0x0000, 0x0000,
  0x0000, 0x0000, 0x0000, 0x0000, 0x0000, 0x0000, 0x0000, 0x0000, 0x0000, 0x0000, 0x0000, 0x0000, 0x0000, 0x0000, 0x0000, 0x0000,
  0x0000, 0x0000, 0x0000, 0x0000, 0x0000, 0x0000, 0x0000, 0x0000, 0x0000, 0x0000, 0x0000, 0x0000, 0x0000, 0x0000, 0x0000, 0x0000,
  0x0000, 0x0000, 0x0000, 0x0000, 0x0000, 0x0000, 0x0000, 0x0000, 0x0000, 0x0000, 0x0000, 0x0000, 0x0000, 0x0000, 0x0000, 0x0000,
  0x0000, 0x0000, 0x0000, 0x0000, 0x0000, 0x0000, 0x0000, 0x0000, 0x0000, 0x0000, 0x0000, 0x0000, 0x0000, 0x0000, 0x0000, 0x0000,
  0x0000, 0x0000, 0x0000, 0x0000, 0x0000, 0x0000, 0x0000, 0x0000, 0x0000, 0x0000, 0x0000, 0x0000, 0x0000, 0x0000, 0x0000, 0x0000,
  0x0000, 0x0000, 0x0000, 0x0000, 0x0000, 0x0000, 0x0000, 0x0000, 0x0000, 0x0000, 0x0000, 0x0000, 0x0000, 0x0000, 0x0000, 0x0000,
  0x0000, 0x0000, 0x0000, 0x0000, 0x0000, 0x0000, 0x0000, 0x0000, 0x0000, 0x0000, 0x0000, 0x0000, 0x0000, 0x0000, 0x0000, 0x0000,
  0x0000, 0x0000, 0x0000, 0x0000, 0x0000, 0x0000, 0x0000, 0x0000, 0x0000, 0x0000, 0x0000, 0x0000, 0x0000, 0x0000, 0x0000, 0x0000,
  0x0000, 0x0000, 0x0000, 0x0000, 0x0000, 0x0000, 0x0000, 0x0000, 0x0000, 0x0000, 0x0000, 0x0000, 0x0000, 0x0000, 0x0000, 0x0000,
  0x0000, 0x0000, 0x0000, 0x0000, 0x0000, 0x0000, 0x0000, 0x0000, 0x0000, 0x0000, 0x0000, 0x0000, 0x0000, 0x0000, 0x0000, 0x0000,
  0x0000, 0x0000, 0x0000, 0x0000, 0x0000, 0x0000, 0x0000, 0x0000, 0x0000, 0x0000, 0x0000, 0x0000, 0x0000, 0x0000, 0x0000, 0x0000,
  0x0000, 0x0000, 0x0000, 0x0000, 0x0000, 0x0000, 0x0000, 0x0000, 0x0000, 0x0000, 0x0000, 0x0000, 0x0000, 0x0000, 0x0000, 0x0000,
  0x0000, 0x0000, 0x0000, 0x0000, 0x0000, 0x0000, 0x0000, 0x0000, 0x0000, 0x0000, 0x0000, 0x0000, 0x0000, 0x0000, 0x0000, 0x0000,
  0x0000, 0x0000, 0x0000, 0x0000, 0x0000, 0x0000, 0x0000, 0x0000, 0x0000, 0x0000, 0x0000, 0x0000, 0x0000, 0x0000, 0x0000, 0x0000,
  0x0000, 0x0000, 0x0000, 0x0000, 0x0000, 0x0000, 0x0000, 0x0000, 0x0000, 0x0000, 0x0000, 0x0000, 0x0000, 0x0000, 0x0000, 0x0000,
  0x0000, 0x0000, 0x0000, 0x0000, 0x0000, 0x0000, 0x0000, 0x0000, 0x0000, 0x0000, 0x0000, 0x0000, 0x0000, 0x0000, 0x0000, 0x0000,
  0x0000, 0x0000, 0x0000, 0x0000, 0x0000, 0x0000, 0x0000, 0x0000, 0x0000, 0x0000, 0x0000, 0x0000, 0x0000, 0x0000, 0x0000, 0x0000,
  0x0000, 0x0000, 0x0000, 0x0000, 0x0000, 0x0000, 0x0000, 0x0000, 0x0000, 0x0000, 0x0000, 0x0000, 0x0000, 0x0000, 0x0000, 0x0000,
  0x0000, 0x0000, 0x0000, 0x0000, 0x0000, 0x0000, 0x0000, 0x0000, 0x0000, 0x0000, 0x0000, 0x0000, 0x0000, 0x0000, 0x0000, 0x0000,
  0x0000, 0x0000, 0x0000, 0x0000, 0x0000, 0x0000, 0x0000, 0x0000, 0x0000, 0x0000, 0x0000, 0x0000, 0x0000, 0x0000, 0x0000, 0x0000,
  0x0000, 0x0000, 0x0000, 0x0000, 0x0000, 0x0000, 0x0000, 0x0000, 0x0000, 0x0000, 0x0000, 0x0000, 0x0000, 0x0000, 0x0000, 0x0000,
  0x0000, 0x0000, 0x0000, 0x0000, 0x0000, 0x0000, 0x0000, 0x0000, 0x0000, 0x0000, 0x0000, 0x0000, 0x0000, 0x0000, 0x0000, 0x0000,
  0x0000, 0x0000, 0x0000, 0x0000, 0x0000, 0x0000, 0x0000, 0x0000, 0x0000, 0x0000, 0x0000, 0x0000, 0x0000, 0x0000, 0x0000, 0x0000,
  0x0000, 0x0000, 0x0000, 0x0000, 0x0000, 0x0000, 0x0000, 0x0000, 0x0000, 0x0000, 0x0000, 0x0000, 0x0000, 0x0000, 0x0000, 0x0000,
  0x0000, 0x0000, 0x0000, 0x0000, 0x0000, 0x0000, 0x0000, 0x0000, 0x0000, 0x0000, 0x0000, 0x0000, 0x0000, 0x0000, 0x0000, 0x0000,
  0x0000, 0x0000, 0x0000, 0x0000, 0x0000, 0x0000, 0x0000, 0x0000, 0x0000, 0x0000, 0x0000, 0x0000, 0x0000, 0x0000, 0x0000, 0x0000,
  0x0000, 0x0000, 0x0000, 0x0000, 0x0000, 0x0000, 0x0000, 0x0000, 0x0000, 0x0000, 0x0000, 0x0000, 0x0000, 0x0000, 0x0000, 0x0000,
  0x0000, 0x0000, 0x0000, 0x0000, 0x0000, 0x0000, 0x0000, 0x0000, 0x0000, 0x0000, 0x0000, 0x0000, 0x0000, 0x0000, 0x0000, 0x0000,
  0x0000, 0x0000, 0x0000, 0x0000, 0x0000, 0x0000, 0x0000, 0x0000, 0x0000, 0x0000, 0x0000, 0x0000, 0x0000, 0x0000, 0x0000, 0x0000,
  0x0000, 0x0000, 0x0000, 0x0000, 0x0000, 0x0000, 0x0000, 0x0000, 0x0000, 0x0000, 0x0000, 0x0000, 0x0000, 0x0000, 0x0000, 0x0000,
  0x0000, 0x0000, 0x0000, 0x0000, 0x0000, 0x0000, 0x0000, 0x0000, 0x0000, 0x0000, 0x0000, 0x0000, 0x0000, 0x0000, 0x0000, 0x0000,
  0x0000, 0x0000, 0x0000, 0x0000, 0x0000, 0x0000, 0x0000, 0x0000, 0x0000, 0x0000, 0x0000, 0x0000, 0x0000, 0x0000, 0x0000, 0x0000,
  0x0000, 0x0000, 0x0000, 0x0000, 0x0000, 0x0000, 0x0000, 0x0000, 0x0000, 0x0000, 0x0000, 0x0000, 0x0000, 0x0000, 0x0000, 0x0000,
  0x0000, 0x0000, 0x0000, 0x0000, 0x0000, 0x0000, 0x0000, 0x0000, 0x0000, 0x0000, 0x0000, 0x0000, 0x0000, 0x0000, 0x0000, 0x0000,
  0x0000, 0x0000, 0x0000, 0x0000, 0x0000, 0x0000, 0x0000, 0x0000, 0x0000, 0x0000, 0x0000, 0x0000, 0x0000, 0x0000, 0x0000, 0x0000,
  0x0000, 0x0000, 0x0000, 0x0000, 0x0000, 0x0000, 0x0000, 0x0000, 0x0000, 0x0000, 0x0000, 0x0000, 0x0000, 0x0000, 0x0000, 0x0000,
  0x0000, 0x0000, 0x0000, 0x0000, 0x0000, 0x0000, 0x0000, 0x0000, 0x0000, 0x0000, 0x0000, 0x0000, 0x0000, 0x0000, 0x0000, 0x0000,
  0x0000, 0x0000, 0x0000, 0x0000, 0x0000, 0x0000, 0x0000, 0x0000, 0x0000, 0x0000, 0x0000, 0x0000, 0x0000, 0x0000, 0x0000, 0x0000,
  0x0000, 0x0000, 0x0000, 0x0000, 0x0000, 0x0000, 0x0000, 0x0000, 0x0000, 0x0000, 0x0000, 0x0000, 0x0000, 0x0000, 0x0000, 0x0000,
  0x0000, 0x0000, 0x0000, 0x0000, 0x0000, 0x0000, 0x0000, 0x0000, 0x0000, 0x0000, 0x0000, 0x0000, 0x0000, 0x0000, 0x0000, 0x0000,
  0x0000, 0x0000, 0x0000, 0x0000, 0x0000, 0x0000, 0x0000, 0x0000, 0x0000, 0x0000, 0x0000, 0x0000, 0x0000, 0x0000, 0x0000, 0x0000,
  0x0000, 0x0000, 0x0000, 0x0000, 0x0000, 0x0000, 0x0000, 0x0000, 0x0000, 0x0000, 0x0000, 0x0000, 0x0000, 0x0000, 0x0000, 0x0000,
  0x0000, 0x0000, 0x0000, 0x0000, 0x0000, 0x0000, 0x0000, 0x0000, 0x0000, 0x0000, 0x0000, 0x0000, 0x0000, 0x0000, 0x0000, 0x0000,
  0x0000, 0x0000, 0x0000, 0x0000, 0x0000, 0x0000, 0x0000, 0x0000, 0x0000, 0x0000, 0x0000, 0x0000, 0x0000, 0x0000, 0x0000, 0x0000,
  0x0000, 0x0000, 0x0000, 0x0000, 0x0000, 0x0000, 0x0000, 0x0000, 0x0000, 0x0000, 0x0000, 0x0000, 0x0000, 0x0000, 0x0000, 0x0000,
  0x0000, 0x0000, 0x0000, 0x0000, 0x0000, 0x0000, 0x0000, 0x0000, 0x0000, 0x0000, 0x0000, 0x0000, 0x0000, 0x0000, 0x0000, 0x0000,
  0x0000, 0x0000, 0x0000, 0x0000, 0x0000, 0x0000, 0x0000, 0x0000, 0x0000, 0x0000, 0x0000, 0x0000, 0x0000, 0x0000, 0x0000, 0x0000,
  0x0000, 0x0000, 0x0000, 0x0000, 0x0000, 0x0000, 0x0000, 0x0000, 0x0000, 0x0000, 0x0000, 0x0000, 0x0000, 0x0000, 0x0000, 0x0000,
  0x0000, 0x0000, 0x0000, 0x0000, 0x0000, 0x0000, 0x0000, 0x0000, 0x0000, 0x0000, 0x0000, 0x0000, 0x0000, 0x0000, 0x0000, 0x0000,
  0x0000, 0x0000, 0x0000, 0x0000, 0x0000, 0x0000, 0x0000, 0x0000, 0x0000, 0x0000, 0x0000, 0x0000, 0x0000, 0x0000, 0x0000, 0x0000,
  0x0000, 0x0000, 0x0000, 0x0000, 0x0000, 0x0000, 0x0000, 0x0000, 0x0000, 0x0000, 0x0000, 0x0000, 0x0000, 0x0000, 0x0000, 0x0000,
  0x0000, 0x0000, 0x0000, 0x0000, 0x0000, 0x0000, 0x0000, 0x0000, 0x0000, 0x0000, 0x0000, 0x0000, 0x0000, 0x0000, 0x0000, 0x0000,
  0x0000, 0x0000, 0x0000, 0x0000, 0x0000, 0x0000, 0x0000, 0x0000, 0x0000, 0x0000, 0x0000, 0x0000, 0x0000, 0x0000, 0x0000, 0x0000,
  0x0000, 0x0000, 0x0000, 0x0000, 0x0000, 0x0000, 0x0000, 0x0000, 0x0000, 0x0000, 0x0000, 0x0000, 0x0000, 0x0000, 0x0000, 0x0000,
  0x0000, 0x0000, 0x0000, 0x0000, 0x0000, 0x0000, 0x0000, 0x0000, 0x0000, 0x0000, 0x0000, 0x0000, 0x0000, 0x0000, 0x0000, 0x0000,
  0x0000, 0x0000, 0x0000, 0x0000, 0x0000, 0x0000, 0x0000, 0x0000, 0x0000, 0x0000, 0x0000, 0x0000, 0x0000, 0x0000, 0x0000, 0x0000,
  0x0000, 0x0000, 0x0000, 0x0000, 0x0000, 0x0000, 0x0000, 0x0000, 0x0000, 0x0000, 0x0000, 0x0000, 0x0000, 0x0000, 0x0000, 0x0000,
  0x0000, 0x0000, 0x0000, 0x0000, 0x0000, 0x0000, 0x0000, 0x0000, 0x0000, 0x0000, 0x0000, 0x0000, 0x0000, 0x0000, 0x0000, 0x0000,
  0x0000, 0x0000, 0x0000, 0x0000, 0x0000, 0x0000, 0x0000, 0x0000, 0x0000, 0x0000, 0x0000, 0x0000, 0x0000, 0x0000, 0x0000, 0x0000,
  0x0000, 0x0000, 0x0000, 0x0000, 0x0000, 0x0000, 0x0000, 0x0000, 0x0000, 0x0000, 0x0000, 0x0000, 0x0000, 0x0000, 0x0000, 0x0000,
  0x0000, 0x0000, 0x0000, 0x0000, 0x0000, 0x0000, 0x0000, 0x0000, 0x0000, 0x0000, 0x0000, 0x0000, 0x0000, 0x0000, 0x0000, 0x0000,
  0x0000, 0x0000, 0x0000, 0x0000, 0x0000, 0x0000, 0x0000, 0x0000, 0x0000, 0x0000, 0x0000, 0x0000, 0x0000, 0x0000, 0x0000, 0x0000,
  0x0000, 0x0000, 0x0000, 0x0000, 0x0000, 0x0000, 0x0000, 0x0000, 0x0000, 0x0000, 0x0000, 0x0000, 0x0000, 0x0000, 0x0000, 0x0000,
  0x0000, 0x0000, 0x0000, 0x0000, 0x0000, 0x0000, 0x0000, 0x0000, 0x0000, 0x0000, 0x0000, 0x0000, 0x0000, 0x0000, 0x0000, 0x0000,
  0x0000, 0x0000, 0x0000, 0x0000, 0x0000, 0x0000, 0x0000, 0x0000, 0x0000, 0x0000, 0x0000, 0x0000, 0x0000, 0x0000, 0x0000, 0x0000,
  0x0000, 0x0000, 0x0000, 0x0000, 0x0000, 0x0000, 0x0000, 0x0000, 0x0000, 0x0000, 0x0000, 0x0000, 0x0000, 0x0000, 0x0000, 0x0000,
  0x0000, 0x0000, 0x0000, 0x0000, 0x0000, 0x0000, 0x0000, 0x0000, 0x0000, 0x0000, 0x0000, 0x0000, 0x0000, 0x0000, 0x0000, 0x0000,
  0x0000, 0x0000, 0x0000, 0x0000, 0x0000, 0x0000, 0x0000, 0x0000, 0x0000, 0x0000, 0x0000, 0x0000, 0x0000, 0x0000, 0x0000, 0x0000,
  0x0000, 0x0000, 0x0000, 0x0000, 0x0000, 0x0000, 0x0000, 0x0000, 0x0000, 0x0000, 0x0000, 0x0000, 0x0000, 0x0000, 0x0000, 0x0000,
  0x0000, 0x0000, 0x0000, 0x0000, 0x0000, 0x0000, 0x0000, 0x0000, 0x0000, 0x0000, 0x0000, 0x0000, 0x0000, 0x0000, 0x0000, 0x0000,
  0x0000, 0x0000, 0x0000, 0x0000, 0x0000, 0x0000, 0x0000, 0x0000, 0x0000, 0x0000, 0x0000, 0x0000, 0x0000, 0x0000, 0x0000, 0x0000,
  0x0000, 0x0000, 0x0000, 0x0000, 0x0000, 0x0000, 0x0000, 0x0000, 0x0000, 0x0000, 0x0000, 0x0000, 0x0000, 0x0000, 0x0000, 0x0000,
  0x0000, 0x0000, 0x0000, 0x0000, 0x0000, 0x0000, 0x0000, 0x0000, 0x0000, 0x0000, 0x0000, 0x0000, 0x0000, 0x0000, 0x0000, 0x0000,
  0x0000, 0x0000, 0x0000, 0x0000, 0x0000, 0x0000, 0x0000, 0x0000, 0x0000, 0x0000, 0x0000, 0x0000, 0x0000, 0x0000, 0x0000, 0x0000,
  0x0000, 0x0000, 0x0000, 0x0000, 0x0000, 0x0000, 0x0000, 0x0000, 0x0000, 0x0000, 0x0000, 0x0000, 0x0000, 0x0000, 0x0000, 0x0000,
  0x0000, 0x0000, 0x0000, 0x0000, 0x0000, 0x0000, 0x0000, 0x0000, 0x0000, 0x0000, 0x0000, 0x0000, 0x0000, 0x0000, 0x0000, 0x0000,
  0x0000, 0x0000, 0x0000, 0x0000, 0x0000, 0x0000, 0x0000, 0x0000, 0x0000, 0x0000, 0x0000, 0x0000, 0x0000, 0x0000, 0x0000, 0x0000,
  0x0000, 0x0000, 0x0000, 0x0000, 0x0000, 0x0000, 0x0000, 0x0000, 0x0000, 0x0000, 0x0000, 0x0000, 0x0000, 0x0000, 0x0000, 0x0000,
  0x0000, 0x0000, 0x0000, 0x0000, 0x0000, 0x0000, 0x0000, 0x0000, 0x0000, 0x0000, 0x0000, 0x0000, 0x0000, 0x0000, 0x0000, 0x0000,
  0x0000, 0x0000, 0x0000, 0x0000, 0x0000, 0x0000, 0x0000, 0x0000, 0x0000, 0x0000, 0x0000, 0x0000, 0x0000, 0x0000, 0x0000, 0x0000,
  0x0000, 0x0000, 0x0000, 0x0000, 0x0000, 0x0000, 0x0000, 0x0000, 0x0000, 0x0000, 0x0000, 0x0000, 0x0000, 0x0000, 0x0000, 0x0000,
  0x0000, 0x0000, 0x0000, 0x0000, 0x0000, 0x0000, 0x0000, 0x0000, 0x0000, 0x0000, 0x0000, 0x0000, 0x0000, 0x0000, 0x0000, 0x0000,
  0x0000, 0x0000, 0x0000, 0x0000, 0x0000, 0x0000, 0x0000, 0x0000, 0x0000, 0x0000, 0x0000, 0x0000, 0x0000, 0x0000, 0x0000, 0x0000,
  0x0000, 0x0000, 0x0000, 0x0000, 0x0000, 0x0000, 0x0000, 0x0000, 0x0000, 0x0000, 0x0000, 0x0000, 0x0000, 0x0000, 0x0000, 0x0000,
  0x0000, 0x0000, 0x0000, 0x0000, 0x0000, 0x0000, 0x0000, 0x0000, 0x0000, 0x0000, 0x0000, 0x0000, 0x0000, 0x0000, 0x0000, 0x0000,
  0x0000, 0x0000, 0x0000, 0x0000, 0x0000, 0x0000, 0x0000, 0x0000, 0x0000, 0x0000, 0x0000, 0x0000, 0x0000, 0x0000, 0x0000, 0x0000,
  0x0000, 0x0000, 0x0000, 0x0000, 0x0000, 0x0000, 0x0000, 0x0000, 0x0000, 0x0000, 0x0000, 0x0000, 0x0000, 0x0000, 0x0000, 0x0000,
  0x0000, 0x0000, 0x0000, 0x0000, 0x0000, 0x0000, 0x0000, 0x0000, 0x0000, 0x0000, 0x0000, 0x0000, 0x0000, 0x0000, 0x0000, 0x0000,
  0x0000, 0x0000, 0x0000, 0x0000, 0x0000, 0x0000, 0x0000, 0x0000, 0x0000, 0x0000, 0x0000, 0x0000, 0x0000, 0x0000, 0x0000, 0x0000,
  0x0000, 0x0000, 0x0000, 0x0000, 0x0000, 0x0000, 0x0000, 0x0000, 0x0000, 0x0000, 0x0000, 0x0000, 0x0000, 0x0000, 0x0000, 0x0000,
  0x0000, 0x0000, 0x0000, 0x0000, 0x0000, 0x0000, 0x0000, 0x0000, 0x0000, 0x0000, 0x0000, 0x0000, 0x0000, 0x0000, 0x0000, 0x0000,
  0x0000, 0x0000, 0x0000, 0x0000, 0x0000, 0x0000, 0x0000, 0x0000, 0x0000, 0x0000, 0x0000, 0x0000, 0x0000, 0x0000, 0x0000, 0x0000,
  0x0000, 0x0000, 0x0000, 0x0000, 0x0000, 0x0000, 0x0000, 0x0000, 0x0000, 0x0000, 0x0000, 0x0000, 0x0000, 0x0000, 0x0000, 0x0000,
  0x0000, 0x0000, 0x0000, 0x0000, 0x0000, 0x0000, 0x0000, 0x0000, 0x0000, 0x0000, 0x0000, 0x0000, 0x0000, 0x0000, 0x0000, 0x0000,
  0x0000, 0x0000, 0x0000, 0x0000, 0x0000, 0x0000, 0x0000, 0x0000, 0x0000, 0x0000, 0x0000, 0x0000, 0x0000, 0x0000, 0x0000, 0x0000,
  0x0000, 0x0000, 0x0000, 0x0000, 0x0000, 0x0000, 0x0000, 0x0000, 0x0000, 0x0000, 0x0000, 0x0000, 0x0000, 0x0000, 0x0000, 0x0000,
  0x0000, 0x0000, 0x0000, 0x0000, 0x0000, 0x0000, 0x0000, 0x0000, 0x0000, 0x0000, 0x0000, 0x0000, 0x0000, 0x0000, 0x0000, 0x0000,
  0x0000, 0x0000, 0x0000, 0x0000, 0x0000, 0x0000, 0x0000, 0x0000, 0x0000, 0x0000, 0x0000, 0x0000, 0x0000, 0x0000, 0x0000, 0x0000,
  0x0000, 0x0000, 0x0000, 0x0000, 0x0000, 0x0000, 0x0000, 0x0000, 0x0000, 0x0000, 0x0000, 0x0000, 0x0000, 0x0000, 0x0000, 0x0000,
  0x0000, 0x0000, 0x0000, 0x0000, 0x0000, 0x0000, 0x0000, 0x0000, 0x0000, 0x0000, 0x0000, 0x0000, 0x0000, 0x0000, 0x0000, 0x0000,
  0x0000, 0x0000, 0x0000, 0x0000, 0x0000, 0x0000, 0x0000, 0x0000, 0x0000, 0x0000, 0x0000, 0x0000, 0x0000, 0x0000, 0x0000, 0x0000,
  0x0000, 0x0000, 0x0000, 0x0000, 0x0000, 0x0000, 0x0000, 0x0000, 0x0000, 0x0000, 0x0000, 0x0000, 0x0000, 0x0000, 0x0000, 0x0000,
  0x0000, 0x0000, 0x0000, 0x0000, 0x0000, 0x0000, 0x0000, 0x0000, 0x0000, 0x0000, 0x0000, 0x0000, 0x0000, 0x0000, 0x0000, 0x0000,
  0x0000, 0x0000, 0x0000, 0x0000, 0x0000, 0x0000, 0x0000, 0x0000, 0x0000, 0x0000, 0x0000, 0x0000, 0x0000, 0x0000, 0x0000, 0x0000,
  0x0000, 0x0000, 0x0000, 0x0000, 0x0000, 0x0000, 0x0000, 0x0000, 0x0000, 0x0000, 0x0000, 0x0000, 0x0000, 0x0000, 0x0000, 0x0000,
  0x0000, 0x0000, 0x0000, 0x0000, 0x0000, 0x0000, 0x0000, 0x0000, 0x0000, 0x0000, 0x0000, 0x0000, 0x0000, 0x0000, 0x0000, 0x0000,
  0x0000, 0x0000, 0x0000, 0x0000, 0x0000, 0x0000, 0x0000, 0x0000, 0x0000, 0x0000, 0x0000, 0x0000, 0x0000, 0x0000, 0x0000, 0x0000,
  0x0000, 0x0000, 0x0000, 0x0000, 0x0000, 0x0000, 0x0000, 0x0000, 0x0000, 0x0000, 0x0000, 0x0000, 0x0000, 0x0000, 0x0000, 0x0000,
  0x0000, 0x0000, 0x0000, 0x0000, 0x0000, 0x0000, 0x0000, 0x0000, 0x0000, 0x0000, 0x0000, 0x0000, 0x0000, 0x0000, 0x0000, 0x0000,
  0x0000, 0x0000, 0x0000, 0x0000, 0x0000, 0x0000, 0x0000, 0x0000, 0x0000, 0x0000, 0x0000, 0x0000, 0x0000, 0x0000, 0x0000, 0x0000,
  0x0000, 0x0000, 0x0000, 0x0000, 0x0000, 0x0000, 0x0000, 0x0000, 0x0000, 0x0000, 0x0000, 0x0000, 0x0000, 0x0000, 0x0000, 0x0000,
  0x0000, 0x0000, 0x0000, 0x0000, 0x0000, 0x0000, 0x0000, 0x0000, 0x0000, 0x0000, 0x0000, 0x0000, 0x0000, 0x0000, 0x0000, 0x0000,
  0x0000, 0x0000, 0x0000, 0x0000, 0x0000, 0x0000, 0x0000, 0x0000, 0x0000, 0x0000, 0x0000, 0x0000, 0x0000, 0x0000, 0x0000, 0x0000,
  0x0000, 0x0000, 0x0000, 0x0000, 0x0000, 0x0000, 0x0000, 0x0000, 0x0000, 0x0000, 0x0000, 0x0000, 0x0000, 0x0000, 0x0000, 0x0000,
  0x0000, 0x0000, 0x0000, 0x0000, 0x0000, 0x0000, 0x0000, 0x0000, 0x0000, 0x0000, 0x0000, 0x0000, 0x0000, 0x0000, 0x0000, 0x0000,
  0x0000, 0x0000, 0x0000, 0x0000, 0x0000, 0x0000, 0x0000, 0x0000, 0x0000, 0x0000, 0x0000, 0x0000, 0x0000, 0x0000, 0x0000, 0x0000,
  0x0000, 0x0000, 0x0000, 0x0000, 0x0000, 0x0000, 0x0000, 0x0000, 0x0000, 0x0000, 0x0000, 0x0000, 0x0000, 0x0000, 0x0000, 0x0000,
  0x0000, 0x0000, 0x0000, 0x0000, 0x0000, 0x0000, 0x0000, 0x0000, 0x0000, 0x0000, 0x0000, 0x0000, 0x0000, 0x0000, 0x0000, 0x0000,
  0x0000, 0x0000, 0x0000, 0x0000, 0x0000, 0x0000, 0x0000, 0x0000, 0x0000, 0x0000, 0x0000, 0x0000, 0x0000, 0x0000, 0x0000, 0x0000,
  0x0000, 0x0000, 0x0000, 0x0000, 0x0000, 0x0000, 0x0000, 0x0000, 0x0000, 0x0000, 0x0000, 0x0000, 0x0000, 0x0000, 0x0000, 0x0000,
  0x0000, 0x0000, 0x0000, 0x0000, 0x0000, 0x0000, 0x0000, 0x0000, 0x0000, 0x0000, 0x0000, 0x0000, 0x0000, 0x0000, 0x0000, 0x0000,
  0x0000, 0x0000, 0x0000, 0x0000, 0x0000, 0x0000, 0x0000, 0x0000, 0x0000, 0x0000, 0x0000, 0x0000, 0x0000, 0x0000, 0x0000, 0x0000,
  0x0000, 0x0000, 0x0000, 0x0000, 0x0000, 0x0000, 0x0000, 0x0000, 0x0000, 0x0000, 0x0000, 0x0000, 0x0000, 0x0000, 0x0000, 0x0000,
  0x0000, 0x0000, 0x0000, 0x0000, 0x0000, 0x0000, 0x0000, 0x0000, 0x0000, 0x0000, 0x0000, 0x0000, 0x0000, 0x0000, 0x0000, 0x0000,
  0x0000, 0x0000, 0x0000, 0x0000, 0x0000, 0x0000, 0x0000, 0x0000, 0x0000, 0x0000, 0x0000, 0x0000, 0x0000, 0x0000, 0x0000, 0x0000,
  0x0000, 0x0000, 0x0000, 0x0000, 0x0000, 0x0000, 0x0000, 0x0000, 0x0000, 0x0000, 0x0000, 0x0000, 0x0000, 0x0000, 0x0000, 0x0000,
  0x0000, 0x0000, 0x0000, 0x0000, 0x0000, 0x0000, 0x0000, 0x0000, 0x0000, 0x0000, 0x0000, 0x0000, 0x0000, 0x0000, 0x0000, 0x0000,
  0x0000, 0x0000, 0x0000, 0x0000, 0x0000, 0x0000, 0x0000, 0x0000, 0x0000, 0x0000, 0x0000, 0x0000, 0x0000, 0x0000, 0x0000, 0x0000,
  0x0000, 0x0000, 0x0000, 0x0000, 0x0000, 0x0000, 0x0000, 0x0000, 0x0000, 0x0000, 0x0000, 0x0000, 0x0000, 0x0000, 0x0000, 0x0000,
  0x0000, 0x0000, 0x0000, 0x0000, 0x0000, 0x0000, 0x0000, 0x0000, 0x0000, 0x0000, 0x0000, 0x0000, 0x0000, 0x0000, 0x0000, 0x0000,
  0x0000, 0x0000, 0x0000, 0x0000, 0x0000, 0x0000, 0x0000, 0x0000, 0x0000, 0x0000, 0x0000, 0x0000, 0x0000, 0x0000, 0x0000, 0x0000,
  0x0000, 0x0000, 0x0000, 0x0000, 0x0000, 0x0000, 0x0000, 0x0000, 0x0000, 0x0000, 0x0000, 0x0000, 0x0000, 0x0000, 0x0000, 0x0000,
  0x0000, 0x0000, 0x0000, 0x0000, 0x0000, 0x0000, 0x0000, 0x0000, 0x0000, 0x0000, 0x0000, 0x0000, 0x0000, 0x0000, 0x0000, 0x0000,
  0x0000, 0x0000, 0x0000, 0x0000, 0x0000, 0x0000, 0x0000, 0x0000, 0x0000, 0x0000, 0x0000, 0x0000, 0x0000, 0x0000, 0x0000, 0x0000,
  0x0000, 0x0000, 0x0000, 0x0000, 0x0000, 0x0000, 0x0000, 0x0000, 0x0000, 0x0000, 0x0000, 0x0000, 0x0000, 0x0000, 0x0000, 0x0000,
  0x0000, 0x0000, 0x0000, 0x0000, 0x0000, 0x0000, 0x0000, 0x0000, 0x0000, 0x0000, 0x0000, 0x0000, 0x0000, 0x0000, 0x0000, 0x0000,
  0x0000, 0x0000, 0x0000, 0x0000, 0x0000, 0x0000, 0x0000, 0x0000, 0x0000, 0x0000, 0x0000, 0x0000, 0x0000, 0x0000, 0x0000, 0x0000,
  0x0000, 0x0000, 0x0000, 0x0000, 0x0000, 0x0000, 0x0000, 0x0000, 0x0000, 0x0000, 0x0000, 0x0000, 0x0000, 0x0000, 0x0000, 0x0000,
  0x0000, 0x0000, 0x0000, 0x0000, 0x0000, 0x0000, 0x0000, 0x0000, 0x0000, 0x0000, 0x0000, 0x0000, 0x0000, 0x0000, 0x0000, 0x0000,
  0x0000, 0x0000, 0x0000, 0x0000, 0x0000, 0x0000, 0x0000, 0x0000, 0x0000, 0x0000, 0x0000, 0x0000, 0x0000, 0x0000, 0x0000, 0x0000,
  0x0000, 0x0000, 0x0000, 0x0000, 0x0000, 0x0000, 0x0000, 0x0000, 0x0000, 0x0000, 0x0000, 0x0000, 0x0000, 0x0000, 0x0000, 0x0000,
  0x0000, 0x0000, 0x0000, 0x0000, 0x0000, 0x0000, 0x0000, 0x0000, 0x0000, 0x0000, 0x0000, 0x0000, 0x0000, 0x0000, 0x0000, 0x0000,
  0x0000, 0x0000, 0x0000, 0x0000, 0x0000, 0x0000, 0x0000, 0x0000, 0x0000, 0x0000, 0x0000, 0x0000, 0x0000, 0x0000, 0x0000, 0x0000,
  0x0000, 0x0000, 0x0000, 0x0000, 0x0000, 0x0000, 0x0000, 0x0000, 0x0000, 0x0000, 0x0000, 0x0000, 0x0000, 0x0000, 0x0000, 0x0000,
  0x0000, 0x0000, 0x0000, 0x0000, 0x0000, 0x0000, 0x0000, 0x0000, 0x0000, 0x0000, 0x0000, 0x0000, 0x0000, 0x0000, 0x0000, 0x0000,
  0x0000, 0x0000, 0x0000, 0x0000, 0x0000, 0x0000, 0x0000, 0x0000, 0x0000, 0x0000, 0x0000, 0x0000, 0x0000, 0x0000, 0x0000, 0x0000,
  0x0000, 0x0000, 0x0000, 0x0000, 0x0000, 0x0000, 0x0000, 0x0000, 0x0000, 0x0000, 0x0000, 0x0000, 0x0000, 0x0000, 0x0000, 0x0000,
  0x0000, 0x0000, 0x0000, 0x0000, 0x0000, 0x0000, 0x0000, 0x0000, 0x0000, 0x0000, 0x0000, 0x0000, 0x0000, 0x0000, 0x0000, 0x0000,
  0x0000, 0x0000, 0x0000, 0x0000, 0x0000, 0x0000, 0x0000, 0x0000, 0x0000, 0x0000, 0x0000, 0x0000, 0x0000, 0x0000, 0x0000, 0x0000,
  0x0000, 0x0000, 0x0000, 0x0000, 0x0000, 0x0000, 0x0000, 0x0000, 0x0000, 0x0000, 0x0000, 0x0000, 0x0000, 0x0000, 0x0000, 0x0000,
  0x0000, 0x0000, 0x0000, 0x0000, 0x0000, 0x0000, 0x0000, 0x0000, 0x0000, 0x0000, 0x0000, 0x0000, 0x0000, 0x0000, 0x0000, 0x0000,
  0x0000, 0x0000, 0x0000, 0x0000, 0x0000, 0x0000, 0x0000, 0x0000, 0x0000, 0x0000, 0x0000, 0x0000, 0x0000, 0x0000, 0x0000, 0x0000,
  0x0000, 0x0000, 0x0000, 0x0000, 0x0000, 0x0000, 0x0000, 0x0000, 0x0000, 0x0000, 0x0000, 0x0000, 0x0000, 0x0000, 0x0000, 0x0000,
  0x0000, 0x0000, 0x0000, 0x0000, 0x0000, 0x0000, 0x0000, 0x0000, 0x0000, 0x0000, 0x0000, 0x0000, 0x0000, 0x0000, 0x0000, 0x0000,
  0x0000, 0x0000, 0x0000, 0x0000, 0x0000, 0x0000, 0x0000, 0x0000, 0x0000, 0x0000, 0x0000, 0x0000, 0x0000, 0x0000, 0x0000, 0x0000,
  0x0000, 0x0000, 0x0000, 0x0000, 0x0000, 0x0000, 0x0000, 0x0000, 0x0000, 0x0000, 0x0000, 0x0000, 0x0000, 0x0000, 0x0000, 0x0000,
  0x0000, 0x0000, 0x0000, 0x0000, 0x0000, 0x0000, 0x0000, 0x0000, 0x0000, 0x0000, 0x0000, 0x0000, 0x0000, 0x0000, 0x0000, 0x0000,
  0x0000, 0x0000, 0x0000, 0x0000, 0x0000, 0x0000, 0x0000, 0x0000, 0x0000, 0x0000, 0x0000, 0x0000, 0x0000, 0x0000, 0x0000, 0x0000,
  0x0000, 0x0000, 0x0000, 0x0000, 0x0000, 0x0000, 0x0000, 0x0000, 0x0000, 0x0000, 0x0000, 0x0000, 0x0000, 0x0000, 0x0000, 0x0000,
  0x0000, 0x0000, 0x0000, 0x0000, 0x0000, 0x0000, 0x0000, 0x0000, 0x0000, 0x0000, 0x0000, 0x0000, 0x0000, 0x0000, 0x0000, 0x0000,
  0x0000, 0x0000, 0x0000, 0x0000, 0x0000, 0x0000, 0x0000, 0x0000, 0x0000, 0x0000, 0x0000, 0x0000, 0x0000, 0x0000, 0x0000, 0x0000,
  0x0000, 0x0000, 0x0000, 0x0000, 0x0000, 0x0000, 0x0000, 0x0000, 0x0000, 0x0000, 0x0000, 0x0000, 0x0000, 0x0000, 0x0000, 0x0000,
  0x0000, 0x0000, 0x0000, 0x0000, 0x0000, 0x0000, 0x0000, 0x0000, 0x0000, 0x0000, 0x0000, 0x0000, 0x0000, 0x0000, 0x0000, 0x0000,
  0x0000, 0x0000, 0x0000, 0x0000, 0x0000, 0x0000, 0x0000, 0x0000, 0x0000, 0x0000, 0x0000, 0x0000, 0x0000, 0x0000, 0x0000, 0x0000,
  0x0000, 0x0000, 0x0000, 0x0000, 0x0000, 0x0000, 0x0000, 0x0000, 0x0000, 0x0000, 0x0000, 0x0000, 0x0000, 0x0000, 0x0000, 0x0000,
  0x0000, 0x0000, 0x0000, 0x0000, 0x0000, 0x0000, 0x0000, 0x0000, 0x0000, 0x0000, 0x0000, 0x0000, 0x0000, 0x0000, 0x0000, 0x0000,
  0x0000, 0x0000, 0x0000, 0x0000, 0x0000, 0x0000, 0x0000, 0x0000, 0x0000, 0x0000, 0x0000, 0x0000, 0x0000, 0x0000, 0x0000, 0x0000,
  0x0000, 0x0000, 0x0000, 0x0000, 0x0000, 0x0000, 0x0000, 0x0000, 0x0000, 0x0000, 0x0000, 0x0000, 0x0000, 0x0000, 0x0000, 0x0000,
  0x0000, 0x0000, 0x0000, 0x0000, 0x0000, 0x0000, 0x0000, 0x0000, 0x0000, 0x0000, 0x0000, 0x0000, 0x0000, 0x0000, 0x0000, 0x0000,
  0x0000, 0x0000, 0x0000, 0x0000, 0x0000, 0x0000, 0x0000, 0x0000, 0x0000, 0x0000, 0x0000, 0x0000, 0x0000, 0x0000, 0x0000, 0x0000,
  0x0000, 0x0000, 0x0000, 0x0000, 0x0000, 0x0000, 0x0000, 0x0000, 0x0000, 0x0000, 0x0000, 0x0000, 0x0000, 0x0000, 0x0000, 0x0000,
  0x0000, 0x0000, 0x0000, 0x0000, 0x0000, 0x0000, 0x0000, 0x0000, 0x0000, 0x0000, 0x0000, 0x0000, 0x0000, 0x0000, 0x0000, 0x0000,
  0x0000, 0x0000, 0x0000, 0x0000, 0x0000, 0x0000, 0x0000, 0x0000, 0x0000, 0x0000, 0x0000, 0x0000, 0x0000, 0x0000, 0x0000, 0x0000,
  0x0000, 0x0000, 0x0000, 0x0000, 0x0000, 0x0000, 0x0000, 0x0000, 0x0000, 0x0000, 0x0000, 0x0000, 0x0000, 0x0000, 0x0000, 0x0000,
  0x0000, 0x0000, 0x0000, 0x0000, 0x0000, 0x0000, 0x0000, 0x0000, 0x0000, 0x0000, 0x0000, 0x0000, 0x0000, 0x0000, 0x0000, 0x0000,
  0x0000, 0x0000, 0x0000, 0x0000, 0x0000, 0x0000, 0x0000, 0x0000, 0x0000, 0x0000, 0x0000, 0x0000, 0x0000, 0x0000, 0x0000, 0x0000,
  0x0000, 0x0000, 0x0000, 0x0000, 0x0000, 0x0000, 0x0000, 0x0000, 0x0000, 0x0000, 0x0000, 0x0000, 0x0000, 0x0000, 0x0000, 0x0000,
  0x0000, 0x0000, 0x0000, 0x0000, 0x0000, 0x0000, 0x0000, 0x0000, 0x0000, 0x0000, 0x0000, 0x0000, 0x0000, 0x0000, 0x0000, 0x0000,
  0x0000, 0x0000, 0x0000, 0x0000, 0x0000, 0x0000, 0x0000, 0x0000, 0x0000, 0x0000, 0x0000, 0x0000, 0x0000, 0x0000, 0x0000, 0x0000,
  0x0000, 0x0000, 0x0000, 0x0000, 0x0000, 0x0000, 0x0000, 0x0000, 0x0000, 0x0000, 0x0000, 0x0000, 0x0000, 0x0000, 0x0000, 0x0000,
  0x0000, 0x0000, 0x0000, 0x0000, 0x0000, 0x0000, 0x0000, 0x0000, 0x0000, 0x0000, 0x0000, 0x0000, 0x0000, 0x0000, 0x0000, 0x0000,
  0x0000, 0x0000, 0x0000, 0x0000, 0x0000, 0x0000, 0x0000, 0x0000, 0x0000, 0x0000, 0x0000, 0x0000, 0x0000, 0x0000, 0x0000, 0x0000,
  0x0000, 0x0000, 0x0000, 0x0000, 0x0000, 0x0000, 0x0000, 0x0000, 0x0000, 0x0000, 0x0000, 0x0000, 0x0000, 0x0000, 0x0000, 0x0000,
  0x0000, 0x0000, 0x0000, 0x0000, 0x0000, 0x0000, 0x0000, 0x0000, 0x0000, 0x0000, 0x0000, 0x0000, 0x0000, 0x0000, 0x0000, 0x0000,
  0x0000, 0x0000, 0x0000, 0x0000, 0x0000, 0x0000, 0x0000, 0x0000, 0x0000, 0x0000, 0x0000, 0x0000, 0x0000, 0x0000, 0x0000, 0x0000,
  0x0000, 0x0000, 0x0000, 0x0000, 0x0000, 0x0000, 0x0000, 0x0000, 0x0000, 0x0000, 0x0000, 0x0000, 0x0000, 0x0000, 0x0000, 0x0000,
  0x0000, 0x0000, 0x0000, 0x0000, 0x0000, 0x0000, 0x0000, 0x0000, 0x0000, 0x0000, 0x0000, 0x0000, 0x0000, 0x0000, 0x0000, 0x0000,
  0x0000, 0x0000, 0x0000, 0x0000, 0x0000, 0x0000, 0x0000, 0x0000, 0x0000, 0x0000, 0x0000, 0x0000, 0x0000, 0x0000, 0x0000, 0x0000,
  0x0000, 0x0000, 0x0000, 0x0000, 0x0000, 0x0000, 0x0000, 0x0000, 0x0000, 0x0000, 0x0000, 0x0000, 0x0000, 0x0000, 0x0000, 0x0000,
  0x0000, 0x0000, 0x0000, 0x0000, 0x0000, 0x0000, 0x0000, 0x0000, 0x0000, 0x0000, 0x0000, 0x0000, 0x0000, 0x0000, 0x0000, 0x0000,
  0x0000, 0x0000, 0x0000, 0x0000, 0x0000, 0x0000, 0x0000, 0x0000, 0x0000, 0x0000, 0x0000, 0x0000, 0x0000, 0x0000, 0x0000, 0x0000,
  0x0000, 0x0000, 0x0000, 0x0000, 0x0000, 0x0000, 0x0000, 0x0000, 0x0000, 0x0000, 0x0000, 0x0000, 0x0000, 0x0000, 0x0000, 0x0000,
  0x0000, 0x0000, 0x0000, 0x0000, 0x0000, 0x0000, 0x0000, 0x0000, 0x0000, 0x0000, 0x0000, 0x0000, 0x0000, 0x0000, 0x0000, 0x0000,
  0x0000, 0x0000, 0x0000, 0x0000, 0x0000, 0x0000, 0x0000, 0x0000, 0x0000, 0x0000, 0x0000, 0x0000, 0x0000, 0x0000, 0x0000, 0x0000,
  0x0000, 0x0000, 0x0000, 0x0000, 0x0000, 0x0000, 0x0000, 0x0000, 0x0000, 0x0000, 0x0000, 0x0000, 0x0000, 0x0000, 0x0000, 0x0000,
  0x0000, 0x0000, 0x0000, 0x0000, 0x0000, 0x0000, 0x0000, 0x0000, 0x0000, 0x0000, 0x0000, 0x0000, 0x0000, 0x0000, 0x0000, 0x0000,
  0x0000, 0x0000, 0x0000, 0x0000, 0x0000, 0x0000, 0x0000, 0x0000, 0x0000, 0x0000, 0x0000, 0x0000, 0x0000, 0x0000, 0x0000, 0x0000,
  0x0000, 0x0000, 0x0000, 0x0000, 0x0000, 0x0000, 0x0000, 0x0000, 0x0000, 0x0000, 0x0000, 0x0000, 0x0000, 0x0000, 0x0000, 0x0000,
  0x0000, 0x0000, 0x0000, 0x0000, 0x0000, 0x0000, 0x0000, 0x0000, 0x0000, 0x0000, 0x0000, 0x0000, 0x0000, 0x0000, 0x0000, 0x0000,
  0x0000, 0x0000, 0x0000, 0x0000, 0x0000, 0x0000, 0x0000, 0x0000, 0x0000, 0x0000, 0x0000, 0x0000, 0x0000, 0x0000, 0x0000, 0x0000,
  0x0000, 0x0000, 0x0000, 0x0000, 0x0000, 0x0000, 0x0000, 0x0000, 0x0000, 0x0000, 0x0000, 0x0000, 0x0000, 0x0000, 0x0000, 0x0000,
  0x0000, 0x0000, 0x0000, 0x0000, 0x0000, 0x0000, 0x0000, 0x0000, 0x0000, 0x0000, 0x0000, 0x0000, 0x0000, 0x0000, 0x0000, 0x0000,
};
static const int LOGO_W = 320;
static const int LOGO_H = 240;
