#pragma once
#include <cstdint>

static const uint16_t LOGO_DATA[] = {
  0x0000, 0x0000, 0x0000, 0x0000, 0x0000, 0x0000, 0x0000, 0x0000, 0x0000, 0x0000, 0x0000, 0x0000, 0x0000, 0x0000, 0x0000, 0x0000,
  0x0000, 0x0000, 0x0000, 0x0000, 0x0000, 0x0000, 0x0000, 0x0000, 0x0000, 0x0000, 0x0000, 0x0000, 0x0000, 0x0000, 0x0000, 0x0000,
  0x0000, 0x0000, 0x0000, 0x0000, 0x0000, 0x0000, 0x0000, 0x0000, 0x0000, 0x0000, 0x0000, 0x0000, 0x0000, 0x0000, 0x0000, 0x0000,
  0x0000, 0x0000, 0x0000, 0x0000, 0x0000, 0x0000, 0x0000, 0x0000, 0x0000, 0x0000, 0x0000, 0x0000, 0x0000, 0x0000, 0x0000, 0x0000,
  0x0000, 0x0000, 0x0000, 0x0000, 0x0000, 0x0000, 0x0000, 0x0000, 0x0000, 0x0000, 0x0000, 0x0000, 0x0000, 0x0000, 0x0000, 0x0000,
  0x0000, 0x0000, 0x0000, 0x0000, 0x0000, 0x0000, 0x0000, 0x0000, 0x0000, 0x0000, 0x0000, 0x0000, 0x0000, 0x0000, 0x0000, 0x0000,
  0x0000, 0x0000, 0x0000, 0x0000, 0x0000, 0x0000, 0x0000, 0x0000, 0x0000, 0x0000, 0x0000, 0x0000, 0x0000, 0x0000, 0x0000, 0x0000,
  0x0000, 0x0000, 0x0000, 0x0000, 0x0000, 0x0000, 0x0000, 0x0000, 0x0000, 0x0000, 0x0000, 0x0000, 0x0000, 0x0000, 0x0000, 0x0000,
  0x0000, 0x0000, 0x0000, 0x0000, 0x0000, 0x0000, 0x0000, 0x0000, 0x0000, 0x0000, 0x0000, 0x0000, 0x0000, 0x0000, 0x0000, 0x0000,
  0x0000, 0x0000, 0x0000, 0x0000, 0x0000, 0x0000, 0x0000, 0x0000, 0x0000, 0x0000, 0x0000, 0x0000, 0x0000, 0x0000, 0x0000, 0x0000,
  0x0000, 0x0000, 0x0000, 0x0000, 0x0000, 0x0000, 0x0000, 0x0000, 0x0000, 0x0000, 0x0000, 0x0000, 0x0000, 0x0000, 0x0000, 0x0000,
  0x0000, 0x0000, 0x0000, 0x0000, 0x0000, 0x0000, 0x0000, 0x0000, 0x0000, 0x0000, 0x0000, 0x0000, 0x0000, 0x0000, 0x0000, 0x0000,
  0x0000, 0x0000, 0x0000, 0x0000, 0x0000, 0x0000, 0x0000, 0x0000, 0x0000, 0x0000, 0x0000, 0x0000, 0x0000, 0x0000, 0x0000, 0x0000,
  0x0000, 0x0000, 0x0000, 0x0000, 0x0000, 0x0000, 0x0000, 0x0000, 0x0000, 0x0000, 0x0000, 0x0000, 0x0000, 0x0000, 0x0000, 0x0000,
  0x0000, 0x0000, 0x0000, 0x0000, 0x0000, 0x0000, 0x0000, 0x0000, 0x0000, 0x0000, 0x0000, 0x0000, 0x0000, 0x0000, 0x0000, 0x0000,
  0x0000, 0x0000, 0x0000, 0x0000, 0x0000, 0x0000, 0x0000, 0x0000, 0x0000, 0x0000, 0x0000, 0x0000, 0x0000, 0x0000, 0x0000, 0x0000,
  0x0000, 0x0000, 0x0000, 0x0000, 0x0000, 0x0000, 0x0000, 0x0000, 0x0000, 0x0000, 0x0000, 0x0000, 0x0000, 0x0000, 0x0000, 0x0000,
  0x0000, 0x0000, 0x0000, 0x0000, 0x0000, 0x0000, 0x0000, 0x0000, 0x0000, 0x0000, 0x0000, 0x0000, 0x0000, 0x0000, 0x0000, 0x0000,
  0x0000, 0x0000, 0x0000, 0x0000, 0x0000, 0x0000, 0x0000, 0x0000, 0x0000, 0x0000, 0x0000, 0x0000, 0x0000, 0x0000, 0x0000, 0x0000,
  0x0000, 0x0000, 0x0000, 0x0000, 0x0000, 0x0000, 0x0000, 0x0000, 0x0000, 0x0000, 0x0000, 0x0000, 0x0000, 0x0000, 0x0000, 0x0000,
  0x0000, 0x0000, 0x0000, 0x0000, 0x0000, 0x0000, 0x0000, 0x0000, 0x0000, 0x0000, 0x0000, 0x0000, 0x0000, 0x0000, 0x0000, 0x0000,
  0x0000, 0x0000, 0x0000, 0x0000, 0x0000, 0x0000, 0x0000, 0x0000, 0x0000, 0x0000, 0x0000, 0x0000, 0x0000, 0x0000, 0x0000, 0x0000,
  0x0000, 0x0000, 0x0000, 0x0000, 0x0000, 0x0000, 0x0000, 0x0000, 0x0000, 0x0000, 0x0000, 0x0000, 0x0000, 0x0000, 0x0000, 0x0000,
  0x0000, 0x0000, 0x0000, 0x0000, 0x0000, 0x0000, 0x0000, 0x0000, 0x0000, 0x0000, 0x0000, 0x0000, 0x0000, 0x0000, 0x0000, 0x0000,
  0x0000, 0x0000, 0x0000, 0x0000, 0x0000, 0x0000, 0x0000, 0x0000, 0x0000, 0x0000, 0x0000, 0x0000, 0x0000, 0x0000, 0x0000, 0x0000,
  0x0000, 0x0000, 0x0000, 0x0000, 0x0000, 0x0000, 0x0000, 0x0000, 0x0000, 0x0000, 0x0000, 0x0000, 0x0000, 0x0000, 0x0000, 0x0000,
  0x0000, 0x0000, 0x0000, 0x0000, 0x0000, 0x0000, 0x0000, 0x0000, 0x0000, 0x0000, 0x0000, 0x0000, 0x0000, 0x0000, 0x0000, 0x0000,
  0x0000, 0x0000, 0x0000, 0x0000, 0x0000, 0x0000, 0x0000, 0x0000, 0x0000, 0x0000, 0x0000, 0x0000, 0x0000, 0x0000, 0x0000, 0x0000,
  0x0000, 0x0000, 0x0000, 0x0000, 0x0000, 0x0000, 0x0000, 0x0000, 0x0000, 0x0000, 0x0000, 0x0000, 0x0000, 0x0000, 0x0000, 0x0000,
  0x0000, 0x0000, 0x0000, 0x0000, 0x0000, 0x0000, 0x0000, 0x0000, 0x0000, 0x0000, 0x0000, 0x0000, 0x0000, 0x0000, 0x0000, 0x0000,
  0x0000, 0x0000, 0x0000, 0x0000, 0x0000, 0x0000, 0x0000, 0x0000, 0x0000, 0x0000, 0x0000, 0x0000, 0x0000, 0x0000, 0x0000, 0x0000,
  0x0000, 0x0000, 0x0000, 0x0000, 0x0000, 0x0000, 0x0000, 0x0000, 0x0000, 0x0000, 0x0000, 0x0000, 0x0000, 0x0000, 0x0000, 0x0000,
  0x0000, 0x0000, 0x0000, 0x0000, 0x0000, 0x0000, 0x0000, 0x0000, 0x0000, 0x0000, 0x0000, 0x0000, 0x0000, 0x0000, 0x0000, 0x0000,
  0x0000, 0x0000, 0x0000, 0x0000, 0x0000, 0x0000, 0x0000, 0x0000, 0x0000, 0x0000, 0x0000, 0x0000, 0x0000, 0x0000, 0x0000, 0x0000,
  0x0000, 0x0000, 0x0000, 0x0000, 0x0000, 0x0000, 0x0000, 0x0000, 0x0000, 0x0000, 0x0000, 0x0000, 0x0000, 0x0000, 0x0000, 0x0000,
  0x0000, 0x0000, 0x0000, 0x0000, 0x0000, 0x0000, 0x0000, 0x0000, 0x0000, 0x0000, 0x0000, 0x0000, 0x0000, 0x0000, 0x0000, 0x0000,
  0x0000, 0x0000, 0x0000, 0x0000, 0x0000, 0x0000, 0x0000, 0x0000, 0x0000, 0x0000, 0x0000, 0x0000, 0x0000, 0x0000, 0x0000, 0x0000,
  0x0000, 0x0000, 0x0000, 0x0000, 0x0000, 0x0000, 0x0000, 0x0000, 0x0000, 0x0000, 0x0000, 0x0000, 0x0000, 0x0000, 0x0000, 0x0000,
  0x0000, 0x0000, 0x0000, 0x0000, 0x0000, 0x0000, 0x0000, 0x0000, 0x0000, 0x0000, 0x0000, 0x0000, 0x0000, 0x0000, 0x0000, 0x0000,
  0x0000, 0x0000, 0x0000, 0x0000, 0x0000, 0x0000, 0x0000, 0x0000, 0x0000, 0x0000, 0x0000, 0x0000, 0x0000, 0x0000, 0x0000, 0x0000,
  0x0000, 0x0000, 0x0000, 0x0000, 0x0000, 0x0000, 0x0000, 0x0000, 0x0000, 0x0000, 0x0000, 0x0000, 0x0000, 0x0000, 0x0000, 0x0000,
  0x0000, 0x0000, 0x0000, 0x0000, 0x0000, 0x0000, 0x0000, 0x0000, 0x0000, 0x0000, 0x0000, 0x0000, 0x0000, 0x0000, 0x0000, 0x0000,
  0x0000, 0x0000, 0x0000, 0x0000, 0x0000, 0x0000, 0x0000, 0x0000, 0x0000, 0x0000, 0x0000, 0x0000, 0x0000, 0x0000, 0x0000, 0x0000,
  0x0000, 0x0000, 0x0000, 0x0000, 0x0000, 0x0000, 0x0000, 0x0000, 0x0000, 0x0000, 0x0000, 0x0000, 0x0000, 0x0000, 0x0000, 0x0000,
  0x0000, 0x0000, 0x0000, 0x0000, 0x0000, 0x0000, 0x0000, 0x0000, 0x0000, 0x0000, 0x0000, 0x0000, 0x0000, 0x0000, 0x0000, 0x0000,
  0x0000, 0x0000, 0x0000, 0x0000, 0x0000, 0x0000, 0x0000, 0x0000, 0x0000, 0x0000, 0x0000, 0x0000, 0x0000, 0x0000, 0x0000, 0x0000,
  0x0000, 0x0000, 0x0000, 0x0000, 0x0000, 0x0000, 0x0000, 0x0000, 0x0000, 0x0000, 0x0000, 0x0000, 0x0000, 0x0000, 0x0000, 0x0000,
  0x0000, 0x0000, 0x0000, 0x0000, 0x0000, 0x0000, 0x0000, 0x0000, 0x0000, 0x0000, 0x0000, 0x0000, 0x0000, 0x0000, 0x0000, 0x0000,
  0x0000, 0x0000, 0x0000, 0x0000, 0x0000, 0x0000, 0x0000, 0x0000, 0x0000, 0x0000, 0x0000, 0x0000, 0x0000, 0x0000, 0x0000, 0x0000,
  0x0000, 0x0000, 0x0000, 0x0000, 0x0000, 0x0000, 0x0000, 0x0000, 0x0000, 0x0000, 0x0000, 0x0000, 0x0000, 0x0000, 0x0000, 0x0000,
  0x0000, 0x0000, 0x0000, 0x0000, 0x0000, 0x0000, 0x0000, 0x0000, 0x0000, 0x0000, 0x0000, 0x0000, 0x0000, 0x0000, 0x0000, 0x0000,
  0x0000, 0x0000, 0x0000, 0x0000, 0x0000, 0x0000, 0x0000, 0x0000, 0x0000, 0x0000, 0x0000, 0x0000, 0x0000, 0x0000, 0x0000, 0x0000,
  0x0000, 0x0000, 0x0000, 0x0000, 0x0000, 0x0000, 0x0000, 0x0000, 0x0000, 0x0000, 0x0000, 0x0000, 0x0000, 0x0000, 0x0000, 0x0000,
  0x0000, 0x0000, 0x0000, 0x0000, 0x0000, 0x0000, 0x0000, 0x0000, 0x0000, 0x0000, 0x0000, 0x0000, 0x0000, 0x0000, 0x0000, 0x0000,
  0x0000, 0x0000, 0x0000, 0x0000, 0x0000, 0x0000, 0x0000, 0x0000, 0x0000, 0x0000, 0x0000, 0x0000, 0x0000, 0x0000, 0x0000, 0x0000,
  0x0000, 0x0000, 0x0000, 0x0000, 0x0000, 0x0000, 0x0000, 0x0000, 0x0000, 0x0000, 0x0000, 0x0000, 0x0000, 0x0000, 0x0000, 0x0000,
  0x0000, 0x0000, 0x0000, 0x0000, 0x0000, 0x0000, 0x0000, 0x0000, 0x0000, 0x0000, 0x0000, 0x0000, 0x0000, 0x0000, 0x0000, 0x0000,
  0x0000, 0x0000, 0x0000, 0x0000, 0x0000, 0x0000, 0x0000, 0x0000, 0x0000, 0x0000, 0x0000, 0x0000, 0x0000, 0x0000, 0x0000, 0x0000,
  0x0000, 0x0000, 0x0000, 0x0000, 0x0000, 0x0000, 0x0000, 0x0000, 0x0000, 0x0000, 0x0000, 0x0000, 0x0000, 0x0000, 0x0000, 0x0000,
  0x0000, 0x0000, 0x0000, 0x0000, 0x0000, 0x0000, 0x0000, 0x0000, 0x0000, 0x0000, 0x0000, 0x0000, 0x0000, 0x0000, 0x0000, 0x0000,
  0x0000, 0x0000, 0x0000, 0x0000, 0x0000, 0x0000, 0x0000, 0x0000, 0x0000, 0x0000, 0x0000, 0x0000, 0x0000, 0x0000, 0x0000, 0x0000,
  0x0000, 0x0000, 0x0000, 0x0000, 0x0000, 0x0000, 0x0000, 0x0000, 0x0000, 0x0000, 0x0000, 0x0000, 0x0000, 0x0000, 0x0000, 0x0000,
  0x0000, 0x0000, 0x0000, 0x0000, 0x0000, 0x0000, 0x0000, 0x0000, 0x0000, 0x0000, 0x0000, 0x0000, 0x0000, 0x0000, 0x0000, 0x0000,
  0x0000, 0x0000, 0x0000, 0x0000, 0x0000, 0x0000, 0x0000, 0x0000, 0x0000, 0x0000, 0x0000, 0x0000, 0x0000, 0x0000, 0x0000, 0x0000,
  0x0000, 0x0000, 0x0000, 0x0000, 0x0000, 0x0000, 0x0000, 0x0000, 0x0000, 0x0000, 0x0000, 0x0000, 0x0000, 0x0000, 0x0000, 0x0000,
  0x0000, 0x0000, 0x0000, 0x0000, 0x0000, 0x0000, 0x0000, 0x0000, 0x0000, 0x0000, 0x0000, 0x0000, 0x0000, 0x0000, 0x0000, 0x0000,
  0x0000, 0x0000, 0x0000, 0x0000, 0x0000, 0x0000, 0x0000, 0x0000, 0x0000, 0x0000, 0x0000, 0x0000, 0x0000, 0x0000, 0x0000, 0x0000,
  0x0000, 0x0000, 0x0000, 0x0000, 0x0000, 0x0000, 0x0000, 0x0000, 0x0000, 0x0000, 0x0000, 0x0000, 0x0000, 0x0000, 0x0000, 0x0000,
  0x0000, 0x0000, 0x0000, 0x0000, 0x0000, 0x0000, 0x0000, 0x0000, 0x0000, 0x0000, 0x0000, 0x0000, 0x0000, 0x0000, 0x0000, 0x0000,
  0x0000, 0x0000, 0x0000, 0x0000, 0x0000, 0x0000, 0x0000, 0x0000, 0x0000, 0x0000, 0x0000, 0x0000, 0x0000, 0x0000, 0x0000, 0x0000,
  0x0000, 0x0000, 0x0000, 0x0000, 0x0000, 0x0000, 0x0000, 0x0000, 0x0000, 0x0000, 0x0000, 0x0000, 0x0000, 0x0000, 0x0000, 0x0000,
  0x0000, 0x0000, 0x0000, 0x0000, 0x0000, 0x0000, 0x0000, 0x0000, 0x0000, 0x0000, 0x0000, 0x0000, 0x0000, 0x0000, 0x0000, 0x0000,
  0x0000, 0x0000, 0x0000, 0x0000, 0x0000, 0x0000, 0x0000, 0x0000, 0x0000, 0x0000, 0x0000, 0x0000, 0x0000, 0x0000, 0x0000, 0x0000,
  0x0000, 0x0000, 0x0000, 0x0000, 0x0000, 0x0000, 0x0000, 0x0000, 0x0000, 0x0000, 0x0000, 0x0000, 0x0000, 0x0000, 0x0000, 0x0000,
  0x0000, 0x0000, 0x0000, 0x0000, 0x0000, 0x0000, 0x0000, 0x0000, 0x0000, 0x0000, 0x0000, 0x0000, 0x0000, 0x0000, 0x0000, 0x0000,
  0x0000, 0x0000, 0x0000, 0x0000, 0x0000, 0x0000, 0x0000, 0x0000, 0x0000, 0x0000, 0x0000, 0x0000, 0x0000, 0x0000, 0x0000, 0x0000,
  0x0000, 0x0000, 0x0000, 0x0000, 0x0000, 0x0000, 0x0000, 0x0000, 0x0000, 0x0000, 0x0000, 0x0000, 0x0000, 0x0000, 0x0000, 0x0000,
  0x0000, 0x0000, 0x0000, 0x0000, 0x0000, 0x0000, 0x0000, 0x0000, 0x0000, 0x0000, 0x0000, 0x0000, 0x0000, 0x0000, 0x0000, 0x0000,
  0x0000, 0x0000, 0x0000, 0x0000, 0x0000, 0x0000, 0x0000, 0x0000, 0x0000, 0x0000, 0x0000, 0x0000, 0x0000, 0x0000, 0x0000, 0x0000,
  0x0000, 0x0000, 0x0000, 0x0000, 0x0000, 0x0000, 0x0000, 0x0000, 0x0000, 0x0000, 0x0000, 0x0000, 0x0000, 0x0000, 0x0000, 0x0000,
  0x0000, 0x0000, 0x0000, 0x0000, 0x0000, 0x0000, 0x0000, 0x0000, 0x0000, 0x0000, 0x0000, 0x0000, 0x0000, 0x0000, 0x0000, 0x0000,
  0x0000, 0x0000, 0x0000, 0x0000, 0x0000, 0x0000, 0x0000, 0x0000, 0x0000, 0x0000, 0x0000, 0x0000, 0x0000, 0x0000, 0x0000, 0x0000,
  0x0000, 0x0000, 0x0000, 0x0000, 0x0000, 0x0000, 0x0000, 0x0000, 0x0000, 0x0000, 0x0000, 0x0000, 0x0000, 0x0000, 0x0000, 0x0000,
  0x0000, 0x0000, 0x0000, 0x0000, 0x0000, 0x0000, 0x0000, 0x0000, 0x0000, 0x0000, 0x0000, 0x0000, 0x0000, 0x0000, 0x0000, 0x0000,
  0x0000, 0x0000, 0x0000, 0x0000, 0x0000, 0x0000, 0x0000, 0x0000, 0x0000, 0x0000, 0x0000, 0x0000, 0x0000, 0x0000, 0x0000, 0x0000,
  0x0000, 0x0000, 0x0000, 0x0000, 0x0000, 0x0000, 0x0000, 0x0000, 0x0000, 0x0000, 0x0000, 0x0000, 0x0000, 0x0000, 0x0000, 0x0000,
  0x0000, 0x0000, 0x0000, 0x0000, 0x0000, 0x0000, 0x0000, 0x0000, 0x0000, 0x0000, 0x0000, 0x0000, 0x0000, 0x0000, 0x0000, 0x0000,
  0x0000, 0x0000, 0x0000, 0x0000, 0x0000, 0x0000, 0x0000, 0x0000, 0x0000, 0x0000, 0x0000, 0x0000, 0x0000, 0x0000, 0x0000, 0x0000,
  0x0000, 0x0000, 0x0000, 0x0000, 0x0000, 0x0000, 0x0000, 0x0000, 0x0000, 0x0000, 0x0000, 0x0000, 0x0000, 0x0000, 0x0000, 0x0000,
  0x0000, 0x0000, 0x0000, 0x0000, 0x0000, 0x0000, 0x0000, 0x0000, 0x0000, 0x0000, 0x0000, 0x0000, 0x0000, 0x0000, 0x0000, 0x0000,
  0x0000, 0x0000, 0x0000, 0x0000, 0x0000, 0x0000, 0x0000, 0x0000, 0x0000, 0x0000, 0x0000, 0x0000, 0x0000, 0x0000, 0x0000, 0x0000,
  0x0000, 0x0000, 0x0000, 0x0000, 0x0000, 0x0000, 0x0000, 0x0000, 0x0000, 0x0000, 0x0000, 0x0000, 0x0000, 0x0000, 0x0000, 0x0000,
  0x0000, 0x0000, 0x0000, 0x0000, 0x0000, 0x0000, 0x0000, 0x0000, 0x0000, 0x0000, 0x0000, 0x0000, 0x0000, 0x0000, 0x0000, 0x0000,
  0x0000, 0x0000, 0x0000, 0x0000, 0x0000, 0x0000, 0x0000, 0x0000, 0x0000, 0x0000, 0x0000, 0x0000, 0x0000, 0x0000, 0x0000, 0x0000,
  0x0000, 0x0000, 0x0000, 0x0000, 0x0000, 0x0000, 0x0000, 0x0000, 0x0000, 0x0000, 0x0000, 0x0000, 0x0000, 0x0000, 0x0000, 0x0000,
  0x0000, 0x0000, 0x0000, 0x0000, 0x0000, 0x0000, 0x0000, 0x0000, 0x0000, 0x0000, 0x0000, 0x0000, 0x0000, 0x0000, 0x0000, 0x0000,
  0x0000, 0x0000, 0x0000, 0x0000, 0x0000, 0x0000, 0x0000, 0x0000, 0x0000, 0x0000, 0x0000, 0x0000, 0x0000, 0x0000, 0x0000, 0x0000,
  0x0000, 0x0000, 0x0000, 0x0000, 0x0000, 0x0000, 0x0000, 0x0000, 0x0000, 0x0000, 0x0000, 0x0000, 0x0000, 0x0000, 0x0000, 0x0000,
  0x0000, 0x0000, 0x0000, 0x0000, 0x0000, 0x0000, 0x0000, 0x0000, 0x0000, 0x0000, 0x0000, 0x0000, 0x0000, 0x0000, 0x0000, 0x0000,
  0x0000, 0x0000, 0x0000, 0x0000, 0x0000, 0x0000, 0x0000, 0x0000, 0x0000, 0x0000, 0x0000, 0x0000, 0x0000, 0x0000, 0x0000, 0x0000,
  0x0000, 0x0000, 0x0000, 0x0000, 0x0000, 0x0000, 0x0000, 0x0000, 0x0000, 0x0000, 0x0000, 0x0000, 0x0000, 0x0000, 0x0000, 0x0000,
  0x0000, 0x0000, 0x0000, 0x0000, 0x0000, 0x0000, 0x0000, 0x0000, 0x0000, 0x0000, 0x0000, 0x0000, 0x0000, 0x0000, 0x0000, 0x0000,
  0x0000, 0x0000, 0x0000, 0x0000, 0x0000, 0x0000, 0x0000, 0x0000, 0x0000, 0x0000, 0x0000, 0x0000, 0x0000, 0x0000, 0x0000, 0x0000,
  0x0000, 0x0000, 0x0000, 0x0000, 0x0000, 0x0000, 0x0000, 0x0000, 0x0000, 0x0000, 0x0000, 0x0000, 0x0000, 0x0000, 0x0000, 0x0000,
  0x0000, 0x0000, 0x0000, 0x0000, 0x0000, 0x0000, 0x0000, 0x0000, 0x0000, 0x0000, 0x0000, 0x0000, 0x0000, 0x0000, 0x0000, 0x0000,
  0x0000, 0x0000, 0x0000, 0x0000, 0x0000, 0x0000, 0x0000, 0x0000, 0x0000, 0x0000, 0x0000, 0x0000, 0x0000, 0x0000, 0x0000, 0x0000,
  0x0000, 0x0000, 0x0000, 0x0000, 0x0000, 0x0000, 0x0000, 0x0000, 0x0000, 0x0000, 0x0000, 0x0000, 0x0000, 0x0000, 0x0000, 0x0000,
  0x0000, 0x0000, 0x0000, 0x0000, 0x0000, 0x0000, 0x0000, 0x0000, 0x0000, 0x0000, 0x0000, 0x0000, 0x0000, 0x0000, 0x0000, 0x0000,
  0x0000, 0x0000, 0x0000, 0x0000, 0x0000, 0x0000, 0x0000, 0x0000, 0x0000, 0x0000, 0x0000, 0x0000, 0x0000, 0x0000, 0x0000, 0x0000,
  0x0000, 0x0000, 0x0000, 0x0000, 0x0000, 0x0000, 0x0000, 0x0000, 0x0000, 0x0000, 0x0000, 0x0000, 0x0000, 0x0000, 0x0000, 0x0000,
  0x0000, 0x0000, 0x0000, 0x0000, 0x0000, 0x0000, 0x0000, 0x0000, 0x0000, 0x0000, 0x0000, 0x0000, 0x0000, 0x0000, 0x0000, 0x0000,
  0x0000, 0x0000, 0x0000, 0x0000, 0x0000, 0x0000, 0x0000, 0x0000, 0x0000, 0x0000, 0x0000, 0x0000, 0x0000, 0x0000, 0x0000, 0x0000,
  0x0000, 0x0000, 0x0000, 0x0000, 0x0000, 0x0000, 0x0000, 0x0000, 0x0000, 0x0000, 0x0000, 0x0000, 0x0000, 0x0000, 0x0000, 0x0000,
  0x0000, 0x0000, 0x0000, 0x0000, 0x0000, 0x0000, 0x0000, 0x0000, 0x0000, 0x0000, 0x0000, 0x0000, 0x0000, 0x0000, 0x0000, 0x0000,
  0x0000, 0x0000, 0x0000, 0x0000, 0x0000, 0x0000, 0x0000, 0x0000, 0x0000, 0x0000, 0x0000, 0x0000, 0x0000, 0x0000, 0x0000, 0x0000,
  0x0000, 0x0000, 0x0000, 0x0000, 0x0000, 0x0000, 0x0000, 0x0000, 0x0000, 0x0000, 0x0000, 0x0000, 0x0000, 0x0000, 0x0000, 0x0000,
  0x0000, 0x0000, 0x0000, 0x0000, 0x0000, 0x0000, 0x0000, 0x0000, 0x0000, 0x0000, 0x0000, 0x0000, 0x0000, 0x0000, 0x0000, 0x0000,
  0x0000, 0x0000, 0x0000, 0x0000, 0x0000, 0x0000, 0x0000, 0x0000, 0x0000, 0x0000, 0x0000, 0x0000, 0x0000, 0x0000, 0x0000, 0x0000,
  0x0000, 0x0000, 0x0000, 0x0000, 0x0000, 0x0000, 0x0000, 0x0000, 0x0000, 0x0000, 0x0000, 0x0000, 0x0000, 0x0000, 0x0000, 0x0000,
  0x0000, 0x0000, 0x0000, 0x0000, 0x0000, 0x0000, 0x0000, 0x0000, 0x0000, 0x0000, 0x0000, 0x0000, 0x0000, 0x0000, 0x0000, 0x0000,
  0x0000, 0x0000, 0x0000, 0x0000, 0x0000, 0x0000, 0x0000, 0x0000, 0x0000, 0x0000, 0x0000, 0x0000, 0x0000, 0x0000, 0x0000, 0x0000,
  0x0000, 0x0000, 0x0000, 0x0000, 0x0000, 0x0000, 0x0000, 0x0000, 0x0000, 0x0000, 0x0000, 0x0000, 0x0000, 0x0000, 0x0000, 0x0000,
  0x0000, 0x0000, 0x0000, 0x0000, 0x0000, 0x0000, 0x0000, 0x0000, 0x0000, 0x0000, 0x0000, 0x0000, 0x0000, 0x0000, 0x0000, 0x0000,
  0x0000, 0x0000, 0x0000, 0x0000, 0x0000, 0x0000, 0x0000, 0x0000, 0x0000, 0x0000, 0x0000, 0x0000, 0x0000, 0x0000, 0x0000, 0x0000,
  0x0000, 0x0000, 0x0000, 0x0000, 0x0000, 0x0000, 0x0000, 0x0000, 0x0000, 0x0000, 0x0000, 0x0000, 0x0000, 0x0000, 0x0000, 0x0000,
  0x0000, 0x0000, 0x0000, 0x0000, 0x0000, 0x0000, 0x0000, 0x0000, 0x0000, 0x0000, 0x0000, 0x0000, 0x0000, 0x0000, 0x0000, 0x0000,
  0x0000, 0x0000, 0x0000, 0x0000, 0x0000, 0x0000, 0x0000, 0x0000, 0x0000, 0x0000, 0x0000, 0x0000, 0x0000, 0x0000, 0x0000, 0x0000,
  0x0000, 0x0000, 0x0000, 0x0000, 0x0000, 0x0000, 0x0000, 0x0000, 0x0000, 0x0000, 0x0000, 0x0000, 0x0000, 0x0000, 0x0000, 0x0000,
  0x0000, 0x0000, 0x0000, 0x0000, 0x0000, 0x0000, 0x0000, 0x0000, 0x0000, 0x0000, 0x0000, 0x0000, 0x0000, 0x0000, 0x0000, 0x0000,
  0x0000, 0x0000, 0x0000, 0x0000, 0x0000, 0x0000, 0x0000, 0x0000, 0x0000, 0x0000, 0x0000, 0x0000, 0x0000, 0x0000, 0x0000, 0x0000,
  0x0000, 0x0000, 0x0000, 0x0000, 0x0000, 0x0000, 0x0000, 0x0000, 0x0000, 0x0000, 0x0000, 0x0000, 0x0000, 0x0000, 0x0000, 0x0000,
  0x0000, 0x0000, 0x0000, 0x0000, 0x0000, 0x0000, 0x0000, 0x0000, 0x0000, 0x0000, 0x0000, 0x0000, 0x0000, 0x0000, 0x0000, 0x0000,
  0x0000, 0x0000, 0x0000, 0x0000, 0x0000, 0x0000, 0x0000, 0x0000, 0x0000, 0x0000, 0x0000, 0x0000, 0x0000, 0x0000, 0x0000, 0x0000,
  0x0000, 0x0000, 0x0000, 0x0000, 0x0000, 0x0000, 0x0000, 0x0000, 0x0000, 0x0000, 0x0000, 0x0000, 0x0000, 0x0000, 0x0000, 0x0000,
  0x0000, 0x0000, 0x0000, 0x0000, 0x0000, 0x0000, 0x0000, 0x0000, 0x0000, 0x0000, 0x0000, 0x0000, 0x0000, 0x0000, 0x0000, 0x0000,
  0x0000, 0x0000, 0x0000, 0x0000, 0x0000, 0x0000, 0x0000, 0x0000, 0x0000, 0x0000, 0x0000, 0x0000, 0x0000, 0x0000, 0x0000, 0x0000,
  0x0000, 0x0000, 0x0000, 0x0000, 0x0000, 0x0000, 0x0000, 0x0000, 0x0000, 0x0000, 0x0000, 0x0000, 0x0000, 0x0000, 0x0000, 0x0000,
  0x0000, 0x0000, 0x0000, 0x0000, 0x0000, 0x0000, 0x0000, 0x0000, 0x0000, 0x0000, 0x0000, 0x0000, 0x0000, 0x0000, 0x0000, 0x0000,
  0x0000, 0x0000, 0x0000, 0x0000, 0x0000, 0x0000, 0x0000, 0x0000, 0x0000, 0x0000, 0x0000, 0x0000, 0x0000, 0x0000, 0x0000, 0x0000,
  0x0000, 0x0000, 0x0000, 0x0000, 0x0000, 0x0000, 0x0000, 0x0000, 0x0000, 0x0000, 0x0000, 0x0000, 0x0000, 0x0000, 0x0000, 0x0000,
  0x0000, 0x0000, 0x0000, 0x0000, 0x0000, 0x0000, 0x0000, 0x0000, 0x0000, 0x0000, 0x0000, 0x0000, 0x0000, 0x0000, 0x0000, 0x0000,
  0x0000, 0x0000, 0x0000, 0x0000, 0x0000, 0x0000, 0x0000, 0x0000, 0x0000, 0x0000, 0x0000, 0x0000, 0x0000, 0x0000, 0x0000, 0x0000,
  0x0000, 0x0000, 0x0000, 0x0000, 0x0000, 0x0000, 0x0000, 0x0000, 0x0000, 0x0000, 0x0000, 0x0000, 0x0000, 0x0000, 0x0000, 0x0000,
  0x0000, 0x0000, 0x0000, 0x0000, 0x0000, 0x0000, 0x0000, 0x0000, 0x0000, 0x0000, 0x0000, 0x0000, 0x0000, 0x0000, 0x0000, 0x0000,
  0x0000, 0x0000, 0x0000, 0x0000, 0x0000, 0x0000, 0x0000, 0x0000, 0x0000, 0x0000, 0x0000, 0x0000, 0x0000, 0x0000, 0x0000, 0x0000,
  0x0000, 0x0000, 0x0000, 0x0000, 0x0000, 0x0000, 0x0000, 0x0000, 0x0000, 0x0000, 0x0000, 0x0000, 0x0000, 0x0000, 0x0000, 0x0000,
  0x0000, 0x0000, 0x0000, 0x0000, 0x0000, 0x0000, 0x0000, 0x0000, 0x0000, 0x0000, 0x0000, 0x0000, 0x0000, 0x0000, 0x0000, 0x0000,
  0x0000, 0x0000, 0x0000, 0x0000, 0x0000, 0x0000, 0x0000, 0x0000, 0x0000, 0x0000, 0x0000, 0x0000, 0x0000, 0x0000, 0x0000, 0x0000,
  0x0000, 0x0000, 0x0000, 0x0000, 0x0000, 0x0000, 0x0000, 0x0000, 0x0000, 0x0000, 0x0000, 0x0000, 0x0000, 0x0000, 0x0000, 0x0000,
  0x0000, 0x0000, 0x0000, 0x0000, 0x0000, 0x0000, 0x0000, 0x0000, 0x0000, 0x0000, 0x0000, 0x0000, 0x0000, 0x0000, 0x0000, 0x0000,
  0x0000, 0x0000, 0x0000, 0x0000, 0x0000, 0x0000, 0x0000, 0x0000, 0x0000, 0x0000, 0x0000, 0x0000, 0x0000, 0x0000, 0x0000, 0x0000,
  0x0000, 0x0000, 0x0000, 0x0000, 0x0000, 0x0000, 0x0000, 0x0000, 0x0000, 0x0000, 0x0000, 0x0000, 0x0000, 0x0000, 0x0000, 0x0000,
  0x0000, 0x0000, 0x0000, 0x0000, 0x0000, 0x0000, 0x0000, 0x0000, 0x0000, 0x0000, 0x0000, 0x0000, 0x0000, 0x0000, 0x0000, 0x0000,
  0x0000, 0x0000, 0x0000, 0x0000, 0x0000, 0x0000, 0x0000, 0x0000, 0x0000, 0x0000, 0x0000, 0x0000, 0x0000, 0x0000, 0x0000, 0x0000,
  0x0000, 0x0000, 0x0000, 0x0000, 0x0000, 0x0000, 0x0000, 0x0000, 0x0000, 0x0000, 0x0000, 0x0000, 0x0000, 0x0000, 0x0000, 0x0000,
  0x0000, 0x0000, 0x0000, 0x0000, 0x0000, 0x0000, 0x0000, 0x0000, 0x0000, 0x0000, 0x0000, 0x0000, 0x0000, 0x0000, 0x0000, 0x0000,
  0x0000, 0x0000, 0x0000, 0x0000, 0x0000, 0x0000, 0x0000, 0x0000, 0x0000, 0x0000, 0x0000, 0x0000, 0x0000, 0x0000, 0x0000, 0x0000,
  0x0000, 0x0000, 0x0000, 0x0000, 0x0000, 0x0000, 0x0000, 0x0000, 0x0000, 0x0000, 0x0000, 0x0000, 0x0000, 0x0000, 0x0000, 0x0000,
  0x0000, 0x0000, 0x0000, 0x0000, 0x0000, 0x0000, 0x0000, 0x0000, 0x0000, 0x0000, 0x0000, 0x0000, 0x0000, 0x0000, 0x0000, 0x0000,
  0x0000, 0x0000, 0x0000, 0x0000, 0x0000, 0x0000, 0x0000, 0x0000, 0x0000, 0x0000, 0x0000, 0x0000, 0x0000, 0x0000, 0x0000, 0x0000,
  0x0000, 0x0000, 0x0000, 0x0000, 0x0000, 0x0000, 0x0000, 0x0000, 0x0000, 0x0000, 0x0000, 0x0000, 0x0000, 0x0000, 0x0000, 0x0000,
  0x0000, 0x0000, 0x0000, 0x0000, 0x0000, 0x0000, 0x0000, 0x0000, 0x0000, 0x0000, 0x0000, 0x0000, 0x0000, 0x0000, 0x0000, 0x0000,
  0x0000, 0x0000, 0x0000, 0x0000, 0x0000, 0x0000, 0x0000, 0x0000, 0x0000, 0x0000, 0x0000, 0x0000, 0x0000, 0x0000, 0x0000, 0x0000,
  0x0000, 0x0000, 0x0000, 0x0000, 0x0000, 0x0000, 0x0000, 0x0000, 0x0000, 0x0000, 0x0000, 0x0000, 0x0000, 0x0000, 0x0000, 0x0000,
  0x0000, 0x0000, 0x0000, 0x0000, 0x0000, 0x0000, 0x0000, 0x0000, 0x0000, 0x0000, 0x0000, 0x0000, 0x0000, 0x0000, 0x0000, 0x0000,
  0x0000, 0x0000, 0x0000, 0x0000, 0x0000, 0x0000, 0x0000, 0x0000, 0x0000, 0x0000, 0x0000, 0x0000, 0x0000, 0x0000, 0x0000, 0x0000,
  0x0000, 0x0000, 0x0000, 0x0000, 0x0000, 0x0000, 0x0000, 0x0000, 0x0000, 0x0000, 0x0000, 0x0000, 0x0000, 0x0000, 0x0000, 0x0000,
  0x0000, 0x0000, 0x0000, 0x0000, 0x0000, 0x0000, 0x0000, 0x0000, 0x0000, 0x0000, 0x0000, 0x0000, 0x0000, 0x0000, 0x0000, 0x0000,
  0x0000, 0x0000, 0x0000, 0x0000, 0x0000, 0x0000, 0x0000, 0x0000, 0x0000, 0x0000, 0x0000, 0x0000, 0x0000, 0x0000, 0x0000, 0x0000,
  0x0000, 0x0000, 0x0000, 0x0000, 0x0000, 0x0000, 0x0000, 0x0000, 0x0000, 0x0000, 0x0000, 0x0000, 0x0000, 0x0000, 0x0000, 0x0000,
  0x0000, 0x0000, 0x0000, 0x0000, 0x0000, 0x0000, 0x0000, 0x0000, 0x0000, 0x0000, 0x0000, 0x0000, 0x0000, 0x0000, 0x0000, 0x0000,
  0x0000, 0x0000, 0x0000, 0x0000, 0x0000, 0x0000, 0x0000, 0x0000, 0x0000, 0x0000, 0x0000, 0x0000, 0x0000, 0x0000, 0x0000, 0x0000,
  0x0000, 0x0000, 0x0000, 0x0000, 0x0000, 0x0000, 0x0000, 0x0000, 0x0000, 0x0000, 0x0000, 0x0000, 0x0000, 0x0000, 0x0000, 0x0000,
  0x0000, 0x0000, 0x0000, 0x0000, 0x0000, 0x0000, 0x0000, 0x0000, 0x0000, 0x0000, 0x0000, 0x0000, 0x0000, 0x0000, 0x0000, 0x0000,
  0x0000, 0x0000, 0x0000, 0x0000, 0x0000, 0x0000, 0x0000, 0x0000, 0x0000, 0x0000, 0x0000, 0x0000, 0x0000, 0x0000, 0x0000, 0x0000,
  0x0000, 0x0000, 0x0000, 0x0000, 0x0000, 0x0000, 0x0000, 0x0000, 0x0000, 0x0000, 0x0000, 0x0000, 0x0000, 0x0000, 0x0000, 0x0000,
  0x0000, 0x0000, 0x0000, 0x0000, 0x0000, 0x0000, 0x0000, 0x0000, 0x0000, 0x0000, 0x0000, 0x0000, 0x0000, 0x0000, 0x0000, 0x0000,
  0x0000, 0x0000, 0x0000, 0x0000, 0x0000, 0x0000, 0x0000, 0x0000, 0x0000, 0x0000, 0x0000, 0x0000, 0x0000, 0x0000, 0x0000, 0x0000,
  0x0000, 0x0000, 0x0000, 0x0000, 0x0000, 0x0000, 0x0000, 0x0000, 0x0000, 0x0000, 0x0000, 0x0000, 0x0000, 0x0000, 0x0000, 0x0000,
  0x0000, 0x0000, 0x0000, 0x0000, 0x0000, 0x0000, 0x0000, 0x0000, 0x0000, 0x0000, 0x0000, 0x0000, 0x0000, 0x0000, 0x0000, 0x0000,
  0x0000, 0x0000, 0x0000, 0x0000, 0x0000, 0x0000, 0x0000, 0x0000, 0x0000, 0x0000, 0x0000, 0x0000, 0x0000, 0x0000, 0x0000, 0x0000,
  0x0000, 0x0000, 0x0000, 0x0000, 0x0000, 0x0000, 0x0000, 0x0000, 0x0000, 0x0000, 0x0000, 0x0000, 0x0000, 0x0000, 0x0000, 0x0000,
  0x0000, 0x0000, 0x0000, 0x0000, 0x0000, 0x0000, 0x0000, 0x0000, 0x0000, 0x0000, 0x0000, 0x0000, 0x0000, 0x0000, 0x0000, 0x0000,
  0x0000, 0x0000, 0x0000, 0x0000, 0x0000, 0x0000, 0x0000, 0x0000, 0x0000, 0x0000, 0x0000, 0x0000, 0x0000, 0x0000, 0x0000, 0x0000,
  0x0000, 0x0000, 0x0000, 0x0000, 0x0000, 0x0000, 0x0000, 0x0000, 0x0000, 0x0000, 0x0000, 0x0000, 0x0000, 0x0000, 0x0000, 0x0000,
  0x0000, 0x0000, 0x0000, 0x0000, 0x0000, 0x0000, 0x0000, 0x0000, 0x0000, 0x0000, 0x0000, 0x0000, 0x0000, 0x0000, 0x0000, 0x0000,
  0x0000, 0x0000, 0x0000, 0x0000, 0x0000, 0x0000, 0x0000, 0x0000, 0x0000, 0x0000, 0x0000, 0x0000, 0x0000, 0x0000, 0x0000, 0x0000,
  0x0000, 0x0000, 0x0000, 0x0000, 0x0000, 0x0000, 0x0000, 0x0000, 0x0000, 0x0000, 0x0000, 0x0000, 0x0000, 0x0000, 0x0000, 0x0000,
  0x0000, 0x0000, 0x0000, 0x0000, 0x0000, 0x0000, 0x0000, 0x0000, 0x0000, 0x0000, 0x0000, 0x0000, 0x0000, 0x0000, 0x0000, 0x0000,
  0x0000, 0x0000, 0x0000, 0x0000, 0x0000, 0x0000, 0x0000, 0x0000, 0x0000, 0x0000, 0x0000, 0x0000, 0x0000, 0x0000, 0x0000, 0x0000,
  0x0000, 0x0000, 0x0000, 0x0000, 0x0000, 0x0000, 0x0000, 0x0000, 0x0000, 0x0000, 0x0000, 0x0000, 0x0000, 0x0000, 0x0000, 0x0000,
  0x0000, 0x0000, 0x0000, 0x0000, 0x0000, 0x0000, 0x0000, 0x0000, 0x0000, 0x0000, 0x0000, 0x0000, 0x0000, 0x0000, 0x0000, 0x0000,
  0x0000, 0x0000, 0x0000, 0x0000, 0x0000, 0x0000, 0x0000, 0x0000, 0x0000, 0x0000, 0x0000, 0x0000, 0x0000, 0x0000, 0x0000, 0x0000,
  0x0000, 0x0000, 0x0000, 0x0000, 0x0000, 0x0000, 0x0000, 0x0000, 0x0000, 0x0000, 0x0000, 0x0000, 0x0000, 0x0000, 0x0000, 0x0000,
  0x0000, 0x0000, 0x0000, 0x0000, 0x0000, 0x0000, 0x0000, 0x0000, 0x0000, 0x0000, 0x0000, 0x0000, 0x0000, 0x0000, 0x0000, 0x0000,
  0x0000, 0x0000, 0x0000, 0x0000, 0x0000, 0x0000, 0x0000, 0x0000, 0x0000, 0x0000, 0x0000, 0x0000, 0x0000, 0x0000, 0x0000, 0x0000,
  0x0000, 0x0000, 0x0000, 0x0000, 0x0000, 0x0000, 0x0000, 0x0000, 0x0000, 0x0000, 0x0000, 0x0000, 0x0000, 0x0000, 0x0000, 0x0000,
  0x0000, 0x0000, 0x0000, 0x0000, 0x0000, 0x0000, 0x0000, 0x0000, 0x0000, 0x0000, 0x0000, 0x0000, 0x0000, 0x0000, 0x0000, 0x0000,
  0x0000, 0x0000, 0x0000, 0x0000, 0x0000, 0x0000, 0x0000, 0x0000, 0x0000, 0x0000, 0x0000, 0x0000, 0x0000, 0x0000, 0x0000, 0x0000,
  0x0000, 0x0000, 0x0000, 0x0000, 0x0000, 0x0000, 0x0000, 0x0000, 0x0000, 0x0000, 0x0000, 0x0000, 0x0000, 0x0000, 0x0000, 0x0000,
  0x0000, 0x0000, 0x0000, 0x0000, 0x0000, 0x0000, 0x0000, 0x0000, 0x0000, 0x0000, 0x0000, 0x0000, 0x0000, 0x0000, 0x0000, 0x0000,
  0x0000, 0x0000, 0x0000, 0x0000, 0x0000, 0x0000, 0x0000, 0x0000, 0x0000, 0x0000, 0x0000, 0x0000, 0x0000, 0x0000, 0x0000, 0x0000,
  0x0000, 0x0000, 0x0000, 0x0000, 0x0000, 0x0000, 0x0000, 0x0000, 0x0000, 0x0000, 0x0000, 0x0000, 0x0000, 0x0000, 0x0000, 0x0000,
  0x0000, 0x0000, 0x0000, 0x0000, 0x0000, 0x0000, 0x0000, 0x0000, 0x0000, 0x0000, 0x0000, 0x0000, 0x0000, 0x0000, 0x0000, 0x0000,
  0x0000, 0x0000, 0x0000, 0x0000, 0x0000, 0x0000, 0x0000, 0x0000, 0x0000, 0x0000, 0x0000, 0x0000, 0x0000, 0x0000, 0x0000, 0x0000,
  0x0000, 0x0000, 0x0000, 0x0000, 0x0000, 0x0000, 0x0000, 0x0000, 0x0000, 0x0000, 0x0000, 0x0000, 0x0000, 0x0000, 0x0000, 0x0000,
  0x0000, 0x0000, 0x0000, 0x0000, 0x0000, 0x0000, 0x0000, 0x0000, 0x0000, 0x0000, 0x0000, 0x0000, 0x0000, 0x0000, 0x0000, 0x0000,
  0x0000, 0x0000, 0x0000, 0x0000, 0x0000, 0x0000, 0x0000, 0x0000, 0x0000, 0x0000, 0x0000, 0x0000, 0x0000, 0x0000, 0x0000, 0x0000,
  0x0000, 0x0000, 0x0000, 0x0000, 0x0000, 0x0000, 0x0000, 0x0000, 0x0000, 0x0000, 0x0000, 0x0000, 0x0000, 0x0000, 0x0000, 0x0000,
  0x0000, 0x0000, 0x0000, 0x0000, 0x0000, 0x0000, 0x0000, 0x0000, 0x0000, 0x0000, 0x0000, 0x0000, 0x0000, 0x0000, 0x0000, 0x0000,
  0x0000, 0x0000, 0x0000, 0x0000, 0x0000, 0x0000, 0x0000, 0x0000, 0x0000, 0x0000, 0x0000, 0x0000, 0x0000, 0x0000, 0x0000, 0x0000,
  0x0000, 0x0000, 0x0000, 0x0000, 0x0000, 0x0000, 0x0000, 0x0000, 0x0000, 0x0000, 0x0000, 0x0000, 0x0000, 0x0000, 0x0000, 0x0000,
  0x0000, 0x0000, 0x0000, 0x0000, 0x0000, 0x0000, 0x0000, 0x0000, 0x0000, 0x0000, 0x0000, 0x0000, 0x0000, 0x0000, 0x0000, 0x0000,
  0x0000, 0x0000, 0x0000, 0x0000, 0x0000, 0x0000, 0x0000, 0x0000, 0x0000, 0x0000, 0x0000, 0x0000, 0x0000, 0x0000, 0x0000, 0x0000,
  0x0000, 0x0000, 0x0000, 0x0000, 0x0000, 0x0000, 0x0000, 0x0000, 0x0000, 0x0000, 0x0000, 0x0000, 0x0000, 0x0000, 0x0000, 0x0000,
  0x0000, 0x0000, 0x0000, 0x0000, 0x0000, 0x0000, 0x0000, 0x0000, 0x0000, 0x0000, 0x0000, 0x0000, 0x0000, 0x0000, 0x0000, 0x0000,
  0x0000, 0x0000, 0x0000, 0x0000, 0x0000, 0x0000, 0x0000, 0x0000, 0x0000, 0x0000, 0x0000, 0x0000, 0x0000, 0x0000, 0x0000, 0x0000,
  0x0000, 0x0000, 0x0000, 0x0000, 0x0000, 0x0000, 0x0000, 0x0000, 0x0000, 0x0000, 0x0000, 0x0000, 0x0000, 0x0000, 0x0000, 0x0000,
  0x0000, 0x0000, 0x0000, 0x0000, 0x0000, 0x0000, 0x0000, 0x0000, 0x0000, 0x0000, 0x0000, 0x0000, 0x0000, 0x0000, 0x0000, 0x0000,
  0x0000, 0x0000, 0x0000, 0x0000, 0x0000, 0x0000, 0x0000, 0x0000, 0x0000, 0x0000, 0x0000, 0x0000, 0x0000, 0x0000, 0x0000, 0x0000,
  0x0000, 0x0000, 0x0000, 0x0000, 0x0000, 0x0000, 0x0000, 0x0000, 0x0000, 0x0000, 0x0000, 0x0000, 0x0000, 0x0000, 0x0000, 0x0000,
  0x0000, 0x0000, 0x0000, 0x0000, 0x0000, 0x0000, 0x0000, 0x0000, 0x0000, 0x0000, 0x0000, 0x0000, 0x0000, 0x0000, 0x0000, 0x0000,
  0x0000, 0x0000, 0x0000, 0x0000, 0x0000, 0x0000, 0x0000, 0x0000, 0x0000, 0x0000, 0x0000, 0x0000, 0x0000, 0x0000, 0x0000, 0x0000,
  0x0000, 0x0000, 0x0000, 0x0000, 0x0000, 0x0000, 0x0000, 0x0000, 0x0000, 0x0000, 0x0000, 0x0000, 0x0000, 0x0000, 0x0000, 0x0000,
  0x0000, 0x0000, 0x0000, 0x0000, 0x0000, 0x0000, 0x0000, 0x0000, 0x0000, 0x0000, 0x0000, 0x0000, 0x0000, 0x0000, 0x0000, 0x0000,
  0x0000, 0x0000, 0x0000, 0x0000, 0x0000, 0x0000, 0x0000, 0x0000, 0x0000, 0x0000, 0x0000, 0x0000, 0x0000, 0x0000, 0x0000, 0x0000,
  0x0000, 0x0000, 0x0000, 0x0000, 0x0000, 0x0000, 0x0000, 0x0000, 0x0000, 0x0000, 0x0000, 0x0000, 0x0000, 0x0000, 0x0000, 0x0000,
  0x0000, 0x0000, 0x0000, 0x0000, 0x0000, 0x0000, 0x0000, 0x0000, 0x0000, 0x0000, 0x0000, 0x0000, 0x0000, 0x0000, 0x0000, 0x0000,
  0x0000, 0x0000, 0x0000, 0x0000, 0x0000, 0x0000, 0x0000, 0x0000, 0x0000, 0x0000, 0x0000, 0x0000, 0x0000, 0x0000, 0x0000, 0x0000,
  0x0000, 0x0000, 0x0000, 0x0000, 0x0000, 0x0000, 0x0000, 0x0000, 0x0000, 0x0000, 0x0000, 0x0000, 0x0000, 0x0000, 0x0000, 0x0000,
  0x0000, 0x0000, 0x0000, 0x0000, 0x0000, 0x0000, 0x0000, 0x0000, 0x0000, 0x0000, 0x0000, 0x0000, 0x0000, 0x0000, 0x0000, 0x0000,
  0x0000, 0x0000, 0x0000, 0x0000, 0x0000, 0x0000, 0x0000, 0x0000, 0x0000, 0x0000, 0x0000, 0x0000, 0x0000, 0x0000, 0x0000, 0x0000,
  0x0000, 0x0000, 0x0000, 0x0000, 0x0000, 0x0000, 0x0000, 0x0000, 0x0000, 0x0000, 0x0000, 0x0000, 0x0000, 0x0000, 0x0000, 0x0000,
  0x0000, 0x0000, 0x0000, 0x0000, 0x0000, 0x0000, 0x0000, 0x0000, 0x0000, 0x0000, 0x0000, 0x0000, 0x0000, 0x0000, 0x0000, 0x0000,
  0x0000, 0x0000, 0x0000, 0x0000, 0x0000, 0x0000, 0x0000, 0x0000, 0x0000, 0x0000, 0x0000, 0x0000, 0x0000, 0x0000, 0x0000, 0x0000,
  0x0000, 0x0000, 0x0000, 0x0000, 0x0000, 0x0000, 0x0000, 0x0000, 0x0000, 0x0000, 0x0000, 0x0000, 0x0000, 0x0000, 0x0000, 0x0000,
  0x0000, 0x0000, 0x0000, 0x0000, 0x0000, 0x0000, 0x0000, 0x0000, 0x0000, 0x0000, 0x0000, 0x0000, 0x0000, 0x0000, 0x0000, 0x0000,
  0x0000, 0x0000, 0x0000, 0x0000, 0x0000, 0x0000, 0x0000, 0x0000, 0x0000, 0x0000, 0x0000, 0x0000, 0x0000, 0x0000, 0x0000, 0x0000,
  0x0000, 0x0000, 0x0000, 0x0000, 0x0000, 0x0000, 0x0000, 0x0000, 0x0000, 0x0000, 0x0000, 0x0000, 0x0000, 0x0000, 0x0000, 0x0000,
  0x0000, 0x0000, 0x0000, 0x0000, 0x0000, 0x0000, 0x0000, 0x0000, 0x0000, 0x0000, 0x0000, 0x0000, 0x0000, 0x0000, 0x0000, 0x0000,
  0x0000, 0x0000, 0x0000, 0x0000, 0x0000, 0x0000, 0x0000, 0x0000, 0x0000, 0x0000, 0x0000, 0x0000, 0x0000, 0x0000, 0x0000, 0x0000,
  0x0000, 0x0000, 0x0000, 0x0000, 0x0000, 0x0000, 0x0000, 0x0000, 0x0000, 0x0000, 0x0000, 0x0000, 0x0000, 0x0000, 0x0000, 0x0000,
  0x0000, 0x0000, 0x0000, 0x0000, 0x0000, 0x0000, 0x0000, 0x0000, 0x0000, 0x0000, 0x0000, 0x0000, 0x0000, 0x0000, 0x0000, 0x0000,
  0x0000, 0x0000, 0x0000, 0x0000, 0x0000, 0x0000, 0x0000, 0x0000, 0x0000, 0x0000, 0x0000, 0x0000, 0x0000, 0x0000, 0x0000, 0x0000,
  0x0000, 0x0000, 0x0000, 0x0000, 0x0000, 0x0000, 0x0000, 0x0000, 0x0000, 0x0000, 0x0000, 0x0000, 0x0000, 0x0000, 0x0000, 0x0000,
  0x0000, 0x0000, 0x0000, 0x0000, 0x0000, 0x0000, 0x0000, 0x0000, 0x0000, 0x0000, 0x0000, 0x0000, 0x0000, 0x0000, 0x0000, 0x0000,
  0x0000, 0x0000, 0x0000, 0x0000, 0x0000, 0x0000, 0x0000, 0x0000, 0x0000, 0x0000, 0x0000, 0x0000, 0x0000, 0x0000, 0x0000, 0x0000,
  0x0000, 0x0000, 0x0000, 0x0000, 0x0000, 0x0000, 0x0000, 0x0000, 0x0000, 0x0000, 0x0000, 0x0000, 0x0000, 0x0000, 0x0000, 0x0000,
  0x0000, 0x0000, 0x0000, 0x0000, 0x0000, 0x0000, 0x0000, 0x0000, 0x0000, 0x0000, 0x0000, 0x0000, 0x0000, 0x0000, 0x0000, 0x0000,
  0x0000, 0x0000, 0x0020, 0x0000, 0x0000, 0x0000, 0x0000, 0x0000, 0x0020, 0x0000, 0x0000, 0x0000, 0x0000, 0x0000, 0x0000, 0x0000,
  0x0000, 0x0000, 0x0000, 0x0000, 0x0000, 0x0000, 0x0000, 0x0000, 0x0000, 0x0000, 0x0000, 0x0000, 0x0000, 0x0000, 0x0000, 0x0000,
  0x0000, 0x0000, 0x0000, 0x0000, 0x0000, 0x0000, 0x0000, 0x0000, 0x0000, 0x0000, 0x0000, 0x0000, 0x0000, 0x0000, 0x0000, 0x0000,
  0x0000, 0x0000, 0x0000, 0x0000, 0x0000, 0x0000, 0x0000, 0x0000, 0x0000, 0x0000, 0x0000, 0x0000, 0x0000, 0x0000, 0x0000, 0x0000,
  0x0000, 0x0000, 0x0000, 0x0000, 0x0000, 0x0000, 0x0000, 0x0000, 0x0000, 0x0000, 0x0000, 0x0000, 0x0000, 0x0000, 0x0000, 0x0000,
  0x0000, 0x0000, 0x0000, 0x0000, 0x0000, 0x0000, 0x0000, 0x0000, 0x0000, 0x0000, 0x0000, 0x0000, 0x0000, 0x0000, 0x0000, 0x0000,
  0x0000, 0x0000, 0x0000, 0x0000, 0x0000, 0x0000, 0x0000, 0x0000, 0x0000, 0x0000, 0x0000, 0x0000, 0x0000, 0x0000, 0x0000, 0x0000,
  0x0000, 0x0000, 0x0000, 0x0000, 0x0000, 0x0000, 0x0000, 0x0000, 0x0000, 0x0000, 0x0000, 0x0000, 0x0000, 0x0000, 0x0000, 0x0000,
  0x0000, 0x0000, 0x0000, 0x0000, 0x0000, 0x0000, 0x0000, 0x0000, 0x0000, 0x0000, 0x0000, 0x0000, 0x0000, 0x0000, 0x0000, 0x0000,
  0x0000, 0x0000, 0x0000, 0x0000, 0x0000, 0x0000, 0x0000, 0x0000, 0x0000, 0x0000, 0x0000, 0x0000, 0x0000, 0x0000, 0x0000, 0x0000,
  0x0000, 0x0000, 0x0000, 0x0000, 0x0000, 0x0000, 0x0000, 0x0000, 0x0000, 0x0000, 0x0000, 0x0000, 0x0000, 0x0000, 0x0000, 0x0000,
  0x0000, 0x0000, 0x0000, 0x0000, 0x0000, 0x0000, 0x0000, 0x0000, 0x0000, 0x0000, 0x0000, 0x0000, 0x0000, 0x0000, 0x0000, 0x0000,
  0x0000, 0x0000, 0x0000, 0x0000, 0x0000, 0x0000, 0x0000, 0x0000, 0x0000, 0x0000, 0x0000, 0x0000, 0x0000, 0x0000, 0x0000, 0x0000,
  0x0000, 0x0000, 0x0000, 0x0000, 0x0000, 0x0000, 0x0000, 0x0000, 0x0000, 0x0000, 0x0000, 0x0000, 0x0000, 0x0000, 0x0000, 0x0000,
  0x0000, 0x0000, 0x0000, 0x0000, 0x0000, 0x0000, 0x0000, 0x0000, 0x0000, 0x0000, 0x0000, 0x0000, 0x0000, 0x0000, 0x0000, 0x0000,
  0x0000, 0x0000, 0x0000, 0x0000, 0x0000, 0x0000, 0x0000, 0x0000, 0x0000, 0x0000, 0x0000, 0x0000, 0x0000, 0x0000, 0x0000, 0x0000,
  0x0000, 0x0000, 0x0000, 0x0000, 0x0000, 0x0000, 0x0000, 0x0000, 0x0000, 0x0000, 0x0000, 0x0000, 0x0000, 0x0000, 0x0000, 0x0000,
  0x0000, 0x0000, 0x0000, 0x0000, 0x0000, 0x0000, 0x0000, 0x0000, 0x0000, 0x0000, 0x0000, 0x0000, 0x0000, 0x0000, 0x0000, 0x0000,
  0x0000, 0x0000, 0x0000, 0x0000, 0x0000, 0x0000, 0x0000, 0x0000, 0x0000, 0x0000, 0x0000, 0x0000, 0x0000, 0x0000, 0x0000, 0x0000,
  0x0000, 0x0000, 0x0000, 0x0000, 0x0000, 0x0000, 0x0000, 0x0000, 0x0000, 0x0000, 0x0000, 0x0000, 0x0000, 0x0000, 0x0000, 0x0000,
  0x0000, 0x0000, 0x0000, 0x0000, 0x0000, 0x0000, 0x0000, 0x0000, 0x0000, 0x0000, 0x0000, 0x0000, 0x0000, 0x0000, 0x0000, 0x0000,
  0x0000, 0x0000, 0x0000, 0x0000, 0x0000, 0x0000, 0x0000, 0x0000, 0x0000, 0x0000, 0x0000, 0x0000, 0x0000, 0x0000, 0x0000, 0x0000,
  0x0000, 0x0000, 0x0000, 0x0000, 0x0000, 0x0000, 0x0000, 0x0000, 0x0000, 0x0000, 0x0000, 0x0000, 0x0000, 0x0000, 0x0000, 0x0000,
  0x0000, 0x0000, 0x0000, 0x0000, 0x0000, 0x0000, 0x0000, 0x0000, 0x0000, 0x0000, 0x0000, 0x0000, 0x0000, 0x0000, 0x0000, 0x0000,
  0x0000, 0x0000, 0x0000, 0x0000, 0x0000, 0x0000, 0x0000, 0x0000, 0x0000, 0x0000, 0x0000, 0x0000, 0x0000, 0x0000, 0x0000, 0x0000,
  0x0000, 0x0000, 0x0000, 0x0000, 0x0000, 0x0000, 0x0000, 0x0000, 0x0000, 0x0000, 0x0000, 0x0000, 0x0000, 0x0000, 0x0000, 0x0000,
  0x0000, 0x0000, 0x0000, 0x0000, 0x0000, 0x0000, 0x0000, 0x0000, 0x0000, 0x0000, 0x0000, 0x0000, 0x0000, 0x0000, 0x0000, 0x0000,
  0x0000, 0x0000, 0x0000, 0x0000, 0x0000, 0x0000, 0x0000, 0x0000, 0x0000, 0x0000, 0x0000, 0x0000, 0x0000, 0x0000, 0x0000, 0x0000,
  0x0000, 0x0000, 0x0000, 0x0000, 0x0000, 0x0000, 0x0000, 0x0000, 0x0000, 0x0000, 0x0000, 0x0000, 0x0000, 0x0000, 0x0000, 0x0000,
  0x0000, 0x0000, 0x0000, 0x0000, 0x0000, 0x0000, 0x0000, 0x0000, 0x0000, 0x0000, 0x0000, 0x0000, 0x0000, 0x0000, 0x0000, 0x0000,
  0x0000, 0x0000, 0x630B, 0xB5B3, 0xD694, 0xD672, 0xD672, 0xBDB2, 0x842F, 0x0841, 0x0000, 0x0000, 0x0000, 0x0000, 0x0000, 0x0000,
  0x0000, 0x0000, 0x0000, 0x0000, 0x0000, 0x0000, 0x0000, 0x0000, 0x0000, 0x0000, 0x0000, 0x0000, 0x0000, 0x0000, 0x0000, 0x0000,
  0x0000, 0x0000, 0x0000, 0x0000, 0x0000, 0x0000, 0x0000, 0x0000, 0x0000, 0x0000, 0x0000, 0x0000, 0x0000, 0x0000, 0x0000, 0x0000,
  0x0000, 0x0000, 0x0000, 0x0000, 0x0000, 0x0000, 0x0000, 0x0000, 0x0000, 0x0000, 0x0000, 0x0000, 0x0000, 0x0000, 0x0000, 0x0000,
  0x0000, 0x0000, 0x0000, 0x0000, 0x0000, 0x0000, 0x0000, 0x0000, 0x0000, 0x0000, 0x0000, 0x0000, 0x0000, 0x0000, 0x0000, 0x0000,
  0x0000, 0x0000, 0x0000, 0x0000, 0x0000, 0x0000, 0x0000, 0x0000, 0x0000, 0x0000, 0x0000, 0x0000, 0x0000, 0x0000, 0x0000, 0x0000,
  0x0000, 0x0000, 0x0000, 0x0000, 0x0000, 0x0000, 0x0000, 0x0000, 0x0000, 0x0000, 0x0000, 0x0000, 0x0000, 0x0000, 0x0000, 0x0000,
  0x0000, 0x0000, 0x0000, 0x0000, 0x0000, 0x0000, 0x0000, 0x0000, 0x0000, 0x0000, 0x0000, 0x0000, 0x0000, 0x0000, 0x0000, 0x0000,
  0x0000, 0x0000, 0x0000, 0x0000, 0x0000, 0x0000, 0x0000, 0x0000, 0x0000, 0x0000, 0x0000, 0x0000, 0x0000, 0x0000, 0x0000, 0x0000,
  0x0000, 0x0000, 0x0000, 0x0000, 0x0000, 0x0000, 0x0000, 0x0000, 0x0000, 0x0000, 0x0000, 0x0000, 0x0000, 0x0000, 0x0000, 0x0000,
  0x0000, 0x0000, 0x0000, 0x0000, 0x0000, 0x0000, 0x0000, 0x0000, 0x0000, 0x0000, 0x0000, 0x0000, 0x0000, 0x0000, 0x0000, 0x0000,
  0x0000, 0x0000, 0x0000, 0x0000, 0x0000, 0x0000, 0x0000, 0x0000, 0x0000, 0x0000, 0x0000, 0x0000, 0x0000, 0x0000, 0x0000, 0x0000,
  0x0000, 0x0000, 0x0000, 0x0000, 0x0000, 0x0000, 0x0000, 0x0000, 0x0000, 0x0000, 0x0000, 0x0000, 0x0000, 0x0000, 0x0000, 0x0000,
  0x0000, 0x0000, 0x0000, 0x0000, 0x0000, 0x0000, 0x0000, 0x0000, 0x0000, 0x0000, 0x0000, 0x0000, 0x0000, 0x0000, 0x0000, 0x0000,
  0x0000, 0x0000, 0x0000, 0x0000, 0x0000, 0x0000, 0x0000, 0x0000, 0x0000, 0x0000, 0x0000, 0x0000, 0x0000, 0x0000, 0x0000, 0x0000,
  0x18C2, 0xA533, 0xFFF7, 0xFF2C, 0xFEA7, 0xFEA6, 0xFEC7, 0xFF0B, 0xFFB4, 0xDEF8, 0x528A, 0x0000, 0x0000, 0x0000, 0x0000, 0x0000,
  0x0000, 0x0000, 0x0000, 0x0000, 0x0000, 0x0000, 0x0000, 0x0000, 0x0000, 0x0000, 0x0000, 0x0000, 0x0000, 0x0000, 0x0000, 0x0000,
  0x0000, 0x0000, 0x0000, 0x0000, 0x0000, 0x0000, 0x0000, 0x0000, 0x0000, 0x0000, 0x0000, 0x0000, 0x0000, 0x0000, 0x0000, 0x0000,
  0x0000, 0x0000, 0x0000, 0x0000, 0x0000, 0x0000, 0x0000, 0x0000, 0x0000, 0x0000, 0x0000, 0x0000, 0x0000, 0x0000, 0x0000, 0x0000,
  0x0000, 0x0000, 0x0000, 0x0000, 0x0000, 0x0000, 0x0000, 0x0000, 0x0000, 0x0000, 0x0000, 0x0000, 0x0000, 0x0000, 0x0000, 0x0000,
  0x0000, 0x0000, 0x0000, 0x0000, 0x0000, 0x0000, 0x0000, 0x0000, 0x0000, 0x0000, 0x0000, 0x0000, 0x0000, 0x0000, 0x0000, 0x0000,
  0x0000, 0x0000, 0x0000, 0x0000, 0x0000, 0x0000, 0x0000, 0x0000, 0x0000, 0x0000, 0x0000, 0x0000, 0x0000, 0x0000, 0x0000, 0x0000,
  0x0000, 0x0000, 0x0000, 0x0000, 0x0000, 0x0000, 0x0000, 0x0000, 0x0000, 0x0000, 0x0000, 0x0000, 0x0000, 0x0000, 0x0000, 0x0000,
  0x0000, 0x0000, 0x0000, 0x0000, 0x0000, 0x0000, 0x0000, 0x0000, 0x0000, 0x0000, 0x0000, 0x0000, 0x0000, 0x0000, 0x0000, 0x0000,
  0x0000, 0x0000, 0x0000, 0x0000, 0x0000, 0x0000, 0x0000, 0x0000, 0x0000, 0x0000, 0x0000, 0x0000, 0x0000, 0x0000, 0x0000, 0x0000,
  0x0000, 0x0000, 0x0000, 0x0000, 0x0000, 0x0000, 0x0000, 0x0000, 0x0000, 0x0000, 0x0000, 0x0000, 0x0000, 0x0000, 0x0000, 0x0000,
  0x0000, 0x0000, 0x0000, 0x0000, 0x0000, 0x0000, 0x0000, 0x0000, 0x0000, 0x0000, 0x0000, 0x0000, 0x0000, 0x0000, 0x0000, 0x0000,
  0x0000, 0x0000, 0x0000, 0x0000, 0x0000, 0x0000, 0x0000, 0x0000, 0x0000, 0x0000, 0x0000, 0x0000, 0x0000, 0x0000, 0x0000, 0x0000,
  0x0000, 0x0000, 0x0000, 0x0000, 0x0000, 0x0000, 0x0000, 0x0000, 0x0000, 0x0000, 0x0000, 0x0000, 0x0000, 0x0000, 0x0000, 0x0000,
  0x0000, 0x0000, 0x0000, 0x0000, 0x0000, 0x0000, 0x0000, 0x0000, 0x0000, 0x0000, 0x0000, 0x0000, 0x0000, 0x0000, 0x0000, 0x0000,
  0xBDF4, 0xFFF5, 0xE646, 0xF687, 0xF6A7, 0xF664, 0xFE63, 0xF663, 0xE5E4, 0xFED0, 0xD6B7, 0x1082, 0x0000, 0x0000, 0x0000, 0x0000,
  0x0000, 0x0000, 0x0000, 0x0000, 0x0000, 0x0000, 0x0000, 0x0000, 0x0000, 0x0000, 0x0000, 0x0000, 0x0000, 0x0000, 0x0000, 0x0000,
  0x0000, 0x0000, 0x0000, 0x0000, 0x0000, 0x0000, 0x0000, 0x0000, 0x0000, 0x0000, 0x0000, 0x0000, 0x0000, 0x0000, 0x0000, 0x0000,
  0x0000, 0x0000, 0x0000, 0x0000, 0x0000, 0x0000, 0x0000, 0x0000, 0x0000, 0x0000, 0x0000, 0x0000, 0x0000, 0x0000, 0x0000, 0x0000,
  0x0000, 0x0000, 0x0000, 0x0000, 0x0000, 0x0000, 0x0000, 0x0000, 0x0000, 0x0000, 0x0000, 0x0000, 0x0000, 0x0000, 0x0000, 0x0000,
  0x0000, 0x0000, 0x0000, 0x0000, 0x0000, 0x0000, 0x0000, 0x0000, 0x0000, 0x0000, 0x0000, 0x0000, 0x0000, 0x0000, 0x0000, 0x0000,
  0x0000, 0x0000, 0x0000, 0x0000, 0x0000, 0x0000, 0x0000, 0x0000, 0x0000, 0x0000, 0x0000, 0x0000, 0x0000, 0x0000, 0x0000, 0x0000,
  0x0000, 0x0000, 0x0000, 0x0000, 0x0000, 0x0000, 0x0000, 0x0000, 0x0000, 0x0000, 0x0000, 0x0000, 0x0000, 0x0000, 0x0000, 0x0000,
  0x0000, 0x0000, 0x0000, 0x0000, 0x0000, 0x0000, 0x0000, 0x0000, 0x0000, 0x0000, 0x0000, 0x0000, 0x0000, 0x0000, 0x0000, 0x0000,
  0x0000, 0x0000, 0x0000, 0x0000, 0x0000, 0x0000, 0x0000, 0x0000, 0x0000, 0x0000, 0x0000, 0x0000, 0x0000, 0x0000, 0x0000, 0x0000,
  0x0000, 0x0000, 0x0000, 0x0000, 0x0000, 0x0000, 0x0000, 0x0000, 0x0000, 0x0000, 0x0000, 0x0000, 0x0000, 0x0000, 0x0000, 0x0000,
  0x0000, 0x0000, 0x0000, 0x0000, 0x0000, 0x0000, 0x0000, 0x0000, 0x0000, 0x0000, 0x0000, 0x0000, 0x0000, 0x0000, 0x0000, 0x0000,
  0x0000, 0x0000, 0x0000, 0x0000, 0x0000, 0x0000, 0x0000, 0x0000, 0x0000, 0x0000, 0x0000, 0x0000, 0x0000, 0x0000, 0x0000, 0x0000,
  0x0000, 0x0000, 0x0000, 0x0000, 0x0000, 0x0000, 0x0000, 0x0000, 0x0000, 0x0000, 0x0000, 0x0000, 0x0000, 0x0000, 0x0000, 0x0000,
  0x0000, 0x0000, 0x0000, 0x0000, 0x0000, 0x0000, 0x0000, 0x0000, 0x0000, 0x0000, 0x0000, 0x0000, 0x0000, 0x0020, 0x0000, 0x630B,
  0xFFF7, 0xE626, 0xFEE9, 0xFF71, 0xFF70, 0xF6E9, 0xF684, 0xFE84, 0xFE84, 0xE543, 0xFED1, 0xBDF5, 0x0000, 0x0000, 0x0000, 0x0000,
  0x0000, 0x0000, 0x0000, 0x0000, 0x0000, 0x0000, 0x0000, 0x0000, 0x0000, 0x0000, 0x0000, 0x0000, 0x0000, 0x0000, 0x0000, 0x0000,
  0x0000, 0x0000, 0x0000, 0x0000, 0x0000, 0x0000, 0x0000, 0x0000, 0x0000, 0x0000, 0x0000, 0x0000, 0x0000, 0x0000, 0x0000, 0x0000,
  0x0000, 0x0000, 0x0000, 0x0000, 0x0000, 0x0000, 0x0000, 0x0000, 0x0000, 0x0000, 0x0000, 0x0000, 0x0000, 0x0000, 0x0000, 0x0000,
  0x0000, 0x0000, 0x0000, 0x0000, 0x0000, 0x0000, 0x0000, 0x0000, 0x0000, 0x0000, 0x0000, 0x0000, 0x0000, 0x0000, 0x0000, 0x0000,
  0x0000, 0x0000, 0x0000, 0x0000, 0x0000, 0x0000, 0x0000, 0x0000, 0x0000, 0x0000, 0x0000, 0x0000, 0x0000, 0x0000, 0x0000, 0x0000,
  0x0000, 0x0000, 0x0000, 0x0000, 0x0000, 0x0000, 0x0000, 0x0000, 0x0000, 0x0000, 0x0000, 0x0000, 0x0000, 0x0000, 0x0000, 0x0000,
  0x0000, 0x0000, 0x0000, 0x0000, 0x0000, 0x0000, 0x0000, 0x0000, 0x0000, 0x0000, 0x0000, 0x0000, 0x0000, 0x0000, 0x0000, 0x0000,
  0x0000, 0x0000, 0x0000, 0x0000, 0x0000, 0x0000, 0x0000, 0x0000, 0x0000, 0x0000, 0x0000, 0x0000, 0x0000, 0x0000, 0x0000, 0x0000,
  0x0000, 0x0000, 0x0000, 0x0000, 0x0000, 0x0000, 0x0000, 0x0000, 0x0000, 0x0000, 0x0000, 0x0000, 0x0000, 0x0000, 0x0000, 0x0000,
  0x0000, 0x0000, 0x0000, 0x0000, 0x0000, 0x0000, 0x0000, 0x0000, 0x0000, 0x0000, 0x0000, 0x0000, 0x0000, 0x0000, 0x0000, 0x0000,
  0x0000, 0x0000, 0x0000, 0x0000, 0x0000, 0x0000, 0x0000, 0x0000, 0x0000, 0x0000, 0x0000, 0x0000, 0x0000, 0x0000, 0x0000, 0x0000,
  0x0000, 0x0000, 0x0000, 0x0000, 0x0000, 0x0000, 0x0000, 0x0000, 0x0000, 0x0000, 0x0000, 0x0000, 0x0000, 0x0000, 0x0000, 0x0000,
  0x0000, 0x0000, 0x0000, 0x0000, 0x0000, 0x0000, 0x0000, 0x0000, 0x0000, 0x0000, 0x0000, 0x0000, 0x0000, 0x0000, 0x0000, 0x0000,
  0x0000, 0x0000, 0x0000, 0x0000, 0x0000, 0x0000, 0x0000, 0x0000, 0x0000, 0x0000, 0x0000, 0x0000, 0x0000, 0x0000, 0x0000, 0xD695,
  0xFF2C, 0xEE43, 0xFF4D, 0xFF72, 0xFF91, 0xFEE9, 0xF663, 0xFE83, 0xFE83, 0xF5E3, 0xED46, 0xEF16, 0x10A3, 0x0000, 0x0000, 0x0000,
  0x0000, 0x0000, 0x0000, 0x0000, 0x0000, 0x0000, 0x0000, 0x0000, 0x0000, 0x0000, 0x0000, 0x0000, 0x0000, 0x0000, 0x0000, 0x0000,
  0x0000, 0x0000, 0x0000, 0x0000, 0x0000, 0x0000, 0x0000, 0x0000, 0x0000, 0x0000, 0x0000, 0x0000, 0x0000, 0x0000, 0x0000, 0x0000,
  0x0000, 0x0000, 0x0000, 0x0000, 0x0000, 0x0000, 0x0000, 0x0000, 0x0000, 0x0000, 0x0000, 0x0000, 0x0000, 0x0000, 0x0000, 0x0000,
  0x0000, 0x0000, 0x0000, 0x0000, 0x0000, 0x0000, 0x0000, 0x0000, 0x0000, 0x0000, 0x0000, 0x0000, 0x0000, 0x0000, 0x0000, 0x0000,
  0x0000, 0x0000, 0x0000, 0x0000, 0x0000, 0x0000, 0x0000, 0x0000, 0x0000, 0x0000, 0x0000, 0x0000, 0x0000, 0x0000, 0x0000, 0x0000,
  0x0000, 0x0000, 0x0000, 0x0000, 0x0000, 0x0000, 0x0000, 0x0000, 0x0000, 0x0000, 0x0000, 0x0000, 0x0000, 0x0000, 0x0000, 0x0000,
  0x0000, 0x0000, 0x0000, 0x0000, 0x0000, 0x0000, 0x0000, 0x0000, 0x0000, 0x0000, 0x0000, 0x0000, 0x0000, 0x0000, 0x0000, 0x0000,
  0x0000, 0x0000, 0x0000, 0x0000, 0x0000, 0x0000, 0x0000, 0x0000, 0x0000, 0x0000, 0x0000, 0x0000, 0x0000, 0x0000, 0x0000, 0x0000,
  0x0000, 0x0000, 0x0000, 0x0000, 0x0000, 0x0000, 0x0000, 0x0000, 0x0000, 0x0000, 0x0000, 0x0000, 0x0000, 0x0000, 0x0000, 0x0000,
  0x0000, 0x0000, 0x0000, 0x0000, 0x0000, 0x0000, 0x0000, 0x0000, 0x0000, 0x0000, 0x0000, 0x0000, 0x0000, 0x0000, 0x0000, 0x0000,
  0x0000, 0x0000, 0x0000, 0x0000, 0x0000, 0x0000, 0x0000, 0x0000, 0x0000, 0x0000, 0x0000, 0x0000, 0x0000, 0x0000, 0x0000, 0x0000,
  0x0000, 0x0000, 0x0000, 0x0000, 0x0000, 0x0000, 0x0000, 0x0000, 0x0000, 0x0000, 0x0000, 0x0000, 0x0000, 0x0000, 0x0000, 0x0000,
  0x0000, 0x0000, 0x0000, 0x0000, 0x0000, 0x0000, 0x0000, 0x0000, 0x0000, 0x0000, 0x0000, 0x0000, 0x0000, 0x0000, 0x0000, 0x0000,
  0x0000, 0x0000, 0x0000, 0x0000, 0x0000, 0x0000, 0x0000, 0x0000, 0x0000, 0x0000, 0x0000, 0x0000, 0x0000, 0x0000, 0x0000, 0xD692,
  0xFEC8, 0xF642, 0xF6C8, 0xFF4D, 0xFEEA, 0xF684, 0xFE83, 0xFE83, 0xFE83, 0xFDE3, 0xED03, 0xFF13, 0x3A08, 0x0000, 0x0000, 0x0000,
  0x0000, 0x0000, 0x0000, 0x0000, 0x0000, 0x0000, 0x0000, 0x0000, 0x0000, 0x0000, 0x0000, 0x0000, 0x0000, 0x0000, 0x0000, 0x0000,
  0x0000, 0x0000, 0x0000, 0x0000, 0x0000, 0x0000, 0x0000, 0x0000, 0x0000, 0x0000, 0x0000, 0x0000, 0x0000, 0x0000, 0x0000, 0x0000,
  0x0000, 0x0000, 0x0000, 0x0000, 0x0000, 0x0000, 0x0000, 0x0000, 0x0000, 0x0000, 0x0000, 0x0000, 0x0000, 0x0000, 0x0000, 0x0000,
  0x0000, 0x0000, 0x0000, 0x0000, 0x0000, 0x0000, 0x0000, 0x0000, 0x0000, 0x0000, 0x0000, 0x0000, 0x0000, 0x0000, 0x0000, 0x0000,
  0x0000, 0x0000, 0x0000, 0x0000, 0x0000, 0x0000, 0x0000, 0x0000, 0x0000, 0x0000, 0x0000, 0x0000, 0x0000, 0x0000, 0x0000, 0x0000,
  0x0000, 0x0000, 0x0000, 0x0000, 0x0000, 0x0000, 0x0000, 0x0000, 0x0000, 0x0000, 0x0000, 0x0000, 0x0000, 0x0000, 0x0000, 0x0000,
  0x0000, 0x0000, 0x0000, 0x0000, 0x0000, 0x0000, 0x0000, 0x0000, 0x0000, 0x0000, 0x0000, 0x0000, 0x0000, 0x0000, 0x0000, 0x0000,
  0x0000, 0x0000, 0x0000, 0x0000, 0x0000, 0x0000, 0x0000, 0x0000, 0x0000, 0x0000, 0x0000, 0x0000, 0x0000, 0x0000, 0x0000, 0x0000,
  0x0000, 0x0000, 0x0000, 0x0000, 0x0000, 0x0000, 0x0000, 0x0000, 0x0000, 0x0000, 0x0000, 0x0000, 0x0000, 0x0000, 0x0000, 0x0000,
  0x0000, 0x0000, 0x0000, 0x0000, 0x0000, 0x0000, 0x0000, 0x0000, 0x0000, 0x0000, 0x0000, 0x0000, 0x0000, 0x0000, 0x0000, 0x0000,
  0x0000, 0x0000, 0x0000, 0x0000, 0x0000, 0x0000, 0x0000, 0x0000, 0x0000, 0x0000, 0x0000, 0x0000, 0x0000, 0x0000, 0x0000, 0x0000,
  0x0000, 0x0000, 0x0000, 0x0000, 0x0000, 0x0000, 0x0000, 0x0000, 0x0000, 0x0000, 0x0000, 0x0000, 0x0000, 0x0000, 0x0000, 0x0000,
  0x0000, 0x0000, 0x0000, 0x0000, 0x0000, 0x0000, 0x0000, 0x0000, 0x0000, 0x0000, 0x0000, 0x0000, 0x0000, 0x0000, 0x0000, 0x0000,
  0x0000, 0x0000, 0x0000, 0x0000, 0x0000, 0x0000, 0x0000, 0x0000, 0x0000, 0x0000, 0x0000, 0x0000, 0x0000, 0x0000, 0x0862, 0xDED2,
  0xF686, 0xFE63, 0xFE63, 0xF663, 0xF663, 0xFE63, 0xFE83, 0xFE83, 0xFE83, 0xF5A3, 0xED03, 0xFF11, 0x73CD, 0x0000, 0x0020, 0x0000,
  0x0000, 0x0000, 0x0000, 0x0000, 0x0000, 0x0000, 0x0000, 0x0000, 0x0000, 0x0000, 0x0000, 0x0000, 0x0000, 0x0000, 0x0000, 0x0000,
  0x0000, 0x0000, 0x0000, 0x0000, 0x0000, 0x0000, 0x0000, 0x0000, 0x0000, 0x0000, 0x0000, 0x0000, 0x0000, 0x0000, 0x0000, 0x0000,
  0x0000, 0x0000, 0x0000, 0x0000, 0x0000, 0x0000, 0x0000, 0x0000, 0x0000, 0x0000, 0x0000, 0x0000, 0x0000, 0x0000, 0x0000, 0x0000,
  0x0000, 0x0000, 0x0000, 0x0000, 0x0000, 0x0000, 0x0000, 0x0000, 0x0000, 0x0000, 0x0000, 0x0000, 0x0000, 0x0000, 0x0000, 0x0000,
  0x0000, 0x0000, 0x0000, 0x0000, 0x0000, 0x0000, 0x0000, 0x0000, 0x0000, 0x0000, 0x0000, 0x0000, 0x0000, 0x0000, 0x0000, 0x0000,
  0x0000, 0x0000, 0x0000, 0x0000, 0x0000, 0x0000, 0x0000, 0x0000, 0x0000, 0x0000, 0x0000, 0x0000, 0x0000, 0x0000, 0x0000, 0x0000,
  0x0000, 0x0000, 0x0000, 0x0000, 0x0000, 0x0000, 0x0000, 0x0000, 0x0000, 0x0000, 0x0000, 0x0000, 0x0000, 0x0000, 0x0000, 0x0000,
  0x0000, 0x0000, 0x0000, 0x0000, 0x0000, 0x0000, 0x0000, 0x0000, 0x0000, 0x0000, 0x0000, 0x0000, 0x0000, 0x0000, 0x0000, 0x0000,
  0x0000, 0x0000, 0x0000, 0x0000, 0x0000, 0x0000, 0x0000, 0x0000, 0x0000, 0x0000, 0x0000, 0x0000, 0x0000, 0x0000, 0x0000, 0x0000,
  0x0000, 0x0000, 0x0000, 0x0000, 0x0000, 0x0000, 0x0000, 0x0000, 0x0000, 0x0000, 0x0000, 0x0000, 0x0000, 0x0000, 0x0000, 0x0000,
  0x0000, 0x0000, 0x0000, 0x0000, 0x0000, 0x0000, 0x0000, 0x0000, 0x0000, 0x0000, 0x0000, 0x0000, 0x0000, 0x0000, 0x0000, 0x0000,
  0x0000, 0x0000, 0x0000, 0x0000, 0x0000, 0x0000, 0x0000, 0x0000, 0x0000, 0x0000, 0x0000, 0x0000, 0x0000, 0x0000, 0x0000, 0x0000,
  0x0000, 0x0000, 0x0000, 0x0000, 0x0000, 0x0000, 0x0000, 0x0000, 0x0000, 0x0000, 0x0000, 0x0000, 0x0000, 0x0000, 0x0000, 0x0000,
  0x0000, 0x0000, 0x0000, 0x0000, 0x0000, 0x0000, 0x0000, 0x0000, 0x0000, 0x0000, 0x0000, 0x0000, 0x0000, 0x0000, 0x0021, 0xDEB3,
  0xFEA7, 0xFE63, 0xFE83, 0xFE83, 0xFE83, 0xFE83, 0xFE63, 0xFE83, 0xFE43, 0xF563, 0xED03, 0xFF32, 0x8C90, 0x0000, 0x0020, 0x0000,
  0x0000, 0x0000, 0x0000, 0x0000, 0x0000, 0x0000, 0x0000, 0x0000, 0x0000, 0x0000, 0x0000, 0x0000, 0x0000, 0x0000, 0x0000, 0x0000,
  0x0000, 0x0000, 0x0000, 0x0000, 0x0000, 0x0000, 0x0000, 0x0000, 0x0000, 0x0000, 0x0000, 0x0000, 0x0000, 0x0000, 0x0000, 0x0000,
  0x0000, 0x0000, 0x0000, 0x0000, 0x0000, 0x0000, 0x0000, 0x0000, 0x0000, 0x0000, 0x0000, 0x0000, 0x0000, 0x0000, 0x0000, 0x0000,
  0x0000, 0x0000, 0x0000, 0x0000, 0x0000, 0x0000, 0x0000, 0x0000, 0x0000, 0x0000, 0x0000, 0x0000, 0x0000, 0x0000, 0x0000, 0x0000,
  0x0000, 0x0000, 0x0000, 0x0000, 0x0000, 0x0000, 0x0000, 0x0000, 0x0000, 0x0000, 0x0000, 0x0000, 0x0000, 0x0000, 0x0000, 0x0000,
  0x0000, 0x0000, 0x0000, 0x0000, 0x0000, 0x0000, 0x0000, 0x0000, 0x0000, 0x0000, 0x0000, 0x0000, 0x0000, 0x0000, 0x0000, 0x0000,
  0x0000, 0x0000, 0x0000, 0x0000, 0x0000, 0x0000, 0x0000, 0x0000, 0x0000, 0x0000, 0x0000, 0x0000, 0x0000, 0x0000, 0x0000, 0x0000,
  0x0000, 0x0000, 0x0000, 0x0000, 0x0000, 0x0000, 0x0000, 0x0000, 0x0000, 0x0000, 0x0000, 0x0000, 0x0000, 0x0000, 0x0000, 0x0000,
  0x0000, 0x0000, 0x0000, 0x0000, 0x0000, 0x0000, 0x0000, 0x0000, 0x0000, 0x0000, 0x0000, 0x0000, 0x0000, 0x0000, 0x0000, 0x0000,
  0x0000, 0x0000, 0x0000, 0x0000, 0x0000, 0x0000, 0x0000, 0x0000, 0x0000, 0x0000, 0x0000, 0x0000, 0x0000, 0x0000, 0x0000, 0x0000,
  0x0000, 0x0000, 0x0000, 0x0000, 0x0000, 0x0000, 0x0000, 0x0000, 0x0000, 0x0000, 0x0000, 0x0000, 0x0000, 0x0000, 0x0000, 0x0000,
  0x0000, 0x0000, 0x0000, 0x0000, 0x0000, 0x0000, 0x0000, 0x0000, 0x0000, 0x0000, 0x0000, 0x0000, 0x0000, 0x0000, 0x0000, 0x0000,
  0x0000, 0x0000, 0x0000, 0x0000, 0x0000, 0x0000, 0x0000, 0x0000, 0x0000, 0x0000, 0x0000, 0x0000, 0x0000, 0x0000, 0x0000, 0x0000,
  0x0000, 0x0000, 0x0000, 0x0000, 0x0000, 0x0000, 0x0000, 0x0000, 0x0000, 0x0000, 0x0000, 0x0000, 0x0000, 0x0000, 0x0000, 0xDED6,
  0xF6CA, 0xF663, 0xFE83, 0xFE83, 0xFE83, 0xFE83, 0xFE83, 0xFE64, 0xF583, 0xF543, 0xE504, 0xFF96, 0x4248, 0x0000, 0x0000, 0x0000,
  0x0000, 0x0000, 0x0000, 0x0000, 0x0000, 0x0000, 0x0000, 0x0000, 0x0000, 0x0000, 0x0000, 0x0000, 0x0000, 0x0000, 0x0000, 0x0000,
  0x0000, 0x0000, 0x0000, 0x0000, 0x0000, 0x0000, 0x0000, 0x0000, 0x0000, 0x0000, 0x0000, 0x0000, 0x0000, 0x0000, 0x0000, 0x0000,
  0x0000, 0x0000, 0x0000, 0x0000, 0x0000, 0x0000, 0x0000, 0x0000, 0x0000, 0x0000, 0x0000, 0x0000, 0x0000, 0x0000, 0x0000, 0x0000,
  0x0000, 0x0000, 0x0000, 0x0000, 0x0000, 0x0000, 0x0000, 0x0000, 0x0000, 0x0000, 0x0000, 0x0000, 0x0000, 0x0000, 0x0000, 0x0000,
  0x0000, 0x0000, 0x0000, 0x0000, 0x0000, 0x0000, 0x0000, 0x0000, 0x0000, 0x0000, 0x0000, 0x0000, 0x0000, 0x0000, 0x0000, 0x0000,
  0x0000, 0x0000, 0x0000, 0x0000, 0x0000, 0x0000, 0x0000, 0x0000, 0x0000, 0x0000, 0x0000, 0x0000, 0x0000, 0x0000, 0x0000, 0x0000,
  0x0000, 0x0000, 0x0000, 0x0000, 0x0000, 0x0000, 0x0000, 0x0000, 0x0000, 0x0000, 0x0000, 0x0000, 0x0000, 0x0000, 0x0000, 0x0000,
  0x0000, 0x0000, 0x0000, 0x0000, 0x0000, 0x0000, 0x0000, 0x0000, 0x0000, 0x0000, 0x0000, 0x0000, 0x0000, 0x0000, 0x0000, 0x0000,
  0x0000, 0x0000, 0x0000, 0x0000, 0x0000, 0x0000, 0x0000, 0x0000, 0x0000, 0x0000, 0x0000, 0x0000, 0x0000, 0x0000, 0x0000, 0x0000,
  0x0000, 0x0000, 0x0000, 0x0000, 0x0000, 0x0000, 0x0000, 0x0000, 0x0000, 0x0000, 0x0000, 0x0000, 0x0000, 0x0000, 0x0000, 0x0000,
  0x0000, 0x0000, 0x0000, 0x0000, 0x0000, 0x0000, 0x0000, 0x0000, 0x0000, 0x0000, 0x0000, 0x0000, 0x0000, 0x0000, 0x0000, 0x0000,
  0x0000, 0x0000, 0x0000, 0x0000, 0x0000, 0x0000, 0x0000, 0x0000, 0x0000, 0x0000, 0x0000, 0x0000, 0x0000, 0x0000, 0x0000, 0x0000,
  0x0000, 0x0000, 0x0000, 0x0000, 0x0000, 0x0000, 0x0000, 0x0000, 0x0000, 0x0000, 0x0000, 0x0000, 0x0000, 0x0000, 0x0000, 0x0000,
  0x0000, 0x0000, 0x0000, 0x0000, 0x0000, 0x0000, 0x0000, 0x0000, 0x0000, 0x0000, 0x0000, 0x0000, 0x0000, 0x0000, 0x0000, 0x9CF2,
  0xFFB3, 0xF644, 0xFEA4, 0xFEA4, 0xFEA3, 0xFE83, 0xFE43, 0xF5A3, 0xF543, 0xED02, 0xF60B, 0xEF39, 0x1082, 0x0000, 0x0000, 0x0000,
  0x0000, 0x0000, 0x0000, 0x0000, 0x0000, 0x0000, 0x0000, 0x0000, 0x0000, 0x0000, 0x0000, 0x0000, 0x0000, 0x0000, 0x0000, 0x0000,
  0x0000, 0x0000, 0x0000, 0x0000, 0x0000, 0x0000, 0x0000, 0x0000, 0x0000, 0x0000, 0x0000, 0x0000, 0x0000, 0x0000, 0x0000, 0x0000,
  0x0000, 0x0000, 0x0000, 0x0000, 0x0000, 0x0000, 0x0000, 0x0000, 0x0000, 0x0000, 0x0000, 0x0000, 0x0000, 0x0000, 0x0000, 0x0000,
  0x0000, 0x0000, 0x0000, 0x0000, 0x0000, 0x0000, 0x0000, 0x0000, 0x0000, 0x0000, 0x0000, 0x0000, 0x0000, 0x0000, 0x0000, 0x0000,
  0x0000, 0x0000, 0x0000, 0x0000, 0x0000, 0x0000, 0x0000, 0x0000, 0x0000, 0x0000, 0x0000, 0x0000, 0x0000, 0x0000, 0x0000, 0x0000,
  0x0000, 0x0000, 0x0000, 0x0000, 0x0000, 0x0000, 0x0000, 0x0000, 0x0000, 0x0000, 0x0000, 0x0000, 0x0000, 0x0000, 0x0000, 0x0000,
  0x0000, 0x0000, 0x0000, 0x0000, 0x0000, 0x0000, 0x0000, 0x0000, 0x0000, 0x0000, 0x0000, 0x0000, 0x0000, 0x0000, 0x0000, 0x0000,
  0x0000, 0x0000, 0x0000, 0x0000, 0x0000, 0x0000, 0x0000, 0x0000, 0x0000, 0x0000, 0x0000, 0x0000, 0x0000, 0x0000, 0x0000, 0x0000,
  0x0000, 0x0000, 0x0000, 0x0000, 0x0000, 0x0000, 0x0000, 0x0000, 0x0000, 0x0000, 0x0000, 0x0000, 0x0000, 0x0000, 0x0000, 0x0000,
  0x0000, 0x0000, 0x0000, 0x0000, 0x0000, 0x0000, 0x0000, 0x0000, 0x0000, 0x0000, 0x0000, 0x0000, 0x0000, 0x0000, 0x0000, 0x0000,
  0x0000, 0x0000, 0x0000, 0x0000, 0x0000, 0x0000, 0x0000, 0x0000, 0x0000, 0x0000, 0x0000, 0x0000, 0x0000, 0x0000, 0x0000, 0x0000,
  0x0000, 0x0000, 0x0000, 0x0020, 0x0000, 0x0000, 0x0000, 0x0000, 0x0000, 0x0000, 0x0000, 0x0000, 0x0000, 0x0000, 0x0000, 0x0000,
  0x0000, 0x0000, 0x0000, 0x0000, 0x0000, 0x0000, 0x0000, 0x0000, 0x0000, 0x0000, 0x0000, 0x0000, 0x0000, 0x0000, 0x0000, 0x0000,
  0x0000, 0x0000, 0x0000, 0x0000, 0x0000, 0x0000, 0x0000, 0x0000, 0x0000, 0x0000, 0x0000, 0x0000, 0x0000, 0x0020, 0x0000, 0x73AE,
  0xDF5B, 0xB509, 0xF605, 0xFDE4, 0xF5E4, 0xF5A3, 0xED63, 0xF543, 0xE4E2, 0xE587, 0xF736, 0x4A49, 0x0000, 0x0000, 0x0000, 0x0000,
  0x0000, 0x0000, 0x0000, 0x0000, 0x0000, 0x0000, 0x0000, 0x0000, 0x0000, 0x0000, 0x0000, 0x0000, 0x0000, 0x0000, 0x0000, 0x0000,
  0x0000, 0x0000, 0x0000, 0x0000, 0x0000, 0x0000, 0x0000, 0x0000, 0x0000, 0x0000, 0x0000, 0x0000, 0x0000, 0x0000, 0x0000, 0x0000,
  0x0000, 0x0000, 0x0000, 0x0000, 0x0000, 0x0000, 0x0000, 0x0000, 0x0000, 0x0000, 0x0000, 0x0000, 0x0000, 0x0000, 0x0000, 0x0000,
  0x0000, 0x0000, 0x0000, 0x0000, 0x0000, 0x0000, 0x0000, 0x0000, 0x0000, 0x0000, 0x0000, 0x0000, 0x0000, 0x0000, 0x0000, 0x0000,
  0x0000, 0x0000, 0x0000, 0x0000, 0x0000, 0x0000, 0x0000, 0x0000, 0x0000, 0x0000, 0x0000, 0x0000, 0x0000, 0x0000, 0x0000, 0x0000,
  0x0000, 0x0000, 0x0000, 0x0000, 0x0000, 0x0000, 0x0000, 0x0000, 0x0000, 0x0000, 0x0000, 0x0000, 0x0000, 0x0000, 0x0000, 0x0000,
  0x0000, 0x0000, 0x0000, 0x0000, 0x0000, 0x0000, 0x0000, 0x0000, 0x0000, 0x0000, 0x0000, 0x0000, 0x0000, 0x0000, 0x0000, 0x0000,
  0x0000, 0x0000, 0x0000, 0x0000, 0x0000, 0x0000, 0x0000, 0x0000, 0x0000, 0x0000, 0x0000, 0x0000, 0x0000, 0x0000, 0x0000, 0x0000,
  0x0000, 0x0000, 0x0000, 0x0000, 0x0000, 0x0000, 0x0000, 0x0000, 0x0000, 0x0000, 0x0000, 0x0000, 0x0000, 0x0000, 0x0000, 0x0000,
  0x0000, 0x0000, 0x0000, 0x0000, 0x0000, 0x0000, 0x0000, 0x0000, 0x0000, 0x0000, 0x0000, 0x0000, 0x0000, 0x0000, 0x0000, 0x0000,
  0x0000, 0x0000, 0x0000, 0x0000, 0x0000, 0x0000, 0x0000, 0x0000, 0x0000, 0x0000, 0x0000, 0x0000, 0x0000, 0x0000, 0x1082, 0x1082,
  0x1082, 0x1082, 0x0841, 0x0000, 0x0000, 0x0000, 0x0000, 0x0000, 0x0000, 0x0000, 0x0000, 0x0000, 0x0000, 0x0000, 0x0000, 0x0000,
  0x0000, 0x0000, 0x0000, 0x0000, 0x0000, 0x0000, 0x0000, 0x0000, 0x0000, 0x0000, 0x0000, 0x0000, 0x0000, 0x0000, 0x0000, 0x0000,
  0x0000, 0x0000, 0x0000, 0x0000, 0x0000, 0x0000, 0x0000, 0x0000, 0x0000, 0x0000, 0x0000, 0x0000, 0x0000, 0x0000, 0x1082, 0xBE38,
  0x64B6, 0x5C12, 0xACEC, 0xDD46, 0xED44, 0xF544, 0xF564, 0xED65, 0xF64C, 0xFF97, 0x632B, 0x0000, 0x0020, 0x0000, 0x0000, 0x0000,
  0x0000, 0x0000, 0x0000, 0x0000, 0x0000, 0x0000, 0x0000, 0x0000, 0x0000, 0x0000, 0x0000, 0x0000, 0x0000, 0x0000, 0x0000, 0x0000,
  0x0000, 0x0000, 0x0000, 0x0000, 0x0000, 0x0000, 0x0000, 0x0000, 0x0000, 0x0000, 0x0000, 0x0000, 0x0000, 0x0000, 0x0000, 0x0000,
  0x0000, 0x0000, 0x0000, 0x0000, 0x0000, 0x0000, 0x0000, 0x0000, 0x0000, 0x0000, 0x0000, 0x0000, 0x0000, 0x0000, 0x0000, 0x0000,
  0x0000, 0x0000, 0x0000, 0x0000, 0x0000, 0x0000, 0x0000, 0x0000, 0x0000, 0x0000, 0x0000, 0x0000, 0x0000, 0x0000, 0x0000, 0x0000,
  0x0000, 0x0000, 0x0000, 0x0000, 0x0000, 0x0000, 0x0000, 0x0000, 0x0000, 0x0000, 0x0000, 0x0000, 0x0000, 0x0000, 0x0000, 0x0000,
  0x0000, 0x0000, 0x0000, 0x0000, 0x0000, 0x0000, 0x0000, 0x0000, 0x0000, 0x0000, 0x0000, 0x0000, 0x0000, 0x0000, 0x0000, 0x0000,
  0x0000, 0x0000, 0x0000, 0x0000, 0x0000, 0x0000, 0x0000, 0x0000, 0x0000, 0x0000, 0x0000, 0x0000, 0x0000, 0x0000, 0x0000, 0x0000,
  0x0000, 0x0000, 0x0000, 0x0000, 0x0000, 0x0000, 0x0000, 0x0000, 0x0000, 0x0000, 0x0000, 0x0000, 0x0000, 0x0000, 0x0000, 0x0000,
  0x0000, 0x0000, 0x0000, 0x0000, 0x0000, 0x0000, 0x0000, 0x0000, 0x0000, 0x0000, 0x0000, 0x0000, 0x0000, 0x0000, 0x0000, 0x0000,
  0x0000, 0x0000, 0x0000, 0x0000, 0x0000, 0x0000, 0x0000, 0x0000, 0x0000, 0x0000, 0x0000, 0x0000, 0x0000, 0x0000, 0x0000, 0x0000,
  0x0000, 0x0000, 0x0000, 0x0000, 0x0000, 0x0000, 0x0000, 0x0000, 0x0000, 0x0000, 0x0000, 0x0000, 0x630C, 0xD6B8, 0xEF16, 0xE6F1,
  0xE6F1, 0xEEF3, 0xDED7, 0x7BEE, 0x18C3, 0x0000, 0x0000, 0x0000, 0x0000, 0x0000, 0x0000, 0x0000, 0x0000, 0x0000, 0x0000, 0x0000,
  0x0000, 0x0000, 0x0000, 0x0000, 0x0000, 0x0000, 0x0000, 0x0000, 0x0000, 0x0000, 0x0000, 0x0000, 0x0000, 0x0000, 0x0000, 0x0000,
  0x0000, 0x0000, 0x0000, 0x0000, 0x0000, 0x0000, 0x0000, 0x0000, 0x0000, 0x0000, 0x0000, 0x0000, 0x0000, 0x0000, 0xB5D6, 0x95B8,
  0x43D4, 0x4C36, 0x6433, 0xEF16, 0xE671, 0xD5AC, 0xD5CD, 0xCE12, 0x948F, 0x2965, 0x0000, 0x0020, 0x0000, 0x0000, 0x0000, 0x0000,
  0x0000, 0x0000, 0x0000, 0x0000, 0x0000, 0x0000, 0x0000, 0x0000, 0x0000, 0x0000, 0x0000, 0x0000, 0x0000, 0x0000, 0x0000, 0x0000,
  0x0000, 0x0000, 0x0000, 0x0000, 0x0000, 0x0000, 0x0000, 0x0000, 0x0000, 0x0000, 0x0000, 0x0000, 0x0000, 0x0000, 0x0000, 0x0000,
  0x0000, 0x0000, 0x0000, 0x0000, 0x0000, 0x0000, 0x0000, 0x0000, 0x0000, 0x0000, 0x0000, 0x0000, 0x0000, 0x0000, 0x0000, 0x0000,
  0x0000, 0x0000, 0x0000, 0x0000, 0x0000, 0x0000, 0x0000, 0x0000, 0x0000, 0x0000, 0x0000, 0x0000, 0x0000, 0x0000, 0x0000, 0x0000,
  0x0000, 0x0000, 0x0000, 0x0000, 0x0000, 0x0000, 0x0000, 0x0000, 0x0000, 0x0000, 0x0000, 0x0000, 0x0000, 0x0000, 0x0000, 0x0000,
  0x0000, 0x0000, 0x0000, 0x0000, 0x0000, 0x0000, 0x0000, 0x0000, 0x0000, 0x0000, 0x0000, 0x0000, 0x0000, 0x0000, 0x0000, 0x0000,
  0x0000, 0x0000, 0x0000, 0x0000, 0x0000, 0x0000, 0x0000, 0x0000, 0x0000, 0x0000, 0x0000, 0x0000, 0x0000, 0x0000, 0x0000, 0x0000,
  0x0000, 0x0000, 0x0000, 0x0000, 0x0000, 0x0000, 0x0000, 0x0000, 0x0000, 0x0000, 0x0000, 0x0000, 0x0000, 0x0000, 0x0000, 0x0000,
  0x0000, 0x0000, 0x0000, 0x0000, 0x0000, 0x0000, 0x0000, 0x0000, 0x0000, 0x0000, 0x0000, 0x0000, 0x0000, 0x0000, 0x0000, 0x0000,
  0x0000, 0x0000, 0x0000, 0x0000, 0x0000, 0x0000, 0x0000, 0x0000, 0x0000, 0x0000, 0x0000, 0x0000, 0x0000, 0x0000, 0x0000, 0x0000,
  0x0000, 0x0000, 0x0000, 0x0000, 0x0000, 0x0000, 0x0000, 0x0000, 0x0000, 0x0000, 0x0000, 0x738C, 0xFFF9, 0xFF0E, 0xF666, 0xF685,
  0xFE85, 0xF686, 0xF6AA, 0xFF73, 0xEF7A, 0x2124, 0x0000, 0x0000, 0x0000, 0x0000, 0x0000, 0x0000, 0x0000, 0x0000, 0x0000, 0x0000,
  0x0000, 0x0000, 0x0000, 0x0000, 0x0000, 0x0000, 0x0000, 0x0000, 0x0000, 0x0000, 0x0000, 0x0000, 0x0000, 0x0000, 0x0000, 0x0000,
  0x0000, 0x0000, 0x0000, 0x0000, 0x0000, 0x0000, 0x0000, 0x0000, 0x0000, 0x0000, 0x0000, 0x0020, 0x0000, 0x6B6D, 0xB69B, 0x3BB3,
  0x4C35, 0x4BF3, 0xBEBB, 0x5AEB, 0x1904, 0x0861, 0x0861, 0x0041, 0x0000, 0x0000, 0x0000, 0x0000, 0x0000, 0x0000, 0x0000, 0x0000,
  0x0000, 0x0000, 0x0000, 0x0000, 0x0000, 0x0000, 0x0000, 0x0000, 0x0000, 0x0000, 0x0000, 0x0000, 0x0000, 0x0000, 0x0000, 0x0000,
  0x0000, 0x0000, 0x0000, 0x0000, 0x0000, 0x0000, 0x0000, 0x0000, 0x0000, 0x0000, 0x0000, 0x0000, 0x0000, 0x0000, 0x0000, 0x0000,
  0x0000, 0x0000, 0x0000, 0x0000, 0x0000, 0x0000, 0x0000, 0x0000, 0x0000, 0x0000, 0x0000, 0x0000, 0x0000, 0x0000, 0x0000, 0x0000,
  0x0000, 0x0000, 0x0000, 0x0000, 0x0000, 0x0000, 0x0000, 0x0000, 0x0000, 0x0000, 0x0000, 0x0000, 0x0000, 0x0000, 0x0000, 0x0000,
  0x0000, 0x0000, 0x0000, 0x0000, 0x0000, 0x0000, 0x0000, 0x0000, 0x0000, 0x0000, 0x0000, 0x0000, 0x0000, 0x0000, 0x0000, 0x0000,
  0x0000, 0x0000, 0x0000, 0x0000, 0x0000, 0x0000, 0x0000, 0x0000, 0x0000, 0x0000, 0x0000, 0x0000, 0x0000, 0x0000, 0x0000, 0x0000,
  0x0000, 0x0000, 0x0000, 0x0000, 0x0000, 0x0000, 0x0000, 0x0000, 0x0000, 0x0000, 0x0000, 0x0000, 0x0000, 0x0000, 0x0000, 0x0000,
  0x0000, 0x0000, 0x0000, 0x0000, 0x0000, 0x0000, 0x0000, 0x0000, 0x0000, 0x0000, 0x0000, 0x0000, 0x0000, 0x0000, 0x0000, 0x0000,
  0x0000, 0x0000, 0x0000, 0x0000, 0x0000, 0x0000, 0x0000, 0x0000, 0x0000, 0x0000, 0x0000, 0x0000, 0x0000, 0x0000, 0x0000, 0x0000,
  0x0000, 0x0000, 0x0000, 0x0000, 0x0000, 0x0000, 0x0000, 0x0000, 0x0000, 0x0000, 0x0000, 0x0000, 0x0000, 0x0000, 0x0000, 0x0000,
  0x0000, 0x0000, 0x0000, 0x0000, 0x0000, 0x0000, 0x0000, 0x0000, 0x0020, 0x0000, 0x4A69, 0xFFFA, 0xE649, 0xEE46, 0xF6C9, 0xF6A6,
  0xF663, 0xF663, 0xF663, 0xE583, 0xFECF, 0xC614, 0x0021, 0x0000, 0x0000, 0x0000, 0x0000, 0x0000, 0x0000, 0x0000, 0x0000, 0x0000,
  0x0000, 0x0000, 0x0000, 0x0000, 0x0000, 0x0000, 0x0000, 0x0000, 0x0000, 0x0000, 0x0000, 0x0000, 0x0000, 0x0000, 0x0000, 0x0000,
  0x0000, 0x0000, 0x0000, 0x0000, 0x0000, 0x0000, 0x0000, 0x0000, 0x0000, 0x0000, 0x0020, 0x0000, 0x5ACB, 0xDF5D, 0x5434, 0x4C56,
  0x3BB3, 0xA63A, 0x94B2, 0x0000, 0x0000, 0x0000, 0x0000, 0x0000, 0x0020, 0x0000, 0x0000, 0x0000, 0x0000, 0x0000, 0x0000, 0x0000,
  0x0000, 0x0000, 0x0000, 0x0000, 0x0000, 0x0000, 0x0000, 0x0000, 0x0000, 0x0000, 0x0000, 0x0000, 0x0000, 0x0000, 0x0000, 0x0000,
  0x0000, 0x0000, 0x0000, 0x0000, 0x0000, 0x0000, 0x0000, 0x0000, 0x0000, 0x0000, 0x0000, 0x0000, 0x0000, 0x0000, 0x0000, 0x0000,
  0x0000, 0x0000, 0x0000, 0x0000, 0x0000, 0x0000, 0x0000, 0x0000, 0x0000, 0x0000, 0x0000, 0x0000, 0x0000, 0x0000, 0x0000, 0x0000,
  0x0000, 0x0000, 0x0000, 0x0000, 0x0000, 0x0000, 0x0000, 0x0000, 0x0000, 0x0000, 0x0000, 0x0000, 0x0000, 0x0000, 0x0000, 0x0000,
  0x0000, 0x0000, 0x0000, 0x0000, 0x0000, 0x0000, 0x0000, 0x0000, 0x0000, 0x0000, 0x0000, 0x0000, 0x0000, 0x0000, 0x0000, 0x0000,
  0x0000, 0x0000, 0x0000, 0x0000, 0x0000, 0x0000, 0x0000, 0x0000, 0x0000, 0x0000, 0x0000, 0x0000, 0x0000, 0x0000, 0x0000, 0x0000,
  0x0000, 0x0000, 0x0000, 0x0000, 0x0000, 0x0000, 0x0000, 0x0000, 0x0000, 0x0000, 0x0000, 0x0000, 0x0000, 0x0000, 0x0000, 0x0000,
  0x0000, 0x0000, 0x0000, 0x0000, 0x0000, 0x0000, 0x0000, 0x0000, 0x0000, 0x0000, 0x0000, 0x0000, 0x0000, 0x0000, 0x0000, 0x0000,
  0x0000, 0x0000, 0x0000, 0x0000, 0x0000, 0x0000, 0x0000, 0x0000, 0x0000, 0x0000, 0x0000, 0x0000, 0x0000, 0x0000, 0x0000, 0x0000,
  0x0000, 0x0000, 0x0000, 0x0000, 0x0000, 0x0000, 0x0000, 0x0000, 0x0000, 0x0000, 0x0000, 0x0000, 0x0000, 0x0000, 0x0000, 0x0000,
  0x0000, 0x0000, 0x0000, 0x0000, 0x0000, 0x0000, 0x0000, 0x0000, 0x0000, 0x18C3, 0xD676, 0xF6CC, 0xEE45, 0xFF6E, 0xFF91, 0xFF4E,
  0xF685, 0xFE84, 0xFE84, 0xFE64, 0xE503, 0xFF95, 0x5AEB, 0x0000, 0x0020, 0x0000, 0x0000, 0x0000, 0x0000, 0x0000, 0x0000, 0x0000,
  0x0000, 0x0000, 0x0000, 0x0000, 0x0000, 0x0000, 0x0000, 0x0000, 0x0000, 0x0000, 0x0000, 0x0000, 0x0000, 0x0000, 0x0000, 0x0000,
  0x0000, 0x0000, 0x0000, 0x0000, 0x0000, 0x0000, 0x0000, 0x0000, 0x0000, 0x0000, 0x0000, 0x18C3, 0xD6DB, 0x74F6, 0x4C15, 0x4C15,
  0x7D17, 0xBE38, 0x0841, 0x0000, 0x0000, 0x0000, 0x0000, 0x0000, 0x0000, 0x0000, 0x0000, 0x0000, 0x0000, 0x0000, 0x0000, 0x0000,
  0x0000, 0x0000, 0x0000, 0x0000, 0x0000, 0x0000, 0x0000, 0x0000, 0x0000, 0x0000, 0x0000, 0x0000, 0x0000, 0x0000, 0x0000, 0x0000,
  0x0000, 0x0000, 0x0000, 0x0000, 0x0000, 0x0000, 0x0000, 0x0000, 0x0000, 0x0000, 0x0000, 0x0000, 0x0000, 0x0000, 0x0000, 0x0000,
  0x0000, 0x0000, 0x0000, 0x0000, 0x0000, 0x0000, 0x0000, 0x0000, 0x0000, 0x0000, 0x0000, 0x0000, 0x0000, 0x0000, 0x0000, 0x0000,
  0x0000, 0x0000, 0x0000, 0x0000, 0x0000, 0x0000, 0x0000, 0x0000, 0x0000, 0x0000, 0x0000, 0x0000, 0x0000, 0x0000, 0x0000, 0x0000,
  0x0000, 0x0000, 0x0000, 0x0000, 0x0000, 0x0000, 0x0000, 0x0000, 0x0000, 0x0000, 0x0000, 0x0000, 0x0000, 0x0000, 0x0000, 0x0000,
  0x0000, 0x0000, 0x0000, 0x0000, 0x0000, 0x0000, 0x0000, 0x0000, 0x0000, 0x0000, 0x0000, 0x0000, 0x0000, 0x0000, 0x0000, 0x0000,
  0x0000, 0x0000, 0x0000, 0x0000, 0x0000, 0x0000, 0x0000, 0x0000, 0x0000, 0x0000, 0x0000, 0x0000, 0x0000, 0x0000, 0x0000, 0x0000,
  0x0000, 0x0000, 0x0000, 0x0000, 0x0000, 0x0000, 0x0000, 0x0000, 0x0000, 0x0000, 0x0000, 0x0000, 0x0000, 0x0000, 0x0000, 0x0000,
  0x0000, 0x0000, 0x0000, 0x0000, 0x0000, 0x0000, 0x0000, 0x0000, 0x0000, 0x0000, 0x0000, 0x0000, 0x0000, 0x0000, 0x0000, 0x0000,
  0x0000, 0x0000, 0x0000, 0x0000, 0x0000, 0x0000, 0x0000, 0x0000, 0x0000, 0x0000, 0x0000, 0x0000, 0x0000, 0x0000, 0x0000, 0x0000,
  0x0000, 0x0000, 0x0000, 0x0000, 0x0000, 0x0000, 0x0000, 0x0020, 0x0000, 0x52AA, 0xFFF8, 0xEE24, 0xF6C8, 0xFF90, 0xFF71, 0xFF4E,
  0xF685, 0xFE84, 0xFE84, 0xFE64, 0xED42, 0xF64B, 0xB5B3, 0x0000, 0x0000, 0x0000, 0x0000, 0x0000, 0x0000, 0x0000, 0x0000, 0x0000,
  0x0000, 0x0000, 0x0000, 0x0000, 0x0000, 0x0000, 0x0000, 0x0000, 0x0000, 0x0000, 0x0000, 0x0000, 0x0000, 0x0000, 0x0000, 0x0000,
  0x0000, 0x0000, 0x0000, 0x0000, 0x0000, 0x0000, 0x0000, 0x0000, 0x0000, 0x0000, 0x0000, 0xCE78, 0x95D8, 0x3BB4, 0x4415, 0x5455,
  0xCEBA, 0x2103, 0x0000, 0x0000, 0x0000, 0x0000, 0x0000, 0x0000, 0x0000, 0x0000, 0x0000, 0x0000, 0x0000, 0x0000, 0x0000, 0x0000,
  0x0000, 0x0000, 0x0000, 0x0000, 0x0000, 0x0000, 0x0000, 0x0000, 0x0000, 0x0000, 0x0000, 0x0000, 0x0000, 0x0000, 0x0000, 0x0000,
  0x0000, 0x0000, 0x0000, 0x0000, 0x0000, 0x0000, 0x0000, 0x0000, 0x0000, 0x0000, 0x0000, 0x0000, 0x0000, 0x0000, 0x0000, 0x0000,
  0x0000, 0x0000, 0x0000, 0x0000, 0x0000, 0x0000, 0x0000, 0x0000, 0x0000, 0x0000, 0x0000, 0x0000, 0x0000, 0x0000, 0x0000, 0x0000,
  0x0000, 0x0000, 0x0000, 0x0000, 0x0000, 0x0000, 0x0000, 0x0000, 0x0000, 0x0000, 0x0000, 0x0000, 0x0000, 0x0000, 0x0000, 0x0000,
  0x0000, 0x0000, 0x0000, 0x0000, 0x0000, 0x0000, 0x0000, 0x0000, 0x0000, 0x0000, 0x0000, 0x0000, 0x0000, 0x0000, 0x0000, 0x0000,
  0x0000, 0x0000, 0x0000, 0x0000, 0x0000, 0x0000, 0x0000, 0x0000, 0x0000, 0x0000, 0x0000, 0x0000, 0x0000, 0x0000, 0x0000, 0x0000,
  0x0000, 0x0000, 0x0000, 0x0000, 0x0000, 0x0000, 0x0000, 0x0000, 0x0000, 0x0000, 0x0000, 0x0000, 0x0000, 0x0000, 0x0000, 0x0000,
  0x0000, 0x0000, 0x0000, 0x0000, 0x0000, 0x0000, 0x0000, 0x0000, 0x0000, 0x0000, 0x0000, 0x0000, 0x0000, 0x0000, 0x0000, 0x0000,
  0x0000, 0x0000, 0x0000, 0x0000, 0x0000, 0x0000, 0x0000, 0x0000, 0x0000, 0x0000, 0x0000, 0x0000, 0x0000, 0x0000, 0x0000, 0x0000,
  0x0000, 0x0000, 0x0000, 0x0000, 0x0000, 0x0000, 0x0000, 0x0000, 0x0000, 0x0000, 0x0000, 0x0000, 0x0000, 0x0000, 0x0000, 0x0000,
  0x0000, 0x0000, 0x0000, 0x0000, 0x0000, 0x0000, 0x0000, 0x0020, 0x0000, 0x5288, 0xFFB2, 0xF643, 0xF685, 0xFF0B, 0xFF2C, 0xF6C7,
  0xF683, 0xFE84, 0xFE83, 0xFE44, 0xF562, 0xF5E7, 0xCE13, 0x0000, 0x0000, 0x0000, 0x0000, 0x0000, 0x0000, 0x0000, 0x0000, 0x0000,
  0x0000, 0x0000, 0x0000, 0x0000, 0x0000, 0x0000, 0x0000, 0x0000, 0x0000, 0x0000, 0x0000, 0x0000, 0x0000, 0x0000, 0x0000, 0x0000,
  0x0000, 0x0000, 0x0000, 0x0000, 0x0000, 0x0000, 0x0000, 0x0000, 0x0000, 0x0000, 0x94B1, 0xBEBC, 0x3BB3, 0x4C56, 0x3BB3, 0xBEBB,
  0x738D, 0x0000, 0x0020, 0x0000, 0x0000, 0x0000, 0x0000, 0x0000, 0x0000, 0x0000, 0x0000, 0x0000, 0x0000, 0x0000, 0x0000, 0x0000,
  0x0000, 0x0000, 0x0000, 0x0000, 0x0000, 0x0000, 0x0000, 0x0000, 0x0000, 0x0000, 0x0000, 0x0000, 0x0000, 0x0000, 0x0000, 0x0000,
  0x0000, 0x0000, 0x0000, 0x0000, 0x0000, 0x0000, 0x0000, 0x0000, 0x0000, 0x0000, 0x0000, 0x0000, 0x0000, 0x0000, 0x0000, 0x0000,
  0x0000, 0x0000, 0x0000, 0x0000, 0x0000, 0x0000, 0x0000, 0x0000, 0x0000, 0x0000, 0x0000, 0x0000, 0x0000, 0x0000, 0x0000, 0x0000,
  0x0000, 0x0000, 0x0000, 0x0000, 0x0000, 0x0000, 0x0000, 0x0000, 0x0000, 0x0000, 0x0000, 0x0000, 0x0000, 0x0000, 0x0000, 0x0000,
  0x0000, 0x0000, 0x0000, 0x0000, 0x0000, 0x0000, 0x0000, 0x0000, 0x0000, 0x0000, 0x0000, 0x0000, 0x0000, 0x0000, 0x0000, 0x0000,
  0x0000, 0x0000, 0x0000, 0x0000, 0x0000, 0x0000, 0x0000, 0x0000, 0x0000, 0x0000, 0x0000, 0x0000, 0x0000, 0x0000, 0x0000, 0x0000,
  0x0000, 0x0000, 0x0000, 0x0000, 0x0000, 0x0000, 0x0000, 0x0000, 0x0000, 0x0000, 0x0000, 0x0000, 0x0000, 0x0000, 0x0000, 0x0000,
  0x0000, 0x0000, 0x0000, 0x0000, 0x0000, 0x0000, 0x0000, 0x0000, 0x0000, 0x0000, 0x0000, 0x0000, 0x0000, 0x0000, 0x0000, 0x0000,
  0x0000, 0x0000, 0x0000, 0x0000, 0x0000, 0x0000, 0x0000, 0x0000, 0x0000, 0x0000, 0x0000, 0x0000, 0x0000, 0x0000, 0x0000, 0x0000,
  0x0000, 0x0000, 0x0000, 0x0000, 0x0000, 0x0000, 0x0000, 0x0000, 0x0000, 0x0000, 0x0000, 0x0000, 0x0000, 0x0000, 0x0000, 0x0000,
  0x0000, 0x0000, 0x0000, 0x0000, 0x0000, 0x0000, 0x0000, 0x0020, 0x0000, 0x5289, 0xFF91, 0xF643, 0xFE84, 0xF684, 0xF683, 0xF663,
  0xFE83, 0xFE83, 0xFE83, 0xF623, 0xF542, 0xFDE7, 0xC5CF, 0x0000, 0x0000, 0x0000, 0x0000, 0x0000, 0x0000, 0x0000, 0x0000, 0x0000,
  0x0000, 0x0000, 0x0000, 0x0000, 0x0000, 0x0000, 0x0000, 0x0000, 0x0000, 0x0000, 0x0000, 0x0000, 0x0000, 0x0000, 0x0000, 0x0000,
  0x0000, 0x0000, 0x0000, 0x0000, 0x0000, 0x0000, 0x0000, 0x0000, 0x0000, 0x3185, 0xDF5D, 0x43D3, 0x4C36, 0x3BD4, 0x95B8, 0x94D2,
  0x0000, 0x0020, 0x0000, 0x0000, 0x0000, 0x0000, 0x0000, 0x0000, 0x0000, 0x0000, 0x0000, 0x0000, 0x0000, 0x0000, 0x0000, 0x0000,
  0x0000, 0x0000, 0x0000, 0x0000, 0x0000, 0x0000, 0x0000, 0x0000, 0x0000, 0x0000, 0x0000, 0x0000, 0x0000, 0x0000, 0x0000, 0x0000,
  0x0000, 0x0000, 0x0000, 0x0000, 0x0000, 0x0000, 0x0000, 0x0000, 0x0000, 0x0000, 0x0000, 0x0000, 0x0000, 0x0000, 0x0000, 0x0000,
  0x0000, 0x0000, 0x0000, 0x0000, 0x0000, 0x0000, 0x0000, 0x0000, 0x0000, 0x0000, 0x0000, 0x0000, 0x0000, 0x0000, 0x0000, 0x0000,
  0x0000, 0x0000, 0x0000, 0x0000, 0x0000, 0x0000, 0x0000, 0x0000, 0x0000, 0x0000, 0x0000, 0x0000, 0x0000, 0x0000, 0x0000, 0x0000,
  0x0000, 0x0000, 0x0000, 0x0000, 0x0000, 0x0000, 0x0000, 0x0000, 0x0000, 0x0000, 0x0000, 0x0000, 0x0000, 0x0000, 0x0000, 0x0000,
  0x0000, 0x0000, 0x0000, 0x0000, 0x0000, 0x0000, 0x0000, 0x0000, 0x0000, 0x0000, 0x0000, 0x0000, 0x0000, 0x0000, 0x0000, 0x0000,
  0x0000, 0x0000, 0x0000, 0x0000, 0x0000, 0x0000, 0x0000, 0x0000, 0x0000, 0x0000, 0x0000, 0x0000, 0x0000, 0x0000, 0x0000, 0x0000,
  0x0000, 0x0000, 0x0000, 0x0000, 0x0000, 0x0000, 0x0000, 0x0000, 0x0000, 0x0000, 0x0000, 0x0000, 0x0000, 0x0000, 0x0000, 0x0000,
  0x0000, 0x0000, 0x0000, 0x0000, 0x0000, 0x0000, 0x0000, 0x0000, 0x0000, 0x0000, 0x0000, 0x0000, 0x0000, 0x0000, 0x0000, 0x0000,
  0x0000, 0x0000, 0x0000, 0x0000, 0x0000, 0x0000, 0x0000, 0x0000, 0x0000, 0x0000, 0x0000, 0x0000, 0x0000, 0x0000, 0x0000, 0x0000,
  0x0000, 0x0000, 0x0000, 0x0000, 0x0000, 0x0000, 0x0000, 0x0020, 0x0000, 0x52A9, 0xFFB3, 0xF643, 0xFE84, 0xFE84, 0xFE83, 0xFE83,
  0xFE63, 0xFE83, 0xFE84, 0xF5A3, 0xF543, 0xF608, 0xCE34, 0x0000, 0x0000, 0x0000, 0x0000, 0x0000, 0x0000, 0x0000, 0x0000, 0x0000,
  0x0000, 0x0000, 0x0000, 0x0000, 0x0000, 0x0000, 0x0000, 0x0000, 0x0000, 0x0000, 0x0000, 0x0000, 0x0000, 0x0000, 0x0000, 0x0000,
  0x0000, 0x0000, 0x0000, 0x0000, 0x0000, 0x0000, 0x0000, 0x0000, 0x0861, 0xCEBA, 0x6CD6, 0x3BD4, 0x43F5, 0x6CB6, 0xCEBA, 0x1081,
  0x0000, 0x0000, 0x0000, 0x0000, 0x0000, 0x0000, 0x0000, 0x0000, 0x0000, 0x0000, 0x0000, 0x0000, 0x0000, 0x0000, 0x0000, 0x0000,
  0x0000, 0x0000, 0x0000, 0x0000, 0x0000, 0x0000, 0x0000, 0x0000, 0x0000, 0x0000, 0x0000, 0x0000, 0x0000, 0x0000, 0x0000, 0x0000,
  0x0000, 0x0000, 0x0000, 0x0000, 0x0000, 0x0000, 0x0000, 0x0000, 0x0000, 0x0000, 0x0000, 0x0000, 0x0000, 0x0000, 0x0000, 0x0000,
  0x0000, 0x0000, 0x0000, 0x0000, 0x0000, 0x0000, 0x0000, 0x0000, 0x0000, 0x0000, 0x0000, 0x0000, 0x0000, 0x0000, 0x0000, 0x0000,
  0x0000, 0x0000, 0x0000, 0x0000, 0x0000, 0x0000, 0x0000, 0x0000, 0x0000, 0x0000, 0x0000, 0x0000, 0x0000, 0x0000, 0x0000, 0x0000,
  0x0000, 0x0000, 0x0000, 0x0000, 0x0000, 0x0000, 0x0000, 0x0000, 0x0000, 0x0000, 0x0000, 0x0000, 0x0000, 0x0000, 0x0000, 0x0000,
  0x0000, 0x0000, 0x0000, 0x0000, 0x0000, 0x0000, 0x0000, 0x0000, 0x0000, 0x0000, 0x0000, 0x0000, 0x0000, 0x0000, 0x0000, 0x0000,
  0x0000, 0x0000, 0x0000, 0x0000, 0x0000, 0x0000, 0x0000, 0x0000, 0x0000, 0x0000, 0x0000, 0x0000, 0x0000, 0x0000, 0x0000, 0x0000,
  0x0000, 0x0000, 0x0000, 0x0000, 0x0000, 0x0000, 0x0000, 0x0000, 0x0000, 0x0000, 0x0000, 0x0000, 0x0000, 0x0000, 0x0000, 0x0000,
  0x0000, 0x0000, 0x0000, 0x0000, 0x0000, 0x0000, 0x0000, 0x0000, 0x0000, 0x0000, 0x0000, 0x0000, 0x0000, 0x0000, 0x0000, 0x0000,
  0x0000, 0x0000, 0x0000, 0x0000, 0x0000, 0x0000, 0x0000, 0x0000, 0x0000, 0x0000, 0x0000, 0x0000, 0x0000, 0x0000, 0x0000, 0x0000,
  0x0000, 0x0000, 0x0000, 0x0000, 0x0000, 0x0000, 0x0000, 0x0000, 0x0000, 0x2965, 0xFFB6, 0xF666, 0xFE83, 0xFE83, 0xFE83, 0xFE83,
  0xFE83, 0xFE84, 0xF5E3, 0xF543, 0xED43, 0xFEAD, 0xBDD4, 0x0000, 0x0000, 0x0000, 0x0000, 0x0000, 0x0000, 0x0000, 0x0000, 0x0000,
  0x0000, 0x0000, 0x0000, 0x0000, 0x0000, 0x0000, 0x0000, 0x0000, 0x0000, 0x0000, 0x0000, 0x0000, 0x0000, 0x0000, 0x0000, 0x0000,
  0x0000, 0x0000, 0x0000, 0x0000, 0x0000, 0x0000, 0x0020, 0x0020, 0xA554, 0x9DF9, 0x43D4, 0x4C76, 0x43D3, 0xCF1C, 0x4A48, 0x0000,
  0x0000, 0x0000, 0x0000, 0x0000, 0x0000, 0x0000, 0x0000, 0x0000, 0x0000, 0x0000, 0x0000, 0x0000, 0x0000, 0x0000, 0x0000, 0x0000,
  0x0000, 0x0000, 0x0000, 0x0000, 0x0000, 0x0000, 0x0000, 0x0000, 0x0000, 0x0000, 0x0000, 0x0000, 0x0000, 0x0000, 0x0000, 0x0000,
  0x0000, 0x0000, 0x0000, 0x0000, 0x0000, 0x0000, 0x0000, 0x0000, 0x0000, 0x0000, 0x0000, 0x0000, 0x0000, 0x0000, 0x0000, 0x0000,
  0x0000, 0x0000, 0x0000, 0x0000, 0x0000, 0x0000, 0x0000, 0x0000, 0x0000, 0x0000, 0x0000, 0x0000, 0x0000, 0x0000, 0x0000, 0x0000,
  0x0000, 0x0000, 0x0000, 0x0000, 0x0000, 0x0000, 0x0000, 0x0000, 0x0000, 0x0000, 0x0000, 0x0000, 0x0000, 0x0000, 0x0000, 0x0000,
  0x0000, 0x0000, 0x0000, 0x0000, 0x0000, 0x0000, 0x0000, 0x0000, 0x0000, 0x0000, 0x0000, 0x0000, 0x0000, 0x0000, 0x0000, 0x0000,
  0x0000, 0x0000, 0x0000, 0x0000, 0x0000, 0x0000, 0x0000, 0x0000, 0x0000, 0x0000, 0x0000, 0x0000, 0x0000, 0x0000, 0x0000, 0x0000,
  0x0000, 0x0000, 0x0000, 0x0000, 0x0000, 0x0000, 0x0000, 0x0000, 0x0000, 0x0000, 0x0000, 0x0000, 0x0000, 0x0000, 0x0000, 0x0000,
  0x0000, 0x0000, 0x0000, 0x0000, 0x0000, 0x0000, 0x0000, 0x0000, 0x0000, 0x0000, 0x0000, 0x0000, 0x0000, 0x0000, 0x0000, 0x0000,
  0x0000, 0x0000, 0x0000, 0x0000, 0x0000, 0x0000, 0x0000, 0x0000, 0x0000, 0x0000, 0x0000, 0x0000, 0x0000, 0x0000, 0x0000, 0x0000,
  0x0000, 0x0000, 0x0000, 0x0000, 0x0000, 0x0000, 0x0000, 0x0000, 0x0000, 0x0000, 0x0000, 0x0000, 0x0000, 0x0000, 0x0000, 0x0000,
  0x0000, 0x0000, 0x0000, 0x0000, 0x0000, 0x0000, 0x0000, 0x0000, 0x0000, 0x0000, 0xB592, 0xF6CD, 0xEDC2, 0xFE64, 0xFE64, 0xFE64,
  0xFE24, 0xF5A3, 0xF543, 0xF562, 0xE544, 0xFFB6, 0x840E, 0x0000, 0x0020, 0x0000, 0x0000, 0x0000, 0x0000, 0x0000, 0x0000, 0x0000,
  0x0000, 0x0000, 0x0000, 0x0000, 0x0000, 0x0000, 0x0000, 0x0000, 0x0000, 0x0000, 0x0000, 0x0000, 0x0000, 0x0000, 0x0000, 0x0000,
  0x0000, 0x0000, 0x0000, 0x0000, 0x0000, 0x0020, 0x0000, 0x73AE, 0xCF5E, 0x43D3, 0x5497, 0x43D4, 0xB69B, 0x6B4C, 0x0000, 0x0020,
  0x0000, 0x0000, 0x0000, 0x0000, 0x0000, 0x0000, 0x0000, 0x0000, 0x0000, 0x0000, 0x0000, 0x0000, 0x0000, 0x0000, 0x0000, 0x0000,
  0x0000, 0x0000, 0x0000, 0x0000, 0x0000, 0x0000, 0x0000, 0x0000, 0x0000, 0x0000, 0x0000, 0x0000, 0x0000, 0x0000, 0x0000, 0x0000,
  0x0000, 0x0000, 0x0000, 0x0000, 0x0000, 0x0000, 0x0000, 0x0000, 0x0000, 0x0000, 0x0000, 0x0000, 0x0000, 0x0000, 0x0000, 0x0000,
  0x0000, 0x0000, 0x0000, 0x0000, 0x0000, 0x0000, 0x0000, 0x0000, 0x0000, 0x0000, 0x0000, 0x0000, 0x0000, 0x0000, 0x0000, 0x0000,
  0x0000, 0x0000, 0x0000, 0x0000, 0x0000, 0x0000, 0x0000, 0x0000, 0x0000, 0x0000, 0x0000, 0x0000, 0x0000, 0x0000, 0x0000, 0x0000,
  0x0000, 0x0000, 0x0000, 0x0000, 0x0000, 0x0000, 0x0000, 0x0000, 0x0000, 0x0000, 0x0000, 0x0000, 0x0000, 0x0000, 0x0000, 0x0000,
  0x0000, 0x0000, 0x0000, 0x0000, 0x0000, 0x0000, 0x0000, 0x0000, 0x0000, 0x0000, 0x0000, 0x0000, 0x0000, 0x0000, 0x0000, 0x0000,
  0x0000, 0x0000, 0x0000, 0x0000, 0x0000, 0x0000, 0x0000, 0x0000, 0x0000, 0x0000, 0x0000, 0x0000, 0x0000, 0x0000, 0x0000, 0x0000,
  0x0000, 0x0000, 0x0000, 0x0000, 0x0000, 0x0000, 0x0000, 0x0000, 0x0000, 0x0000, 0x0000, 0x0000, 0x0000, 0x0000, 0x0000, 0x0000,
  0x0000, 0x0000, 0x0000, 0x0000, 0x0000, 0x0000, 0x0000, 0x0000, 0x0000, 0x0000, 0x0000, 0x0000, 0x0000, 0x0000, 0x0000, 0x0000,
  0x0000, 0x0000, 0x0000, 0x0000, 0x0000, 0x0000, 0x0000, 0x0000, 0x0000, 0x0000, 0x0000, 0x0000, 0x0000, 0x0000, 0x0000, 0x0000,
  0x0000, 0x0000, 0x0000, 0x0000, 0x0000, 0x0000, 0x0000, 0x0000, 0x0000, 0x0000, 0x2124, 0xF756, 0xEE09, 0xED21, 0xED62, 0xED63,
  0xED43, 0xED22, 0xED42, 0xF585, 0xA4CB, 0x84F4, 0xEF7D, 0x3186, 0x0000, 0x0000, 0x0000, 0x0000, 0x0000, 0x0000, 0x0000, 0x0000,
  0x0000, 0x0000, 0x0000, 0x0000, 0x0000, 0x0000, 0x0000, 0x0000, 0x0000, 0x0000, 0x0000, 0x0000, 0x0000, 0x0000, 0x0000, 0x0000,
  0x0000, 0x0000, 0x0000, 0x0000, 0x0000, 0x0000, 0x2945, 0xCEFB, 0x5C75, 0x4C56, 0x43F4, 0x8557, 0xC618, 0x0000, 0x0000, 0x0000,
  0x0000, 0x0000, 0x0000, 0x0000, 0x0000, 0x0000, 0x0000, 0x0000, 0x0000, 0x0000, 0x0000, 0x0000, 0x0000, 0x0000, 0x0000, 0x0000,
  0x0000, 0x0000, 0x0000, 0x0000, 0x0000, 0x0000, 0x0000, 0x0000, 0x0000, 0x0000, 0x0000, 0x0000, 0x0000, 0x0000, 0x0000, 0x0000,
  0x0000, 0x0000, 0x0000, 0x0000, 0x0000, 0x0000, 0x0000, 0x0000, 0x0000, 0x0000, 0x0000, 0x0000, 0x0000, 0x0000, 0x0000, 0x0000,
  0x0000, 0x0000, 0x0000, 0x0000, 0x0000, 0x0000, 0x0000, 0x0000, 0x0000, 0x0000, 0x0000, 0x0000, 0x0000, 0x0000, 0x0000, 0x0000,
  0x0000, 0x0000, 0x0000, 0x0000, 0x0000, 0x0000, 0x0000, 0x0000, 0x0000, 0x0000, 0x0000, 0x0000, 0x0000, 0x0000, 0x0000, 0x0000,
  0x0000, 0x0000, 0x0000, 0x0000, 0x0000, 0x0000, 0x0000, 0x0000, 0x0000, 0x0000, 0x0000, 0x0000, 0x0000, 0x0000, 0x0000, 0x0000,
  0x0000, 0x0000, 0x0000, 0x0000, 0x0000, 0x0000, 0x0000, 0x0000, 0x0000, 0x0000, 0x0000, 0x0000, 0x0000, 0x0000, 0x0000, 0x0000,
  0x0000, 0x0000, 0x0000, 0x0000, 0x0000, 0x0000, 0x0000, 0x0000, 0x0000, 0x0000, 0x0000, 0x0000, 0x0000, 0x0000, 0x0000, 0x0000,
  0x0000, 0x0000, 0x0000, 0x0000, 0x0000, 0x0000, 0x0000, 0x0000, 0x0000, 0x0000, 0x0000, 0x0000, 0x0000, 0x0000, 0x0000, 0x0000,
  0x0000, 0x0000, 0x0000, 0x0000, 0x0000, 0x0000, 0x0000, 0x0000, 0x0000, 0x0000, 0x0000, 0x0000, 0x0000, 0x0000, 0x0000, 0x0000,
  0x0000, 0x0000, 0x0000, 0x0000, 0x0000, 0x0000, 0x0000, 0x0000, 0x0000, 0x0000, 0x0000, 0x0000, 0x0000, 0x0000, 0x0000, 0x0000,
  0x0000, 0x0000, 0x0000, 0x0000, 0x0000, 0x0000, 0x0000, 0x0000, 0x0000, 0x0000, 0x0000, 0x2965, 0xD675, 0xFECF, 0xFE28, 0xF5A5,
  0xF5A5, 0xF5C6, 0xEDEA, 0x8C4C, 0x5413, 0x43D3, 0x9E1A, 0xBE18, 0x0841, 0x0020, 0x0000, 0x0000, 0x0000, 0x0000, 0x0000, 0x0000,
  0x0000, 0x0000, 0x0000, 0x0000, 0x0000, 0x0000, 0x0000, 0x0000, 0x0000, 0x0000, 0x0000, 0x0000, 0x0000, 0x0000, 0x0000, 0x0000,
  0x0000, 0x0000, 0x0000, 0x0000, 0x0000, 0x0000, 0xD6FA, 0x8578, 0x4415, 0x4C35, 0x6CB6, 0xCE9A, 0x0841, 0x0000, 0x0000, 0x0000,
  0x0000, 0x0000, 0x0000, 0x0000, 0x0000, 0x0000, 0x0000, 0x0000, 0x0000, 0x0000, 0x0000, 0x0000, 0x0000, 0x0000, 0x0000, 0x0000,
  0x0000, 0x0000, 0x0000, 0x0000, 0x0000, 0x0000, 0x0000, 0x0000, 0x0000, 0x0000, 0x0000, 0x0000, 0x0000, 0x0000, 0x0000, 0x0000,
  0x0000, 0x0000, 0x0000, 0x0000, 0x0000, 0x0000, 0x0000, 0x0000, 0x0000, 0x0000, 0x0000, 0x0000, 0x0000, 0x0000, 0x0000, 0x0000,
  0x0000, 0x0000, 0x0000, 0x0000, 0x0000, 0x0000, 0x0000, 0x0000, 0x0000, 0x0000, 0x0000, 0x0000, 0x0000, 0x0000, 0x0000, 0x0000,
  0x0000, 0x0000, 0x0000, 0x0000, 0x0000, 0x0000, 0x0000, 0x0000, 0x0000, 0x0000, 0x0000, 0x0000, 0x0000, 0x0000, 0x0000, 0x0000,
  0x0000, 0x0000, 0x0000, 0x0000, 0x0000, 0x0000, 0x0000, 0x0000, 0x0000, 0x0000, 0x0000, 0x0000, 0x0000, 0x0000, 0x0000, 0x0000,
  0x0000, 0x0000, 0x0000, 0x0000, 0x0000, 0x0000, 0x0000, 0x0000, 0x0000, 0x0000, 0x0000, 0x0000, 0x0000, 0x0000, 0x0000, 0x0000,
  0x0000, 0x0000, 0x0000, 0x0000, 0x0000, 0x0000, 0x0000, 0x0000, 0x0000, 0x0000, 0x0000, 0x0000, 0x0000, 0x0000, 0x0000, 0x0000,
  0x0000, 0x0000, 0x0000, 0x0000, 0x0000, 0x0000, 0x0000, 0x0000, 0x0000, 0x0000, 0x0000, 0x0000, 0x0000, 0x0000, 0x0000, 0x0000,
  0x0000, 0x0000, 0x0000, 0x0000, 0x0000, 0x0000, 0x0000, 0x0000, 0x0000, 0x0000, 0x0000, 0x0000, 0x0000, 0x0000, 0x0000, 0x0000,
  0x0000, 0x0000, 0x0000, 0x0000, 0x0000, 0x0000, 0x0000, 0x0000, 0x0000, 0x0000, 0x0000, 0x0000, 0x0000, 0x0000, 0x0000, 0x0000,
  0x0000, 0x0000, 0x0000, 0x0000, 0x0000, 0x0000, 0x0000, 0x0000, 0x0000, 0x0000, 0x0000, 0x0000, 0x0021, 0x4A68, 0x7BEC, 0xBD6E,
  0xC5AF, 0xC5D1, 0xD6B6, 0x9598, 0x43D4, 0x5476, 0x43D3, 0xB69B, 0xB5B6, 0x0000, 0x0020, 0x0000, 0x0000, 0x0000, 0x0000, 0x0000,
  0x0000, 0x0000, 0x0000, 0x0000, 0x0000, 0x0000, 0x0000, 0x0000, 0x0000, 0x0000, 0x0000, 0x0000, 0x0000, 0x0000, 0x0000, 0x0000,
  0x0000, 0x0000, 0x0000, 0x0000, 0x0000, 0x9492, 0x9E1A, 0x43F4, 0x5476, 0x4C14, 0xC6BB, 0x4A49, 0x0000, 0x0000, 0x0000, 0x0000,
  0x0000, 0x0000, 0x0000, 0x0000, 0x0000, 0x0000, 0x0000, 0x0000, 0x0000, 0x0000, 0x0000, 0x0000, 0x0000, 0x0000, 0x0000, 0x0000,
  0x0000, 0x0000, 0x0000, 0x0000, 0x0000, 0x0000, 0x0000, 0x0000, 0x0000, 0x0000, 0x0000, 0x0000, 0x0000, 0x0000, 0x0000, 0x0000,
  0x0000, 0x0000, 0x0000, 0x0000, 0x0000, 0x0000, 0x0000, 0x0000, 0x0000, 0x0000, 0x0000, 0x0000, 0x0000, 0x0000, 0x0000, 0x0000,
  0x0000, 0x0000, 0x0000, 0x0000, 0x0000, 0x0000, 0x0000, 0x0000, 0x0000, 0x0000, 0x0000, 0x0000, 0x0000, 0x0000, 0x0000, 0x0000,
  0x0000, 0x0000, 0x0000, 0x0000, 0x0000, 0x0000, 0x0000, 0x0000, 0x0000, 0x0000, 0x0000, 0x0000, 0x0000, 0x0000, 0x0000, 0x0000,
  0x0000, 0x0000, 0x0000, 0x0000, 0x0000, 0x0000, 0x0000, 0x0000, 0x0000, 0x0000, 0x0000, 0x0000, 0x0000, 0x0000, 0x0000, 0x0000,
  0x0000, 0x0000, 0x0000, 0x0000, 0x0000, 0x0000, 0x0000, 0x0000, 0x0000, 0x0000, 0x0000, 0x0000, 0x0000, 0x0000, 0x0000, 0x0000,
  0x0000, 0x0000, 0x0000, 0x0000, 0x0000, 0x0000, 0x0000, 0x0000, 0x0000, 0x0000, 0x0000, 0x0000, 0x0000, 0x0000, 0x0000, 0x0000,
  0x0000, 0x0000, 0x0000, 0x0000, 0x0000, 0x0000, 0x0000, 0x0000, 0x0000, 0x0000, 0x0000, 0x0000, 0x0000, 0x0000, 0x0000, 0x0000,
  0x0000, 0x0000, 0x0000, 0x0000, 0x0000, 0x0000, 0x0000, 0x0000, 0x0000, 0x0000, 0x0000, 0x0000, 0x0000, 0x0000, 0x0000, 0x0000,
  0x0000, 0x0000, 0x0000, 0x0000, 0x0000, 0x0000, 0x0000, 0x0000, 0x0000, 0x0000, 0x0000, 0x0000, 0x0000, 0x0000, 0x0000, 0x0000,
  0x0000, 0x0000, 0x0000, 0x0000, 0x0000, 0x0000, 0x0000, 0x0000, 0x0000, 0x0000, 0x0000, 0x0000, 0x0000, 0x0000, 0x0000, 0x0000,
  0x0000, 0x0000, 0x0841, 0xC658, 0x95B9, 0x43F4, 0x5476, 0x4BF3, 0xCEFC, 0x8C50, 0x0000, 0x0020, 0x0000, 0x0000, 0x0000, 0x0000,
  0x0000, 0x0000, 0x0000, 0x0000, 0x0000, 0x0000, 0x0000, 0x0000, 0x0000, 0x0000, 0x0000, 0x0000, 0x0000, 0x0000, 0x0000, 0x0000,
  0x0000, 0x0000, 0x0000, 0x0000, 0x5AEB, 0xD75E, 0x43D3, 0x5497, 0x43F4, 0xAE5A, 0x6B6D, 0x0000, 0x0020, 0x0000, 0x0000, 0x0000,
  0x0000, 0x0000, 0x0000, 0x0000, 0x0000, 0x0000, 0x0000, 0x0000, 0x0000, 0x0000, 0x0000, 0x0000, 0x0000, 0x0000, 0x0000, 0x0000,
  0x0000, 0x0000, 0x0000, 0x0000, 0x0000, 0x0000, 0x0000, 0x0000, 0x0000, 0x0000, 0x0000, 0x0000, 0x0000, 0x0000, 0x0000, 0x0000,
  0x0000, 0x0000, 0x0000, 0x0000, 0x0000, 0x0000, 0x0000, 0x0000, 0x0000, 0x0000, 0x0000, 0x0000, 0x0000, 0x0000, 0x0000, 0x0000,
  0x0000, 0x0000, 0x0000, 0x0000, 0x0000, 0x0000, 0x0000, 0x0000, 0x0000, 0x0000, 0x0000, 0x0000, 0x0000, 0x0000, 0x0000, 0x0000,
  0x0000, 0x0000, 0x0000, 0x0000, 0x0000, 0x0000, 0x0000, 0x0000, 0x0000, 0x0000, 0x0000, 0x0000, 0x0000, 0x0000, 0x0000, 0x0000,
  0x0000, 0x0000, 0x0000, 0x0000, 0x0000, 0x0000, 0x0000, 0x0000, 0x0000, 0x0000, 0x0000, 0x0000, 0x0000, 0x0000, 0x0000, 0x0000,
  0x0000, 0x0000, 0x0000, 0x0000, 0x0000, 0x0000, 0x0000, 0x0000, 0x0000, 0x0000, 0x0000, 0x0000, 0x0000, 0x0000, 0x0000, 0x0000,
  0x0000, 0x0000, 0x0000, 0x0000, 0x0000, 0x0000, 0x0000, 0x0000, 0x0000, 0x0000, 0x0000, 0x0000, 0x0000, 0x0000, 0x0000, 0x0000,
  0x0000, 0x0000, 0x0000, 0x0000, 0x0000, 0x0000, 0x0000, 0x0000, 0x0000, 0x0000, 0x0000, 0x0000, 0x0000, 0x0000, 0x0000, 0x0000,
  0x0000, 0x0000, 0x0000, 0x0000, 0x0000, 0x0000, 0x0000, 0x0000, 0x0000, 0x0000, 0x0000, 0x0000, 0x0000, 0x0000, 0x0000, 0x0000,
  0x0000, 0x0000, 0x0000, 0x0000, 0x0000, 0x0000, 0x0000, 0x0000, 0x0000, 0x0000, 0x0000, 0x0000, 0x0000, 0x0000, 0x0000, 0x0000,
  0x0000, 0x0000, 0x0000, 0x0000, 0x0000, 0x0000, 0x0000, 0x0000, 0x0000, 0x0000, 0x0000, 0x0000, 0x0000, 0x0000, 0x0020, 0x0000,
  0x0000, 0x0000, 0x0000, 0x2945, 0xDF1B, 0x74F7, 0x4C15, 0x5456, 0x5434, 0xD75D, 0x4A69, 0x0000, 0x0020, 0x0000, 0x0000, 0x0000,
  0x0000, 0x0000, 0x0000, 0x0000, 0x0000, 0x0000, 0x0000, 0x0000, 0x0000, 0x0000, 0x0000, 0x0000, 0x0000, 0x0000, 0x0000, 0x0000,
  0x0000, 0x0000, 0x0000, 0x2965, 0xD71C, 0x5C75, 0x4415, 0x4414, 0x8578, 0xB5B6, 0x0000, 0x0020, 0x0000, 0x0000, 0x0000, 0x0000,
  0x0000, 0x0000, 0x0000, 0x0000, 0x0000, 0x0000, 0x0000, 0x0000, 0x0000, 0x0000, 0x0000, 0x0000, 0x0000, 0x0000, 0x0000, 0x0000,
  0x0000, 0x0000, 0x0000, 0x0000, 0x0000, 0x0000, 0x0000, 0x0000, 0x0000, 0x0000, 0x0000, 0x0000, 0x0000, 0x0000, 0x0000, 0x0000,
  0x0000, 0x0000, 0x0000, 0x0000, 0x0000, 0x0000, 0x0000, 0x0000, 0x0000, 0x0000, 0x0000, 0x0000, 0x0000, 0x0000, 0x0000, 0x0000,
  0x0000, 0x0000, 0x0000, 0x0000, 0x0000, 0x0000, 0x0000, 0x0000, 0x0000, 0x0000, 0x0000, 0x0000, 0x0000, 0x0000, 0x0000, 0x0000,
  0x0000, 0x0000, 0x0000, 0x0000, 0x0000, 0x0000, 0x0000, 0x0000, 0x0000, 0x0000, 0x0000, 0x0000, 0x0000, 0x0000, 0x0000, 0x0000,
  0x0000, 0x0000, 0x0000, 0x0000, 0x0000, 0x0000, 0x0000, 0x0000, 0x0000, 0x0000, 0x0000, 0x0000, 0x0000, 0x0000, 0x0000, 0x0000,
  0x0000, 0x0000, 0x0000, 0x0000, 0x0000, 0x0000, 0x0000, 0x0000, 0x0000, 0x0000, 0x0000, 0x0000, 0x0000, 0x0000, 0x0000, 0x0000,
  0x0000, 0x0000, 0x0000, 0x0000, 0x0000, 0x0000, 0x0000, 0x0000, 0x0000, 0x0000, 0x0000, 0x0000, 0x0000, 0x0000, 0x0000, 0x0000,
  0x0000, 0x0000, 0x0000, 0x0000, 0x0000, 0x0000, 0x0000, 0x0000, 0x0000, 0x0000, 0x0000, 0x0000, 0x0000, 0x0000, 0x0000, 0x0000,
  0x0000, 0x0000, 0x0000, 0x0000, 0x0000, 0x0000, 0x0000, 0x0000, 0x0000, 0x0000, 0x0000, 0x0000, 0x0000, 0x0000, 0x0000, 0x0000,
  0x0000, 0x0000, 0x0000, 0x0000, 0x0000, 0x0000, 0x0000, 0x0000, 0x0000, 0x0000, 0x0000, 0x0000, 0x0000, 0x0000, 0x0000, 0x0000,
  0x0000, 0x0000, 0x0000, 0x0000, 0x0000, 0x0000, 0x0000, 0x0000, 0x0000, 0x0000, 0x0000, 0x0000, 0x0000, 0x0000, 0x0000, 0x0000,
  0x0000, 0x0000, 0x0000, 0x0000, 0x2945, 0xBE7A, 0x5455, 0x4C36, 0x4BF5, 0x6475, 0xE79D, 0x2144, 0x0000, 0x0000, 0x0000, 0x0000,
  0x0000, 0x0000, 0x0000, 0x0000, 0x0000, 0x0000, 0x0000, 0x0000, 0x0000, 0x0000, 0x0000, 0x0000, 0x0000, 0x0000, 0x0000, 0x0000,
  0x0000, 0x0020, 0x0000, 0xAD95, 0x8D98, 0x3BD4, 0x4C35, 0x5C95, 0xADF8, 0x10A2, 0x0000, 0x0000, 0x0000, 0x0000, 0x0000, 0x0000,
  0x0000, 0x0000, 0x0000, 0x0000, 0x0000, 0x0000, 0x0000, 0x0000, 0x0000, 0x0000, 0x0000, 0x0000, 0x0000, 0x0000, 0x0000, 0x0000,
  0x0000, 0x0000, 0x0000, 0x0000, 0x0000, 0x0000, 0x0000, 0x0000, 0x0000, 0x0000, 0x0000, 0x0000, 0x0000, 0x0000, 0x0000, 0x0000,
  0x0000, 0x0000, 0x0000, 0x0000, 0x0000, 0x0000, 0x0000, 0x0000, 0x0000, 0x0000, 0x0000, 0x0000, 0x0000, 0x0000, 0x0000, 0x0000,
  0x0000, 0x0000, 0x0000, 0x0000, 0x0000, 0x0000, 0x0000, 0x0000, 0x0000, 0x0000, 0x0000, 0x0000, 0x0000, 0x0000, 0x0000, 0x0000,
  0x0000, 0x0000, 0x0000, 0x0000, 0x0000, 0x0000, 0x0000, 0x0000, 0x0000, 0x0000, 0x0000, 0x0000, 0x0000, 0x0000, 0x0000, 0x0000,
  0x0000, 0x0000, 0x0000, 0x0000, 0x0000, 0x0000, 0x0000, 0x0000, 0x0000, 0x0000, 0x0000, 0x0000, 0x0000, 0x0000, 0x0000, 0x0000,
  0x0000, 0x0000, 0x0000, 0x0000, 0x0000, 0x0000, 0x0000, 0x0000, 0x0000, 0x0000, 0x0000, 0x0000, 0x0000, 0x0000, 0x0000, 0x0000,
  0x0000, 0x0000, 0x0000, 0x0000, 0x0000, 0x0000, 0x0000, 0x0000, 0x0000, 0x0000, 0x0000, 0x0000, 0x0000, 0x0000, 0x0000, 0x0000,
  0x0000, 0x0000, 0x0000, 0x0000, 0x0000, 0x0000, 0x0000, 0x0000, 0x0000, 0x0000, 0x0000, 0x0000, 0x0000, 0x0000, 0x0000, 0x0000,
  0x0000, 0x0000, 0x0000, 0x0000, 0x0000, 0x0000, 0x0000, 0x0000, 0x0000, 0x0000, 0x0000, 0x0000, 0x0000, 0x0000, 0x0000, 0x0000,
  0x0000, 0x0000, 0x0000, 0x0000, 0x0000, 0x0000, 0x0000, 0x0000, 0x0000, 0x0000, 0x0000, 0x0000, 0x0000, 0x0000, 0x0000, 0x0000,
  0x0000, 0x0000, 0x0000, 0x0000, 0x0000, 0x0000, 0x0000, 0x0000, 0x0000, 0x0000, 0x0000, 0x0000, 0x0000, 0x0000, 0x0000, 0x0000,
  0x0000, 0x0000, 0x0000, 0x0020, 0x0000, 0x39C6, 0xBEBB, 0x43F4, 0x4C36, 0x43F5, 0x7D17, 0xC679, 0x10A2, 0x0000, 0x0000, 0x0000,
  0x0000, 0x0000, 0x0000, 0x0000, 0x0000, 0x0000, 0x0000, 0x0000, 0x0000, 0x0000, 0x0000, 0x0000, 0x0000, 0x0000, 0x0000, 0x0000,
  0x0000, 0x0000, 0x5AEB, 0xAE19, 0x43B3, 0x4C56, 0x43F3, 0xA5D8, 0x2944, 0x0000, 0x0000, 0x0000, 0x0000, 0x0000, 0x0000, 0x0000,
  0x0000, 0x0000, 0x0000, 0x0000, 0x0000, 0x0000, 0x0000, 0x0000, 0x0000, 0x0000, 0x0000, 0x0000, 0x0000, 0x0000, 0x0000, 0x0000,
  0x0000, 0x0000, 0x0000, 0x0000, 0x0000, 0x0000, 0x0000, 0x0000, 0x0000, 0x0000, 0x0000, 0x0000, 0x0000, 0x0000, 0x0000, 0x0000,
  0x0000, 0x0000, 0x0000, 0x0000, 0x0000, 0x0000, 0x0000, 0x0000, 0x0000, 0x0000, 0x0000, 0x0000, 0x0000, 0x0000, 0x0000, 0x0000,
  0x0000, 0x0000, 0x0000, 0x0000, 0x0000, 0x0000, 0x0000, 0x0000, 0x0000, 0x0000, 0x0000, 0x0000, 0x0000, 0x0000, 0x0000, 0x0000,
  0x0000, 0x0000, 0x0000, 0x0000, 0x0000, 0x0000, 0x0000, 0x0000, 0x0000, 0x0000, 0x0000, 0x0000, 0x0000, 0x0000, 0x0000, 0x0000,
  0x0000, 0x0000, 0x0000, 0x0000, 0x0000, 0x0000, 0x0000, 0x0000, 0x0000, 0x0000, 0x0000, 0x0000, 0x0000, 0x0000, 0x0000, 0x0000,
  0x0000, 0x0000, 0x0000, 0x0000, 0x0000, 0x0000, 0x0000, 0x0000, 0x0000, 0x0000, 0x0000, 0x0000, 0x0000, 0x0000, 0x0000, 0x0000,
  0x0000, 0x0000, 0x0000, 0x0000, 0x0000, 0x0000, 0x0000, 0x0000, 0x0000, 0x0000, 0x0000, 0x0000, 0x0000, 0x0000, 0x0000, 0x0000,
  0x0000, 0x0000, 0x0000, 0x0000, 0x0000, 0x0000, 0x0000, 0x0000, 0x0000, 0x0000, 0x0000, 0x0000, 0x0000, 0x0000, 0x0000, 0x0000,
  0x0000, 0x0000, 0x0000, 0x0000, 0x0000, 0x0000, 0x0000, 0x0000, 0x0000, 0x0000, 0x0000, 0x0000, 0x0000, 0x0000, 0x0000, 0x0000,
  0x0000, 0x0000, 0x0000, 0x0000, 0x0000, 0x0000, 0x0000, 0x0000, 0x0000, 0x0000, 0x0000, 0x0000, 0x0000, 0x0000, 0x0000, 0x0000,
  0x0000, 0x0000, 0x0000, 0x0000, 0x0000, 0x0000, 0x0000, 0x0000, 0x0000, 0x0000, 0x0000, 0x0000, 0x0000, 0x0000, 0x0000, 0x0000,
  0x0000, 0x0000, 0x0000, 0x0000, 0x0020, 0x0000, 0x4A69, 0xA61A, 0x43D4, 0x5477, 0x43F4, 0x9E1A, 0xA554, 0x0000, 0x0020, 0x0000,
  0x0000, 0x0000, 0x0000, 0x0000, 0x0000, 0x0000, 0x0000, 0x0000, 0x0000, 0x0000, 0x0000, 0x0000, 0x0000, 0x0000, 0x0000, 0x0000,
  0x0000, 0x4207, 0xD73C, 0x5434, 0x4C35, 0x3BB3, 0x9DD9, 0x6B6D, 0x0000, 0x0020, 0x0000, 0x0000, 0x0000, 0x0000, 0x0000, 0x0000,
  0x0000, 0x0000, 0x0000, 0x0000, 0x0000, 0x0000, 0x0000, 0x0000, 0x0000, 0x0000, 0x0000, 0x0000, 0x0000, 0x0000, 0x0000, 0x0000,
  0x0000, 0x0000, 0x0000, 0x0000, 0x0000, 0x0000, 0x0000, 0x0000, 0x0000, 0x0000, 0x0000, 0x0000, 0x0000, 0x0000, 0x0000, 0x0000,
  0x0000, 0x0000, 0x0000, 0x0000, 0x0000, 0x0000, 0x0000, 0x0000, 0x0000, 0x0000, 0x0000, 0x0000, 0x0000, 0x0000, 0x0000, 0x0000,
  0x0000, 0x0000, 0x0000, 0x0000, 0x0000, 0x0000, 0x0000, 0x0000, 0x0000, 0x0000, 0x0000, 0x0000, 0x0000, 0x0000, 0x0000, 0x0000,
  0x0000, 0x0000, 0x0000, 0x0000, 0x0000, 0x0000, 0x0000, 0x0000, 0x0000, 0x0000, 0x0000, 0x0000, 0x0000, 0x0000, 0x0000, 0x0000,
  0x0000, 0x0000, 0x0000, 0x0000, 0x0000, 0x0000, 0x0000, 0x0000, 0x0000, 0x0000, 0x0000, 0x0000, 0x0000, 0x0000, 0x0000, 0x0000,
  0x0000, 0x0000, 0x0000, 0x0000, 0x0000, 0x0000, 0x0000, 0x0000, 0x0000, 0x0000, 0x0000, 0x0000, 0x0000, 0x0000, 0x0000, 0x0000,
  0x0000, 0x0000, 0x0000, 0x0000, 0x0000, 0x0000, 0x0000, 0x0000, 0x0000, 0x0000, 0x0000, 0x0000, 0x0000, 0x0000, 0x0000, 0x0000,
  0x0000, 0x0000, 0x0000, 0x0000, 0x0000, 0x0000, 0x0000, 0x0000, 0x0000, 0x0000, 0x0000, 0x0000, 0x0000, 0x0000, 0x0000, 0x0000,
  0x0000, 0x0000, 0x0000, 0x0000, 0x0000, 0x0000, 0x0000, 0x0000, 0x0000, 0x0000, 0x0000, 0x0000, 0x0000, 0x0000, 0x0000, 0x0000,
  0x0000, 0x0000, 0x0000, 0x0000, 0x0000, 0x0000, 0x0000, 0x0000, 0x0000, 0x0000, 0x0000, 0x0000, 0x0000, 0x0000, 0x0000, 0x0000,
  0x0000, 0x0000, 0x0000, 0x0000, 0x0000, 0x0000, 0x0000, 0x0000, 0x0000, 0x0000, 0x0000, 0x0000, 0x0000, 0x0000, 0x0000, 0x0000,
  0x0000, 0x0000, 0x0000, 0x0000, 0x0000, 0x0000, 0x0000, 0x630C, 0x95D9, 0x4415, 0x5CB7, 0x4BF4, 0xAE39, 0x842F, 0x0000, 0x0000,
  0x0000, 0x0000, 0x0000, 0x0000, 0x0000, 0x0000, 0x0000, 0x0000, 0x0000, 0x0000, 0x0000, 0x0000, 0x0000, 0x0000, 0x0000, 0x0000,
  0x2124, 0xE79D, 0x74F6, 0x4C55, 0x4415, 0x74F6, 0x94F3, 0x0000, 0x0020, 0x0000, 0x0000, 0x0000, 0x0000, 0x0000, 0x0000, 0x0000,
  0x0000, 0x0000, 0x0000, 0x0000, 0x0000, 0x0000, 0x0000, 0x0000, 0x0000, 0x0000, 0x0000, 0x0000, 0x0000, 0x0000, 0x0000, 0x0000,
  0x0000, 0x0000, 0x0000, 0x0000, 0x0000, 0x0000, 0x0000, 0x0000, 0x0000, 0x0000, 0x0000, 0x0000, 0x0000, 0x0000, 0x0000, 0x0000,
  0x0000, 0x0000, 0x0000, 0x0000, 0x0000, 0x0000, 0x0000, 0x0000, 0x0000, 0x0000, 0x0000, 0x0000, 0x0000, 0x0000, 0x0000, 0x0000,
  0x0000, 0x0000, 0x0000, 0x0000, 0x0000, 0x0000, 0x0000, 0x0000, 0x0000, 0x0000, 0x0000, 0x0000, 0x0000, 0x0000, 0x0000, 0x0000,
  0x0000, 0x0000, 0x0000, 0x0000, 0x0000, 0x0000, 0x0000, 0x0000, 0x0000, 0x0000, 0x0000, 0x0000, 0x0000, 0x0000, 0x0000, 0x0000,
  0x0000, 0x0000, 0x0000, 0x0000, 0x0000, 0x0000, 0x0000, 0x0000, 0x0000, 0x0000, 0x0000, 0x0000, 0x0000, 0x0000, 0x0000, 0x0000,
  0x0000, 0x0000, 0x0000, 0x0000, 0x0000, 0x0000, 0x0000, 0x0000, 0x0000, 0x0000, 0x0000, 0x0000, 0x0000, 0x0000, 0x0000, 0x0000,
  0x0000, 0x0000, 0x0000, 0x0000, 0x0000, 0x0000, 0x0000, 0x0000, 0x0000, 0x0000, 0x0000, 0x0000, 0x0000, 0x0000, 0x0000, 0x0000,
  0x0000, 0x0000, 0x0000, 0x0000, 0x0000, 0x0000, 0x0000, 0x0000, 0x0000, 0x0000, 0x0000, 0x0000, 0x0000, 0x0000, 0x0000, 0x0000,
  0x0000, 0x0000, 0x0000, 0x0000, 0x0000, 0x0000, 0x0000, 0x0000, 0x0000, 0x0000, 0x0000, 0x0000, 0x0000, 0x0000, 0x0000, 0x0000,
  0x0000, 0x0000, 0x0000, 0x0000, 0x0000, 0x0000, 0x0000, 0x0000, 0x0000, 0x0000, 0x0000, 0x0000, 0x0000, 0x0000, 0x0000, 0x0000,
  0x0000, 0x0000, 0x0000, 0x0000, 0x0000, 0x0000, 0x0000, 0x0000, 0x0000, 0x0000, 0x0000, 0x0000, 0x0000, 0x0000, 0x0000, 0x0000,
  0x0000, 0x0000, 0x0000, 0x0000, 0x0000, 0x0000, 0x0020, 0x0000, 0x94D3, 0x8D99, 0x4C16, 0x5476, 0x4BF4, 0xC71C, 0x5AEB, 0x0000,
  0x0020, 0x0000, 0x0000, 0x0020, 0x0000, 0x0000, 0x0000, 0x0000, 0x0000, 0x0000, 0x0000, 0x0000, 0x0020, 0x0000, 0x0020, 0x0000,
  0x9D34, 0x95F9, 0x43D4, 0x5456, 0x5454, 0xC6BB, 0x2944, 0x0000, 0x0000, 0x0000, 0x0000, 0x0000, 0x0000, 0x0000, 0x0000, 0x0000,
  0x0000, 0x0000, 0x0000, 0x0000, 0x0000, 0x0000, 0x0000, 0x0000, 0x0000, 0x0000, 0x0000, 0x0000, 0x0000, 0x0000, 0x0000, 0x0000,
  0x0000, 0x0000, 0x0000, 0x0000, 0x0000, 0x0000, 0x0000, 0x0000, 0x0000, 0x0000, 0x0000, 0x0000, 0x0000, 0x0000, 0x0000, 0x0000,
  0x0000, 0x0000, 0x0000, 0x0000, 0x0000, 0x0000, 0x0000, 0x0000, 0x0000, 0x0000, 0x0000, 0x0000, 0x0000, 0x0000, 0x0000, 0x0000,
  0x0000, 0x0000, 0x0000, 0x0000, 0x0000, 0x0000, 0x0000, 0x0000, 0x0000, 0x0000, 0x0000, 0x0000, 0x0000, 0x0000, 0x0000, 0x0000,
  0x0000, 0x0000, 0x0000, 0x0000, 0x0000, 0x0000, 0x0000, 0x0000, 0x0000, 0x0000, 0x0000, 0x0000, 0x0000, 0x0000, 0x0000, 0x0000,
  0x0000, 0x0000, 0x0000, 0x0000, 0x0000, 0x0000, 0x0000, 0x0000, 0x0000, 0x0000, 0x0000, 0x0000, 0x0000, 0x0000, 0x0000, 0x0000,
  0x0000, 0x0000, 0x0000, 0x0000, 0x0000, 0x0000, 0x0000, 0x0000, 0x0000, 0x0000, 0x0000, 0x0000, 0x0000, 0x0000, 0x0000, 0x0000,
  0x0000, 0x0000, 0x0000, 0x0000, 0x0000, 0x0000, 0x0000, 0x0000, 0x0000, 0x0000, 0x0000, 0x0000, 0x0000, 0x0000, 0x0000, 0x0000,
  0x0000, 0x0000, 0x0000, 0x0000, 0x0000, 0x0000, 0x0000, 0x0000, 0x0000, 0x0000, 0x0000, 0x0000, 0x0000, 0x0000, 0x0000, 0x0000,
  0x0000, 0x0000, 0x0000, 0x0000, 0x0000, 0x0000, 0x0000, 0x0000, 0x0000, 0x0000, 0x0000, 0x0000, 0x0000, 0x0000, 0x0000, 0x0000,
  0x0000, 0x0000, 0x0000, 0x0000, 0x0000, 0x0000, 0x0000, 0x0000, 0x0000, 0x0000, 0x0000, 0x0000, 0x0000, 0x0000, 0x0000, 0x0000,
  0x0000, 0x0000, 0x0000, 0x0000, 0x0000, 0x0000, 0x0000, 0x0000, 0x0000, 0x0000, 0x0000, 0x0000, 0x0000, 0x0000, 0x0000, 0x0000,
  0x0000, 0x0000, 0x0000, 0x0000, 0x0000, 0x0000, 0x0000, 0x0020, 0x0000, 0x9D14, 0x7538, 0x4C36, 0x5477, 0x5C34, 0xD71C, 0x39A6,
  0x0000, 0x0000, 0x0000, 0x0000, 0x0000, 0x0000, 0x10A3, 0x18E4, 0x18E2, 0x18E4, 0x0841, 0x0000, 0x0000, 0x0000, 0x0000, 0x5ACA,
  0xC6FC, 0x3BB3, 0x4C56, 0x4BF4, 0xA5D8, 0x31A6, 0x0000, 0x0000, 0x0000, 0x0000, 0x0000, 0x0000, 0x0000, 0x0000, 0x0000, 0x0000,
  0x0000, 0x0000, 0x0000, 0x0000, 0x0000, 0x0000, 0x0000, 0x0000, 0x0000, 0x0000, 0x0000, 0x0000, 0x0000, 0x0000, 0x0000, 0x0000,
  0x0000, 0x0000, 0x0000, 0x0000, 0x0000, 0x0000, 0x0000, 0x0000, 0x0000, 0x0000, 0x0000, 0x0000, 0x0000, 0x0000, 0x0000, 0x0000,
  0x0000, 0x0000, 0x0000, 0x0000, 0x0000, 0x0000, 0x0000, 0x0000, 0x0000, 0x0000, 0x0000, 0x0000, 0x0000, 0x0000, 0x0000, 0x0000,
  0x0000, 0x0000, 0x0000, 0x0000, 0x0000, 0x0000, 0x0000, 0x0000, 0x0000, 0x0000, 0x0000, 0x0000, 0x0000, 0x0000, 0x0000, 0x0000,
  0x0000, 0x0000, 0x0000, 0x0000, 0x0000, 0x0000, 0x0000, 0x0000, 0x0000, 0x0000, 0x0000, 0x0000, 0x0000, 0x0000, 0x0000, 0x0000,
  0x0000, 0x0000, 0x0000, 0x0000, 0x0000, 0x0000, 0x0000, 0x0000, 0x0000, 0x0000, 0x0000, 0x0000, 0x0000, 0x0000, 0x0000, 0x0000,
  0x0000, 0x0000, 0x0000, 0x0000, 0x0000, 0x0000, 0x0000, 0x0000, 0x0000, 0x0000, 0x0000, 0x0000, 0x0000, 0x0000, 0x0000, 0x0000,
  0x0000, 0x0000, 0x0000, 0x0000, 0x0000, 0x0000, 0x0000, 0x0000, 0x0000, 0x0000, 0x0000, 0x0000, 0x0000, 0x0000, 0x0000, 0x0000,
  0x0000, 0x0000, 0x0000, 0x0000, 0x0000, 0x0000, 0x0000, 0x0000, 0x0000, 0x0000, 0x0000, 0x0000, 0x0000, 0x0000, 0x0000, 0x0000,
  0x0000, 0x0000, 0x0000, 0x0000, 0x0000, 0x0000, 0x0000, 0x0000, 0x0000, 0x0000, 0x0000, 0x0000, 0x0000, 0x0000, 0x0000, 0x0000,
  0x0000, 0x0000, 0x0000, 0x0000, 0x0000, 0x0000, 0x0000, 0x0000, 0x0000, 0x0000, 0x0000, 0x0000, 0x0000, 0x0000, 0x0000, 0x0000,
  0x0000, 0x0000, 0x0000, 0x0000, 0x0000, 0x0000, 0x0000, 0x0000, 0x0000, 0x0000, 0x0000, 0x0000, 0x0000, 0x0000, 0x0000, 0x0000,
  0x0000, 0x0000, 0x0000, 0x0000, 0x0000, 0x0000, 0x0000, 0x0000, 0x0000, 0x18E3, 0xB639, 0x5C76, 0x5456, 0x5456, 0x6CB5, 0xBE59,
  0x39C7, 0x2145, 0x2985, 0x6B6C, 0x946E, 0xBDB0, 0xEEF4, 0xF734, 0xF733, 0xF756, 0xD693, 0xBDB2, 0x7BCE, 0x39E7, 0x6B4C, 0xE77D,
  0x6475, 0x4C15, 0x43D4, 0x95B9, 0xAD75, 0x0000, 0x0020, 0x0000, 0x0000, 0x0000, 0x0000, 0x0000, 0x0000, 0x0000, 0x0000, 0x0000,
  0x0000, 0x0000, 0x0000, 0x0000, 0x0000, 0x0000, 0x0000, 0x0000, 0x0000, 0x0000, 0x0000, 0x0000, 0x0000, 0x0000, 0x0000, 0x0000,
  0x0000, 0x0000, 0x0000, 0x0000, 0x0000, 0x0000, 0x0000, 0x0000, 0x0000, 0x0000, 0x0000, 0x0000, 0x0000, 0x0000, 0x0000, 0x0000,
  0x0000, 0x0000, 0x0000, 0x0000, 0x0000, 0x0000, 0x0000, 0x0000, 0x0000, 0x0000, 0x0000, 0x0000, 0x0000, 0x0000, 0x0000, 0x0000,
  0x0000, 0x0000, 0x0000, 0x0000, 0x0000, 0x0000, 0x0000, 0x0000, 0x0000, 0x0000, 0x0000, 0x0000, 0x0000, 0x0000, 0x0000, 0x0000,
  0x0000, 0x0000, 0x0000, 0x0000, 0x0000, 0x0000, 0x0000, 0x0000, 0x0000, 0x0000, 0x0000, 0x0000, 0x0000, 0x0000, 0x0000, 0x0000,
  0x0000, 0x0000, 0x0000, 0x0000, 0x0000, 0x0000, 0x0000, 0x0000, 0x0000, 0x0000, 0x0000, 0x0000, 0x0000, 0x0000, 0x0000, 0x0000,
  0x0000, 0x0000, 0x0000, 0x0000, 0x0000, 0x0000, 0x0000, 0x0000, 0x0000, 0x0000, 0x0000, 0x0000, 0x0000, 0x0000, 0x0000, 0x0000,
  0x0000, 0x0000, 0x0000, 0x0000, 0x0000, 0x0000, 0x0000, 0x0000, 0x0000, 0x0000, 0x0000, 0x0000, 0x0000, 0x0000, 0x0000, 0x0000,
  0x0000, 0x0000, 0x0000, 0x0000, 0x0000, 0x0000, 0x0000, 0x0000, 0x0000, 0x0000, 0x0000, 0x0000, 0x0000, 0x0000, 0x0000, 0x0000,
  0x0000, 0x0000, 0x0000, 0x0000, 0x0000, 0x0000, 0x0000, 0x0000, 0x0000, 0x0000, 0x0000, 0x0000, 0x0000, 0x0000, 0x0000, 0x0000,
  0x0000, 0x0000, 0x0000, 0x0000, 0x0000, 0x0000, 0x0000, 0x0000, 0x0000, 0x0000, 0x0000, 0x0000, 0x0000, 0x0000, 0x0000, 0x0000,
  0x0000, 0x0000, 0x0000, 0x0000, 0x0000, 0x0000, 0x0000, 0x0000, 0x0000, 0x0000, 0x0000, 0x0000, 0x0000, 0x0000, 0x0000, 0x0000,
  0x0000, 0x0000, 0x0000, 0x0000, 0x0000, 0x0000, 0x0000, 0x0000, 0x0000, 0x0000, 0x2104, 0xB63A, 0x5C56, 0x5456, 0x4C15, 0x7CF6,
  0xF7DC, 0xFFD7, 0xFF51, 0xFF4D, 0xFF09, 0xFEE7, 0xF685, 0xF665, 0xF665, 0xF685, 0xF6C7, 0xFECA, 0xFEAE, 0xFF12, 0xFFFA, 0x8D56,
  0x4C15, 0x4C35, 0x6495, 0xBE59, 0x18C3, 0x0000, 0x0000, 0x0000, 0x0000, 0x0000, 0x0000, 0x0000, 0x0000, 0x0000, 0x0000, 0x0000,
  0x0000, 0x0000, 0x0000, 0x0000, 0x0000, 0x0000, 0x0000, 0x0000, 0x0000, 0x0000, 0x0000, 0x0000, 0x0000, 0x0000, 0x0000, 0x0000,
  0x0000, 0x0000, 0x0000, 0x0000, 0x0000, 0x0000, 0x0000, 0x0000, 0x0000, 0x0000, 0x0000, 0x0000, 0x0000, 0x0000, 0x0000, 0x0000,
  0x0000, 0x0000, 0x0000, 0x0000, 0x0000, 0x0000, 0x0000, 0x0000, 0x0000, 0x0000, 0x0000, 0x0000, 0x0000, 0x0000, 0x0000, 0x0000,
  0x0000, 0x0000, 0x0000, 0x0000, 0x0000, 0x0000, 0x0000, 0x0000, 0x0000, 0x0000, 0x0000, 0x0000, 0x0000, 0x0000, 0x0000, 0x0000,
  0x0000, 0x0000, 0x0000, 0x0000, 0x0000, 0x0000, 0x0000, 0x0000, 0x0000, 0x0000, 0x0000, 0x0000, 0x0000, 0x0000, 0x0000, 0x0000,
  0x0000, 0x0000, 0x0000, 0x0000, 0x0000, 0x0000, 0x0000, 0x0000, 0x0000, 0x0000, 0x0000, 0x0000, 0x0000, 0x0000, 0x0000, 0x0000,
  0x0000, 0x0000, 0x0000, 0x0000, 0x0000, 0x0000, 0x0000, 0x0000, 0x0000, 0x0000, 0x0000, 0x0000, 0x0000, 0x0000, 0x0000, 0x0000,
  0x0000, 0x0000, 0x0000, 0x0000, 0x0000, 0x0000, 0x0000, 0x0000, 0x0000, 0x0000, 0x0000, 0x0000, 0x0000, 0x0000, 0x0000, 0x0000,
  0x0000, 0x0000, 0x0000, 0x0000, 0x0000, 0x0000, 0x0000, 0x0000, 0x0000, 0x0000, 0x0000, 0x0000, 0x0000, 0x0000, 0x0000, 0x0000,
  0x0000, 0x0000, 0x0000, 0x0000, 0x0000, 0x0000, 0x0000, 0x0000, 0x0000, 0x0000, 0x0000, 0x0000, 0x0000, 0x0000, 0x0000, 0x0000,
  0x0000, 0x0000, 0x0000, 0x0000, 0x0000, 0x0000, 0x0000, 0x0000, 0x0000, 0x0000, 0x0000, 0x0000, 0x0000, 0x0000, 0x0000, 0x0000,
  0x0000, 0x0000, 0x0000, 0x0000, 0x0000, 0x0000, 0x0000, 0x0000, 0x0000, 0x0000, 0x0000, 0x0000, 0x0000, 0x0000, 0x0000, 0x0000,
  0x0000, 0x0000, 0x0000, 0x0000, 0x0000, 0x0000, 0x0000, 0x0000, 0x0000, 0x0020, 0x0000, 0x5AAA, 0xAE19, 0x4BF4, 0x4C14, 0x6C0E,
  0xCE2C, 0xEE86, 0xEE44, 0xF666, 0xF685, 0xF663, 0xFE83, 0xFE83, 0xFE83, 0xFE83, 0xFE82, 0xF663, 0xF5C3, 0xED43, 0xE587, 0xACCC,
  0x6C52, 0x5414, 0xC6BB, 0x4208, 0x0000, 0x0000, 0x0000, 0x0000, 0x0000, 0x0000, 0x0000, 0x0000, 0x0000, 0x0000, 0x0000, 0x0000,
  0x0000, 0x0000, 0x0000, 0x0000, 0x0000, 0x0000, 0x0000, 0x0000, 0x0000, 0x0000, 0x0000, 0x0000, 0x0000, 0x0000, 0x0000, 0x0000,
  0x0000, 0x0000, 0x0000, 0x0000, 0x0000, 0x0000, 0x0000, 0x0000, 0x0000, 0x0000, 0x0000, 0x0000, 0x0000, 0x0000, 0x0000, 0x0000,
  0x0000, 0x0000, 0x0000, 0x0000, 0x0000, 0x0000, 0x0000, 0x0000, 0x0000, 0x0000, 0x0000, 0x0000, 0x0000, 0x0000, 0x0000, 0x0000,
  0x0000, 0x0000, 0x0000, 0x0000, 0x0000, 0x0000, 0x0000, 0x0000, 0x0000, 0x0000, 0x0000, 0x0000, 0x0000, 0x0000, 0x0000, 0x0000,
  0x0000, 0x0000, 0x0000, 0x0000, 0x0000, 0x0000, 0x0000, 0x0000, 0x0000, 0x0000, 0x0000, 0x0000, 0x0000, 0x0000, 0x0000, 0x0000,
  0x0000, 0x0000, 0x0000, 0x0000, 0x0000, 0x0000, 0x0000, 0x0000, 0x0000, 0x0000, 0x0000, 0x0000, 0x0000, 0x0000, 0x0000, 0x0000,
  0x0000, 0x0000, 0x0000, 0x0000, 0x0000, 0x0000, 0x0000, 0x0000, 0x0000, 0x0000, 0x0000, 0x0000, 0x0000, 0x0000, 0x0000, 0x0000,
  0x0000, 0x0000, 0x0000, 0x0000, 0x0000, 0x0000, 0x0000, 0x0000, 0x0000, 0x0000, 0x0000, 0x0000, 0x0000, 0x0000, 0x0000, 0x0000,
  0x0000, 0x0000, 0x0000, 0x0000, 0x0000, 0x0000, 0x0000, 0x0000, 0x0000, 0x0000, 0x0000, 0x0000, 0x0000, 0x0000, 0x0000, 0x0000,
  0x0000, 0x0000, 0x0000, 0x0000, 0x0000, 0x0000, 0x0000, 0x0000, 0x0000, 0x0000, 0x0000, 0x0000, 0x0000, 0x0000, 0x0000, 0x0000,
  0x0000, 0x0000, 0x0000, 0x0000, 0x0000, 0x0000, 0x0000, 0x0000, 0x0000, 0x0000, 0x0000, 0x0000, 0x0000, 0x0000, 0x0000, 0x0000,
  0x0000, 0x0000, 0x0000, 0x0000, 0x0000, 0x0000, 0x0000, 0x0000, 0x0000, 0x0000, 0x0000, 0x0000, 0x0000, 0x0000, 0x0000, 0x0000,
  0x0000, 0x0000, 0x0000, 0x0000, 0x0000, 0x0000, 0x0000, 0x0000, 0x0000, 0x0000, 0x0020, 0x0000, 0x9492, 0xAE38, 0x8CAC, 0xE647,
  0xEE85, 0xF6C9, 0xFF2E, 0xFF71, 0xFF4F, 0xF6A5, 0xFE83, 0xFE83, 0xFE83, 0xFE83, 0xFE83, 0xFE83, 0xFE83, 0xF5C3, 0xF543, 0xFDA5,
  0xD508, 0xC5B1, 0xE75B, 0x0000, 0x0000, 0x0000, 0x0000, 0x0000, 0x0000, 0x0000, 0x0000, 0x0000, 0x0000, 0x0000, 0x0000, 0x0000,
  0x0000, 0x0000, 0x0000, 0x0000, 0x0000, 0x0000, 0x0000, 0x0000, 0x0000, 0x0000, 0x0000, 0x0000, 0x0000, 0x0000, 0x0000, 0x0000,
  0x0000, 0x0000, 0x0000, 0x0000, 0x0000, 0x0000, 0x0000, 0x0000, 0x0000, 0x0000, 0x0000, 0x0000, 0x0000, 0x0000, 0x0000, 0x0000,
  0x0000, 0x0000, 0x0000, 0x0000, 0x0000, 0x0000, 0x0000, 0x0000, 0x0000, 0x0000, 0x0000, 0x0000, 0x0000, 0x0000, 0x0000, 0x0000,
  0x0000, 0x0000, 0x0000, 0x0000, 0x0000, 0x0000, 0x0000, 0x0000, 0x0000, 0x0000, 0x0000, 0x0000, 0x0000, 0x0000, 0x0000, 0x0000,
  0x0000, 0x0000, 0x0000, 0x0000, 0x0000, 0x0000, 0x0000, 0x0000, 0x0000, 0x0000, 0x0000, 0x0000, 0x0000, 0x0000, 0x0000, 0x0000,
  0x0000, 0x0000, 0x0000, 0x0000, 0x0000, 0x0000, 0x0000, 0x0000, 0x0000, 0x0000, 0x0000, 0x0000, 0x0000, 0x0000, 0x0000, 0x0000,
  0x0000, 0x0000, 0x0000, 0x0000, 0x0000, 0x0000, 0x0000, 0x0000, 0x0000, 0x0000, 0x0000, 0x0000, 0x0000, 0x0000, 0x0000, 0x0000,
  0x0000, 0x0000, 0x0000, 0x0000, 0x0000, 0x0000, 0x0000, 0x0000, 0x0000, 0x0000, 0x0000, 0x0000, 0x0000, 0x0000, 0x0000, 0x0000,
  0x0000, 0x0000, 0x0000, 0x0000, 0x0000, 0x0000, 0x0000, 0x0000, 0x0000, 0x0000, 0x0000, 0x0000, 0x0000, 0x0000, 0x0000, 0x0000,
  0x0000, 0x0000, 0x0000, 0x0000, 0x0000, 0x0000, 0x0000, 0x0000, 0x0000, 0x0000, 0x0000, 0x0000, 0x0000, 0x0000, 0x0000, 0x0000,
  0x0000, 0x0000, 0x0000, 0x0000, 0x0000, 0x0000, 0x0000, 0x0000, 0x0000, 0x0000, 0x0000, 0x0000, 0x0000, 0x0000, 0x0000, 0x0000,
  0x0000, 0x0000, 0x0000, 0x0000, 0x0000, 0x0000, 0x0000, 0x0000, 0x0000, 0x0000, 0x0000, 0x0000, 0x0000, 0x0000, 0x0000, 0x0000,
  0x0000, 0x0000, 0x0000, 0x0000, 0x0000, 0x0000, 0x0000, 0x0000, 0x0000, 0x0000, 0x0000, 0x18C3, 0xD697, 0xFF50, 0xEE65, 0xF6A6,
  0xFF4F, 0xFF72, 0xFF52, 0xFF72, 0xFF4E, 0xF684, 0xFE83, 0xFE83, 0xFE83, 0xFE83, 0xFE83, 0xFE83, 0xFE83, 0xFE64, 0xED63, 0xF542,
  0xF563, 0xED85, 0xF6F0, 0x94CF, 0x0841, 0x0020, 0x0000, 0x0000, 0x0000, 0x0000, 0x0000, 0x0000, 0x0000, 0x0000, 0x0000, 0x0000,
  0x0000, 0x0000, 0x0000, 0x0000, 0x0000, 0x0000, 0x0000, 0x0000, 0x0000, 0x0000, 0x0000, 0x0000, 0x0000, 0x0000, 0x0000, 0x0000,
  0x0000, 0x0000, 0x0000, 0x0000, 0x0000, 0x0000, 0x0000, 0x0000, 0x0000, 0x0000, 0x0000, 0x0000, 0x0000, 0x0000, 0x0000, 0x0000,
  0x0000, 0x0000, 0x0000, 0x0000, 0x0000, 0x0000, 0x0000, 0x0000, 0x0000, 0x0000, 0x0000, 0x0000, 0x0000, 0x0000, 0x0000, 0x0000,
  0x0000, 0x0000, 0x0000, 0x0000, 0x0000, 0x0000, 0x0000, 0x0000, 0x0000, 0x0000, 0x0000, 0x0000, 0x0000, 0x0000, 0x0000, 0x0000,
  0x0000, 0x0000, 0x0000, 0x0000, 0x0000, 0x0000, 0x0000, 0x0000, 0x0000, 0x0000, 0x0000, 0x0000, 0x0000, 0x0000, 0x0000, 0x0000,
  0x0000, 0x0000, 0x0000, 0x0000, 0x0000, 0x0000, 0x0000, 0x0000, 0x0000, 0x0000, 0x0000, 0x0000, 0x0000, 0x0000, 0x0000, 0x0000,
  0x0000, 0x0000, 0x0000, 0x0000, 0x0000, 0x0000, 0x0000, 0x0000, 0x0000, 0x0000, 0x0000, 0x0000, 0x0000, 0x0000, 0x0000, 0x0000,
  0x0000, 0x0000, 0x0000, 0x0000, 0x0000, 0x0000, 0x0000, 0x0000, 0x0000, 0x0000, 0x0000, 0x0000, 0x0000, 0x0000, 0x0000, 0x0000,
  0x0000, 0x0000, 0x0000, 0x0000, 0x0000, 0x0000, 0x0000, 0x0000, 0x0000, 0x0000, 0x0000, 0x0000, 0x0000, 0x0000, 0x0000, 0x0000,
  0x0000, 0x0000, 0x0000, 0x0000, 0x0000, 0x0000, 0x0000, 0x0000, 0x0000, 0x0000, 0x0000, 0x0000, 0x0000, 0x0000, 0x0000, 0x0000,
  0x0000, 0x0000, 0x0000, 0x0000, 0x0000, 0x0000, 0x0000, 0x0000, 0x0000, 0x0000, 0x0000, 0x0000, 0x0000, 0x0000, 0x0000, 0x0000,
  0x0000, 0x0000, 0x0000, 0x0000, 0x0000, 0x0000, 0x0000, 0x0000, 0x0000, 0x0000, 0x0000, 0x0000, 0x0000, 0x0000, 0x0000, 0x0000,
  0x0000, 0x0000, 0x0000, 0x0000, 0x0000, 0x0000, 0x0000, 0x0000, 0x0000, 0x0000, 0x0000, 0xC614, 0xFF6F, 0xEE22, 0xF686, 0xFF70,
  0xFF93, 0xFF73, 0xFF72, 0xFF2D, 0xF685, 0xF662, 0xFE83, 0xFE83, 0xFE83, 0xFE83, 0xFE83, 0xFE83, 0xFE83, 0xFE84, 0xF5C3, 0xF563,
  0xF563, 0xF563, 0xED43, 0xFF10, 0xBDF4, 0x0000, 0x0000, 0x0000, 0x0000, 0x0000, 0x0000, 0x0000, 0x0000, 0x0000, 0x0000, 0x0000,
  0x0000, 0x0000, 0x0000, 0x0000, 0x0000, 0x0000, 0x0000, 0x0000, 0x0000, 0x0000, 0x0000, 0x0000, 0x0000, 0x0000, 0x0000, 0x0000,
  0x0000, 0x0000, 0x0000, 0x0000, 0x0000, 0x0000, 0x0000, 0x0000, 0x0000, 0x0000, 0x0000, 0x0000, 0x0000, 0x0000, 0x0000, 0x0000,
  0x0000, 0x0000, 0x0000, 0x0000, 0x0000, 0x0000, 0x0000, 0x0000, 0x0000, 0x0000, 0x0000, 0x0000, 0x0000, 0x0000, 0x0000, 0x0000,
  0x0000, 0x0000, 0x0000, 0x0000, 0x0000, 0x0000, 0x0000, 0x0000, 0x0000, 0x0000, 0x0000, 0x0000, 0x0000, 0x0000, 0x0000, 0x0000,
  0x0000, 0x0000, 0x0000, 0x0000, 0x0000, 0x0000, 0x0000, 0x0000, 0x0000, 0x0000, 0x0000, 0x0000, 0x0000, 0x0000, 0x0000, 0x0000,
  0x0000, 0x0000, 0x0000, 0x0000, 0x0000, 0x0000, 0x0000, 0x0000, 0x0000, 0x0000, 0x0000, 0x0000, 0x0000, 0x0000, 0x0000, 0x0000,
  0x0000, 0x0000, 0x0000, 0x0000, 0x0000, 0x0000, 0x0000, 0x0000, 0x0000, 0x0000, 0x0000, 0x0000, 0x0000, 0x0000, 0x0000, 0x0000,
  0x0000, 0x0000, 0x0000, 0x0000, 0x0000, 0x0000, 0x0000, 0x0000, 0x0000, 0x0000, 0x0000, 0x0000, 0x0000, 0x0000, 0x0000, 0x0000,
  0x0000, 0x0000, 0x0000, 0x0000, 0x0000, 0x0000, 0x0000, 0x0000, 0x0000, 0x0000, 0x0000, 0x0000, 0x0000, 0x0000, 0x0000, 0x0000,
  0x0000, 0x0000, 0x0000, 0x0000, 0x0000, 0x0000, 0x0000, 0x0000, 0x0000, 0x0000, 0x0000, 0x0000, 0x0000, 0x0000, 0x0000, 0x0000,
  0x0000, 0x0000, 0x0000, 0x0000, 0x0000, 0x0000, 0x0000, 0x0000, 0x0000, 0x0000, 0x0000, 0x0000, 0x0000, 0x0000, 0x0000, 0x0000,
  0x0000, 0x0000, 0x0000, 0x0000, 0x0000, 0x0000, 0x0000, 0x0000, 0x0000, 0x0000, 0x0000, 0x0000, 0x0000, 0x0000, 0x0000, 0x0000,
  0x0000, 0x0000, 0x0000, 0x0000, 0x0000, 0x0000, 0x0000, 0x0000, 0x0000, 0x0000, 0x7BEE, 0xFF50, 0xF642, 0xF662, 0xFEE9, 0xFF91,
  0xFF71, 0xFF4F, 0xF6C9, 0xF684, 0xFE83, 0xFE63, 0xFE83, 0xFE83, 0xFE83, 0xFE63, 0xFE83, 0xFE83, 0xFE83, 0xFEA4, 0xF5C3, 0xF543,
  0xF563, 0xF563, 0xF563, 0xE523, 0xF6F0, 0x7BEE, 0x0000, 0x0000, 0x0000, 0x0000, 0x0000, 0x0000, 0x0000, 0x0000, 0x0000, 0x0000,
  0x0000, 0x0000, 0x0000, 0x0000, 0x0000, 0x0000, 0x0000, 0x0000, 0x0000, 0x0000, 0x0000, 0x0000, 0x0000, 0x0000, 0x0000, 0x0000,
  0x0000, 0x0000, 0x0000, 0x0000, 0x0000, 0x0000, 0x0000, 0x0000, 0x0000, 0x0000, 0x0000, 0x0000, 0x0000, 0x0000, 0x0000, 0x0000,
  0x0000, 0x0000, 0x0000, 0x0000, 0x0000, 0x0000, 0x0000, 0x0000, 0x0000, 0x0000, 0x0000, 0x0000, 0x0000, 0x0000, 0x0000, 0x0000,
  0x0000, 0x0000, 0x0000, 0x0000, 0x0000, 0x0000, 0x0000, 0x0000, 0x0000, 0x0000, 0x0000, 0x0000, 0x0000, 0x0000, 0x0000, 0x0000,
  0x0000, 0x0000, 0x0000, 0x0000, 0x0000, 0x0000, 0x0000, 0x0000, 0x0000, 0x0000, 0x0000, 0x0000, 0x0000, 0x0000, 0x0000, 0x0000,
  0x0000, 0x0000, 0x0000, 0x0000, 0x0000, 0x0000, 0x0000, 0x0000, 0x0000, 0x0000, 0x0000, 0x0000, 0x0000, 0x0000, 0x0000, 0x0000,
  0x0000, 0x0000, 0x0000, 0x0000, 0x0000, 0x0000, 0x0000, 0x0000, 0x0000, 0x0000, 0x0000, 0x0000, 0x0000, 0x0000, 0x0000, 0x0000,
  0x0000, 0x0000, 0x0000, 0x0000, 0x0000, 0x0000, 0x0000, 0x0000, 0x0000, 0x0000, 0x0000, 0x0000, 0x0000, 0x0000, 0x0000, 0x0000,
  0x0000, 0x0000, 0x0000, 0x0000, 0x0000, 0x0000, 0x0000, 0x0000, 0x0000, 0x0000, 0x0000, 0x0000, 0x0000, 0x0000, 0x0000, 0x0000,
  0x0000, 0x0000, 0x0000, 0x0000, 0x0000, 0x0000, 0x0000, 0x0000, 0x0000, 0x0000, 0x0000, 0x0000, 0x0000, 0x0000, 0x0000, 0x0000,
  0x0000, 0x0000, 0x0000, 0x0000, 0x0000, 0x0000, 0x0000, 0x0000, 0x0000, 0x0000, 0x0000, 0x0000, 0x0000, 0x0000, 0x0000, 0x0000,
  0x0000, 0x0000, 0x0000, 0x0000, 0x0000, 0x0000, 0x0000, 0x0000, 0x0000, 0x0000, 0x0000, 0x0000, 0x0000, 0x0000, 0x0000, 0x0000,
  0x0000, 0x0000, 0x0000, 0x0000, 0x0000, 0x0000, 0x0000, 0x0000, 0x0000, 0x39C7, 0xFFF7, 0xF644, 0xFE62, 0xFE62, 0xF684, 0xF6C7,
  0xF6A7, 0xF684, 0xFE63, 0xFE83, 0xFE83, 0xFE83, 0xFE83, 0xFE83, 0xFE63, 0xFE83, 0xFE83, 0xFE83, 0xFE83, 0xFE84, 0xF583, 0xF543,
  0xF563, 0xF563, 0xF563, 0xF563, 0xE544, 0xFFD6, 0x39E7, 0x0000, 0x0000, 0x0000, 0x0000, 0x0000, 0x0000, 0x0000, 0x0000, 0x0000,
  0x0000, 0x0000, 0x0000, 0x0000, 0x0000, 0x0000, 0x0000, 0x0000, 0x0000, 0x0000, 0x0000, 0x0000, 0x0000, 0x0000, 0x0000, 0x0000,
  0x0000, 0x0000, 0x0000, 0x0000, 0x0000, 0x0000, 0x0000, 0x0000, 0x0000, 0x0000, 0x0000, 0x0000, 0x0000, 0x0000, 0x0000, 0x0000,
  0x0000, 0x0000, 0x0000, 0x0000, 0x0000, 0x0000, 0x0000, 0x0000, 0x0000, 0x0000, 0x0000, 0x0000, 0x0000, 0x0000, 0x0000, 0x0000,
  0x0000, 0x0000, 0x0000, 0x0000, 0x0000, 0x0000, 0x0000, 0x0000, 0x0000, 0x0000, 0x0000, 0x0000, 0x0000, 0x0000, 0x0000, 0x0000,
  0x0000, 0x0000, 0x0000, 0x0000, 0x0000, 0x0000, 0x0000, 0x0000, 0x0000, 0x0000, 0x0000, 0x0000, 0x0000, 0x0000, 0x0000, 0x0000,
  0x0000, 0x0000, 0x0000, 0x0000, 0x0000, 0x0000, 0x0000, 0x0000, 0x0000, 0x0000, 0x0000, 0x0000, 0x0000, 0x0000, 0x0000, 0x0000,
  0x0000, 0x0000, 0x0000, 0x0000, 0x0000, 0x0000, 0x0000, 0x0000, 0x0000, 0x0000, 0x0000, 0x0000, 0x0000, 0x0000, 0x0000, 0x0000,
  0x0000, 0x0000, 0x0000, 0x0000, 0x0000, 0x0000, 0x0000, 0x0000, 0x0000, 0x0000, 0x0000, 0x0000, 0x0000, 0x0000, 0x0000, 0x0000,
  0x0000, 0x0000, 0x0000, 0x0000, 0x0000, 0x0000, 0x0000, 0x0000, 0x0000, 0x0000, 0x0000, 0x0000, 0x0000, 0x0000, 0x0000, 0x0000,
  0x0000, 0x0000, 0x0000, 0x0000, 0x0000, 0x0000, 0x0000, 0x0000, 0x0000, 0x0000, 0x0000, 0x0000, 0x0000, 0x0000, 0x0000, 0x0000,
  0x0000, 0x0000, 0x0000, 0x0000, 0x0000, 0x0000, 0x0000, 0x0000, 0x0000, 0x0000, 0x0000, 0x0000, 0x0000, 0x0000, 0x0000, 0x0000,
  0x0000, 0x0000, 0x0000, 0x0000, 0x0000, 0x0000, 0x0000, 0x0000, 0x0000, 0x0000, 0x0000, 0x0000, 0x0000, 0x0000, 0x0000, 0x0000,
  0x0000, 0x0000, 0x0000, 0x0000, 0x0000, 0x0000, 0x0000, 0x0000, 0x0020, 0xAD52, 0xFF0C, 0xF642, 0xFE83, 0xFE82, 0xFE62, 0xFE62,
  0xFE62, 0xFE62, 0xFE82, 0xFE83, 0xFE83, 0xFE83, 0xFE83, 0xFE83, 0xFE63, 0xFE83, 0xFE83, 0xFE83, 0xFEA4, 0xF603, 0xF543, 0xF563,
  0xF563, 0xF563, 0xF563, 0xF563, 0xF522, 0xF62A, 0xA531, 0x0000, 0x0000, 0x0000, 0x0000, 0x0000, 0x0000, 0x0000, 0x0000, 0x0000,
  0x0000, 0x0000, 0x0000, 0x0000, 0x0000, 0x0000, 0x0000, 0x0000, 0x0000, 0x0000, 0x0000, 0x0000, 0x0000, 0x0000, 0x0000, 0x0000,
  0x0000, 0x0000, 0x0000, 0x0000, 0x0000, 0x0000, 0x0000, 0x0000, 0x0000, 0x0000, 0x0000, 0x0000, 0x0000, 0x0000, 0x0000, 0x0000,
  0x0000, 0x0000, 0x0000, 0x0000, 0x0000, 0x0000, 0x0000, 0x0000, 0x0000, 0x0000, 0x0000, 0x0000, 0x0000, 0x0000, 0x0000, 0x0000,
  0x0000, 0x0000, 0x0000, 0x0000, 0x0000, 0x0000, 0x0000, 0x0000, 0x0000, 0x0000, 0x0000, 0x0000, 0x0000, 0x0000, 0x0000, 0x0000,
  0x0000, 0x0000, 0x0000, 0x0000, 0x0000, 0x0000, 0x0000, 0x0000, 0x0000, 0x0000, 0x0000, 0x0000, 0x0000, 0x0000, 0x0000, 0x0000,
  0x0000, 0x0000, 0x0000, 0x0000, 0x0000, 0x0000, 0x0000, 0x0000, 0x0000, 0x0000, 0x0000, 0x0000, 0x0000, 0x0000, 0x0000, 0x0000,
  0x0000, 0x0000, 0x0000, 0x0000, 0x0000, 0x0000, 0x0000, 0x0000, 0x0000, 0x0000, 0x0000, 0x0000, 0x0000, 0x0000, 0x0000, 0x0000,
  0x0000, 0x0000, 0x0000, 0x0000, 0x0000, 0x0000, 0x0000, 0x0000, 0x0000, 0x0000, 0x0000, 0x0000, 0x0000, 0x0000, 0x0000, 0x0000,
  0x0000, 0x0000, 0x0000, 0x0000, 0x0000, 0x0000, 0x0000, 0x0000, 0x0000, 0x0000, 0x0000, 0x0000, 0x0000, 0x0000, 0x0000, 0x0000,
  0x0000, 0x0000, 0x0000, 0x0000, 0x0000, 0x0000, 0x0000, 0x0000, 0x0000, 0x0000, 0x0000, 0x0000, 0x0000, 0x0000, 0x0000, 0x0000,
  0x0000, 0x0000, 0x0000, 0x0000, 0x0000, 0x0000, 0x0000, 0x0000, 0x0000, 0x0000, 0x0000, 0x0000, 0x0000, 0x0000, 0x0000, 0x0000,
  0x0000, 0x0000, 0x0000, 0x0000, 0x0000, 0x0000, 0x0000, 0x0000, 0x0000, 0x0000, 0x0000, 0x0000, 0x0000, 0x0000, 0x0000, 0x0000,
  0x0000, 0x0000, 0x0000, 0x0000, 0x0000, 0x0000, 0x0020, 0x0000, 0x6B4D, 0xFFF8, 0xEE65, 0xFEA3, 0xFE83, 0xFE83, 0xFE82, 0xFE83,
  0xFE82, 0xFE62, 0xFE83, 0xFE62, 0xFE83, 0xFE83, 0xFE83, 0xFE83, 0xFE83, 0xFE83, 0xFEA3, 0xFE83, 0xF5E3, 0xF563, 0xF563, 0xF563,
  0xF563, 0xF543, 0xF543, 0xF543, 0xF563, 0xE523, 0xFF74, 0x4228, 0x0000, 0x0000, 0x0000, 0x0000, 0x0000, 0x0000, 0x0000, 0x0000,
  0x0000, 0x0000, 0x0000, 0x0000, 0x0000, 0x0000, 0x0000, 0x0000, 0x0000, 0x0000, 0x0000, 0x0000, 0x0000, 0x0000, 0x0000, 0x0000,
  0x0000, 0x0000, 0x0000, 0x0000, 0x0000, 0x0000, 0x0000, 0x0000, 0x0000, 0x0000, 0x0000, 0x0000, 0x0000, 0x0000, 0x0000, 0x0000,
  0x0000, 0x0000, 0x0000, 0x0000, 0x0000, 0x0000, 0x0000, 0x0000, 0x0000, 0x0000, 0x0000, 0x0000, 0x0000, 0x0000, 0x0000, 0x0000,
  0x0000, 0x0000, 0x0000, 0x0000, 0x0000, 0x0000, 0x0000, 0x0000, 0x0000, 0x0000, 0x0000, 0x0000, 0x0000, 0x0000, 0x0000, 0x0000,
  0x0000, 0x0000, 0x0000, 0x0000, 0x0000, 0x0000, 0x0000, 0x0000, 0x0000, 0x0000, 0x0000, 0x0000, 0x0000, 0x0000, 0x0000, 0x0000,
  0x0000, 0x0000, 0x0000, 0x0000, 0x0000, 0x0000, 0x0000, 0x0000, 0x0000, 0x0000, 0x0000, 0x0000, 0x0000, 0x0000, 0x0000, 0x0000,
  0x0000, 0x0000, 0x0000, 0x0000, 0x0000, 0x0000, 0x0000, 0x0000, 0x0000, 0x0000, 0x0000, 0x0000, 0x0000, 0x0000, 0x0000, 0x0000,
  0x0000, 0x0000, 0x0000, 0x0000, 0x0000, 0x0000, 0x0000, 0x0000, 0x0000, 0x0000, 0x0000, 0x0000, 0x0000, 0x0000, 0x0000, 0x0000,
  0x0000, 0x0000, 0x0000, 0x0000, 0x0000, 0x0000, 0x0000, 0x0000, 0x0000, 0x0000, 0x0000, 0x0000, 0x0000, 0x0000, 0x0000, 0x0000,
  0x0000, 0x0000, 0x0000, 0x0000, 0x0000, 0x0000, 0x0000, 0x0000, 0x0000, 0x0000, 0x0000, 0x0000, 0x0020, 0x0020, 0x0020, 0x0020,
  0x0020, 0x0020, 0x0020, 0x0020, 0x0020, 0x0020, 0x0020, 0x0020, 0x0020, 0x0020, 0x0020, 0x0020, 0x0020, 0x0020, 0x0020, 0x0020,
  0x0020, 0x0020, 0x0020, 0x0020, 0x0020, 0x0020, 0x0020, 0x0020, 0x0020, 0x0020, 0x0020, 0x0020, 0x0020, 0x0020, 0x0020, 0x0020,
  0x0020, 0x0020, 0x0020, 0x0020, 0x0020, 0x0020, 0x0820, 0x0000, 0xB593, 0xFF10, 0xEDE3, 0xFE44, 0xFE63, 0xFE63, 0xFE83, 0xFE83,
  0xFE83, 0xFE83, 0xFE83, 0xFE83, 0xFE83, 0xFE83, 0xFE83, 0xFE83, 0xFE83, 0xFE43, 0xF603, 0xF5A3, 0xF563, 0xF563, 0xF563, 0xF563,
  0xF563, 0xF563, 0xF563, 0xFD43, 0xF563, 0xED22, 0xFE6D, 0xBDF5, 0x0000, 0x0020, 0x0020, 0x0020, 0x0020, 0x0020, 0x0020, 0x0020,
  0x0020, 0x0020, 0x0020, 0x0020, 0x0020, 0x0020, 0x0020, 0x0020, 0x0020, 0x0020, 0x0020, 0x0020, 0x0020, 0x0020, 0x0020, 0x0020,
  0x0020, 0x0000, 0x0020, 0x0020, 0x0020, 0x0000, 0x0020, 0x0020, 0x0020, 0x0020, 0x0000, 0x0000, 0x0000, 0x0000, 0x0000, 0x0000,
  0x0000, 0x0000, 0x0000, 0x0020, 0x0020, 0x0000, 0x0000, 0x0000, 0x0000, 0x0000, 0x0000, 0x0000, 0x0000, 0x0000, 0x0000, 0x0000,
  0x0000, 0x0000, 0x0000, 0x0000, 0x0000, 0x0000, 0x0000, 0x0000, 0x0000, 0x0000, 0x0000, 0x0000, 0x0000, 0x0000, 0x0000, 0x0000,
  0x0000, 0x0000, 0x0000, 0x0000, 0x0000, 0x0000, 0x0000, 0x0000, 0x0000, 0x0000, 0x0000, 0x0000, 0x0000, 0x0000, 0x0000, 0x0000,
  0x0000, 0x0000, 0x0000, 0x0000, 0x0000, 0x0000, 0x0000, 0x0000, 0x0000, 0x0000, 0x0000, 0x0000, 0x0000, 0x0000, 0x0000, 0x0000,
  0x0000, 0x0000, 0x0000, 0x0000, 0x0000, 0x0000, 0x0000, 0x0000, 0x0000, 0x0000, 0x0000, 0x0000, 0x0000, 0x0000, 0x0000, 0x0000,
  0x0000, 0x0000, 0x0000, 0x0000, 0x0000, 0x0000, 0x0000, 0x0000, 0x0000, 0x0000, 0x0000, 0x0000, 0x0000, 0x0000, 0x0000, 0x0000,
  0x0000, 0x0000, 0x0000, 0x0000, 0x0000, 0x0000, 0x0000, 0x0000, 0x0000, 0x0000, 0x0000, 0x0000, 0x0000, 0x0000, 0x0000, 0x0000,
  0x0000, 0x0000, 0x0000, 0x0000, 0x0000, 0x0000, 0x0000, 0x0000, 0x0000, 0x0000, 0x0000, 0x0000, 0x0000, 0x0000, 0x0000, 0x0000,
  0x0000, 0x0000, 0x0000, 0x0000, 0x0000, 0x0000, 0x0000, 0x0000, 0x0000, 0x0000, 0x0000, 0x0000, 0x0000, 0x0000, 0x0000, 0x0000,
  0x0000, 0x0000, 0x0000, 0x0000, 0x0000, 0x0000, 0x0000, 0x0000, 0x0000, 0x0000, 0x0000, 0x0000, 0x0000, 0x0000, 0x0000, 0x0000,
  0x0000, 0x0000, 0x0000, 0x0000, 0x0000, 0x0000, 0x0000, 0x1082, 0xEF39, 0xEDA8, 0xED01, 0xED42, 0xED63, 0xED62, 0xED82, 0xF5A3,
  0xF5A2, 0xF5C2, 0xF5C2, 0xF5C2, 0xF5C3, 0xF5C3, 0xF5C3, 0xF5A3, 0xF583, 0xED63, 0xED43, 0xF543, 0xF543, 0xF543, 0xF543, 0xF543,
  0xF543, 0xF543, 0xF543, 0xF563, 0xF563, 0xF543, 0xEDA7, 0xEF38, 0x10A3, 0x0000, 0x0000, 0x0000, 0x0000, 0x0000, 0x0000, 0x0000,
  0x0000, 0x0000, 0x0000, 0x0000, 0x0000, 0x0000, 0x0000, 0x0000, 0x0000, 0x0000, 0x0000, 0x0000, 0x0000, 0x0000, 0x0000, 0x0000,
  0x0000, 0x0000, 0x0000, 0x0000, 0x0000, 0x0000, 0x0000, 0x0000, 0x0000, 0x0000, 0x0000, 0x0000, 0x0000, 0x0000, 0x0000, 0x0000,
  0x0000, 0x0000, 0x0000, 0x0000, 0x0000, 0x0000, 0x0000, 0x0000, 0x0000, 0x0000, 0x0000, 0x0000, 0x0000, 0x0000, 0x0000, 0x0000,
  0x0000, 0x0000, 0x0000, 0x0000, 0x0000, 0x0000, 0x0000, 0x0000, 0x0000, 0x0000, 0x0000, 0x0000, 0x0000, 0x0000, 0x0000, 0x0000,
  0x0000, 0x0000, 0x0000, 0x0000, 0x0000, 0x0000, 0x0000, 0x0000, 0x0000, 0x0000, 0x0000, 0x0000, 0x0000, 0x0000, 0x0000, 0x0000,
  0x0000, 0x0000, 0x0000, 0x0000, 0x0000, 0x0000, 0x0000, 0x0000, 0x0000, 0x0000, 0x0000, 0x0000, 0x0000, 0x0000, 0x0000, 0x0000,
  0x0000, 0x0000, 0x0000, 0x0000, 0x0000, 0x0000, 0x0000, 0x0000, 0x0000, 0x0000, 0x0000, 0x0000, 0x0000, 0x0000, 0x0000, 0x0000,
  0x0000, 0x0000, 0x0000, 0x0000, 0x0000, 0x0000, 0x0000, 0x0000, 0x0000, 0x0000, 0x0000, 0x0000, 0x0000, 0x0000, 0x0000, 0x0000,
  0x0000, 0x0000, 0x0000, 0x0000, 0x0000, 0x0000, 0x0000, 0x0000, 0x0000, 0x0000, 0x0000, 0x0000, 0x0000, 0x0000, 0x0000, 0x0000,
  0x0000, 0x0000, 0x0000, 0x0000, 0x0000, 0x0000, 0x0000, 0x0000, 0x0000, 0x0000, 0x10A2, 0x4228, 0x738E, 0x8C30, 0x8BCF, 0x8BF0,
  0x8BF0, 0x8BF0, 0x8BEF, 0x8BEF, 0x8BCF, 0x8BEF, 0x8BEF, 0x8BEF, 0x8BEF, 0x8C0F, 0x8C2F, 0x8C30, 0x8C2F, 0x8C30, 0x8C30, 0x8C30,
  0x8C30, 0x8C30, 0x8C30, 0x8C30, 0x8C30, 0x8C30, 0x8C30, 0x8C30, 0x8C30, 0x8C30, 0x8C30, 0x8C30, 0x8C30, 0x8C30, 0x8C30, 0x8C30,
  0x8C30, 0x8C2F, 0x8C2F, 0x8C30, 0x8C30, 0x8C30, 0x8C30, 0xD659, 0xFF3A, 0xE54B, 0xED48, 0xED48, 0xED29, 0xED29, 0xED49, 0xED29,
  0xED29, 0xED28, 0xED28, 0xED28, 0xED48, 0xED49, 0xED49, 0xED29, 0xED49, 0xED49, 0xED49, 0xED48, 0xED48, 0xED28, 0xED28, 0xED28,
  0xED48, 0xED48, 0xED69, 0xED69, 0xED69, 0xED69, 0xE54A, 0xF718, 0xD659, 0x8BEF, 0x8BEF, 0x8BEF, 0x8BEF, 0x8BEF, 0x8BEF, 0x8BEF,
  0x8BEF, 0x8BEF, 0x8BEF, 0x8BEF, 0x8BCF, 0x8BCF, 0x8BCF, 0x8BCF, 0x8BCF, 0x8BCF, 0x8BAF, 0x8BCF, 0x8BCF, 0x8BCF, 0x8BCF, 0x8BCF,
  0x8BCF, 0x8BAF, 0x8BCF, 0x8BCF, 0x8BCF, 0x8BCF, 0x8BCF, 0x8BCF, 0x8BCF, 0x8BCF, 0x8BCF, 0x8BCF, 0x83CF, 0xC5D7, 0xD618, 0xD618,
  0xD638, 0xC5B6, 0x83AE, 0x8C30, 0x73CE, 0x2124, 0x0000, 0x0000, 0x0000, 0x0000, 0x0000, 0x0000, 0x0000, 0x0000, 0x0000, 0x0000,
  0x0000, 0x0000, 0x0000, 0x0000, 0x0000, 0x0000, 0x0000, 0x0000, 0x0000, 0x0000, 0x0000, 0x0000, 0x0000, 0x0000, 0x0000, 0x0000,
  0x0000, 0x0000, 0x0000, 0x0000, 0x0000, 0x0000, 0x0000, 0x0000, 0x0000, 0x0000, 0x0000, 0x0000, 0x0000, 0x0000, 0x0000, 0x0000,
  0x0000, 0x0000, 0x0000, 0x0000, 0x0000, 0x0000, 0x0000, 0x0000, 0x0000, 0x0000, 0x0000, 0x0000, 0x0000, 0x0000, 0x0000, 0x0000,
  0x0000, 0x0000, 0x0000, 0x0000, 0x0000, 0x0000, 0x0000, 0x0000, 0x0000, 0x0000, 0x0000, 0x0000, 0x0000, 0x0000, 0x0000, 0x0000,
  0x0000, 0x0000, 0x0000, 0x0000, 0x0000, 0x0000, 0x0000, 0x0000, 0x0000, 0x0000, 0x0000, 0x0000, 0x0000, 0x0000, 0x0000, 0x0000,
  0x0000, 0x0000, 0x0000, 0x0000, 0x0000, 0x0000, 0x0000, 0x0000, 0x0000, 0x0000, 0x0000, 0x0000, 0x0000, 0x0000, 0x0000, 0x0000,
  0x0000, 0x0000, 0x0000, 0x0000, 0x0000, 0x0000, 0x0000, 0x0000, 0x0000, 0x5289, 0xE71B, 0xFF3D, 0xFEDC, 0xFEDD, 0xFEBD, 0xFEBD,
  0xFEBD, 0xFEBD, 0xFEBD, 0xFEBD, 0xFEBD, 0xFEDD, 0xFEDD, 0xFEDD, 0xFEDD, 0xFEDD, 0xFEDD, 0xFEDD, 0xFEDD, 0xFEDD, 0xFEDD, 0xFEDD,
  0xFEDD, 0xFEDD, 0xFEDD, 0xFEDD, 0xFEDD, 0xFEDD, 0xFEDD, 0xFEDD, 0xFEDD, 0xFEDD, 0xFEDD, 0xFEDD, 0xFEDD, 0xFEDD, 0xFEDD, 0xFEDD,
  0xFEDD, 0xFEBD, 0xFEDD, 0xFEDD, 0xFEBD, 0xFEDD, 0xFEDD, 0xFE7C, 0xF63A, 0xFE19, 0xFE19, 0xFE19, 0xFE19, 0xFE19, 0xFE19, 0xFE19,
  0xFE19, 0xFE19, 0xFE19, 0xFE19, 0xFE19, 0xFDF9, 0xFDF9, 0xFDF8, 0xFDF8, 0xFDD8, 0xFDD8, 0xFDD8, 0xFDD8, 0xFDD8, 0xFDD7, 0xFDD8,
  0xFDD8, 0xFDF8, 0xFDF8, 0xFE18, 0xFDF8, 0xFDF8, 0xF5F8, 0xF5F9, 0xF61B, 0xFE5C, 0xFE5C, 0xFE3C, 0xFE3C, 0xFE3C, 0xFE5C, 0xFE5C,
  0xFE5C, 0xFE5C, 0xFE5C, 0xFE5C, 0xFE5C, 0xFE5C, 0xFE5B, 0xFE3B, 0xFE3B, 0xFE3B, 0xFE3B, 0xFE3B, 0xFE3B, 0xFE3B, 0xFE3B, 0xFE3B,
  0xFE1B, 0xF61B, 0xF61B, 0xF5FB, 0xF5FB, 0xF5FB, 0xF5FB, 0xF5FB, 0xF5DA, 0xF5DA, 0xF5BA, 0xF59A, 0xF59A, 0xE538, 0xE518, 0xE518,
  0xE518, 0xE4F8, 0xED59, 0xED99, 0xF65B, 0xEEFB, 0x52AA, 0x0000, 0x0000, 0x0000, 0x0000, 0x0000, 0x0000, 0x0000, 0x0000, 0x0000,
  0x0000, 0x0000, 0x0000, 0x0000, 0x0000, 0x0000, 0x0000, 0x0000, 0x0000, 0x0000, 0x0000, 0x0000, 0x0000, 0x0000, 0x0000, 0x0000,
  0x0000, 0x0000, 0x0000, 0x0000, 0x0000, 0x0000, 0x0000, 0x0000, 0x0000, 0x0000, 0x0000, 0x0000, 0x0000, 0x0000, 0x0000, 0x0000,
  0x0000, 0x0000, 0x0000, 0x0000, 0x0000, 0x0000, 0x0000, 0x0000, 0x0000, 0x0000, 0x0000, 0x0000, 0x0000, 0x0000, 0x0000, 0x0000,
  0x0000, 0x0000, 0x0000, 0x0000, 0x0000, 0x0000, 0x0000, 0x0000, 0x0000, 0x0000, 0x0000, 0x0000, 0x0000, 0x0000, 0x0000, 0x0000,
  0x0000, 0x0000, 0x0000, 0x0000, 0x0000, 0x0000, 0x0000, 0x0000, 0x0000, 0x0000, 0x0000, 0x0000, 0x0000, 0x0000, 0x0000, 0x0000,
  0x0000, 0x0000, 0x0000, 0x0000, 0x0000, 0x0000, 0x0000, 0x0000, 0x0000, 0x0000, 0x0000, 0x0000, 0x0000, 0x0000, 0x0000, 0x0000,
  0x0000, 0x0000, 0x0000, 0x0000, 0x0000, 0x0000, 0x0000, 0x0000, 0x5ACA, 0xFFFF, 0xF69B, 0xEE1B, 0xF63B, 0xEDBA, 0xED79, 0xED59,
  0xE539, 0xE539, 0xED39, 0xE539, 0xE539, 0xE539, 0xED39, 0xE539, 0xED59, 0xED59, 0xED5A, 0xED59, 0xED59, 0xED59, 0xED79, 0xED59,
  0xED59, 0xED59, 0xED59, 0xED59, 0xED59, 0xE539, 0xED39, 0xE539, 0xED39, 0xED59, 0xED59, 0xED59, 0xED59, 0xED59, 0xED5A, 0xED5A,
  0xED59, 0xED59, 0xED59, 0xED59, 0xED59, 0xED59, 0xED59, 0xED5A, 0xED7A, 0xED7A, 0xED5A, 0xED5A, 0xED5A, 0xED5A, 0xED5A, 0xED5A,
  0xED5A, 0xED5A, 0xED5A, 0xED3A, 0xED3A, 0xED3A, 0xED3A, 0xED1A, 0xED19, 0xED1A, 0xECF9, 0xECF9, 0xECF9, 0xED19, 0xE4F9, 0xED19,
  0xED19, 0xED3A, 0xED39, 0xED19, 0xED19, 0xE539, 0xED39, 0xECF9, 0xE4D9, 0xE4B8, 0xE4B8, 0xE4B8, 0xE4B8, 0xE4B8, 0xE4D8, 0xE4D8,
  0xE4D8, 0xE4D8, 0xE4D8, 0xE4D8, 0xE4D8, 0xE4D8, 0xE4B8, 0xE4B8, 0xE4B8, 0xDCB8, 0xDCB8, 0xDC98, 0xDC98, 0xDC98, 0xDC97, 0xDC98,
  0xDC97, 0xDC97, 0xDC98, 0xDC98, 0xDC98, 0xDC98, 0xDC97, 0xDC97, 0xDC77, 0xDC77, 0xDC57, 0xDC57, 0xDC37, 0xDC37, 0xDC37, 0xDC37,
  0xDC16, 0xDC16, 0xD3F6, 0xD436, 0xD456, 0xD4D6, 0xFFBE, 0x5AEB, 0x0000, 0x0000, 0x0000, 0x0000, 0x0000, 0x0000, 0x0000, 0x0000,
  0x0000, 0x0000, 0x0000, 0x0000, 0x0000, 0x0000, 0x0000, 0x0000, 0x0000, 0x0000, 0x0000, 0x0000, 0x0000, 0x0000, 0x0000, 0x0000,
  0x0000, 0x0000, 0x0000, 0x0000, 0x0000, 0x0000, 0x0000, 0x0000, 0x0000, 0x0000, 0x0000, 0x0000, 0x0000, 0x0000, 0x0000, 0x0000,
  0x0000, 0x0000, 0x0000, 0x0000, 0x0000, 0x0000, 0x0000, 0x0000, 0x0000, 0x0000, 0x0000, 0x0000, 0x0000, 0x0000, 0x0000, 0x0000,
  0x0000, 0x0000, 0x0000, 0x0000, 0x0000, 0x0000, 0x0000, 0x0000, 0x0000, 0x0000, 0x0000, 0x0000, 0x0000, 0x0000, 0x0000, 0x0000,
  0x0000, 0x0000, 0x0000, 0x0000, 0x0000, 0x0000, 0x0000, 0x0000, 0x0000, 0x0000, 0x0000, 0x0000, 0x0000, 0x0000, 0x0000, 0x0000,
  0x0000, 0x0000, 0x0000, 0x0000, 0x0000, 0x0000, 0x0000, 0x0000, 0x0000, 0x0000, 0x0000, 0x0000, 0x0000, 0x0000, 0x0000, 0x0000,
  0x0000, 0x0000, 0x0000, 0x0000, 0x0000, 0x0000, 0x0000, 0x0020, 0xDE99, 0xF6BC, 0xF63B, 0xF5DB, 0xE4D8, 0xDC77, 0xDC77, 0xDC77,
  0xDC57, 0xDC37, 0xDC37, 0xDC37, 0xDC37, 0xDC37, 0xDC57, 0xE457, 0xE458, 0xE458, 0xE478, 0xDC78, 0xE478, 0xE478, 0xE477, 0xDC77,
  0xDC77, 0xE477, 0xE477, 0xE478, 0xE478, 0xE478, 0xE478, 0xE478, 0xE478, 0xE478, 0xE478, 0xE478, 0xE478, 0xE478, 0xE478, 0xE478,
  0xDC78, 0xDC78, 0xE478, 0xDC78, 0xE478, 0xE478, 0xDC57, 0xDC77, 0xE477, 0xE478, 0xDC77, 0xE477, 0xE457, 0xDC57, 0xDC57, 0xDC57,
  0xDC57, 0xE457, 0xDC57, 0xDC57, 0xDC57, 0xDC37, 0xDC37, 0xDC17, 0xDC37, 0xDC37, 0xDC17, 0xDC16, 0xDC17, 0xDC17, 0xDC36, 0xDC37,
  0xDC37, 0xDC37, 0xDC37, 0xDC37, 0xDC36, 0xDC36, 0xDC36, 0xDC16, 0xDC16, 0xDC16, 0xDC16, 0xDBF6, 0xDC17, 0xDC16, 0xDC16, 0xDC17,
  0xDC17, 0xDC17, 0xDC16, 0xDBF6, 0xDC16, 0xDC16, 0xDBF6, 0xDBF6, 0xDC16, 0xDC16, 0xDC16, 0xDC16, 0xDBF6, 0xDBF6, 0xDBF6, 0xDBF6,
  0xD3F6, 0xD3F6, 0xDBF6, 0xDBF6, 0xD3F6, 0xDC16, 0xDBF6, 0xD3F6, 0xDBF6, 0xD3F6, 0xD3F6, 0xD3F6, 0xD3D6, 0xDBF6, 0xD3F6, 0xD3F6,
  0xD3D6, 0xDBF6, 0xD3F6, 0xD3F6, 0xDC37, 0xD436, 0xCC95, 0xD678, 0x0020, 0x0000, 0x0000, 0x0000, 0x0000, 0x0000, 0x0000, 0x0000,
  0x0000, 0x0000, 0x0000, 0x0000, 0x0000, 0x0000, 0x0000, 0x0000, 0x0000, 0x0000, 0x0000, 0x0000, 0x0000, 0x0000, 0x0000, 0x0000,
  0x0000, 0x0000, 0x0000, 0x0000, 0x0000, 0x0000, 0x0000, 0x0000, 0x0000, 0x0000, 0x0000, 0x0000, 0x0000, 0x0000, 0x0000, 0x0000,
  0x0000, 0x0000, 0x0000, 0x0000, 0x0000, 0x0000, 0x0000, 0x0000, 0x0000, 0x0000, 0x0000, 0x0000, 0x0000, 0x0000, 0x0000, 0x0000,
  0x0000, 0x0000, 0x0000, 0x0000, 0x0000, 0x0000, 0x0000, 0x0000, 0x0000, 0x0000, 0x0000, 0x0000, 0x0000, 0x0000, 0x0000, 0x0000,
  0x0000, 0x0000, 0x0000, 0x0000, 0x0000, 0x0000, 0x0000, 0x0000, 0x0000, 0x0000, 0x0000, 0x0000, 0x0000, 0x0000, 0x0000, 0x0000,
  0x0000, 0x0000, 0x0000, 0x0000, 0x0000, 0x0000, 0x0000, 0x0000, 0x0000, 0x0000, 0x0000, 0x0000, 0x0000, 0x0000, 0x0000, 0x0000,
  0x0000, 0x0000, 0x0000, 0x0000, 0x0000, 0x0000, 0x0000, 0x7BCE, 0xFF7D, 0xEE1B, 0xF5DB, 0xDC77, 0xDC57, 0xE477, 0xE477, 0xE477,
  0xE477, 0xE457, 0xE458, 0xE457, 0xE457, 0xE458, 0xE478, 0xE458, 0xE457, 0xE457, 0xE457, 0xE478, 0xE478, 0xE478, 0xE478, 0xE478,
  0xE478, 0xE478, 0xE478, 0xE478, 0xE478, 0xE478, 0xE478, 0xE478, 0xE478, 0xE478, 0xE478, 0xE478, 0xE478, 0xE478, 0xE498, 0xE498,
  0xE498, 0xE498, 0xE498, 0xE498, 0xE498, 0xE478, 0xE478, 0xE457, 0xE458, 0xE478, 0xE478, 0xE478, 0xE458, 0xE458, 0xE458, 0xE458,
  0xE457, 0xE457, 0xE457, 0xE457, 0xE457, 0xE437, 0xDC37, 0xDC37, 0xDC37, 0xDC37, 0xE437, 0xDC37, 0xDC37, 0xDC37, 0xDC37, 0xDC37,
  0xDC37, 0xDC37, 0xDC37, 0xDC37, 0xDC37, 0xDC37, 0xDC37, 0xDC17, 0xDC17, 0xDC17, 0xDC17, 0xDC17, 0xDC17, 0xDC17, 0xDC17, 0xDC17,
  0xDC17, 0xDC37, 0xDC17, 0xDC17, 0xDC17, 0xDC37, 0xDC17, 0xDC17, 0xDC16, 0xDC17, 0xDC17, 0xDC17, 0xDC17, 0xDC17, 0xDC17, 0xDC16,
  0xDC17, 0xDC16, 0xDC16, 0xDC16, 0xDBF6, 0xDBF6, 0xDBF6, 0xDBF6, 0xDBF6, 0xDBF6, 0xDBF6, 0xD3F6, 0xDBF6, 0xDBF6, 0xDBF6, 0xDBF6,
  0xDBF7, 0xDBF6, 0xDC17, 0xDC16, 0xDC16, 0xDC37, 0xBB52, 0xE619, 0x8410, 0x0000, 0x0000, 0x0000, 0x0000, 0x0000, 0x0000, 0x0000,
  0x0000, 0x0000, 0x0000, 0x0000, 0x0000, 0x0000, 0x0000, 0x0000, 0x0000, 0x0000, 0x0000, 0x0000, 0x0000, 0x0000, 0x0000, 0x0000,
  0x0000, 0x0000, 0x0000, 0x0000, 0x0000, 0x0000, 0x0000, 0x0000, 0x0000, 0x0000, 0x0000, 0x0000, 0x0000, 0x0000, 0x0000, 0x0000,
  0x0000, 0x0000, 0x0000, 0x0000, 0x0000, 0x0000, 0x0000, 0x0000, 0x0000, 0x0000, 0x0000, 0x0000, 0x0000, 0x0000, 0x0000, 0x0000,
  0x0000, 0x0000, 0x0000, 0x0000, 0x0000, 0x0000, 0x0000, 0x0000, 0x0000, 0x0000, 0x0000, 0x0000, 0x0000, 0x0000, 0x0000, 0x0000,
  0x0000, 0x0000, 0x0000, 0x0000, 0x0000, 0x0000, 0x0000, 0x0000, 0x0000, 0x0000, 0x0000, 0x0000, 0x0000, 0x0000, 0x0000, 0x0000,
  0x0000, 0x0000, 0x0000, 0x0000, 0x0000, 0x0000, 0x0000, 0x0000, 0x0000, 0x0000, 0x0000, 0x0000, 0x0000, 0x0000, 0x0000, 0x0000,
  0x0000, 0x0000, 0x0000, 0x0000, 0x0000, 0x0000, 0x0841, 0xDED9, 0xF69B, 0xF5FB, 0xE4B8, 0xDC37, 0xE478, 0xE478, 0xE478, 0xE478,
  0xE478, 0xE477, 0xE457, 0xE457, 0xE457, 0xE457, 0xE457, 0xE457, 0xE457, 0xE457, 0xE458, 0xE458, 0xE478, 0xE478, 0xE478, 0xE478,
  0xE478, 0xE478, 0xE478, 0xE478, 0xE478, 0xE478, 0xE498, 0xE498, 0xE498, 0xE498, 0xE498, 0xE478, 0xE478, 0xE478, 0xE478, 0xE478,
  0xE498, 0xE498, 0xE498, 0xE498, 0xE498, 0xE498, 0xE498, 0xE498, 0xE478, 0xE478, 0xE478, 0xE478, 0xE458, 0xE478, 0xE478, 0xE478,
  0xE478, 0xE478, 0xE457, 0xE457, 0xE457, 0xE458, 0xE457, 0xE457, 0xE457, 0xE437, 0xDC37, 0xDC37, 0xDC37, 0xDC37, 0xDC37, 0xDC37,
  0xDC37, 0xDC37, 0xDC37, 0xDC37, 0xDC17, 0xDC17, 0xDC17, 0xDC17, 0xDC17, 0xDC17, 0xDC17, 0xDC17, 0xDC17, 0xDC17, 0xDC17, 0xDC17,
  0xDC16, 0xDC16, 0xDC16, 0xDC16, 0xDC17, 0xDC17, 0xDC17, 0xDC17, 0xDC16, 0xDC16, 0xDC16, 0xDC17, 0xDC17, 0xDC17, 0xDC17, 0xDC17,
  0xDC17, 0xDC17, 0xDBF6, 0xDBF6, 0xDBF7, 0xDBF7, 0xDC16, 0xDBF6, 0xDBF6, 0xDBF6, 0xDBF6, 0xDBF6, 0xD3F6, 0xDBF6, 0xDBF6, 0xDBF6,
  0xDBF6, 0xDBF6, 0xDC16, 0xDC16, 0xDC16, 0xDC37, 0xC373, 0xD4D6, 0xB575, 0x0000, 0x0000, 0x0000, 0x0000, 0x0000, 0x0000, 0x0000,
  0x0000, 0x0000, 0x0000, 0x0000, 0x0000, 0x0000, 0x0000, 0x0000, 0x0000, 0x0000, 0x0000, 0x0000, 0x0000, 0x0000, 0x0000, 0x0000,
  0x0000, 0x0000, 0x0000, 0x0000, 0x0000, 0x0000, 0x0000, 0x0000, 0x0000, 0x0000, 0x0000, 0x0000, 0x0000, 0x0000, 0x0000, 0x0000,
  0x0000, 0x0000, 0x0000, 0x0000, 0x0000, 0x0000, 0x0000, 0x0000, 0x0000, 0x0000, 0x0000, 0x0000, 0x0000, 0x0000, 0x0000, 0x0000,
  0x0000, 0x0000, 0x0000, 0x0000, 0x0000, 0x0000, 0x0000, 0x0000, 0x0000, 0x0000, 0x0000, 0x0000, 0x0000, 0x0000, 0x0000, 0x0000,
  0x0000, 0x0000, 0x0000, 0x0000, 0x0000, 0x0000, 0x0000, 0x0000, 0x0000, 0x0000, 0x0000, 0x0000, 0x0000, 0x0000, 0x0000, 0x0000,
  0x0000, 0x0000, 0x0000, 0x0000, 0x0000, 0x0000, 0x0000, 0x0000, 0x0000, 0x0000, 0x0000, 0x0000, 0x0000, 0x0000, 0x0000, 0x0000,
  0x0000, 0x0000, 0x0000, 0x0000, 0x0000, 0x0000, 0x1082, 0xEF3B, 0xEE3A, 0xED7A, 0xDC57, 0xE458, 0xE478, 0xE478, 0xE478, 0xE478,
  0xE478, 0xE498, 0xE478, 0xE478, 0xE478, 0xE478, 0xE478, 0xE458, 0xE458, 0xE458, 0xE458, 0xDC37, 0xDC37, 0xDC37, 0xDC57, 0xDC57,
  0xDC57, 0xE457, 0xE457, 0xE457, 0xE457, 0xE457, 0xE457, 0xE478, 0xE478, 0xE498, 0xE498, 0xE498, 0xE498, 0xE498, 0xE498, 0xE478,
  0xE498, 0xE498, 0xE498, 0xE498, 0xE498, 0xE498, 0xE498, 0xE498, 0xE498, 0xE478, 0xE478, 0xE458, 0xE478, 0xE457, 0xE457, 0xE457,
  0xE457, 0xE457, 0xE457, 0xE458, 0xE437, 0xE457, 0xE437, 0xE457, 0xE457, 0xE457, 0xE457, 0xE457, 0xE457, 0xE457, 0xE457, 0xE457,
  0xE457, 0xDC37, 0xDC37, 0xDC37, 0xDC17, 0xDC17, 0xDC17, 0xDC17, 0xDC17, 0xDC17, 0xDC17, 0xDC17, 0xDC17, 0xDC17, 0xDC17, 0xDC17,
  0xDC17, 0xDC16, 0xDC16, 0xDC17, 0xDC17, 0xDC16, 0xDBF7, 0xD3F6, 0xDBF6, 0xDBF6, 0xDBF6, 0xDBF6, 0xDC16, 0xDC16, 0xDC16, 0xDC16,
  0xDBF6, 0xDBF6, 0xDBF6, 0xDBF6, 0xDBF6, 0xDBF6, 0xDBF6, 0xDBF6, 0xDBF6, 0xDBF6, 0xDBF6, 0xDBF6, 0xD3F6, 0xDBF6, 0xDBF6, 0xDBF6,
  0xDBF6, 0xDBF6, 0xDBF6, 0xDBF6, 0xDBF6, 0xDC37, 0xCB94, 0xC3F4, 0xCE17, 0x0861, 0x0000, 0x0000, 0x0000, 0x0000, 0x0000, 0x0000,
  0x0000, 0x0000, 0x0000, 0x0000, 0x0000, 0x0000, 0x0000, 0x0000, 0x0000, 0x0000, 0x0000, 0x0000, 0x0000, 0x0000, 0x0000, 0x0000,
  0x0000, 0x0000, 0x0000, 0x0000, 0x0000, 0x0000, 0x0000, 0x0000, 0x0000, 0x0000, 0x0000, 0x0000, 0x0000, 0x0000, 0x0000, 0x0000,
  0x0000, 0x0000, 0x0000, 0x0000, 0x0000, 0x0000, 0x0000, 0x0000, 0x0000, 0x0000, 0x0000, 0x0000, 0x0000, 0x0000, 0x0000, 0x0000,
  0x0000, 0x0000, 0x0000, 0x0000, 0x0000, 0x0000, 0x0000, 0x0000, 0x0000, 0x0000, 0x0000, 0x0000, 0x0000, 0x0000, 0x0000, 0x0000,
  0x0000, 0x0000, 0x0000, 0x0000, 0x0000, 0x0000, 0x0000, 0x0000, 0x0000, 0x0000, 0x0000, 0x0000, 0x0000, 0x0000, 0x0000, 0x0000,
  0x0000, 0x0000, 0x0000, 0x0000, 0x0000, 0x0000, 0x0000, 0x0000, 0x0000, 0x0000, 0x0000, 0x0000, 0x0000, 0x0000, 0x0000, 0x0000,
  0x0000, 0x0000, 0x0000, 0x0000, 0x0000, 0x0000, 0x1082, 0xEEFB, 0xEE1A, 0xED39, 0xDC17, 0xE437, 0xE457, 0xE478, 0xE478, 0xE477,
  0xE478, 0xE478, 0xE478, 0xE477, 0xE477, 0xDC57, 0xDC57, 0xE457, 0xE457, 0xE437, 0xE457, 0xE457, 0xDC37, 0xDC37, 0xE457, 0xDC37,
  0xDC37, 0xDC57, 0xDC57, 0xDC57, 0xDC57, 0xDC57, 0xDC57, 0xDC57, 0xDC57, 0xDC77, 0xDC77, 0xE477, 0xE477, 0xE478, 0xE478, 0xE478,
  0xE478, 0xE457, 0xE478, 0xDC57, 0xE477, 0xE478, 0xE477, 0xE477, 0xDC57, 0xDC57, 0xDC57, 0xDC57, 0xDC57, 0xDC57, 0xDC37, 0xDC37,
  0xDC37, 0xDC37, 0xDC57, 0xDC57, 0xDC57, 0xDC37, 0xDC37, 0xDC37, 0xDC37, 0xDC37, 0xDC37, 0xDC37, 0xDC17, 0xDC17, 0xDC16, 0xDC16,
  0xDC17, 0xDC16, 0xDC16, 0xDBF6, 0xDBF6, 0xDBF6, 0xDBF6, 0xDBF6, 0xDC16, 0xDC16, 0xDBF6, 0xDC17, 0xDBF6, 0xDC16, 0xDBF6, 0xDBF6,
  0xDC16, 0xDC16, 0xDBF6, 0xDBF6, 0xDBF6, 0xDBF6, 0xD3F6, 0xDBF6, 0xDBF6, 0xDC16, 0xDC16, 0xDC16, 0xDC16, 0xDC16, 0xDC16, 0xDBF6,
  0xDBF6, 0xDBF6, 0xDBF6, 0xDBF6, 0xDBF6, 0xDBF6, 0xDBF6, 0xDBF6, 0xDBF6, 0xDBF6, 0xDBF6, 0xDC16, 0xDBF6, 0xDC16, 0xDC16, 0xDBF6,
  0xDC17, 0xDC16, 0xDC16, 0xDBF6, 0xDBF6, 0xDBF6, 0xCB74, 0xBB93, 0xEEDB, 0x10A2, 0x0000, 0x0000, 0x0000, 0x0000, 0x0000, 0x0000,
  0x0000, 0x0000, 0x0000, 0x0000, 0x0000, 0x0000, 0x0000, 0x0000, 0x0000, 0x0000, 0x0000, 0x0000, 0x0000, 0x0000, 0x0000, 0x0000,
  0x0000, 0x0000, 0x0000, 0x0000, 0x0000, 0x0000, 0x0000, 0x0000, 0x0000, 0x0000, 0x0000, 0x0000, 0x0000, 0x0000, 0x0000, 0x0000,
  0x0000, 0x0000, 0x0000, 0x0000, 0x0000, 0x0000, 0x0000, 0x0000, 0x0000, 0x0000, 0x0000, 0x0000, 0x0000, 0x0000, 0x0000, 0x0000,
  0x0000, 0x0000, 0x0000, 0x0000, 0x0000, 0x0000, 0x0000, 0x0000, 0x0000, 0x0000, 0x0000, 0x0000, 0x0000, 0x0000, 0x0000, 0x0000,
  0x0000, 0x0000, 0x0000, 0x0000, 0x0000, 0x0000, 0x0000, 0x0000, 0x0000, 0x0000, 0x0000, 0x0000, 0x0000, 0x0000, 0x0000, 0x0000,
  0x0000, 0x0000, 0x0000, 0x0000, 0x0000, 0x0000, 0x0000, 0x0000, 0x0000, 0x0000, 0x0000, 0x0000, 0x0000, 0x0000, 0x0000, 0x0000,
  0x0000, 0x0000, 0x0000, 0x0000, 0x0000, 0x0000, 0x1082, 0xEEFB, 0xEE1A, 0xED19, 0xDBF6, 0xDC17, 0xDC17, 0xDC37, 0xE457, 0xE457,
  0xE478, 0xE478, 0xE478, 0xE478, 0xDC77, 0xE478, 0xE477, 0xE498, 0xE478, 0xE477, 0xE478, 0xE458, 0xE458, 0xE478, 0xE478, 0xE478,
  0xE478, 0xE478, 0xE498, 0xE4B8, 0xE4B8, 0xE4B8, 0xE4B8, 0xE4B8, 0xECB8, 0xECB9, 0xECD9, 0xECD9, 0xECD9, 0xECD9, 0xECD9, 0xECD9,
  0xECB9, 0xECB9, 0xECB9, 0xECB9, 0xECB9, 0xECB9, 0xECB9, 0xECB9, 0xECD9, 0xECB9, 0xECB9, 0xECB9, 0xECB8, 0xECB9, 0xEC99, 0xEC98,
  0xEC99, 0xECB9, 0xECB9, 0xECB9, 0xECB9, 0xECB9, 0xECB8, 0xECB9, 0xECB9, 0xECB9, 0xECB9, 0xECB9, 0xECB9, 0xECB9, 0xECB8, 0xEC98,
  0xE498, 0xE498, 0xEC98, 0xE498, 0xE478, 0xE478, 0xE478, 0xE478, 0xE478, 0xE478, 0xE478, 0xE478, 0xE478, 0xE478, 0xE458, 0xE457,
  0xE457, 0xDC37, 0xDC37, 0xDC17, 0xDC16, 0xDC16, 0xDC16, 0xDC16, 0xDC16, 0xD416, 0xD416, 0xDC16, 0xDC16, 0xDC16, 0xDBF6, 0xDBF6,
  0xDBF6, 0xDBF6, 0xDBF6, 0xDBF6, 0xDBF6, 0xDBF6, 0xDBF6, 0xDBF6, 0xDBF6, 0xDBF6, 0xDBF6, 0xDBF6, 0xDBF6, 0xDBF6, 0xDBF6, 0xDBF6,
  0xDBF6, 0xDBF6, 0xDBF6, 0xDBF6, 0xDBD6, 0xDBF6, 0xCB54, 0xBB93, 0xE69A, 0x10A2, 0x0000, 0x0000, 0x0000, 0x0000, 0x0000, 0x0000,
  0x0000, 0x0000, 0x0000, 0x0000, 0x0000, 0x0000, 0x0000, 0x0000, 0x0000, 0x0000, 0x0000, 0x0000, 0x0000, 0x0000, 0x0000, 0x0000,
  0x0000, 0x0000, 0x0000, 0x0000, 0x0000, 0x0000, 0x0000, 0x0000, 0x0000, 0x0000, 0x0000, 0x0000, 0x0000, 0x0000, 0x0000, 0x0000,
  0x0000, 0x0000, 0x0000, 0x0000, 0x0000, 0x0000, 0x0000, 0x0000, 0x0000, 0x0000, 0x0000, 0x0000, 0x0000, 0x0000, 0x0000, 0x0000,
  0x0000, 0x0000, 0x0000, 0x0000, 0x0000, 0x0000, 0x0000, 0x0000, 0x0000, 0x0000, 0x0000, 0x0000, 0x0000, 0x0000, 0x0000, 0x0000,
  0x0000, 0x0000, 0x0000, 0x0000, 0x0000, 0x0000, 0x0000, 0x0000, 0x0000, 0x0000, 0x0000, 0x0000, 0x0000, 0x0000, 0x0000, 0x0000,
  0x0000, 0x0000, 0x0000, 0x0000, 0x0000, 0x0000, 0x0000, 0x0000, 0x0000, 0x0000, 0x0000, 0x0000, 0x0000, 0x0000, 0x0000, 0x0000,
  0x0000, 0x0000, 0x0000, 0x0000, 0x0000, 0x0000, 0x1082, 0xEEFB, 0xEE1A, 0xED19, 0xDC17, 0xE417, 0xDC37, 0xDC37, 0xDC37, 0xE458,
  0xE458, 0xE478, 0xE478, 0xE4B8, 0xED1A, 0xECF9, 0xECD9, 0xE4D9, 0xE4B9, 0xE498, 0xE478, 0xE458, 0xDC37, 0xDC17, 0xDC17, 0xDBF7,
  0xDBF6, 0xD3D6, 0xD3F6, 0xD3D6, 0xD3D6, 0xD3D6, 0xD3B5, 0xCB95, 0xCB95, 0xCB75, 0xCB74, 0xC354, 0xC354, 0xC354, 0xC334, 0xC334,
  0xC333, 0xC313, 0xC313, 0xC313, 0xC313, 0xC2F3, 0xC2F3, 0xBAF3, 0xC2F3, 0xC2F2, 0xBAD2, 0xBAD2, 0xBAD2, 0xBAD2, 0xBAD2, 0xBAD2,
  0xBAD2, 0xBAD2, 0xBAD2, 0xBAD2, 0xBAD2, 0xC2F3, 0xBAF3, 0xC2F3, 0xC2F3, 0xC313, 0xC313, 0xC313, 0xC333, 0xC334, 0xC334, 0xC334,
  0xC334, 0xC334, 0xCB54, 0xCB54, 0xCB54, 0xCB75, 0xCB75, 0xD395, 0xD395, 0xD3B5, 0xD3D6, 0xD3D6, 0xDBF6, 0xDC17, 0xDC17, 0xDC17,
  0xDC17, 0xDC17, 0xDC17, 0xDC17, 0xDC37, 0xE457, 0xE458, 0xE478, 0xE498, 0xE4B8, 0xE4B8, 0xDC16, 0xDBF6, 0xDBF6, 0xDBF6, 0xDBF6,
  0xDBF6, 0xDBF6, 0xDBF6, 0xDBF6, 0xDC16, 0xDC17, 0xDBF6, 0xDBF6, 0xDBF6, 0xDBF6, 0xDBF6, 0xDBF6, 0xDBF6, 0xDBF6, 0xDBF7, 0xDBF6,
  0xDBF6, 0xDBF6, 0xDBF6, 0xDBD6, 0xD3D6, 0xDBD6, 0xCB54, 0xBB93, 0xE6DB, 0x10A2, 0x0000, 0x0000, 0x0000, 0x0000, 0x0000, 0x0000,
  0x0000, 0x0000, 0x0000, 0x0000, 0x0000, 0x0000, 0x0000, 0x0000, 0x0000, 0x0000, 0x0000, 0x0000, 0x0000, 0x0000, 0x0000, 0x0000,
  0x0000, 0x0000, 0x0000, 0x0000, 0x0000, 0x0000, 0x0000, 0x0000, 0x0000, 0x0000, 0x0000, 0x0000, 0x0000, 0x0000, 0x0000, 0x0000,
  0x0000, 0x0000, 0x0000, 0x0000, 0x0000, 0x0000, 0x0000, 0x0000, 0x0000, 0x0000, 0x0000, 0x0000, 0x0000, 0x0000, 0x0000, 0x0000,
  0x0000, 0x0000, 0x0000, 0x0000, 0x0000, 0x0000, 0x0000, 0x0000, 0x0000, 0x0000, 0x0000, 0x0000, 0x0000, 0x0000, 0x0000, 0x0000,
  0x0000, 0x0000, 0x0000, 0x0000, 0x0000, 0x0000, 0x0000, 0x0000, 0x0000, 0x0000, 0x0000, 0x0000, 0x0000, 0x0000, 0x0000, 0x0000,
  0x0000, 0x0000, 0x0000, 0x0000, 0x0000, 0x0000, 0x0000, 0x0000, 0x0000, 0x0000, 0x0000, 0x0000, 0x0000, 0x0000, 0x0000, 0x0000,
  0x0000, 0x0000, 0x0000, 0x0000, 0x0000, 0x0000, 0x1082, 0xEEFB, 0xEE3A, 0xED19, 0xDC17, 0xE438, 0xE437, 0xE437, 0xE437, 0xE457,
  0xE457, 0xE457, 0xE498, 0xECD9, 0xC354, 0xB291, 0xB271, 0xAA51, 0xAA51, 0xAA30, 0xAA10, 0xA1F0, 0xA1EF, 0xA1EF, 0xA1EF, 0xA1EF,
  0xA1CF, 0xA1CF, 0xA1CF, 0xA1CF, 0xA1CF, 0xA1CF, 0xA1CF, 0xA1CF, 0xA1CF, 0xA1CF, 0xA1CF, 0xA1CF, 0xA1CF, 0xA1CF, 0xA9CF, 0xA9D0,
  0xA9D0, 0xA9D0, 0xA9D0, 0xA9D0, 0xA9D0, 0xA9D0, 0xA9D0, 0xA1AF, 0xA1AF, 0xA1AF, 0xA1AF, 0xA1AF, 0xA1AF, 0xA1AF, 0xA1AF, 0xA1AF,
  0xA1AF, 0xA1AF, 0xA1AF, 0xA1AF, 0xA1AF, 0xA1AF, 0xA9AF, 0xA9AF, 0xA9AF, 0xA9B0, 0xA9D0, 0xA9D0, 0xA9D0, 0xA9B0, 0xA9D0, 0xA9D0,
  0xA1AF, 0xA9B0, 0xA9AF, 0xA9AF, 0xA9AF, 0xA9CF, 0xA9CF, 0xA9AF, 0xA9CF, 0xA9CF, 0xA9CF, 0xA9D0, 0xA9CF, 0xA1EF, 0xA9F0, 0xA9F0,
  0xA1F0, 0xA1F0, 0xA1F0, 0xA9F0, 0xAA10, 0xAA30, 0xAA51, 0xB251, 0xB271, 0xB271, 0xC333, 0xE478, 0xDC16, 0xDBF6, 0xDC16, 0xDBF6,
  0xDBF6, 0xDBF6, 0xDBF6, 0xDBF6, 0xDBF6, 0xDBF6, 0xDBF6, 0xDBF6, 0xDBF6, 0xDBF6, 0xDBF6, 0xD3F6, 0xDBF6, 0xDBF6, 0xDBF6, 0xDBF6,
  0xDBD6, 0xDBD6, 0xDBD6, 0xDBD6, 0xD3D6, 0xDBD6, 0xCB54, 0xBB93, 0xE6FB, 0x10A2, 0x0000, 0x0000, 0x0000, 0x0000, 0x0000, 0x0000,
  0x0000, 0x0000, 0x0000, 0x0000, 0x0000, 0x0000, 0x0000, 0x0000, 0x0000, 0x0000, 0x0000, 0x0000, 0x0000, 0x0000, 0x0000, 0x0000,
  0x0000, 0x0000, 0x0000, 0x0000, 0x0000, 0x0000, 0x0000, 0x0000, 0x0000, 0x0000, 0x0000, 0x0000, 0x0000, 0x0000, 0x0000, 0x0000,
  0x0000, 0x0000, 0x0000, 0x0000, 0x0000, 0x0000, 0x0000, 0x0000, 0x0000, 0x0000, 0x0000, 0x0000, 0x0000, 0x0000, 0x0000, 0x0000,
  0x0000, 0x0000, 0x0000, 0x0000, 0x0000, 0x0000, 0x0000, 0x0000, 0x0000, 0x0000, 0x0000, 0x0000, 0x0000, 0x0000, 0x0000, 0x0000,
  0x0000, 0x0000, 0x0000, 0x0000, 0x0000, 0x0000, 0x0000, 0x0000, 0x0000, 0x0000, 0x0000, 0x0000, 0x0000, 0x0000, 0x0000, 0x0000,
  0x0000, 0x0000, 0x0000, 0x0000, 0x0000, 0x0000, 0x0000, 0x0000, 0x0000, 0x0000, 0x0000, 0x0000, 0x0000, 0x0000, 0x0000, 0x0000,
  0x0000, 0x0000, 0x0000, 0x0000, 0x0000, 0x0000, 0x1082, 0xEF1B, 0xEE3A, 0xED19, 0xDC17, 0xE437, 0xE437, 0xE437, 0xE437, 0xE437,
  0xE437, 0xE437, 0xECB9, 0xB2D2, 0x998E, 0xA9AF, 0xA9CF, 0xA9CF, 0xA1CF, 0xA1CF, 0xA9CF, 0xA9F0, 0xA9F0, 0xA9F0, 0xA9EF, 0xA9F0,
  0xAA10, 0xAA10, 0xAA10, 0xAA10, 0xAA10, 0xAA10, 0xA9F0, 0xA9F0, 0xA9F0, 0xA9F0, 0xA9F0, 0xA9F0, 0xA9EF, 0xA9CF, 0xA1CF, 0xA9EE,
  0xA9EE, 0xA9ED, 0xAA0D, 0xAA2D, 0xAA4D, 0xB24C, 0xB26C, 0xB28C, 0xB28C, 0xBAAC, 0xBACB, 0xBAEB, 0xBAEB, 0xBAEB, 0xC30B, 0xC30B,
  0xC2EB, 0xBAEB, 0xBAEB, 0xBAEB, 0xBACB, 0xBACC, 0xBAAC, 0xB28C, 0xB26C, 0xB24C, 0xB24D, 0xAA2D, 0xAA0D, 0xA9ED, 0xA9CE, 0xA1CE,
  0xA1CE, 0xA9CF, 0xA9CF, 0xA9D0, 0xA9D0, 0xA9D0, 0xA9F0, 0xA9F0, 0xB1F1, 0xB211, 0xB211, 0xB211, 0xB210, 0xA9F0, 0xA9F0, 0xA9F0,
  0xA9F0, 0xA9F0, 0xA9F0, 0xA9F0, 0xA9F0, 0xA9F0, 0xA9F0, 0xA9D0, 0xA9CF, 0xA1AF, 0xA1AF, 0xC313, 0xE498, 0xDBF6, 0xDC16, 0xDBF6,
  0xDC16, 0xDBF6, 0xDBF6, 0xDBF6, 0xDBF6, 0xDBF6, 0xDC16, 0xDBF6, 0xDBF6, 0xDC16, 0xDBF6, 0xDBF6, 0xDBF6, 0xDBF6, 0xDBF6, 0xDBD6,
  0xDBD6, 0xDBD6, 0xDBD6, 0xDBD6, 0xD3B5, 0xDBD6, 0xCB34, 0xBB93, 0xE6FB, 0x10A2, 0x0000, 0x0000, 0x0000, 0x0000, 0x0000, 0x0000,
  0x0000, 0x0000, 0x0000, 0x0000, 0x0000, 0x0000, 0x0000, 0x0000, 0x0000, 0x0000, 0x0000, 0x0000, 0x0000, 0x0000, 0x0000, 0x0000,
  0x0000, 0x0000, 0x0000, 0x0000, 0x0000, 0x0000, 0x0000, 0x0000, 0x0000, 0x0000, 0x0000, 0x0000, 0x0000, 0x0000, 0x0000, 0x0000,
  0x0000, 0x0000, 0x0000, 0x0000, 0x0000, 0x0000, 0x0000, 0x0000, 0x0000, 0x0000, 0x0000, 0x0000, 0x0000, 0x0000, 0x0000, 0x0000,
  0x0000, 0x0000, 0x0000, 0x0000, 0x0000, 0x0000, 0x0000, 0x0000, 0x0000, 0x0000, 0x0000, 0x0000, 0x0000, 0x0000, 0x0000, 0x0000,
  0x0000, 0x0000, 0x0000, 0x0000, 0x0000, 0x0000, 0x0000, 0x0000, 0x0000, 0x0000, 0x0000, 0x0000, 0x0000, 0x0000, 0x0000, 0x0000,
  0x0000, 0x0000, 0x0000, 0x0000, 0x0000, 0x0000, 0x0000, 0x0000, 0x0000, 0x0000, 0x0000, 0x0000, 0x0000, 0x0000, 0x0000, 0x0000,
  0x0000, 0x0000, 0x0000, 0x0000, 0x0000, 0x0000, 0x1082, 0xEF1B, 0xEE3A, 0xED39, 0xDC37, 0xE437, 0xDC37, 0xE437, 0xE437, 0xDC37,
  0xE437, 0xE458, 0xDBF7, 0xA1CF, 0xA9F0, 0xA9F0, 0xA9F0, 0xA9F0, 0xA9F0, 0xA9F0, 0xA9F0, 0xAA10, 0xAA10, 0xAA10, 0xA9F0, 0xA1D0,
  0xA1CF, 0xA1AF, 0xA1AE, 0x99AE, 0x99CD, 0xA1ED, 0xA20C, 0xAA4C, 0xB28B, 0xBACB, 0xBB0B, 0xC34B, 0xCB8A, 0xCBCA, 0xD409, 0xD449,
  0xDC68, 0xE4A7, 0xE4C7, 0xECE6, 0xED06, 0xED26, 0xF545, 0xF545, 0xF545, 0xF564, 0xF564, 0xF564, 0xF564, 0xF564, 0xF564, 0xF564,
  0xF564, 0xF564, 0xF564, 0xF564, 0xF564, 0xF565, 0xF565, 0xF545, 0xF545, 0xED26, 0xED26, 0xED06, 0xECE7, 0xE4A7, 0xE468, 0xDC49,
  0xD409, 0xD3C9, 0xCB8A, 0xC34A, 0xBB0B, 0xBAEB, 0xB2AC, 0xAA6C, 0xAA4D, 0xAA0D, 0xA1CE, 0xA1CF, 0xA1AF, 0xA1B0, 0xA1B0, 0xA1D1,
  0xA9D1, 0xA9F1, 0xAA11, 0xAA11, 0xA9F1, 0xA9F1, 0xAA11, 0xAA10, 0xA9F0, 0xAA30, 0xC2B3, 0xBAB2, 0xE458, 0xDC37, 0xDBF6, 0xDBF6,
  0xDBF6, 0xDBF6, 0xDBF6, 0xDBF6, 0xDBF6, 0xDBF6, 0xDBF6, 0xDBF6, 0xDBF6, 0xDBF6, 0xDC17, 0xDBF6, 0xDBF6, 0xDBF6, 0xDBF6, 0xDBD6,
  0xDBD6, 0xE3F7, 0xCB34, 0xC333, 0xE3F6, 0xDBD6, 0xCB54, 0xBBB3, 0xE6DB, 0x10A2, 0x0000, 0x0000, 0x0000, 0x0000, 0x0000, 0x0000,
  0x0000, 0x0000, 0x0000, 0x0000, 0x0000, 0x0000, 0x0000, 0x0000, 0x0000, 0x0000, 0x0000, 0x0000, 0x0000, 0x0000, 0x0000, 0x0000,
  0x0000, 0x0000, 0x0000, 0x0000, 0x0000, 0x0000, 0x0000, 0x0000, 0x0000, 0x0000, 0x0000, 0x0000, 0x0000, 0x0000, 0x0000, 0x0000,
  0x0000, 0x0000, 0x0000, 0x0000, 0x0000, 0x0000, 0x0000, 0x0000, 0x0000, 0x0000, 0x0000, 0x0000, 0x0000, 0x0000, 0x0000, 0x0000,
  0x0000, 0x0000, 0x0000, 0x0000, 0x0000, 0x0000, 0x0000, 0x0000, 0x0000, 0x0000, 0x0000, 0x0000, 0x0000, 0x0000, 0x0000, 0x0000,
  0x0000, 0x0000, 0x0000, 0x0000, 0x0000, 0x0000, 0x0000, 0x0000, 0x0000, 0x0000, 0x0000, 0x0000, 0x0000, 0x0000, 0x0000, 0x0000,
  0x0000, 0x0000, 0x0000, 0x0000, 0x0000, 0x0000, 0x0000, 0x0000, 0x0000, 0x0000, 0x0000, 0x0000, 0x0000, 0x0000, 0x0000, 0x0000,
  0x0000, 0x0000, 0x0000, 0x0000, 0x0000, 0x0000, 0x1082, 0xF75B, 0xEE3A, 0xED39, 0xDC37, 0xE457, 0xE438, 0xE437, 0xE437, 0xE437,
  0xE437, 0xE458, 0xD3D6, 0xA1CF, 0xA1EF, 0xA9EF, 0xA9F0, 0xA9F0, 0xA9F0, 0xAA10, 0xA9F0, 0xA9D0, 0xA1EF, 0xAA2E, 0xAA6E, 0xB2AD,
  0xBAEC, 0xC34B, 0xCBAA, 0xD409, 0xDC68, 0xE4A8, 0xED07, 0xED26, 0xF566, 0xF585, 0xF585, 0xF5A5, 0xF5A4, 0xF5A4, 0xF5C4, 0xF5C3,
  0xF5A3, 0xF5A3, 0xF5A3, 0xF5C4, 0xF5C4, 0xF5C4, 0xF5E4, 0xF5E5, 0xF5E5, 0xF5E6, 0xF606, 0xF606, 0xF606, 0xF606, 0xF607, 0xF607,
  0xF607, 0xF607, 0xF606, 0xF606, 0xF606, 0xF606, 0xF5E5, 0xF5E5, 0xF5E5, 0xF5C4, 0xF5C4, 0xF5C3, 0xF5A3, 0xF5A3, 0xF5A3, 0xF5A3,
  0xF5A3, 0xFDA4, 0xFDA4, 0xFDA5, 0xFDA5, 0xFD86, 0xF567, 0xF567, 0xED28, 0xECE8, 0xE489, 0xDC29, 0xD3AA, 0xC36B, 0xBAEC, 0xB28D,
  0xAA4E, 0xAA0F, 0xA1EF, 0xA9D0, 0xA9F1, 0xAA11, 0xB211, 0xAA10, 0xB231, 0xC2D3, 0xC2D3, 0xBAB2, 0xDC37, 0xDC17, 0xDBD6, 0xDBD6,
  0xDBF6, 0xDBF6, 0xDBF6, 0xDBF6, 0xDBF6, 0xDBF6, 0xDBD6, 0xDBD6, 0xDBF6, 0xDBF6, 0xDBD6, 0xDBD6, 0xD3D6, 0xD3D6, 0xDBD6, 0xDBB6,
  0xDBD6, 0xC312, 0xB270, 0xB291, 0xC313, 0xDBF6, 0xCB74, 0xBBB3, 0xE6BB, 0x10A2, 0x0000, 0x0000, 0x0000, 0x0000, 0x0000, 0x0000,
  0x0000, 0x0000, 0x0000, 0x0000, 0x0000, 0x0000, 0x0000, 0x0000, 0x0000, 0x0000, 0x0000, 0x0000, 0x0000, 0x0000, 0x0000, 0x0000,
  0x0000, 0x0000, 0x0000, 0x0000, 0x0000, 0x0000, 0x0000, 0x0000, 0x0000, 0x0000, 0x0000, 0x0000, 0x0000, 0x0000, 0x0000, 0x0000,
  0x0000, 0x0000, 0x0000, 0x0000, 0x0000, 0x0000, 0x0000, 0x0000, 0x0000, 0x0000, 0x0000, 0x0000, 0x0000, 0x0000, 0x0000, 0x0000,
  0x0000, 0x0000, 0x0000, 0x0000, 0x0000, 0x0000, 0x0000, 0x0000, 0x0000, 0x0000, 0x0000, 0x0000, 0x0000, 0x0000, 0x0000, 0x0000,
  0x0000, 0x0000, 0x0000, 0x0000, 0x0000, 0x0000, 0x0000, 0x0000, 0x0000, 0x0000, 0x0000, 0x0000, 0x0000, 0x0000, 0x0000, 0x0000,
  0x0000, 0x0000, 0x0000, 0x0000, 0x0000, 0x0000, 0x0000, 0x0000, 0x0000, 0x0000, 0x0000, 0x0000, 0x0000, 0x0000, 0x0000, 0x0000,
  0x0000, 0x0000, 0x0000, 0x0000, 0x0000, 0x0000, 0x0841, 0xCE37, 0xF65B, 0xED19, 0xDC37, 0xE457, 0xE457, 0xDC57, 0xE437, 0xE437,
  0xE437, 0xE478, 0xD3B6, 0x99AF, 0xA1EF, 0xA1EF, 0xA9F0, 0xA9F0, 0xA9F0, 0xA9CF, 0xB24C, 0xC36B, 0xDC4A, 0xE4E9, 0xF548, 0xF587,
  0xFD86, 0xFDA5, 0xFDA4, 0xF5A4, 0xF5A3, 0xF5A3, 0xF5A3, 0xF5C4, 0xF5C4, 0xF5E5, 0xF5E6, 0xF607, 0xF628, 0xF649, 0xF68A, 0xF68B,
  0xFEAC, 0xFEAC, 0xFECC, 0xFEED, 0xFEED, 0xFEEE, 0xFF0E, 0xFF0E, 0xFF0F, 0xFF2F, 0xFF2F, 0xFF2F, 0xFF2F, 0xFF2F, 0xFF2F, 0xFF2F,
  0xFF2F, 0xFF2F, 0xFF2E, 0xFF0E, 0xFF0E, 0xFF0E, 0xFF0E, 0xFF0E, 0xFEEE, 0xFEED, 0xFECC, 0xFECC, 0xFECC, 0xFEAB, 0xF68A, 0xF68A,
  0xF669, 0xF669, 0xF627, 0xF607, 0xF606, 0xF5E5, 0xF5E5, 0xF5C4, 0xF5A3, 0xF5A3, 0xF5A3, 0xFDA3, 0xF584, 0xF584, 0xF565, 0xF546,
  0xED08, 0xE4C9, 0xDC29, 0xC34B, 0xAA4D, 0xA9CF, 0xB1F0, 0xB251, 0xC2F3, 0xC2F4, 0xC2F4, 0xBAD3, 0xDC37, 0xDC37, 0xDBB6, 0xDBD6,
  0xDBF6, 0xDBF6, 0xDBF6, 0xDC16, 0xDBF6, 0xDC16, 0xE457, 0xDC57, 0xCC17, 0xC416, 0xD417, 0xDC37, 0xE417, 0xDBD6, 0xDBD6, 0xDBD6,
  0xCB54, 0xB291, 0xC2F2, 0xBB12, 0xAAB1, 0xCBB4, 0xCB94, 0xBB93, 0xE6DB, 0x10A2, 0x0000, 0x0000, 0x0000, 0x0000, 0x0000, 0x0000,
  0x0000, 0x0000, 0x0000, 0x0000, 0x0000, 0x0000, 0x0000, 0x0000, 0x0000, 0x0000, 0x0000, 0x0000, 0x0000, 0x0000, 0x0000, 0x0000,
  0x0000, 0x0000, 0x0000, 0x0000, 0x0000, 0x0000, 0x0000, 0x0000, 0x0000, 0x0000, 0x0000, 0x0000, 0x0000, 0x0000, 0x0000, 0x0000,
  0x0000, 0x0000, 0x0000, 0x0000, 0x0000, 0x0000, 0x0000, 0x0000, 0x0000, 0x0000, 0x0000, 0x0000, 0x0000, 0x0000, 0x0000, 0x0000,
  0x0000, 0x0000, 0x0000, 0x0000, 0x0000, 0x0000, 0x0000, 0x0000, 0x0000, 0x0000, 0x0000, 0x0000, 0x0000, 0x0000, 0x0000, 0x0000,
  0x0000, 0x0000, 0x0000, 0x0000, 0x0000, 0x0000, 0x0000, 0x0000, 0x0000, 0x0000, 0x0000, 0x0000, 0x0000, 0x0000, 0x0000, 0x0000,
  0x0000, 0x0000, 0x0000, 0x0000, 0x0000, 0x0000, 0x0000, 0x0000, 0x0000, 0x0000, 0x0000, 0x0000, 0x0000, 0x0000, 0x0000, 0x0000,
  0x0000, 0x0000, 0x0000, 0x0000, 0x0000, 0x0000, 0x0861, 0xE6B8, 0xF63B, 0xED19, 0xDC37, 0xDC37, 0xDC37, 0xDC37, 0xDC57, 0xE457,
  0xDC37, 0xE478, 0xCB95, 0x998E, 0xA9F0, 0xA1EF, 0xA1CF, 0xA1F0, 0xA1AD, 0xC329, 0xF568, 0xFDE5, 0xFDE4, 0xF5C3, 0xF5C4, 0xF5C5,
  0xF5E6, 0xF5E6, 0xF628, 0xF648, 0xF66A, 0xF68B, 0xF6AB, 0xFECC, 0xFEED, 0xFEEE, 0xFF0E, 0xFF0F, 0xFF0F, 0xFF2F, 0xFF30, 0xFF30,
  0xFF30, 0xFF30, 0xFF30, 0xFF30, 0xFF10, 0xFF0F, 0xFF0F, 0xFF0F, 0xFF0F, 0xFF0F, 0xFF0F, 0xFF0F, 0xFF0F, 0xFF0E, 0xFF0E, 0xFF0F,
  0xFF0E, 0xFF0E, 0xFF0E, 0xFF0E, 0xFEEE, 0xFEEE, 0xFEEE, 0xFEEE, 0xFEEE, 0xFF0E, 0xFF0E, 0xFF0E, 0xFF0E, 0xFF0E, 0xFF0E, 0xFF0E,
  0xFF0E, 0xFF0E, 0xFF0D, 0xFF0D, 0xFF0D, 0xFEEC, 0xFEEC, 0xFECB, 0xF6AA, 0xF689, 0xF668, 0xF647, 0xF626, 0xF5E4, 0xEDC3, 0xEDA3,
  0xF582, 0xF582, 0xF582, 0xF584, 0xED07, 0xCB6A, 0xB24E, 0xC2F3, 0xC2F3, 0xC2F3, 0xC2F4, 0xBAB3, 0xDC37, 0xE457, 0xDBB6, 0xDBF6,
  0xDBF6, 0xDBF6, 0xDBF6, 0xDBD6, 0xDC16, 0xCC37, 0x8B53, 0x5AB0, 0x4AB0, 0x4AB1, 0x4AB1, 0x6AF1, 0x9333, 0xCC17, 0xDBF6, 0xDBF6,
  0xCB74, 0xB2D1, 0xE437, 0xE478, 0xBB12, 0xCB94, 0xD3B5, 0xBB93, 0xE6BB, 0x10A2, 0x0000, 0x0000, 0x0000, 0x0000, 0x0000, 0x0000,
  0x0000, 0x0000, 0x0000, 0x0000, 0x0000, 0x0000, 0x0000, 0x0000, 0x0000, 0x0000, 0x0000, 0x0000, 0x0000, 0x0000, 0x0000, 0x0000,
  0x0000, 0x0000, 0x0000, 0x0000, 0x0000, 0x0000, 0x0000, 0x0000, 0x0000, 0x0000, 0x0000, 0x0000, 0x0000, 0x0000, 0x0000, 0x0000,
  0x0000, 0x0000, 0x0000, 0x0000, 0x0000, 0x0000, 0x0000, 0x0000, 0x0000, 0x0000, 0x0000, 0x0000, 0x0000, 0x0000, 0x0000, 0x0000,
  0x0000, 0x0000, 0x0000, 0x0000, 0x0000, 0x0000, 0x0000, 0x0000, 0x0000, 0x0000, 0x0000, 0x0000, 0x0000, 0x0000, 0x0000, 0x0000,
  0x0000, 0x0000, 0x0000, 0x0000, 0x0000, 0x0000, 0x0000, 0x0000, 0x0000, 0x0000, 0x0000, 0x0000, 0x0000, 0x0000, 0x0000, 0x0000,
  0x0000, 0x0000, 0x0000, 0x0000, 0x0000, 0x0000, 0x0000, 0x0000, 0x0000, 0x0000, 0x0000, 0x0000, 0x0000, 0x0000, 0x0000, 0x0000,
  0x0000, 0x0000, 0x0000, 0x0000, 0x0000, 0x0000, 0x0861, 0xDE98, 0xF61B, 0xED39, 0xDC37, 0xE458, 0xE458, 0xE458, 0xE478, 0xE478,
  0xE457, 0xE498, 0xCB74, 0x998E, 0xA9F0, 0xA1EF, 0xA1EF, 0x99AD, 0xC369, 0xFDC6, 0xF5C2, 0xF5A4, 0xF648, 0xF6AB, 0xFEED, 0xFF0E,
  0xFF2F, 0xFF30, 0xFF30, 0xFF50, 0xFF30, 0xFF30, 0xFF2F, 0xFF0F, 0xFF0F, 0xFF0F, 0xFF0F, 0xFEEF, 0xFEEF, 0xF70F, 0xFF0F, 0xFF0F,
  0xFF0F, 0xFF0F, 0xFF0F, 0xFF0F, 0xFF0F, 0xFF0F, 0xFF0F, 0xFF0F, 0xFF0F, 0xFF0F, 0xFF0F, 0xFF0F, 0xFF0E, 0xFF0E, 0xFF0E, 0xFF0E,
  0xFF0E, 0xFF0E, 0xFF0E, 0xFF0E, 0xFF0E, 0xFF0E, 0xFEEE, 0xFEEE, 0xFEEE, 0xFEEE, 0xFEEE, 0xFEEE, 0xFEEE, 0xFEED, 0xFEED, 0xFEED,
  0xF6ED, 0xFEED, 0xF6ED, 0xFEED, 0xFEED, 0xFEED, 0xFEED, 0xFEED, 0xFEED, 0xFF0D, 0xFF0C, 0xFF0C, 0xFF0C, 0xFEEB, 0xFEEB, 0xFECA,
  0xFE88, 0xF667, 0xF626, 0xF5C4, 0xF5A3, 0xFDC5, 0xE46B, 0xC2F1, 0xC2D3, 0xC2F3, 0xC2F4, 0xBAB3, 0xDC37, 0xE498, 0xDBD6, 0xDBF6,
  0xDBF6, 0xDBD6, 0xD3B5, 0xDBF6, 0xA374, 0x3A0E, 0x32D1, 0x5436, 0x64B7, 0x6CD8, 0x64B7, 0x226F, 0x2A6F, 0x422F, 0xB3B5, 0xE437,
  0xDC16, 0xB2B1, 0xBB12, 0xC333, 0xAA91, 0xDC16, 0xCB94, 0xBB93, 0xE6BB, 0x10A2, 0x0000, 0x0000, 0x0000, 0x0000, 0x0000, 0x0000,
  0x0000, 0x0000, 0x0000, 0x0000, 0x0000, 0x0000, 0x0000, 0x0000, 0x0000, 0x0000, 0x0000, 0x0000, 0x0000, 0x0000, 0x0000, 0x0000,
  0x0000, 0x0000, 0x0000, 0x0000, 0x0000, 0x0000, 0x0000, 0x0000, 0x0000, 0x0000, 0x0000, 0x0000, 0x0000, 0x0000, 0x0000, 0x0000,
  0x0000, 0x0000, 0x0000, 0x0000, 0x0000, 0x0000, 0x0000, 0x0000, 0x0000, 0x0000, 0x0000, 0x0000, 0x0000, 0x0000, 0x0000, 0x0000,
  0x0000, 0x0000, 0x0000, 0x0000, 0x0000, 0x0000, 0x0000, 0x0000, 0x0000, 0x0000, 0x0000, 0x0000, 0x0000, 0x0000, 0x0000, 0x0000,
  0x0000, 0x0000, 0x0000, 0x0000, 0x0000, 0x0000, 0x0000, 0x0000, 0x0000, 0x0000, 0x0000, 0x0000, 0x0000, 0x0000, 0x0000, 0x0000,
  0x0000, 0x0000, 0x0000, 0x0000, 0x0000, 0x0000, 0x0000, 0x0000, 0x0000, 0x0000, 0x0000, 0x0000, 0x0000, 0x0000, 0x0000, 0x0000,
  0x0000, 0x0000, 0x0000, 0x0000, 0x0000, 0x0000, 0x0000, 0xA512, 0xFE7C, 0xE519, 0xDC37, 0xE457, 0xDC57, 0xE457, 0xDC57, 0xDC57,
  0xDC57, 0xECB8, 0xCB74, 0xA1AE, 0xA9EF, 0xA1EF, 0x99AF, 0xB2AA, 0xFD86, 0xF581, 0xF5E5, 0xFECC, 0xFF2F, 0xFF30, 0xFF30, 0xFF30,
  0xFF10, 0xFF10, 0xFF0F, 0xFF0F, 0xFF10, 0xFF0F, 0xFF0F, 0xFF0F, 0xFF0F, 0xFF0F, 0xFF0F, 0xFF0F, 0xFF0F, 0xFF0F, 0xFF0F, 0xFF0F,
  0xFF0F, 0xFF0F, 0xFF0F, 0xFF0F, 0xFF0F, 0xFF0F, 0xFF0F, 0xFF0F, 0xFF0F, 0xFF0E, 0xFF0E, 0xFF0E, 0xFF0E, 0xFF0E, 0xFEEE, 0xFF0E,
  0xFF0E, 0xFF0E, 0xFF0E, 0xFEEE, 0xFF0E, 0xFF0E, 0xFF0E, 0xFEEE, 0xFEEE, 0xFEEE, 0xFEEE, 0xFEEE, 0xFEEE, 0xFEED, 0xFEED, 0xFEED,
  0xFEED, 0xFEED, 0xFEED, 0xFEED, 0xFEED, 0xFEEC, 0xFEEC, 0xFEEC, 0xFEEC, 0xFEEC, 0xFECC, 0xFECC, 0xF6CC, 0xFECC, 0xFECC, 0xFECC,
  0xFEEB, 0xFEEB, 0xFEEB, 0xFEEB, 0xF647, 0xF5A3, 0xFDA5, 0xD3EC, 0xC2B2, 0xC2D3, 0xC2F3, 0xC2B3, 0xDC37, 0xE498, 0xDBF6, 0xDBF6,
  0xDBF6, 0xDBD6, 0xDC17, 0x9B74, 0x2A0E, 0x5435, 0x6D19, 0x5456, 0x43F5, 0x4BF5, 0x2AAF, 0x4393, 0x7539, 0x5415, 0x320E, 0xB3D5,
  0xE457, 0xDC16, 0xC313, 0xC313, 0xDBF6, 0xDC16, 0xCB94, 0xBB93, 0xE6DB, 0x10A2, 0x0000, 0x0000, 0x0000, 0x0000, 0x0000, 0x0000,
  0x0000, 0x0000, 0x0000, 0x0000, 0x0000, 0x0000, 0x0000, 0x0000, 0x0000, 0x0000, 0x0000, 0x0000, 0x0000, 0x0000, 0x0000, 0x0000,
  0x0000, 0x0000, 0x0000, 0x0000, 0x0000, 0x0000, 0x0000, 0x0000, 0x0000, 0x0000, 0x0000, 0x0000, 0x0000, 0x0000, 0x0000, 0x0000,
  0x0000, 0x0000, 0x0000, 0x0000, 0x0000, 0x0000, 0x0000, 0x0000, 0x0000, 0x0000, 0x0000, 0x0000, 0x0000, 0x0000, 0x0000, 0x0000,
  0x0000, 0x0000, 0x0000, 0x0000, 0x0000, 0x0000, 0x0000, 0x0000, 0x0000, 0x0000, 0x0000, 0x0000, 0x0000, 0x0000, 0x0000, 0x0000,
  0x0000, 0x0000, 0x0000, 0x0000, 0x0000, 0x0000, 0x0000, 0x0000, 0x0000, 0x0000, 0x0000, 0x0000, 0x0000, 0x0000, 0x0000, 0x0000,
  0x0000, 0x0000, 0x0000, 0x0000, 0x0000, 0x0000, 0x0000, 0x0000, 0x0000, 0x0000, 0x0000, 0x0000, 0x0000, 0x0000, 0x0000, 0x0000,
  0x0000, 0x0000, 0x0000, 0x0000, 0x0000, 0x0000, 0x0000, 0xB574, 0xFE5B, 0xECF9, 0xDC37, 0xE458, 0xE458, 0xDC57, 0xDC57, 0xDC57,
  0xDC57, 0xECD9, 0xC354, 0xA1AF, 0xA9F0, 0xA9D0, 0x99AD, 0xDC48, 0xFDA3, 0xEDC4, 0xFF0D, 0xFF2F, 0xFF0F, 0xFEEF, 0xFF0F, 0xFF0F,
  0xFF0F, 0xFF0F, 0xFF0F, 0xF70F, 0xFF0F, 0xF70F, 0xFF0F, 0xFF0F, 0xFF0F, 0xFF0F, 0xFEEF, 0xFEEE, 0xFEEE, 0xFF0F, 0xFF0F, 0xFEEF,
  0xFEEE, 0xFF0E, 0xFF0F, 0xFF0F, 0xFF0F, 0xFF0F, 0xFF0E, 0xFF0F, 0xFF0E, 0xFF0E, 0xFEEE, 0xFEEE, 0xFEEE, 0xFEEE, 0xFEEE, 0xFF0E,
  0xFF0E, 0xFF0E, 0xFF0E, 0xFF0E, 0xFF0E, 0xFEEE, 0xFEEE, 0xFEEE, 0xFEEE, 0xFEEE, 0xFEED, 0xFEED, 0xFEED, 0xFEED, 0xFEED, 0xFEED,
  0xFEED, 0xFEED, 0xFEED, 0xFEED, 0xFEED, 0xFEEC, 0xFEEC, 0xFEEC, 0xFEEC, 0xFEEC, 0xFECC, 0xFECC, 0xFEEC, 0xFECC, 0xFECC, 0xFECC,
  0xFECB, 0xFECC, 0xFECC, 0xFEEC, 0xFEEC, 0xF627, 0xF582, 0xED08, 0xC2F0, 0xC2D4, 0xC2F3, 0xC2B2, 0xDC16, 0xE4B8, 0xDBD6, 0xDBF6,
  0xDBF6, 0xDBF6, 0xBBD5, 0x322E, 0x5C97, 0x64F8, 0x3B93, 0x3373, 0x43B5, 0x2AB0, 0x2AD0, 0x64B7, 0x7518, 0x6D19, 0x2B12, 0x39EE,
  0xD417, 0xDBF6, 0xDC17, 0xDC17, 0xDBF6, 0xDC16, 0xCB74, 0xBB93, 0xE6BB, 0x10A2, 0x0000, 0x0000, 0x0000, 0x0000, 0x0000, 0x0000,
  0x0000, 0x0000, 0x0000, 0x0000, 0x0000, 0x0000, 0x0000, 0x0000, 0x0000, 0x0000, 0x0000, 0x0000, 0x0000, 0x0000, 0x0000, 0x0000,
  0x0000, 0x0000, 0x0000, 0x0000, 0x0000, 0x0000, 0x0000, 0x0000, 0x0000, 0x0000, 0x0000, 0x0000, 0x0000, 0x0000, 0x0000, 0x0000,
  0x0000, 0x0000, 0x0000, 0x0000, 0x0000, 0x0000, 0x0000, 0x0000, 0x0000, 0x0000, 0x0000, 0x0000, 0x0000, 0x0000, 0x0000, 0x0000,
  0x0000, 0x0000, 0x0000, 0x0000, 0x0000, 0x0000, 0x0000, 0x0000, 0x0000, 0x0000, 0x0000, 0x0000, 0x0000, 0x0000, 0x0000, 0x0000,
  0x0000, 0x0000, 0x0000, 0x0000, 0x0000, 0x0000, 0x0000, 0x0000, 0x0000, 0x0000, 0x0000, 0x0000, 0x0000, 0x0000, 0x0000, 0x0000,
  0x0000, 0x0000, 0x0000, 0x0000, 0x0000, 0x0000, 0x0000, 0x0000, 0x0000, 0x0000, 0x0000, 0x0000, 0x0000, 0x0000, 0x0000, 0x0000,
  0x0000, 0x0000, 0x0000, 0x0000, 0x0000, 0x0000, 0x0861, 0xDE99, 0xF61B, 0xED19, 0xDC17, 0xDC37, 0xDC37, 0xDC57, 0xDC57, 0xE458,
  0xDC57, 0xECF9, 0xC354, 0xA1AF, 0xA9F0, 0xA9D0, 0xAA4C, 0xF546, 0xF582, 0xF68A, 0xFF2F, 0xFF0E, 0xFF2F, 0xFF2F, 0xFF0E, 0xF70F,
  0xFF30, 0xFF30, 0xFF51, 0xFF71, 0xFF71, 0xFF71, 0xFF30, 0xFF0F, 0xFF0F, 0xFF0E, 0xFF2F, 0xFF70, 0xFF50, 0xFF0E, 0xFEEE, 0xFF0E,
  0xFF6F, 0xFF6F, 0xFF0F, 0xF70F, 0xFF50, 0xFF71, 0xFF90, 0xFF4F, 0xFF0F, 0xFF4F, 0xFF6F, 0xFF6F, 0xFF6F, 0xFF2E, 0xFEEE, 0xFF0E,
  0xFF0E, 0xFF0E, 0xFF0E, 0xFEEE, 0xFEEE, 0xFEEE, 0xFEEE, 0xFEEE, 0xFEED, 0xFEED, 0xFEED, 0xFEED, 0xFEED, 0xFEED, 0xFEED, 0xFEED,
  0xF6ED, 0xFEED, 0xFEED, 0xFEED, 0xFEED, 0xFECC, 0xFEEC, 0xFEEC, 0xFEEC, 0xFECC, 0xFECC, 0xFECC, 0xFECC, 0xFECC, 0xFECC, 0xF6CC,
  0xFECC, 0xFECC, 0xF6CC, 0xFECB, 0xFECB, 0xFECA, 0xF5A3, 0xF565, 0xCBAD, 0xC2D3, 0xC2F4, 0xBAB2, 0xD3F6, 0xE498, 0xDBD6, 0xDBF6,
  0xDBF6, 0xDC57, 0x62B0, 0x4BD4, 0x6CF9, 0x3B73, 0x3B94, 0x43D5, 0x3332, 0x226F, 0x5C77, 0x5C97, 0x6CF8, 0x3BB4, 0x2290, 0x11CE,
  0x82F2, 0xE437, 0xD3D6, 0xD3D6, 0xDBF6, 0xDBF6, 0xCB74, 0xBB93, 0xE6BB, 0x10A2, 0x0000, 0x0000, 0x0000, 0x0000, 0x0000, 0x0000,
  0x0000, 0x0000, 0x0000, 0x0000, 0x0000, 0x0000, 0x0000, 0x0000, 0x0000, 0x0000, 0x0000, 0x0000, 0x0000, 0x0000, 0x0000, 0x0000,
  0x0000, 0x0000, 0x0000, 0x0000, 0x0000, 0x0000, 0x0000, 0x0000, 0x0000, 0x0000, 0x0000, 0x0000, 0x0000, 0x0000, 0x0000, 0x0000,
  0x0000, 0x0000, 0x0000, 0x0000, 0x0000, 0x0000, 0x0000, 0x0000, 0x0000, 0x0000, 0x0000, 0x0000, 0x0000, 0x0000, 0x0000, 0x0000,
  0x0000, 0x0000, 0x0000, 0x0000, 0x0000, 0x0000, 0x0000, 0x0000, 0x0000, 0x0000, 0x0000, 0x0000, 0x0000, 0x0000, 0x0000, 0x0000,
  0x0000, 0x0000, 0x0000, 0x0000, 0x0000, 0x0000, 0x0000, 0x0000, 0x0000, 0x0000, 0x0000, 0x0000, 0x0000, 0x0000, 0x0000, 0x0000,
  0x0000, 0x0000, 0x0000, 0x0000, 0x0000, 0x0000, 0x0000, 0x0000, 0x0000, 0x0000, 0x0000, 0x0000, 0x0000, 0x0000, 0x0000, 0x0000,
  0x0000, 0x0000, 0x0000, 0x0000, 0x0000, 0x0000, 0x0020, 0xC5F6, 0xF63B, 0xE4F9, 0xDC37, 0xE437, 0xDC37, 0xE437, 0xDC57, 0xDC57,
  0xDC57, 0xECF9, 0xBB33, 0xA1AF, 0xAA10, 0xA1CF, 0xBB0B, 0xFDA6, 0xF5C5, 0xFF0E, 0xFF0F, 0xFF2F, 0xE68F, 0xDE2E, 0xFF4F, 0xFF50,
  0xDE6F, 0xEED1, 0xD630, 0xBDAF, 0xBDAF, 0xBD8E, 0xE6B0, 0xFF30, 0xFF0F, 0xFF50, 0xE6B0, 0xBD6D, 0xBD8D, 0xF710, 0xFF4F, 0xF6F0,
  0xBD6D, 0xB54D, 0xEEAF, 0xFF50, 0xCE0F, 0xBD8F, 0xBD8E, 0xDE90, 0xFF92, 0xDE4F, 0xC5AE, 0xBDAE, 0xBD8D, 0xDE2E, 0xFF0E, 0xFEEE,
  0xFF0E, 0xFEEE, 0xFEEE, 0xFEEE, 0xFEEE, 0xFEEE, 0xFEEE, 0xFEEE, 0xFEED, 0xFEED, 0xFEED, 0xFEED, 0xFEED, 0xFEED, 0xFEED, 0xFEED,
  0xFEED, 0xFEED, 0xFEED, 0xFEED, 0xFEEC, 0xFEEC, 0xFEEC, 0xFEEC, 0xFEEC, 0xFECC, 0xFECC, 0xFECC, 0xFECC, 0xFECC, 0xFECC, 0xFECC,
  0xFECC, 0xFECC, 0xFECC, 0xFECB, 0xF6CB, 0xFEEB, 0xF605, 0xF583, 0xDC2B, 0xC2D3, 0xC2F4, 0xBAB3, 0xD3D6, 0xE498, 0xD3B6, 0xDBF6,
  0xE417, 0xBBD6, 0x3A90, 0x6D19, 0x4BF5, 0x3BB5, 0x43D5, 0x3BB4, 0x1A2E, 0x5C56, 0x43D5, 0x43D4, 0x43F5, 0x2AD1, 0x1A2F, 0x2AB2,
  0x420E, 0xCBD6, 0xDBF6, 0xD3D6, 0xD3D6, 0xDBD6, 0xCB74, 0xBB93, 0xE6BB, 0x10A2, 0x0000, 0x0000, 0x0000, 0x0000, 0x0000, 0x0000,
  0x0000, 0x0000, 0x0000, 0x0000, 0x0000, 0x0000, 0x0000, 0x0000, 0x0000, 0x0000, 0x0000, 0x0000, 0x0000, 0x0000, 0x0000, 0x0000,
  0x0000, 0x0000, 0x0000, 0x0000, 0x0000, 0x0000, 0x0000, 0x0000, 0x0000, 0x0000, 0x0000, 0x0000, 0x0000, 0x0000, 0x0000, 0x0000,
  0x0000, 0x0000, 0x0000, 0x0000, 0x0000, 0x0000, 0x0000, 0x0000, 0x0000, 0x0000, 0x0000, 0x0000, 0x0000, 0x0000, 0x0000, 0x0000,
  0x0000, 0x0000, 0x0000, 0x0000, 0x0000, 0x0000, 0x0000, 0x0000, 0x0000, 0x0000, 0x0000, 0x0000, 0x0000, 0x0000, 0x0000, 0x0000,
  0x0000, 0x0000, 0x0000, 0x0000, 0x0000, 0x0000, 0x0000, 0x0000, 0x0000, 0x0000, 0x0000, 0x0000, 0x0000, 0x0000, 0x0000, 0x0000,
  0x0000, 0x0000, 0x0000, 0x0000, 0x0000, 0x0000, 0x0000, 0x0000, 0x0000, 0x0000, 0x0000, 0x0000, 0x0000, 0x0000, 0x0000, 0x0000,
  0x0000, 0x0000, 0x0000, 0x0000, 0x0000, 0x0000, 0x0000, 0xACD3, 0xFE7C, 0xE4F9, 0xDC17, 0xE437, 0xE437, 0xDC37, 0xDC37, 0xE457,
  0xDC57, 0xECF9, 0xBB12, 0xA1AF, 0xAA10, 0xA1CF, 0xCBAA, 0xFDC5, 0xF628, 0xFF2F, 0xF70F, 0xFF70, 0xB56D, 0x41E4, 0xDE91, 0xD630,
  0x4225, 0xBDB0, 0x52A7, 0x52A7, 0x6B28, 0x5AC6, 0xCDEE, 0xFF50, 0xFF10, 0xEED1, 0x944B, 0x6328, 0x6B28, 0x8C4A, 0xE6D0, 0x9C8B,
  0x5AC7, 0x5AC7, 0x840A, 0xE6B1, 0x5285, 0x52A6, 0x5AE6, 0x7368, 0xDED2, 0x6B27, 0x4A66, 0x6327, 0x5286, 0xA4CA, 0xFF4F, 0xFEED,
  0xFEEE, 0xFEEE, 0xFEEE, 0xFEED, 0xFEED, 0xFEED, 0xFEED, 0xFEED, 0xFEED, 0xFEED, 0xFEED, 0xFEED, 0xFEED, 0xFEED, 0xFEED, 0xFEED,
  0xFEED, 0xFEED, 0xFEEC, 0xFEEC, 0xFEEC, 0xFEEC, 0xFEEC, 0xFEEC, 0xFECC, 0xFECC, 0xFECC, 0xFECC, 0xFECC, 0xFECC, 0xFECC, 0xFECB,
  0xF6CC, 0xFECC, 0xF6CB, 0xFECB, 0xFECB, 0xFEEB, 0xF646, 0xF5A3, 0xE489, 0xBAD2, 0xC2F4, 0xBA92, 0xD395, 0xE498, 0xD3B5, 0xD3B6,
  0xE417, 0x9333, 0x4332, 0x6CF8, 0x3BD4, 0x43F5, 0x4416, 0x226F, 0x5415, 0x5457, 0x3BB5, 0x43F6, 0x3333, 0x11EE, 0x2AB1, 0x2AF2,
  0x21EE, 0xA2F2, 0xDBD6, 0xD3B6, 0xDBB6, 0xDBD6, 0xCB54, 0xBB93, 0xE6BB, 0x10A2, 0x0000, 0x0000, 0x0000, 0x0000, 0x0000, 0x0000,
  0x0000, 0x0000, 0x0000, 0x0000, 0x0000, 0x0000, 0x0000, 0x0000, 0x0000, 0x0000, 0x0000, 0x0000, 0x0000, 0x0000, 0x0000, 0x0000,
  0x0000, 0x0000, 0x0000, 0x0000, 0x0000, 0x0000, 0x0000, 0x0000, 0x0000, 0x0000, 0x0000, 0x0000, 0x0000, 0x0000, 0x0000, 0x0000,
  0x0000, 0x0000, 0x0000, 0x0000, 0x0000, 0x0000, 0x0000, 0x0000, 0x0000, 0x0000, 0x0000, 0x0000, 0x0000, 0x0000, 0x0000, 0x0000,
  0x0000, 0x0000, 0x0000, 0x0000, 0x0000, 0x0000, 0x0000, 0x0000, 0x0000, 0x0000, 0x0000, 0x0000, 0x0000, 0x0000, 0x0000, 0x0000,
  0x0000, 0x0000, 0x0000, 0x0000, 0x0000, 0x0000, 0x0000, 0x0000, 0x0000, 0x0000, 0x0000, 0x0000, 0x0000, 0x0000, 0x0000, 0x0000,
  0x0000, 0x0000, 0x0000, 0x0000, 0x0000, 0x0000, 0x0000, 0x0000, 0x0000, 0x0000, 0x0000, 0x0000, 0x0000, 0x0000, 0x0000, 0x0000,
  0x0000, 0x0000, 0x0000, 0x0000, 0x0000, 0x0000, 0x0000, 0xAD33, 0xFE5C, 0xE4F9, 0xDC17, 0xDC37, 0xDC37, 0xDC37, 0xDC37, 0xDC37,
  0xDC37, 0xECF9, 0xBAF2, 0xA1AF, 0xAA10, 0xA1CE, 0xD429, 0xFDC5, 0xF68B, 0xFF30, 0xF70F, 0xFF71, 0xBDAF, 0x31C5, 0x840C, 0x7BEB,
  0x3A05, 0xBDD0, 0x6329, 0xF754, 0xFFF4, 0xFFB2, 0xFF30, 0xF6EF, 0xFF91, 0xB52D, 0x7368, 0xFFF5, 0xFF72, 0xAD0C, 0xC5AF, 0x5AC6,
  0xFF72, 0xFFD3, 0x6307, 0xA52D, 0x6B68, 0xF752, 0xFFF5, 0x8409, 0x8C4B, 0x7BC9, 0xDEB2, 0xFFF5, 0xFFF3, 0xFF50, 0xFF0E, 0xFF0E,
  0xFF0D, 0xFEED, 0xFEED, 0xFEED, 0xFEED, 0xFEED, 0xFEED, 0xFEED, 0xFEED, 0xFEED, 0xFEED, 0xFEED, 0xFEED, 0xFEEC, 0xFEEC, 0xFEEC,
  0xFECC, 0xFEEC, 0xFEEC, 0xFEEC, 0xFEEC, 0xFECC, 0xFEEC, 0xFEEC, 0xFEEC, 0xFECC, 0xFECC, 0xFECC, 0xFECB, 0xFECB, 0xFECC, 0xF6CC,
  0xF6CB, 0xFECB, 0xFECB, 0xFECB, 0xFECB, 0xFEEA, 0xFE66, 0xF582, 0xECE8, 0xC2F1, 0xC2D3, 0xBA92, 0xD395, 0xE498, 0xD3B5, 0xDBD6,
  0xE417, 0x82F2, 0x4393, 0x64D8, 0x3BB5, 0x4C36, 0x22D1, 0x4393, 0x64B8, 0x3BB5, 0x3BF6, 0x3BB5, 0x1A0F, 0x2270, 0x3333, 0x2B12,
  0x21EE, 0x8270, 0xDB96, 0xD395, 0xD395, 0xDBB6, 0xCB54, 0xBB92, 0xE6BB, 0x10A2, 0x0000, 0x0000, 0x0000, 0x0000, 0x0000, 0x0000,
  0x0000, 0x0000, 0x0000, 0x0000, 0x0000, 0x0000, 0x0000, 0x0000, 0x0000, 0x0000, 0x0000, 0x0000, 0x0000, 0x0000, 0x0000, 0x0000,
  0x0000, 0x0000, 0x0000, 0x0000, 0x0000, 0x0000, 0x0000, 0x0000, 0x0000, 0x0000, 0x0000, 0x0000, 0x0000, 0x0000, 0x0000, 0x0000,
  0x0000, 0x0000, 0x0000, 0x0000, 0x0000, 0x0000, 0x0000, 0x0000, 0x0000, 0x0000, 0x0000, 0x0000, 0x0000, 0x0000, 0x0000, 0x0000,
  0x0000, 0x0000, 0x0000, 0x0000, 0x0000, 0x0000, 0x0000, 0x0000, 0x0000, 0x0000, 0x0000, 0x0000, 0x0000, 0x0000, 0x0000, 0x0000,
  0x0000, 0x0000, 0x0000, 0x0000, 0x0000, 0x0000, 0x0000, 0x0000, 0x0000, 0x0000, 0x0000, 0x0000, 0x0000, 0x0000, 0x0000, 0x0000,
  0x0000, 0x0000, 0x0000, 0x0000, 0x0000, 0x0000, 0x0000, 0x0000, 0x0000, 0x0000, 0x0000, 0x0000, 0x0000, 0x0000, 0x0000, 0x0000,
  0x0000, 0x0000, 0x0000, 0x0000, 0x0000, 0x0000, 0x0000, 0xAD33, 0xFE7C, 0xE4F9, 0xDC37, 0xDC37, 0xDC37, 0xDC37, 0xDC37, 0xDC37,
  0xDC37, 0xECF9, 0xB2D2, 0xA1CF, 0xAA10, 0xA1ED, 0xE4A9, 0xF5C4, 0xF6AC, 0xFF30, 0xF70F, 0xFF91, 0xB52D, 0x842B, 0x9C8C, 0xA4ED,
  0x840B, 0xB56F, 0x5AC7, 0x5AC7, 0x62E6, 0xA4EB, 0xFF51, 0xF6EF, 0xFF91, 0xB54E, 0x7368, 0xFF71, 0xF6EE, 0xFFD1, 0xD64F, 0x6307,
  0xF70F, 0xFF4F, 0x6B27, 0xAD4E, 0x6308, 0x6328, 0x840A, 0x7BC9, 0xDE91, 0x6B48, 0x5AE7, 0x7B88, 0x9C69, 0xFF2F, 0xFF0E, 0xFF0E,
  0xFF0D, 0xFEED, 0xFEED, 0xFEED, 0xFEED, 0xFEED, 0xFEED, 0xFEED, 0xFEED, 0xFEED, 0xFEED, 0xFEED, 0xFEED, 0xFEEC, 0xFEED, 0xFEED,
  0xFEEC, 0xFEEC, 0xFEEC, 0xFECC, 0xFEEC, 0xFECC, 0xFEEC, 0xFECC, 0xFECC, 0xFECC, 0xFECC, 0xFECB, 0xFECC, 0xFECB, 0xFECC, 0xFECB,
  0xF6CB, 0xFECB, 0xFECB, 0xFECB, 0xF6CB, 0xFECA, 0xFE65, 0xF582, 0xED26, 0xC310, 0xC2D3, 0xBA92, 0xCB75, 0xE498, 0xD3B5, 0xD3B5,
  0xDBF6, 0x7AD1, 0x4393, 0x5497, 0x43F6, 0x2B32, 0x3311, 0x6CD8, 0x3BB5, 0x3BF6, 0x43F6, 0x1A70, 0x1A50, 0x2B13, 0x43D5, 0x2B12,
  0x220E, 0x8250, 0xDB95, 0xDBB6, 0xDBB5, 0xDBD6, 0xCB33, 0xBB72, 0xE6DB, 0x10A2, 0x0000, 0x0000, 0x0000, 0x0000, 0x0000, 0x0000,
  0x0000, 0x0000, 0x0000, 0x0000, 0x0000, 0x0000, 0x0000, 0x0000, 0x0000, 0x0000, 0x0000, 0x0000, 0x0000, 0x0000, 0x0000, 0x0000,
  0x0000, 0x0000, 0x0000, 0x0000, 0x0000, 0x0000, 0x0000, 0x0000, 0x0000, 0x0000, 0x0000, 0x0000, 0x0000, 0x0000, 0x0000, 0x0000,
  0x0000, 0x0000, 0x0000, 0x0000, 0x0000, 0x0000, 0x0000, 0x0000, 0x0000, 0x0000, 0x0000, 0x0000, 0x0000, 0x0000, 0x0000, 0x0000,
  0x0000, 0x0000, 0x0000, 0x0000, 0x0000, 0x0000, 0x0000, 0x0000, 0x0000, 0x0000, 0x0000, 0x0000, 0x0000, 0x0000, 0x0000, 0x0000,
  0x0000, 0x0000, 0x0000, 0x0000, 0x0000, 0x0000, 0x0000, 0x0000, 0x0000, 0x0000, 0x0000, 0x0000, 0x0000, 0x0000, 0x0000, 0x0000,
  0x0000, 0x0000, 0x0000, 0x0000, 0x0000, 0x0000, 0x0000, 0x0000, 0x0000, 0x0000, 0x0000, 0x0000, 0x0000, 0x0000, 0x0000, 0x0000,
  0x0000, 0x0000, 0x0000, 0x0000, 0x0000, 0x0000, 0x0000, 0xAD33, 0xFE7B, 0xE4F9, 0xDC37, 0xDC37, 0xDC37, 0xDC37, 0xDC57, 0xE457,
  0xE457, 0xECD9, 0xB2B1, 0xA1CF, 0xA9F0, 0xAA2D, 0xED28, 0xF5C4, 0xFEED, 0xFF30, 0xFF0F, 0xFF91, 0xB54D, 0x7368, 0xE6AF, 0xEED0,
  0x7368, 0xBDAF, 0xDE91, 0xBD6E, 0xC5F0, 0x7389, 0xA4CC, 0xFF50, 0xFF70, 0xAD0C, 0x7368, 0xFFB1, 0xFF2E, 0xFF70, 0xD62F, 0x62E7,
  0xFF50, 0xFF90, 0x6B47, 0xAD2E, 0x6308, 0x8C4C, 0x31A4, 0xC5AE, 0xFFD2, 0x6307, 0x8C6C, 0xB56D, 0xC5AD, 0xFF2F, 0xFEED, 0xFEED,
  0xFEED, 0xFEED, 0xFEED, 0xFEED, 0xFEED, 0xFEED, 0xFEED, 0xFEED, 0xFEED, 0xFEED, 0xFEED, 0xFEED, 0xFEEC, 0xFEEC, 0xFEEC, 0xFEEC,
  0xFEEC, 0xFEEC, 0xFECC, 0xFECC, 0xFECC, 0xFECC, 0xFECC, 0xFECC, 0xFECC, 0xFECC, 0xF6CC, 0xFECB, 0xFECB, 0xF6CB, 0xFECC, 0xF6CB,
  0xF6CB, 0xF6CB, 0xF6CB, 0xFECB, 0xFECB, 0xFEA7, 0xFE63, 0xF582, 0xF545, 0xCB4F, 0xBAD3, 0xBAB3, 0xCB75, 0xE4B8, 0xD3B5, 0xDBB6,
  0xDBD6, 0x8AF2, 0x3B11, 0x5CB8, 0x3353, 0x2290, 0x6CB8, 0x43D5, 0x3BD5, 0x4416, 0x22D1, 0x1A30, 0x2AF3, 0x43D5, 0x43D5, 0x22D1,
  0x29ED, 0x9270, 0xD375, 0xDBB6, 0xD395, 0xDBB6, 0xCB33, 0xBB72, 0xE6BB, 0x10A2, 0x0000, 0x0000, 0x0000, 0x0000, 0x0000, 0x0000,
  0x0000, 0x0000, 0x0000, 0x0000, 0x0000, 0x0000, 0x0000, 0x0000, 0x0000, 0x0000, 0x0000, 0x0000, 0x0000, 0x0000, 0x0000, 0x0000,
  0x0000, 0x0000, 0x0000, 0x0000, 0x0000, 0x0000, 0x0000, 0x0000, 0x0000, 0x0000, 0x0000, 0x0000, 0x0000, 0x0000, 0x0000, 0x0000,
  0x0000, 0x0000, 0x0000, 0x0000, 0x0000, 0x0000, 0x0000, 0x0000, 0x0000, 0x0000, 0x0000, 0x0000, 0x0000, 0x0000, 0x0000, 0x0000,
  0x0000, 0x0000, 0x0000, 0x0000, 0x0000, 0x0000, 0x0000, 0x0000, 0x0000, 0x0000, 0x0000, 0x0000, 0x0000, 0x0000, 0x0000, 0x0000,
  0x0000, 0x0000, 0x0000, 0x0000, 0x0000, 0x0000, 0x0000, 0x0000, 0x0000, 0x0000, 0x0000, 0x0000, 0x0000, 0x0000, 0x0000, 0x0000,
  0x0000, 0x0000, 0x0000, 0x0000, 0x0000, 0x0000, 0x0000, 0x0000, 0x0000, 0x0000, 0x0000, 0x0000, 0x0000, 0x0000, 0x0000, 0x0000,
  0x0000, 0x0000, 0x0000, 0x0000, 0x0000, 0x0000, 0x0000, 0xAD33, 0xFE5C, 0xE4F9, 0xDC37, 0xDC37, 0xDC37, 0xDC37, 0xDC37, 0xDC37,
  0xDC37, 0xECD9, 0xAA70, 0xA1CF, 0xA9D0, 0xAA6C, 0xF546, 0xF5C5, 0xFF0E, 0xFF30, 0xF70F, 0xFF70, 0xAD2D, 0x6B27, 0xFF91, 0xFF71,
  0x6B47, 0xC5CF, 0xF732, 0xEEB1, 0xF754, 0x7BA9, 0x9CAB, 0xFF50, 0xFF4F, 0xB52C, 0x6B48, 0xEEF1, 0xDE70, 0x8C09, 0xC5CF, 0x6327,
  0xE6B1, 0xEEF2, 0x6B28, 0xB54E, 0x62E7, 0xEF11, 0xAD0C, 0x944A, 0xF732, 0x6307, 0xC5D0, 0xFF72, 0xEEB0, 0xEEAE, 0xFEED, 0xFEED,
  0xFEED, 0xFEED, 0xFEED, 0xFEED, 0xFEED, 0xFEED, 0xFEED, 0xFEEC, 0xFEEC, 0xFEED, 0xFEED, 0xFEEC, 0xFEEC, 0xFEEC, 0xFEEC, 0xFEEC,
  0xFECC, 0xFEEC, 0xFECC, 0xFECC, 0xFECC, 0xFECC, 0xFECC, 0xFECC, 0xFECC, 0xFECC, 0xFECB, 0xFECB, 0xFECB, 0xF6CB, 0xF6CB, 0xF6CB,
  0xF6CB, 0xF6CB, 0xF6CB, 0xFECB, 0xFECA, 0xF684, 0xFE63, 0xF5A2, 0xF584, 0xCBAE, 0xBAD3, 0xC2D3, 0xCB75, 0xE4B8, 0xD3B5, 0xDBB6,
  0xDBB6, 0xB374, 0x326F, 0x5456, 0x1A4E, 0x5C56, 0x4C16, 0x3BB4, 0x43F6, 0x3312, 0x1A2F, 0x2AF3, 0x3BB5, 0x4416, 0x3B74, 0x2290,
  0x39ED, 0xAA91, 0xD375, 0xD395, 0xD395, 0xD3B6, 0xC333, 0xBB72, 0xE6BB, 0x10A2, 0x0000, 0x0000, 0x0000, 0x0000, 0x0000, 0x0000,
  0x0000, 0x0000, 0x0000, 0x0000, 0x0000, 0x0000, 0x0000, 0x0000, 0x0000, 0x0000, 0x0000, 0x0000, 0x0000, 0x0000, 0x0000, 0x0000,
  0x0000, 0x0000, 0x0000, 0x0000, 0x0000, 0x0000, 0x0000, 0x0000, 0x0000, 0x0000, 0x0000, 0x0000, 0x0000, 0x0000, 0x0000, 0x0000,
  0x0000, 0x0000, 0x0000, 0x0000, 0x0000, 0x0000, 0x0000, 0x0000, 0x0000, 0x0000, 0x0000, 0x0000, 0x0000, 0x0000, 0x0000, 0x0000,
  0x0000, 0x0000, 0x0000, 0x0000, 0x0000, 0x0000, 0x0000, 0x0000, 0x0000, 0x0000, 0x0000, 0x0000, 0x0000, 0x0000, 0x0000, 0x0000,
  0x0000, 0x0000, 0x0000, 0x0000, 0x0000, 0x0000, 0x0000, 0x0000, 0x0000, 0x0000, 0x0000, 0x0000, 0x0000, 0x0000, 0x0000, 0x0000,
  0x0000, 0x0000, 0x0000, 0x0000, 0x0000, 0x0000, 0x0000, 0x0000, 0x0000, 0x0000, 0x0000, 0x0000, 0x0000, 0x0000, 0x0000, 0x0000,
  0x0000, 0x0000, 0x0000, 0x0000, 0x0000, 0x0000, 0x0000, 0xAD33, 0xFE7C, 0xE4F9, 0xDC37, 0xE458, 0xDC57, 0xE457, 0xE437, 0xDC37,
  0xDC37, 0xECB9, 0xAA70, 0xA1AF, 0xA1CF, 0xB2AB, 0xF565, 0xEDC5, 0xFF0E, 0xFF0F, 0xF6EF, 0xFF70, 0xBD4D, 0x7BA8, 0xFF51, 0xFF51,
  0x7BA8, 0xC5EF, 0x7BA8, 0x4A46, 0x4225, 0x948C, 0xF752, 0xF6EE, 0xF6ED, 0xF730, 0x9CAC, 0x4A25, 0x4A45, 0xAD0C, 0xFF71, 0xBD6E,
  0x5286, 0x5286, 0xA4EC, 0xF732, 0x7387, 0xE68E, 0xFF91, 0x9C6A, 0xAD0D, 0x8C2B, 0x4224, 0x5285, 0x4204, 0x9429, 0xFF2E, 0xF6EC,
  0xFEED, 0xFEED, 0xFEED, 0xFEED, 0xFEED, 0xFEED, 0xFEED, 0xFEEC, 0xFEEC, 0xFEEC, 0xFEEC, 0xFEEC, 0xFEEC, 0xFECC, 0xFEEC, 0xFEEC,
  0xFEEC, 0xFECC, 0xFECC, 0xFECC, 0xFECC, 0xFECC, 0xFECC, 0xF6CB, 0xFECC, 0xFECB, 0xFECB, 0xFECB, 0xFECB, 0xF6AB, 0xFECB, 0xF6CB,
  0xF6CB, 0xF6CB, 0xF6CB, 0xFECA, 0xF686, 0xF663, 0xFE83, 0xF5C2, 0xF5A4, 0xD40D, 0xBAF3, 0xC2F3, 0xCB75, 0xECB8, 0xD3B5, 0xDBB6,
  0xDBB5, 0xD3F6, 0x5AB1, 0x1A2E, 0x4BB4, 0x5456, 0x3374, 0x3BB5, 0x3332, 0x1A0E, 0x22B2, 0x3B74, 0x4416, 0x43D6, 0x2B13, 0x1A2E,
  0x6A2F, 0xC313, 0xDBD6, 0xD3B6, 0xD3B5, 0xD3B5, 0xC333, 0xBB72, 0xE6BB, 0x10A2, 0x0000, 0x0000, 0x0000, 0x0000, 0x0000, 0x0000,
  0x0000, 0x0000, 0x0000, 0x0000, 0x0000, 0x0000, 0x0000, 0x0000, 0x0000, 0x0000, 0x0000, 0x0000, 0x0000, 0x0000, 0x0000, 0x0000,
  0x0000, 0x0000, 0x0000, 0x0000, 0x0000, 0x0000, 0x0000, 0x0000, 0x0000, 0x0000, 0x0000, 0x0000, 0x0000, 0x0000, 0x0000, 0x0000,
  0x0000, 0x0000, 0x0000, 0x0000, 0x0000, 0x0000, 0x0000, 0x0000, 0x0000, 0x0000, 0x0000, 0x0000, 0x0000, 0x0000, 0x0000, 0x0000,
  0x0000, 0x0000, 0x0000, 0x0000, 0x0000, 0x0000, 0x0000, 0x0000, 0x0000, 0x0000, 0x0000, 0x0000, 0x0000, 0x0000, 0x0000, 0x0000,
  0x0000, 0x0000, 0x0000, 0x0000, 0x0000, 0x0000, 0x0000, 0x0000, 0x0000, 0x0000, 0x0000, 0x0000, 0x0000, 0x0000, 0x0000, 0x0000,
  0x0000, 0x0000, 0x0000, 0x0000, 0x0000, 0x0000, 0x0000, 0x0000, 0x0000, 0x0000, 0x0000, 0x0000, 0x0000, 0x0000, 0x0000, 0x0000,
  0x0000, 0x0000, 0x0000, 0x0000, 0x0000, 0x0000, 0x0000, 0xAD33, 0xFE7C, 0xE4F9, 0xDC37, 0xE458, 0xE478, 0xE478, 0xE458, 0xDC37,
  0xDC37, 0xECB9, 0xAA50, 0xA1AF, 0xA1AF, 0xC30A, 0xFD84, 0xEDE6, 0xFF0F, 0xFEEF, 0xFF0F, 0xFF0F, 0xF6F0, 0xF6F0, 0xFF10, 0xFF10,
  0xF6F1, 0xF710, 0xEEF0, 0xEEF1, 0xEEF1, 0xF710, 0xFF0F, 0xFEEE, 0xFEEE, 0xFF0E, 0xF6EF, 0xEEAF, 0xEECF, 0xFF0F, 0xFF0D, 0xFF0F,
  0xF6D0, 0xF6F0, 0xFF10, 0xFF0F, 0xFF10, 0xFF0F, 0xFEEE, 0xFF0F, 0xF6EF, 0xF6EF, 0xEEAE, 0xEEAE, 0xEEAE, 0xF6CE, 0xFEEC, 0xFEEC,
  0xFEEC, 0xFEED, 0xFEEC, 0xFEEC, 0xFEEC, 0xFEEC, 0xFEEC, 0xFEEC, 0xFEEC, 0xFEEC, 0xFEEC, 0xFECC, 0xFECC, 0xFECC, 0xFECC, 0xFECC,
  0xFECC, 0xFECC, 0xFECC, 0xFECC, 0xFECC, 0xFECC, 0xFECB, 0xF6CB, 0xFECB, 0xFECB, 0xF6CB, 0xFECB, 0xF6CB, 0xF6AB, 0xF6CB, 0xF6CB,
  0xF6CB, 0xF6CB, 0xF6CB, 0xFEA7, 0xF663, 0xF663, 0xFE83, 0xF5C2, 0xFDA4, 0xDC6C, 0xBAD3, 0xC2F3, 0xCB75, 0xECD8, 0xD3D5, 0xDBD6,
  0xDBD6, 0xDC16, 0xAB95, 0x21CD, 0x4394, 0x43B5, 0x3BB4, 0x3B74, 0x1A0E, 0x2290, 0x3354, 0x43F6, 0x3BD5, 0x3334, 0x1A70, 0x420E,
  0xA291, 0xD395, 0xDBF6, 0xD3D5, 0xD3B5, 0xDBB5, 0xCB33, 0xBB72, 0xE6BB, 0x10A2, 0x0000, 0x0000, 0x0000, 0x0000, 0x0000, 0x0000,
  0x0000, 0x0000, 0x0000, 0x0000, 0x0000, 0x0000, 0x0000, 0x0000, 0x0000, 0x0000, 0x0000, 0x0000, 0x0000, 0x0000, 0x0000, 0x0000,
  0x0000, 0x0000, 0x0000, 0x0000, 0x0000, 0x0000, 0x0000, 0x0000, 0x0000, 0x0000, 0x0000, 0x0000, 0x0000, 0x0000, 0x0000, 0x0000,
  0x0000, 0x0000, 0x0000, 0x0000, 0x0000, 0x0000, 0x0000, 0x0000, 0x0000, 0x0000, 0x0000, 0x0000, 0x0000, 0x0000, 0x0000, 0x0000,
  0x0000, 0x0000, 0x0000, 0x0000, 0x0000, 0x0000, 0x0000, 0x0000, 0x0000, 0x0000, 0x0000, 0x0000, 0x0000, 0x0000, 0x0000, 0x0000,
  0x0000, 0x0000, 0x0000, 0x0000, 0x0000, 0x0000, 0x0000, 0x0000, 0x0000, 0x0000, 0x0000, 0x0000, 0x0000, 0x0000, 0x0000, 0x0000,
  0x0000, 0x0000, 0x0000, 0x0000, 0x0000, 0x0000, 0x0000, 0x0000, 0x0000, 0x0000, 0x0000, 0x0000, 0x0000, 0x0000, 0x0000, 0x0000,
  0x0000, 0x0000, 0x0000, 0x0000, 0x0000, 0x0000, 0x0000, 0xAD33, 0xFE5B, 0xE4F9, 0xDC57, 0xE457, 0xDC58, 0xE457, 0xE457, 0xE437,
  0xE457, 0xECB8, 0xAA50, 0xA1CF, 0xA1AE, 0xCB89, 0xF583, 0xF607, 0xFF0F, 0xFF0F, 0xFF0F, 0xFF0F, 0xFF0F, 0xFF0F, 0xFF0F, 0xFF0F,
  0xFF0F, 0xFF0F, 0xFF2F, 0xFF2F, 0xFF2F, 0xFF0E, 0xFEEE, 0xFEEE, 0xFEEE, 0xFEEE, 0xFEEE, 0xFF0E, 0xFF0E, 0xFEEE, 0xFEEE, 0xFEED,
  0xFF0E, 0xFF0E, 0xFF0E, 0xFEEE, 0xFEED, 0xFEEE, 0xFEED, 0xFEED, 0xFEED, 0xFEED, 0xFEED, 0xFEEC, 0xFEED, 0xFEED, 0xFECD, 0xFEED,
  0xFEED, 0xFEED, 0xFEED, 0xFEEC, 0xFEEC, 0xFEEC, 0xFEEC, 0xFEEC, 0xFECC, 0xFEEC, 0xFECC, 0xFECC, 0xFECC, 0xFECC, 0xFECC, 0xFECC,
  0xFECC, 0xFECC, 0xFECC, 0xFECC, 0xFECC, 0xFECC, 0xFECC, 0xFECB, 0xFECB, 0xFECB, 0xFECB, 0xFECB, 0xFECB, 0xFECB, 0xF6CB, 0xF6CB,
  0xF6CB, 0xF6CB, 0xF6C9, 0xF664, 0xFE63, 0xF663, 0xFE83, 0xF602, 0xFDC3, 0xE4AA, 0xBAD2, 0xC2F3, 0xCB74, 0xECD9, 0xD3D6, 0xD3D6,
  0xD3D6, 0xD3D5, 0xDC17, 0x82D2, 0x19AD, 0x3312, 0x3B94, 0x2290, 0x2270, 0x2B13, 0x3B94, 0x3354, 0x2AF2, 0x1A50, 0x39EE, 0x9271,
  0xBAF2, 0xDBF6, 0xD3D5, 0xD3D6, 0xD3D5, 0xD3D6, 0xC354, 0xBB73, 0xE6BB, 0x10A2, 0x0000, 0x0000, 0x0000, 0x0000, 0x0000, 0x0000,
  0x0000, 0x0000, 0x0000, 0x0000, 0x0000, 0x0000, 0x0000, 0x0000, 0x0000, 0x0000, 0x0000, 0x0000, 0x0000, 0x0000, 0x0000, 0x0000,
  0x0000, 0x0000, 0x0000, 0x0000, 0x0000, 0x0000, 0x0000, 0x0000, 0x0000, 0x0000, 0x0000, 0x0000, 0x0000, 0x0000, 0x0000, 0x0000,
  0x0000, 0x0000, 0x0000, 0x0000, 0x0000, 0x0000, 0x0000, 0x0000, 0x0000, 0x0000, 0x0000, 0x0000, 0x0000, 0x0000, 0x0000, 0x0000,
  0x0000, 0x0000, 0x0000, 0x0000, 0x0000, 0x0000, 0x0000, 0x0000, 0x0000, 0x0000, 0x0000, 0x0000, 0x0000, 0x0000, 0x0000, 0x0000,
  0x0000, 0x0000, 0x0000, 0x0000, 0x0000, 0x0000, 0x0000, 0x0000, 0x0000, 0x0000, 0x0000, 0x0000, 0x0000, 0x0000, 0x0000, 0x0000,
  0x0000, 0x0000, 0x0000, 0x0000, 0x0000, 0x0000, 0x0000, 0x0000, 0x0000, 0x0000, 0x0000, 0x0000, 0x0000, 0x0000, 0x0000, 0x0000,
  0x0000, 0x0000, 0x0000, 0x0000, 0x0000, 0x0000, 0x0000, 0xAD33, 0xFE5B, 0xE4F8, 0xDC37, 0xDC37, 0xDC57, 0xDC57, 0xDC57, 0xDC37,
  0xDC57, 0xECB9, 0xAA30, 0xA1CF, 0xA1AE, 0xD3E9, 0xF5A3, 0xF629, 0xFF0F, 0xFEEF, 0xFEEF, 0xFF0F, 0xFF0F, 0xFF0F, 0xFF0F, 0xFF0F,
  0xFF0F, 0xFF0F, 0xFF0F, 0xFF0F, 0xFF0F, 0xFF0E, 0xFEEE, 0xFEEE, 0xFEEE, 0xFEEE, 0xFEEE, 0xFEEE, 0xFEEE, 0xFEEE, 0xFEEE, 0xFEEE,
  0xFEEE, 0xFEEE, 0xFEEE, 0xFEED, 0xFEED, 0xFEED, 0xFEED, 0xFEED, 0xFEED, 0xFEED, 0xFEED, 0xFEED, 0xFEED, 0xFEED, 0xFEED, 0xFEED,
  0xFEED, 0xFEED, 0xFEEC, 0xFEEC, 0xFEEC, 0xFECC, 0xFEEC, 0xFEEC, 0xFECC, 0xFECC, 0xFECC, 0xFECC, 0xFECC, 0xFECC, 0xFECC, 0xFECC,
  0xFECC, 0xFECC, 0xF6CC, 0xFECC, 0xF6CB, 0xF6AB, 0xF6CB, 0xF6CB, 0xFECB, 0xFECB, 0xFECB, 0xFECB, 0xFECB, 0xF6CB, 0xF6AB, 0xF6AB,
  0xF6CB, 0xFECA, 0xF685, 0xF643, 0xFE63, 0xF663, 0xFE83, 0xF602, 0xF5A3, 0xE4E9, 0xBAD1, 0xC2F4, 0xCB54, 0xECD9, 0xD3D6, 0xD3D6,
  0xD3D6, 0xD3D6, 0xD3D6, 0xD3B5, 0x7A50, 0x31AD, 0x19ED, 0x19EE, 0x2270, 0x2291, 0x1A70, 0x1A2F, 0x21CD, 0x49CD, 0x9A70, 0xBAB1,
  0xD3D5, 0xD3D6, 0xD3B5, 0xD3B5, 0xD3B5, 0xD3D5, 0xC353, 0xBB72, 0xE6BB, 0x10A2, 0x0000, 0x0000, 0x0000, 0x0000, 0x0000, 0x0000,
  0x0000, 0x0000, 0x0000, 0x0000, 0x0000, 0x0000, 0x0000, 0x0000, 0x0000, 0x0000, 0x0000, 0x0000, 0x0000, 0x0000, 0x0000, 0x0000,
  0x0000, 0x0000, 0x0000, 0x0000, 0x0000, 0x0000, 0x0000, 0x0000, 0x0000, 0x0000, 0x0000, 0x0000, 0x0000, 0x0000, 0x0000, 0x0000,
  0x0000, 0x0000, 0x0000, 0x0000, 0x0000, 0x0000, 0x0000, 0x0000, 0x0000, 0x0000, 0x0000, 0x0000, 0x0000, 0x0000, 0x0000, 0x0000,
  0x0000, 0x0000, 0x0000, 0x0000, 0x0000, 0x0000, 0x0000, 0x0000, 0x0000, 0x0000, 0x0000, 0x0000, 0x0000, 0x0000, 0x0000, 0x0000,
  0x0000, 0x0000, 0x0000, 0x0000, 0x0000, 0x0000, 0x0000, 0x0000, 0x0000, 0x0000, 0x0000, 0x0000, 0x0000, 0x0000, 0x0000, 0x0000,
  0x0000, 0x0000, 0x0000, 0x0000, 0x0000, 0x0000, 0x0000, 0x0000, 0x0000, 0x0000, 0x0000, 0x0000, 0x0000, 0x0000, 0x0000, 0x0000,
  0x0000, 0x0000, 0x0000, 0x0000, 0x0000, 0x0000, 0x0000, 0xAD33, 0xF67C, 0xE4F8, 0xDC17, 0xDC37, 0xDC37, 0xDC37, 0xDC37, 0xDC37,
  0xDC57, 0xECB9, 0xAA30, 0xA1CF, 0xA1CD, 0xDC68, 0xF5A3, 0xF66A, 0xFF0F, 0xFEEF, 0xFEEF, 0xFF0F, 0xFF0F, 0xFF0F, 0xFF0E, 0xFF0E,
  0xFF0E, 0xFF0E, 0xFF0E, 0xFF0E, 0xFEEE, 0xFEEE, 0xFEEE, 0xFEEE, 0xFEEE, 0xFEEE, 0xFEEE, 0xFEEE, 0xFEEE, 0xFEEE, 0xFEEE, 0xFEEE,
  0xFEED, 0xFEED, 0xFEED, 0xFEED, 0xFEED, 0xFEED, 0xFEED, 0xFECD, 0xFEED, 0xFEED, 0xFEED, 0xFEEC, 0xFEEC, 0xFEEC, 0xFEED, 0xFEEC,
  0xFEEC, 0xFEEC, 0xFEEC, 0xFECC, 0xFECC, 0xFECC, 0xFECC, 0xFECC, 0xFECC, 0xFECC, 0xFECC, 0xFECC, 0xFECC, 0xFECC, 0xFECB, 0xFECB,
  0xFECC, 0xF6CB, 0xF6CB, 0xF6CB, 0xFECB, 0xFECB, 0xFECB, 0xFECB, 0xFECB, 0xFECB, 0xFECB, 0xFECB, 0xF6CB, 0xF6CB, 0xF6AB, 0xF6CB,
  0xF6CB, 0xF687, 0xF643, 0xFE63, 0xF663, 0xF663, 0xFE83, 0xF623, 0xF5A2, 0xED08, 0xBAF1, 0xC2F4, 0xCB54, 0xECD8, 0xD3D6, 0xDBD6,
  0xD3D6, 0xD3D6, 0xD3B5, 0xDBB5, 0xD375, 0xA291, 0x71EE, 0x51CE, 0x39AD, 0x39CD, 0x39CD, 0x51CE, 0x7A0F, 0xA250, 0xBAB1, 0xD395,
  0xDBD6, 0xD3D6, 0xD3D5, 0xD3D6, 0xD3D5, 0xD3D6, 0xC353, 0xBB92, 0xE6BB, 0x10A2, 0x0000, 0x0000, 0x0000, 0x0000, 0x0000, 0x0000,
  0x0000, 0x0000, 0x0000, 0x0000, 0x0000, 0x0000, 0x0000, 0x0000, 0x0000, 0x0000, 0x0000, 0x0000, 0x0000, 0x0000, 0x0000, 0x0000,
  0x0000, 0x0000, 0x0000, 0x0000, 0x0000, 0x0000, 0x0000, 0x0000, 0x0000, 0x0000, 0x0000, 0x0000, 0x0000, 0x0000, 0x0000, 0x0000,
  0x0000, 0x0000, 0x0000, 0x0000, 0x0000, 0x0000, 0x0000, 0x0000, 0x0000, 0x0000, 0x0000, 0x0000, 0x0000, 0x0000, 0x0000, 0x0000,
  0x0000, 0x0000, 0x0000, 0x0000, 0x0000, 0x0000, 0x0000, 0x0000, 0x0000, 0x0000, 0x0000, 0x0000, 0x0000, 0x0000, 0x0000, 0x0000,
  0x0000, 0x0000, 0x0000, 0x0000, 0x0000, 0x0000, 0x0000, 0x0000, 0x0000, 0x0000, 0x0000, 0x0000, 0x0000, 0x0000, 0x0000, 0x0000,
  0x0000, 0x0000, 0x0000, 0x0000, 0x0000, 0x0000, 0x0000, 0x0000, 0x0000, 0x0000, 0x0000, 0x0000, 0x0000, 0x0000, 0x0000, 0x0000,
  0x0000, 0x0000, 0x0000, 0x0000, 0x0000, 0x0000, 0x0000, 0xAD33, 0xF65B, 0xE4F9, 0xDC37, 0xE478, 0xE458, 0xE457, 0xE458, 0xE457,
  0xE458, 0xEC99, 0xAA30, 0xA1CF, 0xAA0D, 0xE4C8, 0xF5A3, 0xFEAC, 0xFF0F, 0xFEEF, 0xFF0E, 0xFF0E, 0xFF0E, 0xFF0E, 0xFF0E, 0xFF0E,
  0xFF0E, 0xFF0E, 0xFF0E, 0xFF0E, 0xFF0E, 0xFF0E, 0xFEEE, 0xFEEE, 0xFEEE, 0xFEEE, 0xFEEE, 0xFEEE, 0xFEEE, 0xFEEE, 0xFEED, 0xFEED,
  0xFEED, 0xFEED, 0xFEED, 0xFEED, 0xFEED, 0xFEEC, 0xFEED, 0xFEED, 0xFEEC, 0xFEEC, 0xFEEC, 0xFEEC, 0xFEEC, 0xFEEC, 0xFEEC, 0xFEEC,
  0xFEEC, 0xFECC, 0xFECC, 0xFECC, 0xFEEC, 0xFECC, 0xFECC, 0xFECC, 0xFECC, 0xFECC, 0xF6CB, 0xF6CB, 0xFECC, 0xFECB, 0xFECC, 0xFECC,
  0xFECB, 0xF6CB, 0xF6CB, 0xF6CB, 0xF6CB, 0xF6CB, 0xF6AB, 0xF6AB, 0xFECB, 0xFECB, 0xF6AB, 0xF6CB, 0xF6CB, 0xFECB, 0xF6CB, 0xF6CB,
  0xFEA8, 0xF664, 0xF663, 0xF663, 0xF663, 0xF663, 0xFE83, 0xF623, 0xF5A2, 0xF527, 0xC2F0, 0xC2D4, 0xCB54, 0xECB9, 0xD3D6, 0xDBD6,
  0xD3B6, 0xD3B5, 0xD3B5, 0xD395, 0xD3B5, 0xD395, 0xC313, 0xB291, 0xA270, 0xA250, 0xA251, 0xB271, 0xBA91, 0xC313, 0xD3B5, 0xD3B5,
  0xD395, 0xD3B5, 0xD3B5, 0xD3B5, 0xD3B5, 0xD3D6, 0xC353, 0xBB72, 0xEEDB, 0x10A2, 0x0000, 0x0000, 0x0000, 0x0000, 0x0000, 0x0000,
  0x0000, 0x0000, 0x0000, 0x0000, 0x0000, 0x0000, 0x0000, 0x0000, 0x0000, 0x0000, 0x0000, 0x0000, 0x0000, 0x0000, 0x0000, 0x0000,
  0x0000, 0x0000, 0x0000, 0x0000, 0x0000, 0x0000, 0x0000, 0x0000, 0x0000, 0x0000, 0x0000, 0x0000, 0x0000, 0x0000, 0x0000, 0x0000,
  0x0000, 0x0000, 0x0000, 0x0000, 0x0000, 0x0000, 0x0000, 0x0000, 0x0000, 0x0000, 0x0000, 0x0000, 0x0000, 0x0000, 0x0000, 0x0000,
  0x0000, 0x0000, 0x0000, 0x0000, 0x0000, 0x0000, 0x0000, 0x0000, 0x0000, 0x0000, 0x0000, 0x0000, 0x0000, 0x0000, 0x0000, 0x0000,
  0x0000, 0x0000, 0x0000, 0x0000, 0x0000, 0x0000, 0x0000, 0x0000, 0x0000, 0x0000, 0x0000, 0x0000, 0x0000, 0x0000, 0x0000, 0x0000,
  0x0000, 0x0000, 0x0000, 0x0000, 0x0000, 0x0000, 0x0000, 0x0000, 0x0000, 0x0000, 0x0000, 0x0000, 0x0000, 0x0000, 0x0000, 0x0000,
  0x0000, 0x0000, 0x0000, 0x0000, 0x0000, 0x0000, 0x0000, 0xAD33, 0xF65B, 0xE4F9, 0xDC37, 0xE457, 0xE458, 0xDC37, 0xDC37, 0xDC17,
  0xDC37, 0xEC98, 0xAA30, 0xA1CF, 0xAA0C, 0xED27, 0xF5A3, 0xFECC, 0xFF0F, 0xFEEE, 0xFEEE, 0xFEEE, 0xFEEE, 0xFEEE, 0xFF0E, 0xFEEE,
  0xFEEE, 0xFEEE, 0xFEEE, 0xFEEE, 0xFEEE, 0xFEEE, 0xFEEE, 0xFEEE, 0xFEEE, 0xFEED, 0xFEED, 0xFEED, 0xFEED, 0xFEED, 0xFEED, 0xFEED,
  0xFEED, 0xFEED, 0xFEED, 0xFEED, 0xFEED, 0xFEEC, 0xFECC, 0xFEEC, 0xFEEC, 0xFECC, 0xFECC, 0xFECC, 0xFEEC, 0xFECC, 0xFECC, 0xFEEC,
  0xFECC, 0xFECC, 0xFECC, 0xFECC, 0xFECC, 0xFECC, 0xFECC, 0xFECB, 0xF6CB, 0xF6CB, 0xFECB, 0xFECB, 0xFECB, 0xFECB, 0xFECB, 0xF6CB,
  0xF6CB, 0xFECB, 0xF6CB, 0xF6AB, 0xF6CB, 0xF6AB, 0xF6AB, 0xF6AB, 0xF6CB, 0xF6CB, 0xF6AB, 0xF6AB, 0xF6AB, 0xF6CB, 0xF6CB, 0xFEA9,
  0xF664, 0xF663, 0xF663, 0xF663, 0xF663, 0xF643, 0xF663, 0xF643, 0xF5A2, 0xF547, 0xC32F, 0xC2D4, 0xCB34, 0xE4B8, 0xD3D6, 0xD395,
  0xDBB6, 0xD395, 0xD395, 0xD395, 0xD395, 0xD395, 0xD3B5, 0xD395, 0xCB74, 0xCB54, 0xCB54, 0xCB54, 0xD395, 0xD3B5, 0xD395, 0xD395,
  0xD395, 0xD395, 0xD395, 0xD3B5, 0xD3B5, 0xD3D6, 0xC353, 0xC3D3, 0xBD75, 0x0020, 0x0000, 0x0000, 0x0000, 0x0000, 0x0000, 0x0000,
  0x0000, 0x0000, 0x0000, 0x0000, 0x0000, 0x0000, 0x0000, 0x0000, 0x0000, 0x0000, 0x0000, 0x0000, 0x0000, 0x0000, 0x0000, 0x0000,
  0x0000, 0x0000, 0x0000, 0x0000, 0x0000, 0x0000, 0x0000, 0x0000, 0x0000, 0x0000, 0x0000, 0x0000, 0x0000, 0x0000, 0x0000, 0x0000,
  0x0000, 0x0000, 0x0000, 0x0000, 0x0000, 0x0000, 0x0000, 0x0000, 0x0000, 0x0000, 0x0000, 0x0000, 0x0000, 0x0000, 0x0000, 0x0000,
  0x0000, 0x0000, 0x0000, 0x0000, 0x0000, 0x0000, 0x0000, 0x0000, 0x0000, 0x0000, 0x0000, 0x0000, 0x0000, 0x0000, 0x0000, 0x0000,
  0x0000, 0x0000, 0x0000, 0x0000, 0x0000, 0x0000, 0x0000, 0x0000, 0x0000, 0x0000, 0x0000, 0x0000, 0x0000, 0x0000, 0x0000, 0x0000,
  0x0000, 0x0000, 0x0000, 0x0000, 0x0000, 0x0000, 0x0000, 0x0000, 0x0000, 0x0000, 0x0000, 0x0000, 0x0000, 0x0000, 0x0000, 0x0000,
  0x0000, 0x0000, 0x0000, 0x0000, 0x0000, 0x0000, 0x0000, 0xAD33, 0xF65B, 0xE4F8, 0xDC17, 0xDC37, 0xDC37, 0xDC37, 0xDC37, 0xDC37,
  0xE457, 0xE498, 0xAA30, 0xA1CF, 0xAA4B, 0xF566, 0xF5C4, 0xFEED, 0xFF0F, 0xFEEE, 0xFEEE, 0xFEEE, 0xFEEE, 0xFEEE, 0xFEEE, 0xFEEE,
  0xFEEE, 0xFEEE, 0xFEEE, 0xFEEE, 0xFEED, 0xFEEE, 0xFEEE, 0xFEEE, 0xFEED, 0xFEED, 0xFEED, 0xFEED, 0xFEED, 0xFEED, 0xFECD, 0xFEED,
  0xFEED, 0xFEED, 0xFEED, 0xFEED, 0xFEED, 0xFEEC, 0xFEEC, 0xFECC, 0xFECC, 0xFECC, 0xFEEC, 0xFECC, 0xFECC, 0xFECC, 0xF6CC, 0xFECC,
  0xFECC, 0xFECC, 0xFECC, 0xFECC, 0xFECC, 0xFECC, 0xFECB, 0xFECC, 0xFECC, 0xFECC, 0xFECB, 0xFECB, 0xFECB, 0xFECB, 0xFECB, 0xFECB,
  0xF6CB, 0xFECB, 0xFECB, 0xFECB, 0xFECB, 0xF6AB, 0xF6AB, 0xF6CB, 0xF6AB, 0xF6AB, 0xF6CB, 0xF6CB, 0xF6AB, 0xF6CA, 0xFECA, 0xF685,
  0xF663, 0xFE63, 0xF663, 0xF663, 0xF663, 0xF663, 0xFE63, 0xFE63, 0xF5A2, 0xF566, 0xCB6E, 0xC2D4, 0xCB34, 0xE498, 0xD3B6, 0xD395,
  0xDBB5, 0xDBB6, 0xD3B5, 0xD3B5, 0xD3B5, 0xD3B5, 0xD3B5, 0xD3B5, 0xD3D5, 0xD3D5, 0xD3D5, 0xD3B5, 0xD395, 0xD395, 0xD395, 0xD395,
  0xD375, 0xD395, 0xD395, 0xD395, 0xD3B5, 0xD3D6, 0xC333, 0xC3D4, 0xA4B2, 0x0000, 0x0000, 0x0000, 0x0000, 0x0000, 0x0000, 0x0000,
  0x0000, 0x0000, 0x0000, 0x0000, 0x0000, 0x0000, 0x0000, 0x0000, 0x0000, 0x0000, 0x0000, 0x0000, 0x0000, 0x0000, 0x0000, 0x0000,
  0x0000, 0x0000, 0x0000, 0x0000, 0x0000, 0x0000, 0x0000, 0x0000, 0x0000, 0x0000, 0x0000, 0x0000, 0x0000, 0x0000, 0x0000, 0x0000,
  0x0000, 0x0000, 0x0000, 0x0000, 0x0000, 0x0000, 0x0000, 0x0000, 0x0000, 0x0000, 0x0000, 0x0000, 0x0000, 0x0000, 0x0000, 0x0000,
  0x0000, 0x0000, 0x0000, 0x0000, 0x0000, 0x0000, 0x0000, 0x0000, 0x0000, 0x0000, 0x0000, 0x0000, 0x0000, 0x0000, 0x0000, 0x0000,
  0x0000, 0x0000, 0x0000, 0x0000, 0x0000, 0x0000, 0x0000, 0x0000, 0x0000, 0x0000, 0x0000, 0x0000, 0x0000, 0x0000, 0x0000, 0x0000,
  0x0000, 0x0000, 0x0000, 0x0000, 0x0000, 0x0000, 0x0000, 0x0000, 0x0000, 0x0000, 0x0000, 0x0000, 0x0000, 0x0000, 0x0000, 0x0000,
  0x0000, 0x0000, 0x0000, 0x0000, 0x0000, 0x0000, 0x0000, 0xAD33, 0xF65B, 0xE4F8, 0xDC17, 0xDC37, 0xDC37, 0xE437, 0xE458, 0xE458,
  0xE478, 0xE498, 0xAA30, 0xA1CF, 0xB28B, 0xF586, 0xF5C4, 0xFEED, 0xFF0F, 0xFEEE, 0xFEEE, 0xFEEE, 0xFEEE, 0xFEEE, 0xFEEE, 0xFEEE,
  0xFEED, 0xFEED, 0xFEED, 0xFEED, 0xFEED, 0xFEED, 0xFEED, 0xFEED, 0xFEEE, 0xFEED, 0xFEED, 0xFEED, 0xFEED, 0xFEED, 0xFECD, 0xFEEC,
  0xFEED, 0xFEED, 0xFEED, 0xFECC, 0xFEEC, 0xFEEC, 0xFECC, 0xFEEC, 0xFECC, 0xFECC, 0xFECC, 0xFECC, 0xFECC, 0xFECC, 0xF6CC, 0xFECC,
  0xFECC, 0xFECB, 0xFECC, 0xFECC, 0xFECC, 0xFECB, 0xFECB, 0xFECC, 0xFECC, 0xFECB, 0xFECB, 0xF6CB, 0xFEAB, 0xF6CB, 0xF6CB, 0xFECB,
  0xF6AB, 0xFECB, 0xFEAB, 0xFECB, 0xFECB, 0xF6AB, 0xF6AB, 0xF6CB, 0xFECB, 0xFEAB, 0xF6AB, 0xF6CA, 0xF6CA, 0xFECA, 0xF686, 0xF663,
  0xFE63, 0xF663, 0xF663, 0xF663, 0xF663, 0xF663, 0xF663, 0xFE63, 0xF5C2, 0xF585, 0xCB8D, 0xC2D4, 0xCB34, 0xE498, 0xD3B5, 0xD375,
  0xD395, 0xD395, 0xD395, 0xD395, 0xD3B6, 0xD3B5, 0xD3B5, 0xD3B5, 0xD3D5, 0xD3D5, 0xD3B5, 0xD3D5, 0xD3B5, 0xD395, 0xD395, 0xD395,
  0xDB96, 0xCB75, 0xAA50, 0xD375, 0xBAD1, 0xCB74, 0xC333, 0xC3D4, 0xA4D3, 0x0000, 0x0000, 0x0000, 0x0000, 0x0000, 0x0000, 0x0000,
  0x0000, 0x0000, 0x0000, 0x0000, 0x0000, 0x0000, 0x0000, 0x0000, 0x0000, 0x0000, 0x0000, 0x0000, 0x0000, 0x0000, 0x0000, 0x0000,
  0x0000, 0x0000, 0x0000, 0x0000, 0x0000, 0x0000, 0x0000, 0x0000, 0x0000, 0x0000, 0x0000, 0x0000, 0x0000, 0x0000, 0x0000, 0x0000,
  0x0000, 0x0000, 0x0000, 0x0000, 0x0000, 0x0000, 0x0000, 0x0000, 0x0000, 0x0000, 0x0000, 0x0000, 0x0000, 0x0000, 0x0000, 0x0000,
  0x0000, 0x0000, 0x0000, 0x0000, 0x0000, 0x0000, 0x0000, 0x0000, 0x0000, 0x0000, 0x0000, 0x0000, 0x0000, 0x0000, 0x0000, 0x0000,
  0x0000, 0x0000, 0x0000, 0x0000, 0x0000, 0x0000, 0x0000, 0x0000, 0x0000, 0x0000, 0x0000, 0x0000, 0x0000, 0x0000, 0x0000, 0x0000,
  0x0000, 0x0000, 0x0000, 0x0000, 0x0000, 0x0000, 0x0000, 0x0000, 0x0000, 0x0000, 0x0000, 0x0000, 0x0000, 0x0000, 0x0000, 0x0000,
  0x0000, 0x0000, 0x0000, 0x0000, 0x0000, 0x0000, 0x0000, 0xAD33, 0xFE5B, 0xE4F8, 0xDC17, 0xE437, 0xDC37, 0xDC37, 0xDC37, 0xDC37,
  0xE477, 0xE498, 0xAA30, 0xA1CF, 0xB2CA, 0xFDC5, 0xF5E5, 0xFEED, 0xFF0E, 0xFEEE, 0xFEEE, 0xFEEE, 0xFEEE, 0xFEEE, 0xFEEE, 0xFEEE,
  0xFEED, 0xFEEE, 0xFEED, 0xFEED, 0xFEED, 0xFEED, 0xFEED, 0xFEED, 0xFEED, 0xFEED, 0xFEED, 0xFEED, 0xFECD, 0xFEED, 0xFEEC, 0xFEEC,
  0xFEEC, 0xFEEC, 0xFEEC, 0xFEEC, 0xFEEC, 0xFEEC, 0xFECC, 0xFEEC, 0xFECC, 0xFEEC, 0xFEEC, 0xFECC, 0xFECC, 0xFECC, 0xF6CB, 0xFECB,
  0xF6CB, 0xFECB, 0xFECB, 0xFECC, 0xFECB, 0xFECB, 0xFECB, 0xFECB, 0xF6AB, 0xF6CB, 0xFECB, 0xF6CB, 0xF6CB, 0xF6AB, 0xFECB, 0xFECB,
  0xF6AB, 0xFEAB, 0xF6CB, 0xF6AB, 0xF6AB, 0xF6AB, 0xF6CB, 0xF6CB, 0xF6AB, 0xF6AB, 0xF6AA, 0xFECA, 0xFECA, 0xF686, 0xF643, 0xF663,
  0xF663, 0xF663, 0xF663, 0xF663, 0xF663, 0xF663, 0xF663, 0xFE63, 0xF5C2, 0xF584, 0xD3CC, 0xC2D4, 0xC334, 0xE498, 0xD3D5, 0xD395,
  0xD395, 0xD395, 0xD395, 0xD3B5, 0xD395, 0xD3B5, 0xD3D6, 0xDBF6, 0xDBF6, 0xDBF6, 0xDBF6, 0xDBF6, 0xD3B5, 0xD395, 0xD395, 0xD395,
  0xB291, 0x91AD, 0x91CE, 0xC313, 0xAA50, 0xBAD2, 0xCB33, 0xC3D4, 0xA4B3, 0x0000, 0x0000, 0x0000, 0x0000, 0x0000, 0x0000, 0x0000,
  0x0000, 0x0000, 0x0000, 0x0000, 0x0000, 0x0000, 0x0000, 0x0000, 0x0000, 0x0000, 0x0000, 0x0000, 0x0000, 0x0000, 0x0000, 0x0000,
  0x0000, 0x0000, 0x0000, 0x0000, 0x0000, 0x0000, 0x0000, 0x0000, 0x0000, 0x0000, 0x0000, 0x0000, 0x0000, 0x0000, 0x0000, 0x0000,
  0x0000, 0x0000, 0x0000, 0x0000, 0x0000, 0x0000, 0x0000, 0x0000, 0x0000, 0x0000, 0x0000, 0x0000, 0x0000, 0x0000, 0x0000, 0x0000,
  0x0000, 0x0000, 0x0000, 0x0000, 0x0000, 0x0000, 0x0000, 0x0000, 0x0000, 0x0000, 0x0000, 0x0000, 0x0000, 0x0000, 0x0000, 0x0000,
  0x0000, 0x0000, 0x0000, 0x0000, 0x0000, 0x0000, 0x0000, 0x0000, 0x0000, 0x0000, 0x0000, 0x0000, 0x0000, 0x0000, 0x0000, 0x0000,
  0x0000, 0x0000, 0x0000, 0x0000, 0x0000, 0x0000, 0x0000, 0x0000, 0x0000, 0x0000, 0x0000, 0x0000, 0x0000, 0x0000, 0x0000, 0x0000,
  0x0000, 0x0000, 0x0000, 0x0000, 0x0000, 0x0000, 0x0000, 0xAD33, 0xFE5B, 0xE4F8, 0xDC37, 0xDC37, 0xDC37, 0xDC37, 0xDC37, 0xDC37,
  0xE458, 0xE478, 0xAA10, 0xA1CE, 0xBB0A, 0xFDC5, 0xF606, 0xFEEE, 0xFF0E, 0xFEEE, 0xFEEE, 0xFEEE, 0xFEED, 0xFEED, 0xFEED, 0xFEED,
  0xFEED, 0xFEED, 0xFEED, 0xFEED, 0xFEED, 0xFEED, 0xFEED, 0xFECD, 0xFEED, 0xFEED, 0xFEED, 0xFEED, 0xFECD, 0xFEEC, 0xFEEC, 0xFEEC,
  0xFEEC, 0xFEEC, 0xFEEC, 0xFEEC, 0xFEEC, 0xFEEC, 0xFEEC, 0xFEEC, 0xFECC, 0xFECC, 0xFECC, 0xFECB, 0xFECB, 0xFECB, 0xFECB, 0xFECB,
  0xFECB, 0xFECB, 0xFECB, 0xFECB, 0xFECB, 0xFECB, 0xFECB, 0xF6CB, 0xF6CB, 0xFEAB, 0xFECB, 0xFECB, 0xFECB, 0xFECB, 0xFECB, 0xFECB,
  0xFECB, 0xF6AB, 0xFECB, 0xF6CB, 0xFECB, 0xF6AB, 0xF6CB, 0xF6CB, 0xF6AB, 0xF6AB, 0xF6CB, 0xFECB, 0xFEA7, 0xF643, 0xFE63, 0xF663,
  0xF663, 0xF663, 0xF663, 0xF663, 0xF663, 0xF663, 0xF663, 0xFE63, 0xF5E2, 0xF583, 0xD3EB, 0xC2D3, 0xC314, 0xE498, 0xD3D6, 0xD395,
  0xD395, 0xD395, 0xD395, 0xD395, 0xDB95, 0xDBF6, 0xBBD6, 0x9333, 0x72D1, 0x72B1, 0x7AD2, 0x9B33, 0xC3D6, 0xDBF6, 0xD375, 0xD395,
  0x91AD, 0x792B, 0x9A0F, 0xBAF2, 0xAA70, 0xB2D1, 0xCB33, 0xC3D4, 0xA4B2, 0x0000, 0x0000, 0x0000, 0x0000, 0x0000, 0x0000, 0x0000,
  0x0000, 0x0000, 0x0000, 0x0000, 0x0000, 0x0000, 0x0000, 0x0000, 0x0000, 0x0000, 0x0000, 0x0000, 0x0000, 0x0000, 0x0000, 0x0000,
  0x0000, 0x0000, 0x0000, 0x0000, 0x0000, 0x0000, 0x0000, 0x0000, 0x0000, 0x0000, 0x0000, 0x0000, 0x0000, 0x0000, 0x0000, 0x0000,
  0x0000, 0x0000, 0x0000, 0x0000, 0x0000, 0x0000, 0x0000, 0x0000, 0x0000, 0x0000, 0x0000, 0x0000, 0x0000, 0x0000, 0x0000, 0x0000,
  0x0000, 0x0000, 0x0000, 0x0000, 0x0000, 0x0000, 0x0000, 0x0000, 0x0000, 0x0000, 0x0000, 0x0000, 0x0000, 0x0000, 0x0000, 0x0000,
  0x0000, 0x0000, 0x0000, 0x0000, 0x0000, 0x0000, 0x0000, 0x0000, 0x0000, 0x0000, 0x0000, 0x0000, 0x0000, 0x0000, 0x0000, 0x0000,
  0x0000, 0x0000, 0x0000, 0x0000, 0x0000, 0x0000, 0x0000, 0x0000, 0x0000, 0x0000, 0x0000, 0x0000, 0x0000, 0x0000, 0x0000, 0x0000,
  0x0000, 0x0000, 0x0000, 0x0000, 0x0000, 0x0000, 0x0000, 0xAD33, 0xF65B, 0xE4F8, 0xDC36, 0xDC37, 0xDC37, 0xE437, 0xE437, 0xDC37,
  0xE457, 0xE478, 0xAA10, 0xA1CF, 0xC34A, 0xFDE4, 0xF606, 0xFEEE, 0xFEEE, 0xFEED, 0xFEED, 0xFEED, 0xFEED, 0xFEED, 0xFEED, 0xFEED,
  0xFEED, 0xFEED, 0xFEED, 0xFEED, 0xFEEC, 0xFEED, 0xFEED, 0xFECC, 0xFECD, 0xFECC, 0xFEEC, 0xFEEC, 0xFECC, 0xFEEC, 0xFECC, 0xFECC,
  0xFECC, 0xFECC, 0xFECC, 0xFECC, 0xFECC, 0xFECC, 0xFECB, 0xFECC, 0xFECC, 0xF6CB, 0xFECB, 0xFECB, 0xFECB, 0xFECB, 0xFECB, 0xFECB,
  0xF6CB, 0xF6CB, 0xF6CB, 0xFECB, 0xF6CB, 0xF6CB, 0xF6AB, 0xF6AB, 0xF6CB, 0xFECB, 0xF6AB, 0xF6AB, 0xF6CB, 0xF6CB, 0xF6CB, 0xFEAB,
  0xF6AB, 0xF6AB, 0xF6AB, 0xF6AB, 0xF6AB, 0xF6AB, 0xF6CB, 0xF6AB, 0xF6CB, 0xF6AB, 0xFECB, 0xF6A7, 0xF663, 0xFE43, 0xFE63, 0xF663,
  0xF663, 0xF663, 0xF643, 0xF663, 0xF663, 0xF663, 0xF663, 0xF663, 0xF5E2, 0xF582, 0xDC2B, 0xC2F3, 0xC334, 0xE498, 0xD3F6, 0xD395,
  0xD395, 0xD395, 0xD395, 0xDBB6, 0xC3D6, 0x72D1, 0x320E, 0x4332, 0x53D4, 0x53F5, 0x4BB4, 0x42F1, 0x422F, 0x82D1, 0xCBB6, 0xD375,
  0xC313, 0xA24F, 0x91CD, 0xBAF2, 0xAA70, 0xBB12, 0xC333, 0xC3B3, 0xACF4, 0x0000, 0x0000, 0x0000, 0x0000, 0x0000, 0x0000, 0x0000,
  0x0000, 0x0000, 0x0000, 0x0000, 0x0000, 0x0000, 0x0000, 0x0000, 0x0000, 0x0000, 0x0000, 0x0000, 0x0000, 0x0000, 0x0000, 0x0000,
  0x0000, 0x0000, 0x0000, 0x0000, 0x0000, 0x0000, 0x0000, 0x0000, 0x0000, 0x0000, 0x0000, 0x0000, 0x0000, 0x0000, 0x0000, 0x0000,
  0x0000, 0x0000, 0x0000, 0x0000, 0x0000, 0x0000, 0x0000, 0x0000, 0x0000, 0x0000, 0x0000, 0x0000, 0x0000, 0x0000, 0x0000, 0x0000,
  0x0000, 0x0000, 0x0000, 0x0000, 0x0000, 0x0000, 0x0000, 0x0000, 0x0000, 0x0000, 0x0000, 0x0000, 0x0000, 0x0000, 0x0000, 0x0000,
  0x0000, 0x0000, 0x0000, 0x0000, 0x0000, 0x0000, 0x0000, 0x0000, 0x0000, 0x0000, 0x0000, 0x0000, 0x0000, 0x0000, 0x0000, 0x0000,
  0x0000, 0x0000, 0x0000, 0x0000, 0x0000, 0x0000, 0x0000, 0x0000, 0x0000, 0x0000, 0x0000, 0x0000, 0x0000, 0x0000, 0x0000, 0x0000,
  0x0000, 0x0000, 0x0000, 0x0000, 0x0000, 0x0000, 0x0000, 0xAD33, 0xF65B, 0xE4F9, 0xDC16, 0xDC37, 0xDC37, 0xDC37, 0xDC37, 0xDC37,
  0xE458, 0xE458, 0xAA10, 0xA1CE, 0xC389, 0xFDE4, 0xF627, 0xFF0E, 0xFEEE, 0xFEED, 0xFEED, 0xFEED, 0xFEED, 0xFEED, 0xFECD, 0xFEED,
  0xFEED, 0xFEED, 0xFEED, 0xFEED, 0xFEEC, 0xFEEC, 0xFEEC, 0xFECC, 0xFECC, 0xFECC, 0xFECC, 0xFECC, 0xFECC, 0xFECC, 0xFECC, 0xFECC,
  0xFEEC, 0xFECC, 0xFECC, 0xFECC, 0xFECC, 0xFECC, 0xFECB, 0xFECB, 0xFECC, 0xFECB, 0xFECB, 0xFECB, 0xFECB, 0xFECB, 0xFECB, 0xFECB,
  0xF6CB, 0xFECB, 0xF6CB, 0xF6CB, 0xFECB, 0xFECB, 0xF6CB, 0xFECB, 0xFEAB, 0xF6CB, 0xF6CB, 0xF6CB, 0xF6CB, 0xFECB, 0xF6CB, 0xF6CB,
  0xF6CB, 0xF6CB, 0xF6CB, 0xF6AB, 0xF6CB, 0xF6AB, 0xF6CA, 0xF6CA, 0xF6CA, 0xFECA, 0xFEA8, 0xF664, 0xFE63, 0xFE63, 0xFE63, 0xF663,
  0xF663, 0xFE63, 0xF663, 0xF663, 0xF663, 0xF663, 0xF663, 0xF663, 0xF602, 0xF582, 0xDC4A, 0xC2F3, 0xC334, 0xE498, 0xD3F6, 0xD395,
  0xD3B5, 0xD395, 0xD3B5, 0xB395, 0x3A0E, 0x3B31, 0x3311, 0x3311, 0x5C97, 0x5477, 0x5C97, 0x64D8, 0x5457, 0x2A70, 0x5A2F, 0xC375,
  0xDB75, 0xD375, 0xC2F3, 0xD3B5, 0xC312, 0xD395, 0xC313, 0xBB72, 0xDE59, 0x0882, 0x0000, 0x0000, 0x0000, 0x0000, 0x0000, 0x0000,
  0x0000, 0x0000, 0x0000, 0x0000, 0x0000, 0x0000, 0x0000, 0x0000, 0x0000, 0x0000, 0x0000, 0x0000, 0x0000, 0x0000, 0x0000, 0x0000,
  0x0000, 0x0000, 0x0000, 0x0000, 0x0000, 0x0000, 0x0000, 0x0000, 0x0000, 0x0000, 0x0000, 0x0000, 0x0000, 0x0000, 0x0000, 0x0000,
  0x0000, 0x0000, 0x0000, 0x0000, 0x0000, 0x0000, 0x0000, 0x0000, 0x0000, 0x0000, 0x0000, 0x0000, 0x0000, 0x0000, 0x0000, 0x0000,
  0x0000, 0x0000, 0x0000, 0x0000, 0x0000, 0x0000, 0x0000, 0x0000, 0x0000, 0x0000, 0x0000, 0x0000, 0x0000, 0x0000, 0x0000, 0x0000,
  0x0000, 0x0000, 0x0000, 0x0000, 0x0000, 0x0000, 0x0000, 0x0000, 0x0000, 0x0000, 0x0000, 0x0000, 0x0000, 0x0000, 0x0000, 0x0000,
  0x0000, 0x0000, 0x0000, 0x0000, 0x0000, 0x0000, 0x0000, 0x0000, 0x0000, 0x0000, 0x0000, 0x0000, 0x0000, 0x0000, 0x0000, 0x0000,
  0x0000, 0x0000, 0x0000, 0x0000, 0x0000, 0x0000, 0x0000, 0xAD33, 0xF65B, 0xE4F8, 0xDC17, 0xDC37, 0xDC37, 0xDC37, 0xE437, 0xDC37,
  0xE458, 0xE458, 0xAA10, 0xA1CE, 0xCBC9, 0xFDE4, 0xF647, 0xFF0E, 0xFEEE, 0xFEED, 0xFEED, 0xFEED, 0xFEED, 0xFEED, 0xFEED, 0xFEED,
  0xFEED, 0xFECD, 0xFEEC, 0xFECC, 0xFECC, 0xFEEC, 0xFECC, 0xFECC, 0xFECC, 0xFECC, 0xFECC, 0xFECC, 0xFECC, 0xFEEC, 0xFECC, 0xFEEC,
  0xFECC, 0xFECC, 0xFECC, 0xFECC, 0xFECC, 0xFECC, 0xFECB, 0xFECB, 0xFECB, 0xFECB, 0xFECB, 0xFECB, 0xFECB, 0xFECB, 0xFECB, 0xFECB,
  0xFECB, 0xFECB, 0xFECB, 0xF6AB, 0xFECB, 0xFECB, 0xF6AB, 0xFECB, 0xF6CB, 0xF6CB, 0xF6CB, 0xF6CB, 0xF6CB, 0xFEAB, 0xFEAB, 0xF6AB,
  0xF6AB, 0xF6AB, 0xFEAB, 0xFEAB, 0xF6CB, 0xF6AB, 0xF6CA, 0xF6CA, 0xFECA, 0xFEA8, 0xF664, 0xFE63, 0xFE63, 0xF663, 0xFE63, 0xF663,
  0xF663, 0xF663, 0xF663, 0xF663, 0xF663, 0xF663, 0xF663, 0xF663, 0xF602, 0xF582, 0xDC69, 0xC2F3, 0xC334, 0xE498, 0xDBF6, 0xD395,
  0xD3B6, 0xDBB5, 0xCBF6, 0x422E, 0x3B73, 0x7D7A, 0x4C15, 0x228F, 0x1A6F, 0x3B94, 0x3374, 0x3394, 0x43F5, 0x5477, 0x226F, 0x622F,
  0xD3B5, 0xD375, 0xD395, 0xD395, 0xD3B5, 0xD3B5, 0xC2F2, 0xC3B3, 0xA4D3, 0x0000, 0x0000, 0x0000, 0x0000, 0x0000, 0x0000, 0x0000,
  0x0000, 0x0000, 0x0000, 0x0000, 0x0000, 0x0000, 0x0000, 0x0000, 0x0000, 0x0000, 0x0000, 0x0000, 0x0000, 0x0000, 0x0000, 0x0000,
  0x0000, 0x0000, 0x0000, 0x0000, 0x0000, 0x0000, 0x0000, 0x0000, 0x0000, 0x0000, 0x0000, 0x0000, 0x0000, 0x0000, 0x0000, 0x0000,
  0x0000, 0x0000, 0x0000, 0x0000, 0x0000, 0x0000, 0x0000, 0x0000, 0x0000, 0x0000, 0x0000, 0x0000, 0x0000, 0x0000, 0x0000, 0x0000,
  0x0000, 0x0000, 0x0000, 0x0000, 0x0000, 0x0000, 0x0000, 0x0000, 0x0000, 0x0000, 0x0000, 0x0000, 0x0000, 0x0000, 0x0000, 0x0000,
  0x0000, 0x0000, 0x0000, 0x0000, 0x0000, 0x0000, 0x0000, 0x0000, 0x0000, 0x0000, 0x0000, 0x0000, 0x0000, 0x0000, 0x0000, 0x0000,
  0x0000, 0x0000, 0x0000, 0x0000, 0x0000, 0x0000, 0x0000, 0x0000, 0x0000, 0x0000, 0x0000, 0x0000, 0x0000, 0x0000, 0x0000, 0x0000,
  0x0000, 0x0000, 0x0000, 0x0000, 0x0000, 0x0000, 0x0000, 0xAD33, 0xF65B, 0xE4F8, 0xDC17, 0xDC37, 0xDC37, 0xDC37, 0xDC37, 0xDC17,
  0xE458, 0xE458, 0xAA10, 0xA1AE, 0xD3E9, 0xFDE4, 0xF648, 0xFEED, 0xFEED, 0xFEED, 0xFECD, 0xFEED, 0xFEED, 0xFECD, 0xFEED, 0xFECC,
  0xFECC, 0xFECC, 0xFECC, 0xFECC, 0xFECC, 0xFECC, 0xFECC, 0xFECC, 0xFECC, 0xFECC, 0xFECC, 0xFEEC, 0xFECC, 0xFEEC, 0xFECC, 0xFECC,
  0xFEEC, 0xFECC, 0xFECC, 0xFECB, 0xFECC, 0xFECB, 0xFECB, 0xFECB, 0xFECB, 0xFECB, 0xFECB, 0xFECB, 0xFECB, 0xFECB, 0xFEAB, 0xF6CB,
  0xF6CB, 0xFEAB, 0xF6AB, 0xF6AB, 0xFEAB, 0xFECB, 0xF6CB, 0xF6CB, 0xF6CB, 0xF6CB, 0xF6CB, 0xF6CB, 0xF6CB, 0xF6CB, 0xFEAB, 0xF6AB,
  0xF6AB, 0xFECB, 0xF6AB, 0xF6AB, 0xFEAB, 0xF6AB, 0xF6AA, 0xFECA, 0xF687, 0xF643, 0xF643, 0xFE63, 0xFE63, 0xF663, 0xF663, 0xF663,
  0xF663, 0xF663, 0xF663, 0xF663, 0xF663, 0xF663, 0xF663, 0xF663, 0xF622, 0xF5A2, 0xE489, 0xC2F2, 0xC314, 0xE498, 0xDBF6, 0xD395,
  0xD395, 0xDBF6, 0x7AF2, 0x11ED, 0x3BD5, 0x64F8, 0x6CD7, 0x43D4, 0x228F, 0x22B0, 0x3BD5, 0x3394, 0x3394, 0x3BB5, 0x3B94, 0x21EE,
  0x9B12, 0xDBD6, 0xD395, 0xD395, 0xD395, 0xD395, 0xC2F2, 0xC3B3, 0xA4D2, 0x0000, 0x0000, 0x0000, 0x0000, 0x0000, 0x0000, 0x0000,
  0x0000, 0x0000, 0x0000, 0x0000, 0x0000, 0x0000, 0x0000, 0x0000, 0x0000, 0x0000, 0x0000, 0x0000, 0x0000, 0x0000, 0x0000, 0x0000,
  0x0000, 0x0000, 0x0000, 0x0000, 0x0000, 0x0000, 0x0000, 0x0000, 0x0000, 0x0000, 0x0000, 0x0000, 0x0000, 0x0000, 0x0000, 0x0000,
  0x0000, 0x0000, 0x0000, 0x0000, 0x0000, 0x0000, 0x0000, 0x0000, 0x0000, 0x0000, 0x0000, 0x0000, 0x0000, 0x0000, 0x0000, 0x0000,
  0x0000, 0x0000, 0x0000, 0x0000, 0x0000, 0x0000, 0x0000, 0x0000, 0x0000, 0x0000, 0x0000, 0x0000, 0x0000, 0x0000, 0x0000, 0x0000,
  0x0000, 0x0000, 0x0000, 0x0000, 0x0000, 0x0000, 0x0000, 0x0000, 0x0000, 0x0000, 0x0000, 0x0000, 0x0000, 0x0000, 0x0000, 0x0000,
  0x0000, 0x0000, 0x0000, 0x0000, 0x0000, 0x0000, 0x0000, 0x0000, 0x0000, 0x0000, 0x0000, 0x0000, 0x0000, 0x0000, 0x0000, 0x0000,
  0x0000, 0x0000, 0x0000, 0x0000, 0x0000, 0x0000, 0x0000, 0xAD33, 0xF65B, 0xE4F8, 0xDC17, 0xDC17, 0xDC17, 0xDC17, 0xDC37, 0xDC17,
  0xE458, 0xE437, 0xAA10, 0xA1AE, 0xD408, 0xFDE3, 0xF648, 0xFEED, 0xFEED, 0xFEED, 0xFEED, 0xFEED, 0xFEED, 0xFEED, 0xFEEC, 0xFEEC,
  0xFEEC, 0xFECC, 0xFECC, 0xFECC, 0xFECC, 0xFECC, 0xFECC, 0xFEEC, 0xFEEC, 0xFECC, 0xFECC, 0xFECC, 0xFECC, 0xFECC, 0xFECC, 0xFECC,
  0xFECC, 0xFECB, 0xFECB, 0xFECB, 0xFECB, 0xFECB, 0xFECB, 0xFECB, 0xFECB, 0xF6CB, 0xFECB, 0xFECB, 0xFECB, 0xF6CB, 0xF6CB, 0xFECB,
  0xF6CB, 0xF6CB, 0xF6CB, 0xF6CB, 0xF6CB, 0xFECB, 0xF6CB, 0xF6CB, 0xF6CB, 0xF6CB, 0xF6CB, 0xF6CB, 0xF6CB, 0xF6CB, 0xF6CB, 0xF6CB,
  0xF6AB, 0xF6CB, 0xFEAB, 0xF6AB, 0xFECB, 0xF6AB, 0xFECA, 0xFE87, 0xF643, 0xFE43, 0xFE63, 0xF663, 0xFE63, 0xF663, 0xF663, 0xF663,
  0xF663, 0xF663, 0xF663, 0xF663, 0xF663, 0xF663, 0xF663, 0xF683, 0xF623, 0xF582, 0xE488, 0xC2F2, 0xC314, 0xE478, 0xDBF6, 0xD395,
  0xDBB5, 0xC3D5, 0x426F, 0x22D1, 0x1A90, 0x3BD5, 0x6D19, 0x4C35, 0x3BB4, 0x1A6F, 0x2AF1, 0x3BD5, 0x3BB5, 0x3BD5, 0x3BB5, 0x22B1,
  0x4A0E, 0xCBB5, 0xD395, 0xD395, 0xD375, 0xD395, 0xC2F2, 0xC3B3, 0xA4B3, 0x0000, 0x0000, 0x0000, 0x0000, 0x0000, 0x0000, 0x0000,
  0x0000, 0x0000, 0x0000, 0x0000, 0x0000, 0x0000, 0x0000, 0x0000, 0x0000, 0x0000, 0x0000, 0x0000, 0x0000, 0x0000, 0x0000, 0x0000,
  0x0000, 0x0000, 0x0000, 0x0000, 0x0000, 0x0000, 0x0000, 0x0000, 0x0000, 0x0000, 0x0000, 0x0000, 0x0000, 0x0000, 0x0000, 0x0000,
  0x0000, 0x0000, 0x0000, 0x0000, 0x0000, 0x0000, 0x0000, 0x0000, 0x0000, 0x0000, 0x0000, 0x0000, 0x0000, 0x0000, 0x0000, 0x0000,
  0x0000, 0x0000, 0x0000, 0x0000, 0x0000, 0x0000, 0x0000, 0x0000, 0x0000, 0x0000, 0x0000, 0x0000, 0x0000, 0x0000, 0x0000, 0x0000,
  0x0000, 0x0000, 0x0000, 0x0000, 0x0000, 0x0000, 0x0000, 0x0000, 0x0000, 0x0000, 0x0000, 0x0000, 0x0000, 0x0000, 0x0000, 0x0000,
  0x0000, 0x0000, 0x0000, 0x0000, 0x0000, 0x0000, 0x0000, 0x0000, 0x0000, 0x0000, 0x0000, 0x0000, 0x0000, 0x0000, 0x0000, 0x0000,
  0x0000, 0x0000, 0x0000, 0x0000, 0x0000, 0x0000, 0x0000, 0xAD33, 0xF65B, 0xE4F8, 0xDC16, 0xDC17, 0xDC37, 0xDC37, 0xDC37, 0xDC37,
  0xE478, 0xE458, 0xAA10, 0xA1CE, 0xDC28, 0xFDE3, 0xF668, 0xFEED, 0xFEED, 0xFEEC, 0xFEEC, 0xFEED, 0xFEEC, 0xFECC, 0xFECC, 0xFECC,
  0xFECC, 0xFECC, 0xFECC, 0xFECC, 0xFECC, 0xFECC, 0xFECC, 0xFECC, 0xFECC, 0xFECC, 0xFECC, 0xFECB, 0xF6CB, 0xFECB, 0xFECB, 0xF6CB,
  0xFECB, 0xFECB, 0xFECB, 0xFEAB, 0xFECB, 0xFECB, 0xFECB, 0xFECB, 0xFECB, 0xF6CB, 0xFECB, 0xFECB, 0xFEAB, 0xFEAB, 0xF6AB, 0xFECB,
  0xF6AB, 0xF6AB, 0xFECB, 0xF6AB, 0xF6CB, 0xF6CB, 0xF6CB, 0xFEAB, 0xF6AB, 0xF6CB, 0xF6CB, 0xF6AB, 0xFEAB, 0xF6AA, 0xFECB, 0xF6CB,
  0xF6AB, 0xF6CB, 0xF6AB, 0xF6AB, 0xF6CB, 0xFECA, 0xF686, 0xF643, 0xF643, 0xF663, 0xF643, 0xF643, 0xF663, 0xF663, 0xF663, 0xF663,
  0xF663, 0xF663, 0xF663, 0xF663, 0xF663, 0xF663, 0xF663, 0xF663, 0xF623, 0xF581, 0xE4A8, 0xC2F2, 0xC314, 0xE478, 0xDBF6, 0xD395,
  0xDBF6, 0xA353, 0x3AF1, 0x5477, 0x122F, 0x22D1, 0x3BD5, 0x3BB4, 0x3394, 0x3BB4, 0x1A4F, 0x3332, 0x3BD5, 0x3BD5, 0x3BD5, 0x2B33,
  0x29EE, 0xAB13, 0xDBB5, 0xD395, 0xD375, 0xD395, 0xC2F2, 0xC3B3, 0xA4F2, 0x0000, 0x0000, 0x0000, 0x0000, 0x0000, 0x0000, 0x0000,
  0x0000, 0x0000, 0x0000, 0x0000, 0x0000, 0x0000, 0x0000, 0x0000, 0x0000, 0x0000, 0x0000, 0x0000, 0x0000, 0x0000, 0x0000, 0x0000,
  0x0000, 0x0000, 0x0000, 0x0000, 0x0000, 0x0000, 0x0000, 0x0000, 0x0000, 0x0000, 0x0000, 0x0000, 0x0000, 0x0000, 0x0000, 0x0000,
  0x0000, 0x0000, 0x0000, 0x0000, 0x0000, 0x0000, 0x0000, 0x0000, 0x0000, 0x0000, 0x0000, 0x0000, 0x0000, 0x0000, 0x0000, 0x0000,
  0x0000, 0x0000, 0x0000, 0x0000, 0x0000, 0x0000, 0x0000, 0x0000, 0x0000, 0x0000, 0x0000, 0x0000, 0x0000, 0x0000, 0x0000, 0x0000,
  0x0000, 0x0000, 0x0000, 0x0000, 0x0000, 0x0000, 0x0000, 0x0000, 0x0000, 0x0000, 0x0000, 0x0000, 0x0000, 0x0000, 0x0000, 0x0000,
  0x0000, 0x0000, 0x0000, 0x0000, 0x0000, 0x0000, 0x0000, 0x0000, 0x0000, 0x0000, 0x0000, 0x0000, 0x0000, 0x0000, 0x0000, 0x0000,
  0x0000, 0x0000, 0x0000, 0x0000, 0x0000, 0x0000, 0x0000, 0xAD32, 0xF65B, 0xE4F8, 0xDC17, 0xDC37, 0xDC37, 0xDC37, 0xDC37, 0xDC17,
  0xE458, 0xE458, 0xA9F0, 0xA1CD, 0xDC48, 0xFDE3, 0xF669, 0xFEED, 0xFEED, 0xFEED, 0xFEEC, 0xFEEC, 0xFECC, 0xFECC, 0xFEEC, 0xFECC,
  0xFECC, 0xFECC, 0xFECC, 0xFECC, 0xFECC, 0xFECC, 0xFECC, 0xFECB, 0xFECB, 0xFECB, 0xFECB, 0xFECB, 0xFECB, 0xF6CB, 0xF6CB, 0xFECB,
  0xFECB, 0xFECB, 0xFECB, 0xFECB, 0xFECB, 0xFECB, 0xF6CB, 0xFECB, 0xFECB, 0xFECB, 0xF6CB, 0xF6CB, 0xF6CB, 0xFEAB, 0xFECB, 0xFECB,
  0xFECB, 0xF6CB, 0xFECB, 0xF6CB, 0xFECB, 0xFECB, 0xF6CB, 0xF6CB, 0xFEAB, 0xF6AB, 0xF6CB, 0xF6CA, 0xF6CA, 0xF6AA, 0xF6CA, 0xF6CB,
  0xF6CA, 0xF6CA, 0xF6CA, 0xF6CB, 0xFECA, 0xF666, 0xF643, 0xFE63, 0xF643, 0xF663, 0xF643, 0xF663, 0xF663, 0xF663, 0xF663, 0xF663,
  0xF663, 0xF663, 0xF663, 0xF663, 0xF663, 0xF663, 0xF663, 0xF663, 0xF623, 0xF5A1, 0xE4A7, 0xC2F1, 0xC314, 0xE477, 0xD3F6, 0xD395,
  0xDBF6, 0x82D2, 0x3B53, 0x4C78, 0x22F2, 0x1A2F, 0x22D1, 0x3BD5, 0x3395, 0x33B5, 0x3B94, 0x1A4F, 0x3B73, 0x3BF5, 0x3BD5, 0x2B33,
  0x220F, 0x8A91, 0xD395, 0xD375, 0xD375, 0xD395, 0xC2F2, 0xC3B3, 0xA4F2, 0x0000, 0x0000, 0x0000, 0x0000, 0x0000, 0x0000, 0x0000,
  0x0000, 0x0000, 0x0000, 0x0000, 0x0000, 0x0000, 0x0000, 0x0000, 0x0000, 0x0000, 0x0000, 0x0000, 0x0000, 0x0000, 0x0000, 0x0000,
  0x0000, 0x0000, 0x0000, 0x0000, 0x0000, 0x0000, 0x0000, 0x0000, 0x0000, 0x0000, 0x0000, 0x0000, 0x0000, 0x0000, 0x0000, 0x0000,
  0x0000, 0x0000, 0x0000, 0x0000, 0x0000, 0x0000, 0x0000, 0x0000, 0x0000, 0x0000, 0x0000, 0x0000, 0x0000, 0x0000, 0x0000, 0x0000,
  0x0000, 0x0000, 0x0000, 0x0000, 0x0000, 0x0000, 0x0000, 0x0000, 0x0000, 0x0000, 0x0000, 0x0000, 0x0000, 0x0000, 0x0000, 0x0000,
  0x0000, 0x0000, 0x0000, 0x0000, 0x0000, 0x0000, 0x0000, 0x0000, 0x0000, 0x0000, 0x0000, 0x0000, 0x0000, 0x0000, 0x0000, 0x0000,
  0x0000, 0x0000, 0x0000, 0x0000, 0x0000, 0x0000, 0x0000, 0x0000, 0x0000, 0x0000, 0x0000, 0x0000, 0x0000, 0x0000, 0x0000, 0x0000,
  0x0000, 0x0000, 0x0000, 0x0000, 0x0000, 0x0000, 0x0000, 0xAD33, 0xF65B, 0xE4F8, 0xDBF6, 0xDC17, 0xDC17, 0xDC17, 0xDC17, 0xDC17,
  0xE458, 0xE438, 0xAA10, 0xA1CD, 0xDC68, 0xFDE3, 0xF669, 0xFEED, 0xFEEC, 0xFECC, 0xFECC, 0xFECC, 0xFECC, 0xFECC, 0xFECC, 0xFECC,
  0xFECC, 0xFECC, 0xFECC, 0xFECC, 0xFECC, 0xFECB, 0xFECC, 0xFECB, 0xFECB, 0xFECB, 0xFECB, 0xFECB, 0xFECB, 0xFECB, 0xFECB, 0xFECB,
  0xFECB, 0xFECB, 0xFECB, 0xFECB, 0xFEAB, 0xFEAB, 0xFEAB, 0xFECB, 0xFEAB, 0xFEAB, 0xFECB, 0xFECB, 0xF6AB, 0xFECB, 0xFECB, 0xFECB,
  0xFECB, 0xFECA, 0xF6CB, 0xFECB, 0xF6CB, 0xFECB, 0xF6CB, 0xFECB, 0xFEAB, 0xFECA, 0xFECA, 0xF6CA, 0xF6CA, 0xF6AB, 0xFECB, 0xFECA,
  0xFECA, 0xFEAA, 0xFECB, 0xFEC9, 0xF665, 0xF643, 0xFE63, 0xF663, 0xFE43, 0xFE63, 0xF663, 0xF663, 0xF663, 0xF663, 0xF663, 0xF663,
  0xF663, 0xF663, 0xF663, 0xF663, 0xF663, 0xF663, 0xF663, 0xF663, 0xF643, 0xF5A2, 0xECC7, 0xC311, 0xC314, 0xE478, 0xDBF6, 0xD375,
  0xDBD6, 0x7A91, 0x3B53, 0x4C57, 0x3374, 0x2AD2, 0x120F, 0x2B12, 0x3BD6, 0x33B5, 0x3BD6, 0x3B94, 0x1A4F, 0x3BB4, 0x43F6, 0x2B13,
  0x220E, 0x822F, 0xCB34, 0xD375, 0xCB74, 0xD375, 0xBAF2, 0xBBB3, 0xA4F2, 0x0000, 0x0000, 0x0000, 0x0000, 0x0000, 0x0000, 0x0000,
  0x0000, 0x0000, 0x0000, 0x0000, 0x0000, 0x0000, 0x0000, 0x0000, 0x0000, 0x0000, 0x0000, 0x0000, 0x0000, 0x0000, 0x0000, 0x0000,
  0x0000, 0x0000, 0x0000, 0x0000, 0x0000, 0x0000, 0x0000, 0x0000, 0x0000, 0x0000, 0x0000, 0x0000, 0x0000, 0x0000, 0x0000, 0x0000,
  0x0000, 0x0000, 0x0000, 0x0000, 0x0000, 0x0000, 0x0000, 0x0000, 0x0000, 0x0000, 0x0000, 0x0000, 0x0000, 0x0000, 0x0000, 0x0000,
  0x0000, 0x0000, 0x0000, 0x0000, 0x0000, 0x0000, 0x0000, 0x0000, 0x0000, 0x0000, 0x0000, 0x0000, 0x0000, 0x0000, 0x0000, 0x0000,
  0x0000, 0x0000, 0x0000, 0x0000, 0x0000, 0x0000, 0x0000, 0x0000, 0x0000, 0x0000, 0x0000, 0x0000, 0x0000, 0x0000, 0x0000, 0x0000,
  0x0000, 0x0000, 0x0000, 0x0000, 0x0000, 0x0000, 0x0000, 0x0000, 0x0000, 0x0000, 0x0000, 0x0000, 0x0000, 0x0000, 0x0000, 0x0000,
  0x0000, 0x0000, 0x0000, 0x0000, 0x0000, 0x0000, 0x0000, 0xAD33, 0xF65B, 0xE4D8, 0xDBF6, 0xDC17, 0xDC17, 0xDC17, 0xDC17, 0xDC17,
  0xE458, 0xE437, 0xAA10, 0xA1CD, 0xDC67, 0xFDE3, 0xFE69, 0xFEEC, 0xFECC, 0xFECC, 0xFECC, 0xFECC, 0xFECC, 0xFECC, 0xFECC, 0xFECC,
  0xFECC, 0xFECC, 0xFECC, 0xFECC, 0xF6CB, 0xF6CB, 0xFECB, 0xFECB, 0xFECB, 0xFECB, 0xFECB, 0xFECB, 0xF6CB, 0xFECB, 0xFEAB, 0xFEAB,
  0xFECB, 0xFECB, 0xFECB, 0xFECB, 0xFEAB, 0xFEAB, 0xFEAB, 0xFEAB, 0xFECB, 0xFEAB, 0xFECB, 0xF6CA, 0xFEAB, 0xFEAB, 0xF6CA, 0xF6CA,
  0xFEAA, 0xF6AA, 0xF6CA, 0xFEAB, 0xF6CB, 0xFEAA, 0xFEAB, 0xFEAB, 0xF6AA, 0xFEAA, 0xFEAA, 0xFEAA, 0xFECA, 0xF6AA, 0xFECA, 0xF6AA,
  0xF6AA, 0xFECA, 0xFEA8, 0xF644, 0xF643, 0xFE43, 0xF663, 0xF663, 0xF663, 0xFE63, 0xF643, 0xF663, 0xF663, 0xF663, 0xF663, 0xF663,
  0xF663, 0xF663, 0xF643, 0xF663, 0xF663, 0xF663, 0xF663, 0xF663, 0xF643, 0xF5A2, 0xECC7, 0xC311, 0xC314, 0xE478, 0xDBF6, 0xCB55,
  0xDBB6, 0x7A91, 0x2AF1, 0x4436, 0x3374, 0x3395, 0x22D2, 0x120F, 0x2B33, 0x3BD6, 0x3395, 0x3BD5, 0x3354, 0x1A6F, 0x3BB5, 0x2B13,
  0x21EE, 0x822F, 0xCB34, 0xD375, 0xD355, 0xD375, 0xBAD2, 0xBB93, 0xA4D2, 0x0000, 0x0000, 0x0000, 0x0000, 0x0000, 0x0000, 0x0000,
  0x0000, 0x0000, 0x0000, 0x0000, 0x0000, 0x0000, 0x0000, 0x0000, 0x0000, 0x0000, 0x0000, 0x0000, 0x0000, 0x0000, 0x0000, 0x0000,
  0x0000, 0x0000, 0x0000, 0x0000, 0x0000, 0x0000, 0x0000, 0x0000, 0x0000, 0x0000, 0x0000, 0x0000, 0x0000, 0x0000, 0x0000, 0x0000,
  0x0000, 0x0000, 0x0000, 0x0000, 0x0000, 0x0000, 0x0000, 0x0000, 0x0000, 0x0000, 0x0000, 0x0000, 0x0000, 0x0000, 0x0000, 0x0000,
  0x0000, 0x0000, 0x0000, 0x0000, 0x0000, 0x0000, 0x0000, 0x0000, 0x0000, 0x0000, 0x0000, 0x0000, 0x0000, 0x0000, 0x0000, 0x0000,
  0x0000, 0x0000, 0x0000, 0x0000, 0x0000, 0x0000, 0x0000, 0x0000, 0x0000, 0x0000, 0x0000, 0x0000, 0x0000, 0x0000, 0x0000, 0x0000,
  0x0000, 0x0000, 0x0000, 0x0000, 0x0000, 0x0000, 0x0000, 0x0000, 0x0000, 0x0000, 0x0000, 0x0000, 0x0000, 0x0000, 0x0000, 0x0000,
  0x0000, 0x0000, 0x0000, 0x0000, 0x0000, 0x0000, 0x0000, 0xAD32, 0xF65B, 0xE4D8, 0xDBF6, 0xDC17, 0xDC17, 0xDC17, 0xDC17, 0xDC17,
  0xE458, 0xE437, 0xA9F0, 0xA1CD, 0xDC67, 0xFDE3, 0xFE69, 0xFEEC, 0xFECC, 0xFECC, 0xFECC, 0xFECC, 0xFECC, 0xFECB, 0xFECB, 0xFECC,
  0xFECB, 0xFECC, 0xFECB, 0xFECC, 0xFECB, 0xFECB, 0xFECB, 0xFECB, 0xFECB, 0xFEAB, 0xFECB, 0xFECB, 0xFECB, 0xFECB, 0xFECB, 0xFECB,
  0xFECB, 0xF6CB, 0xFECB, 0xFEAB, 0xF6CB, 0xF6CB, 0xFEAB, 0xFEAB, 0xF6CA, 0xFECA, 0xFECB, 0xF6CA, 0xFECA, 0xFECA, 0xFECA, 0xFECA,
  0xFECA, 0xFECA, 0xFECA, 0xFECA, 0xFECB, 0xFECA, 0xFECA, 0xFECA, 0xFECA, 0xFECA, 0xFECA, 0xFEAB, 0xFECB, 0xFEAA, 0xF6AA, 0xF6CB,
  0xFECA, 0xF686, 0xF643, 0xFE43, 0xFE63, 0xF663, 0xFE63, 0xFE63, 0xF663, 0xFE63, 0xF663, 0xF663, 0xF663, 0xF663, 0xF663, 0xF663,
  0xF663, 0xF663, 0xF663, 0xF663, 0xF663, 0xF663, 0xF663, 0xF663, 0xF643, 0xF5A2, 0xECE7, 0xCB11, 0xC314, 0xE478, 0xD3D6, 0xCB54,
  0xDB95, 0x92F2, 0x224F, 0x4436, 0x3374, 0x3BD5, 0x3BB5, 0x22B2, 0x122F, 0x3354, 0x3BD6, 0x3395, 0x3BD6, 0x2B33, 0x1A6F, 0x2AD1,
  0x29ED, 0x9250, 0xCB34, 0xD355, 0xD354, 0xD375, 0xBAD2, 0xBB93, 0xA4B2, 0x0000, 0x0000, 0x0000, 0x0000, 0x0000, 0x0000, 0x0000,
  0x0000, 0x0000, 0x0000, 0x0000, 0x0000, 0x0000, 0x0000, 0x0000, 0x0000, 0x0000, 0x0000, 0x0000, 0x0000, 0x0000, 0x0000, 0x0000,
  0x0000, 0x0000, 0x0000, 0x0000, 0x0000, 0x0000, 0x0000, 0x0000, 0x0000, 0x0000, 0x0000, 0x0000, 0x0000, 0x0000, 0x0000, 0x0000,
  0x0000, 0x0000, 0x0000, 0x0000, 0x0000, 0x0000, 0x0000, 0x0000, 0x0000, 0x0000, 0x0000, 0x0000, 0x0000, 0x0000, 0x0000, 0x0000,
  0x0000, 0x0000, 0x0000, 0x0000, 0x0000, 0x0000, 0x0000, 0x0000, 0x0000, 0x0000, 0x0000, 0x0000, 0x0000, 0x0000, 0x0000, 0x0000,
  0x0000, 0x0000, 0x0000, 0x0000, 0x0000, 0x0000, 0x0000, 0x0000, 0x0000, 0x0000, 0x0000, 0x0000, 0x0000, 0x0000, 0x0000, 0x0000,
  0x0000, 0x0000, 0x0000, 0x0000, 0x0000, 0x0000, 0x0000, 0x0000, 0x0000, 0x0000, 0x0000, 0x0000, 0x0000, 0x0000, 0x0000, 0x0000,
  0x0000, 0x0000, 0x0000, 0x0000, 0x0000, 0x0000, 0x0000, 0xAD33, 0xF63B, 0xE4D8, 0xD3F6, 0xDC17, 0xDBF7, 0xDC17, 0xDC17, 0xDBF6,
  0xE457, 0xE458, 0xAA10, 0xA1CD, 0xE468, 0xFDE3, 0xFE69, 0xFECC, 0xFECC, 0xFECC, 0xFECC, 0xFECC, 0xFECC, 0xFECB, 0xFECC, 0xFECB,
  0xFECB, 0xFECB, 0xFEAB, 0xFECB, 0xFECB, 0xFECB, 0xFECB, 0xF6CB, 0xFECB, 0xFEAB, 0xFECB, 0xFECB, 0xFEAB, 0xFECB, 0xFEAB, 0xFEAB,
  0xFEAB, 0xF6AB, 0xFEAB, 0xFEAB, 0xFEAA, 0xFECA, 0xFEAA, 0xFEAA, 0xFEAA, 0xFEAA, 0xFEAA, 0xF6CA, 0xF6CA, 0xFEAA, 0xF6AA, 0xFECA,
  0xFEAA, 0xFEAA, 0xFEAA, 0xFEAA, 0xFEAA, 0xFEAA, 0xFEAA, 0xFEAA, 0xFEAA, 0xFEAA, 0xFEAA, 0xFEAA, 0xFEAA, 0xF6AA, 0xF6CC, 0xFEEB,
  0xF666, 0xF643, 0xF643, 0xF643, 0xFE63, 0xF643, 0xF643, 0xF663, 0xF663, 0xF663, 0xF643, 0xF663, 0xF663, 0xF663, 0xF663, 0xF663,
  0xF663, 0xF663, 0xF643, 0xF663, 0xF663, 0xF643, 0xF663, 0xF663, 0xFE43, 0xF5A2, 0xECE7, 0xCB31, 0xC314, 0xE478, 0xD3D6, 0xCB34,
  0xD375, 0xBB54, 0x31EE, 0x3BD5, 0x3BF5, 0x33D5, 0x3BF6, 0x33B5, 0x22B2, 0x1A30, 0x3374, 0x3B95, 0x3354, 0x3BB5, 0x2AF2, 0x11EE,
  0x520E, 0xAA91, 0xD355, 0xD375, 0xD355, 0xD375, 0xBAD2, 0xBB73, 0xA4D2, 0x0000, 0x0000, 0x0000, 0x0000, 0x0000, 0x0000, 0x0000,
  0x0000, 0x0000, 0x0000, 0x0000, 0x0000, 0x0000, 0x0000, 0x0000, 0x0000, 0x0000, 0x0000, 0x0000, 0x0000, 0x0000, 0x0000, 0x0000,
  0x0000, 0x0000, 0x0000, 0x0000, 0x0000, 0x0000, 0x0000, 0x0000, 0x0000, 0x0000, 0x0000, 0x0000, 0x0000, 0x0000, 0x0000, 0x0000,
  0x0000, 0x0000, 0x0000, 0x0000, 0x0000, 0x0000, 0x0000, 0x0000, 0x0000, 0x0000, 0x0000, 0x0000, 0x0000, 0x0000, 0x0000, 0x0000,
  0x0000, 0x0000, 0x0000, 0x0000, 0x0000, 0x0000, 0x0000, 0x0000, 0x0000, 0x0000, 0x0000, 0x0000, 0x0000, 0x0000, 0x0000, 0x0000,
  0x0000, 0x0000, 0x0000, 0x0000, 0x0000, 0x0000, 0x0000, 0x0000, 0x0000, 0x0000, 0x0000, 0x0000, 0x0000, 0x0000, 0x0000, 0x0000,
  0x0000, 0x0000, 0x0000, 0x0000, 0x0000, 0x0000, 0x0000, 0x0000, 0x0000, 0x0000, 0x0000, 0x0000, 0x0000, 0x0000, 0x0000, 0x0000,
  0x0000, 0x0000, 0x0000, 0x0000, 0x0000, 0x0000, 0x0000, 0xAD33, 0xF63B, 0xE4B8, 0xD3D6, 0xDBF6, 0xDC17, 0xDC17, 0xDC16, 0xDBF7,
  0xE458, 0xE458, 0xAA10, 0xA1CE, 0xDC68, 0xFDE3, 0xF668, 0xFECC, 0xFECC, 0xFECB, 0xFECC, 0xFECC, 0xFECB, 0xFECB, 0xFECB, 0xFECB,
  0xFECB, 0xFECB, 0xFECB, 0xFECB, 0xF6CB, 0xFECB, 0xFEAB, 0xFEAB, 0xFECB, 0xF6CB, 0xFEAB, 0xFEAB, 0xFEAB, 0xFEAB, 0xFEAB, 0xFEAB,
  0xFEAB, 0xFEAB, 0xFECB, 0xFEAB, 0xFEAA, 0xFEAA, 0xFECA, 0xFEAA, 0xFEAA, 0xFEAA, 0xFEAA, 0xFEAA, 0xFEAA, 0xFEAA, 0xFEAA, 0xFEAA,
  0xFEAA, 0xFEAA, 0xFEAA, 0xFEAA, 0xFEAA, 0xFEAA, 0xFEAA, 0xFEAA, 0xFEAA, 0xFEAA, 0xFEAA, 0xF6AA, 0xF6CB, 0xFF0E, 0xF6EC, 0xF666,
  0xF643, 0xFE43, 0xF643, 0xF643, 0xF663, 0xF663, 0xF663, 0xF663, 0xF663, 0xF663, 0xF663, 0xF663, 0xF663, 0xF663, 0xF663, 0xF663,
  0xF663, 0xF663, 0xF663, 0xF663, 0xF663, 0xF663, 0xF663, 0xF663, 0xFE43, 0xF5A2, 0xECE7, 0xC311, 0xC314, 0xE478, 0xD3D6, 0xCB54,
  0xCB54, 0xD375, 0x7270, 0x1A70, 0x3BD5, 0x3BB5, 0x3BF6, 0x4416, 0x3394, 0x1A70, 0x1A2F, 0x3334, 0x3334, 0x3334, 0x3374, 0x29EE,
  0x8230, 0xBAD2, 0xD374, 0xCB54, 0xCB54, 0xD354, 0xBAD2, 0xBB73, 0xA4D2, 0x0000, 0x0000, 0x0000, 0x0000, 0x0000, 0x0000, 0x0000,
  0x0000, 0x0000, 0x0000, 0x0000, 0x0000, 0x0000, 0x0000, 0x0000, 0x0000, 0x0000, 0x0000, 0x0000, 0x0000, 0x0000, 0x0000, 0x0000,
  0x0000, 0x0000, 0x0000, 0x0000, 0x0000, 0x0000, 0x0000, 0x0000, 0x0000, 0x0000, 0x0000, 0x0000, 0x0000, 0x0000, 0x0000, 0x0000,
  0x0000, 0x0000, 0x0000, 0x0000, 0x0000, 0x0000, 0x0000, 0x0000, 0x0000, 0x0000, 0x0000, 0x0000, 0x0000, 0x0000, 0x0000, 0x0000,
  0x0000, 0x0000, 0x0000, 0x0000, 0x0000, 0x0000, 0x0000, 0x0000, 0x0000, 0x0000, 0x0000, 0x0000, 0x0000, 0x0000, 0x0000, 0x0000,
  0x0000, 0x0000, 0x0000, 0x0000, 0x0000, 0x0000, 0x0000, 0x0000, 0x0000, 0x0000, 0x0000, 0x0000, 0x0000, 0x0000, 0x0000, 0x0000,
  0x0000, 0x0000, 0x0000, 0x0000, 0x0000, 0x0000, 0x0000, 0x0000, 0x0000, 0x0000, 0x0000, 0x0000, 0x0000, 0x0000, 0x0000, 0x0000,
  0x0000, 0x0000, 0x0000, 0x0000, 0x0000, 0x0000, 0x0000, 0xAD33, 0xF63B, 0xE4B8, 0xDBF6, 0xDC17, 0xDBF7, 0xDC17, 0xDC17, 0xDC17,
  0xE457, 0xE438, 0xAA10, 0xA1CE, 0xDC68, 0xFDE3, 0xF668, 0xFECC, 0xFECB, 0xFECB, 0xFECC, 0xFECC, 0xFECB, 0xFECB, 0xFECC, 0xFECB,
  0xFECB, 0xFECB, 0xFEAB, 0xFEAB, 0xF6CB, 0xFECB, 0xFEAB, 0xFEAB, 0xFECB, 0xFEAB, 0xFEAB, 0xFEAB, 0xFEAB, 0xFEAB, 0xFEAB, 0xFEAB,
  0xFECB, 0xFEAA, 0xFEAA, 0xFECA, 0xFEAA, 0xFEAA, 0xFEAA, 0xFEAA, 0xFEAA, 0xFEAA, 0xFECA, 0xFEAA, 0xFECA, 0xFEAA, 0xFEAA, 0xFEAA,
  0xFEAA, 0xFEAA, 0xFEAA, 0xFEAA, 0xFEAA, 0xFEAA, 0xFEAA, 0xFEAA, 0xFEAA, 0xFEAA, 0xF6AA, 0xF6ED, 0xFF2F, 0xF6CA, 0xF644, 0xFE43,
  0xFE43, 0xFE43, 0xFE43, 0xF663, 0xFE63, 0xF663, 0xF663, 0xF663, 0xF663, 0xF663, 0xF663, 0xF663, 0xF663, 0xF663, 0xF663, 0xF663,
  0xF663, 0xF663, 0xF663, 0xF663, 0xF663, 0xF663, 0xF663, 0xF663, 0xF623, 0xF582, 0xECC7, 0xC311, 0xC2F4, 0xE478, 0xD3D6, 0xCB54,
  0xD375, 0xD375, 0xC395, 0x4A0F, 0x1A50, 0x2B33, 0x3B95, 0x3BD5, 0x43F5, 0x3353, 0x1A50, 0x1A4F, 0x3334, 0x3333, 0x222F, 0x6A2F,
  0xAA71, 0xCB54, 0xD375, 0xD354, 0xD354, 0xD375, 0xBAD2, 0xBB72, 0xA4B2, 0x0000, 0x0000, 0x0000, 0x0000, 0x0000, 0x0000, 0x0000,
  0x0000, 0x0000, 0x0000, 0x0000, 0x0000, 0x0000, 0x0000, 0x0000, 0x0000, 0x0000, 0x0000, 0x0000, 0x0000, 0x0000, 0x0000, 0x0000,
  0x0000, 0x0000, 0x0000, 0x0000, 0x0000, 0x0000, 0x0000, 0x0000, 0x0000, 0x0000, 0x0000, 0x0000, 0x0000, 0x0000, 0x0000, 0x0000,
  0x0000, 0x0000, 0x0000, 0x0000, 0x0000, 0x0000, 0x0000, 0x0000, 0x0000, 0x0000, 0x0000, 0x0000, 0x0000, 0x0000, 0x0000, 0x0000,
  0x0000, 0x0000, 0x0000, 0x0000, 0x0000, 0x0000, 0x0000, 0x0000, 0x0000, 0x0000, 0x0000, 0x0000, 0x0000, 0x0000, 0x0000, 0x0000,
  0x0000, 0x0000, 0x0000, 0x0000, 0x0000, 0x0000, 0x0000, 0x0000, 0x0000, 0x0000, 0x0000, 0x0000, 0x0000, 0x0000, 0x0000, 0x0000,
  0x0000, 0x0000, 0x0000, 0x0000, 0x0000, 0x0000, 0x0000, 0x0000, 0x0000, 0x0000, 0x0000, 0x0000, 0x0000, 0x0000, 0x0000, 0x0000,
  0x0000, 0x0000, 0x0000, 0x0000, 0x0000, 0x0000, 0x0000, 0xAD33, 0xF63B, 0xE4B8, 0xD3D6, 0xDBF7, 0xDBF6, 0xDBF6, 0xDBF6, 0xDBF6,
  0xDC37, 0xE458, 0xAA10, 0xA1CE, 0xDC48, 0xFDE3, 0xF668, 0xFECC, 0xFECB, 0xFECB, 0xFECB, 0xFECC, 0xFEAB, 0xFECB, 0xFECB, 0xFEAB,
  0xFECB, 0xFEAB, 0xF6AB, 0xFEAB, 0xF6AB, 0xF6AB, 0xFEAB, 0xF6AB, 0xFEAB, 0xF6AB, 0xFEAB, 0xFEAB, 0xFEAB, 0xFEAB, 0xFEAB, 0xFEAA,
  0xFEAA, 0xFEAA, 0xFEAA, 0xF6AA, 0xFEAA, 0xFEAA, 0xFEAA, 0xFEAA, 0xFEAA, 0xFEAA, 0xFEAA, 0xFEAA, 0xFEAA, 0xFEAA, 0xFEAA, 0xFEAA,
  0xF6AA, 0xF6AA, 0xFEAA, 0xF6AA, 0xFEAA, 0xFEAA, 0xF6AA, 0xFEA9, 0xF689, 0xF6CC, 0xFF2F, 0xF70D, 0xF667, 0xF643, 0xFE63, 0xF663,
  0xF643, 0xF663, 0xF643, 0xF663, 0xF663, 0xF643, 0xF663, 0xF643, 0xF643, 0xF663, 0xF663, 0xF663, 0xF663, 0xF643, 0xF663, 0xF663,
  0xF663, 0xF663, 0xF663, 0xF663, 0xF663, 0xF663, 0xF663, 0xF663, 0xF623, 0xF581, 0xECA7, 0xC2F1, 0xC2F4, 0xE478, 0xDBD6, 0xCB55,
  0xD375, 0xD375, 0xD3B5, 0xB334, 0x49EF, 0x222F, 0x22B1, 0x2AF2, 0x2B12, 0x3313, 0x2AF2, 0x224F, 0x1A2F, 0x2A0E, 0x622F, 0xA251,
  0xC2F3, 0xD395, 0xD374, 0xD375, 0xCB74, 0xD375, 0xBAB2, 0xBB72, 0xA4D2, 0x0000, 0x0000, 0x0000, 0x0000, 0x0000, 0x0000, 0x0000,
  0x0000, 0x0000, 0x0000, 0x0000, 0x0000, 0x0000, 0x0000, 0x0000, 0x0000, 0x0000, 0x0000, 0x0000, 0x0000, 0x0000, 0x0000, 0x0000,
  0x0000, 0x0000, 0x0000, 0x0000, 0x0000, 0x0000, 0x0000, 0x0000, 0x0000, 0x0000, 0x0000, 0x0000, 0x0000, 0x0000, 0x0000, 0x0000,
  0x0000, 0x0000, 0x0000, 0x0000, 0x0000, 0x0000, 0x0000, 0x0000, 0x0000, 0x0000, 0x0000, 0x0000, 0x0000, 0x0000, 0x0000, 0x0000,
  0x0000, 0x0000, 0x0000, 0x0000, 0x0000, 0x0000, 0x0000, 0x0000, 0x0000, 0x0000, 0x0000, 0x0000, 0x0000, 0x0000, 0x0000, 0x0000,
  0x0000, 0x0000, 0x0000, 0x0000, 0x0000, 0x0000, 0x0000, 0x0000, 0x0000, 0x0000, 0x0000, 0x0000, 0x0000, 0x0000, 0x0000, 0x0000,
  0x0000, 0x0000, 0x0000, 0x0000, 0x0000, 0x0000, 0x0000, 0x0000, 0x0000, 0x0000, 0x0000, 0x0000, 0x0000, 0x0000, 0x0000, 0x0000,
  0x0000, 0x0000, 0x0000, 0x0000, 0x0000, 0x0000, 0x0000, 0xAD33, 0xF63B, 0xE4B8, 0xD3D6, 0xDBF7, 0xDBF7, 0xDC17, 0xDC17, 0xDBF7,
  0xE437, 0xE437, 0xAA10, 0xA1CE, 0xDC28, 0xFDE3, 0xF647, 0xFEEB, 0xFECB, 0xFECB, 0xFECB, 0xFECB, 0xFECB, 0xFECB, 0xFECB, 0xFEAB,
  0xFEAB, 0xF6AB, 0xFECB, 0xFECB, 0xF6AB, 0xF6AB, 0xFEAB, 0xFEAB, 0xFEAB, 0xF6AB, 0xF6CB, 0xFEAB, 0xFEAB, 0xFECB, 0xFEAB, 0xFEAB,
  0xFEAB, 0xFECA, 0xFEAA, 0xFEAA, 0xFEAA, 0xFEAA, 0xFEAA, 0xFEAA, 0xFEAA, 0xFEAA, 0xFEAA, 0xFEAA, 0xFEAA, 0xFEAA, 0xFECA, 0xFEAA,
  0xFEAA, 0xFEAA, 0xFEAA, 0xFEAA, 0xFECA, 0xFEAA, 0xF6A9, 0xF6CC, 0xFF0F, 0xFF2F, 0xF6A9, 0xF644, 0xFE63, 0xFE63, 0xFE63, 0xF663,
  0xF663, 0xF663, 0xF663, 0xFE63, 0xFE63, 0xF663, 0xF663, 0xF663, 0xF663, 0xF663, 0xF663, 0xF663, 0xF663, 0xF663, 0xF663, 0xF663,
  0xF663, 0xF663, 0xF663, 0xF663, 0xF663, 0xF663, 0xF663, 0xFE63, 0xF623, 0xF581, 0xE488, 0xC2F2, 0xC2F4, 0xE478, 0xDBD6, 0xD375,
  0xD375, 0xD375, 0xD395, 0xD3B5, 0xB2F3, 0x720F, 0x41EE, 0x29EE, 0x220F, 0x222F, 0x220F, 0x29EE, 0x41EE, 0x8230, 0xAA51, 0xBAD2,
  0xD395, 0xD374, 0xD374, 0xD375, 0xCB54, 0xD375, 0xBAB2, 0xBB72, 0xA4D2, 0x0000, 0x0000, 0x0000, 0x0000, 0x0000, 0x0000, 0x0000,
  0x0000, 0x0000, 0x0000, 0x0000, 0x0000, 0x0000, 0x0000, 0x0000, 0x0000, 0x0000, 0x0000, 0x0000, 0x0000, 0x0000, 0x0000, 0x0000,
  0x0000, 0x0000, 0x0000, 0x0000, 0x0000, 0x0000, 0x0000, 0x0000, 0x0000, 0x0000, 0x0000, 0x0000, 0x0000, 0x0000, 0x0000, 0x0000,
  0x0000, 0x0000, 0x0000, 0x0000, 0x0000, 0x0000, 0x0000, 0x0000, 0x0000, 0x0000, 0x0000, 0x0000, 0x0000, 0x0000, 0x0000, 0x0000,
  0x0000, 0x0000, 0x0000, 0x0000, 0x0000, 0x0000, 0x0000, 0x0000, 0x0000, 0x0000, 0x0000, 0x0000, 0x0000, 0x0000, 0x0000, 0x0000,
  0x0000, 0x0000, 0x0000, 0x0000, 0x0000, 0x0000, 0x0000, 0x0000, 0x0000, 0x0000, 0x0000, 0x0000, 0x0000, 0x0000, 0x0000, 0x0000,
  0x0000, 0x0000, 0x0000, 0x0000, 0x0000, 0x0000, 0x0000, 0x0000, 0x0000, 0x0000, 0x0000, 0x0000, 0x0000, 0x0000, 0x0000, 0x0000,
  0x0000, 0x0000, 0x0000, 0x0000, 0x0000, 0x0000, 0x0000, 0xAD33, 0xF63B, 0xE498, 0xDBD6, 0xDBF7, 0xDBF6, 0xDBF6, 0xDBF6, 0xDBF6,
  0xDC37, 0xE458, 0xAA10, 0xA1CE, 0xD408, 0xFDE4, 0xF647, 0xFECB, 0xFECB, 0xFECB, 0xFECB, 0xFEAB, 0xFEAB, 0xFEAB, 0xFECB, 0xFEAB,
  0xFEAB, 0xFEAB, 0xFEAB, 0xFEAB, 0xF6AB, 0xFEAB, 0xFEAB, 0xFEAB, 0xFEAB, 0xFEAB, 0xFEAB, 0xFEAB, 0xFEAA, 0xFECB, 0xFEAA, 0xFEAB,
  0xFEAA, 0xFEAA, 0xFEAA, 0xFEAA, 0xFEAA, 0xFEAA, 0xFEAA, 0xFEAA, 0xFEAA, 0xF6AA, 0xFEAA, 0xF6AA, 0xFEAA, 0xFEAA, 0xF6CA, 0xFEAA,
  0xFEAA, 0xFEAA, 0xFEAA, 0xFEAA, 0xF6AA, 0xF6AC, 0xFF10, 0xFF30, 0xF6EB, 0xF665, 0xF643, 0xF663, 0xF663, 0xFE63, 0xFE63, 0xF663,
  0xF663, 0xF663, 0xF663, 0xF663, 0xF663, 0xF643, 0xF643, 0xF643, 0xF663, 0xF663, 0xF663, 0xF663, 0xF663, 0xF663, 0xF663, 0xF663,
  0xF663, 0xF663, 0xF643, 0xF663, 0xF663, 0xF663, 0xF663, 0xF663, 0xF622, 0xF581, 0xE488, 0xC2F2, 0xC314, 0xE478, 0xD3D6, 0xCB74,
  0xD375, 0xD375, 0xD375, 0xCB74, 0xD375, 0xC2F3, 0xA250, 0x820F, 0x720F, 0x6A0F, 0x720F, 0x822F, 0xA230, 0xAA51, 0xC2D3, 0xD375,
  0xD354, 0xD354, 0xD354, 0xD354, 0xD354, 0xD375, 0xBAB2, 0xBB72, 0xA4B2, 0x0000, 0x0000, 0x0000, 0x0000, 0x0000, 0x0000, 0x0000,
  0x0000, 0x0000, 0x0000, 0x0000, 0x0000, 0x0000, 0x0000, 0x0000, 0x0000, 0x0000, 0x0000, 0x0000, 0x0000, 0x0000, 0x0000, 0x0000,
  0x0000, 0x0000, 0x0000, 0x0000, 0x0000, 0x0000, 0x0000, 0x0000, 0x0000, 0x0000, 0x0000, 0x0000, 0x0000, 0x0000, 0x0000, 0x0000,
  0x0000, 0x0000, 0x0000, 0x0000, 0x0000, 0x0000, 0x0000, 0x0000, 0x0000, 0x0000, 0x0000, 0x0000, 0x0000, 0x0000, 0x0000, 0x0000,
  0x0000, 0x0000, 0x0000, 0x0000, 0x0000, 0x0000, 0x0000, 0x0000, 0x0000, 0x0000, 0x0000, 0x0000, 0x0000, 0x0000, 0x0000, 0x0000,
  0x0000, 0x0000, 0x0000, 0x0000, 0x0000, 0x0000, 0x0000, 0x0000, 0x0000, 0x0000, 0x0000, 0x0000, 0x0000, 0x0000, 0x0000, 0x0000,
  0x0000, 0x0000, 0x0000, 0x0000, 0x0000, 0x0000, 0x0000, 0x0000, 0x0000, 0x0000, 0x0000, 0x0000, 0x0000, 0x0000, 0x0000, 0x0000,
  0x0000, 0x0000, 0x0000, 0x0000, 0x0000, 0x0000, 0x0000, 0xAD33, 0xF61B, 0xE498, 0xD3D6, 0xDBD6, 0xDBF7, 0xDBF6, 0xDBF6, 0xDBF6,
  0xDC37, 0xE458, 0xAA31, 0xA1CE, 0xD3C9, 0xFDE4, 0xF627, 0xFECB, 0xFECB, 0xFECB, 0xFEAB, 0xF6CB, 0xFEAB, 0xFEAB, 0xFEAB, 0xFEAB,
  0xF6CB, 0xF6CA, 0xFEAB, 0xFEAB, 0xFEAB, 0xFEAA, 0xFEAB, 0xF6AA, 0xFEAB, 0xFEAB, 0xFEAA, 0xFEAB, 0xFEAA, 0xFECA, 0xFECA, 0xFEAA,
  0xFEAA, 0xFEAA, 0xFEAA, 0xFEAA, 0xFEAA, 0xFEAA, 0xFEAA, 0xFEAA, 0xFEAA, 0xFEAA, 0xFEAA, 0xFEAA, 0xF6AA, 0xFEA9, 0xFEAA, 0xFEAA,
  0xFEA9, 0xF6A9, 0xF6AA, 0xF6CC, 0xFF30, 0xFF52, 0xF6ED, 0xF667, 0xF643, 0xF663, 0xF663, 0xF663, 0xFE63, 0xF663, 0xF663, 0xFE63,
  0xF663, 0xF663, 0xF663, 0xF663, 0xF663, 0xF663, 0xF663, 0xF663, 0xF663, 0xF663, 0xF663, 0xF663, 0xF663, 0xF663, 0xF663, 0xF663,
  0xF663, 0xF663, 0xF663, 0xF663, 0xF663, 0xF643, 0xF663, 0xF663, 0xF603, 0xF582, 0xE489, 0xC2F2, 0xC334, 0xE498, 0xD3D6, 0xCB54,
  0xD375, 0xCB54, 0xCB54, 0xCB54, 0xCB54, 0xD355, 0xCB34, 0xC2D3, 0xBAB2, 0xBAB2, 0xBA92, 0xBAB2, 0xC2D3, 0xCB34, 0xD355, 0xCB34,
  0xCB54, 0xD354, 0xD354, 0xD354, 0xCB54, 0xD375, 0xBAB2, 0xBB52, 0xA4B2, 0x0000, 0x0000, 0x0000, 0x0000, 0x0000, 0x0000, 0x0000,
  0x0000, 0x0000, 0x0000, 0x0000, 0x0000, 0x0000, 0x0000, 0x0000, 0x0000, 0x0000, 0x0000, 0x0000, 0x0000, 0x0000, 0x0000, 0x0000,
  0x0000, 0x0000, 0x0000, 0x0000, 0x0000, 0x0000, 0x0000, 0x0000, 0x0000, 0x0000, 0x0000, 0x0000, 0x0000, 0x0000, 0x0000, 0x0000,
  0x0000, 0x0000, 0x0000, 0x0000, 0x0000, 0x0000, 0x0000, 0x0000, 0x0000, 0x0000, 0x0000, 0x0000, 0x0000, 0x0000, 0x0000, 0x0000,
  0x0000, 0x0000, 0x0000, 0x0000, 0x0000, 0x0000, 0x0000, 0x0000, 0x0000, 0x0000, 0x0000, 0x0000, 0x0000, 0x0000, 0x0000, 0x0000,
  0x0000, 0x0000, 0x0000, 0x0000, 0x0000, 0x0000, 0x0000, 0x0000, 0x0000, 0x0000, 0x0000, 0x0000, 0x0000, 0x0000, 0x0000, 0x0000,
  0x0000, 0x0000, 0x0000, 0x0000, 0x0000, 0x0000, 0x0000, 0x0000, 0x0000, 0x0000, 0x0000, 0x0000, 0x0000, 0x0000, 0x0000, 0x0000,
  0x0000, 0x0000, 0x0000, 0x0000, 0x0000, 0x0000, 0x0000, 0xAD13, 0xF61A, 0xE497, 0xD3D6, 0xDBF6, 0xDBF6, 0xDBF6, 0xDBF6, 0xDBF6,
  0xDC17, 0xE458, 0xAA30, 0xA1EF, 0xCBC9, 0xFDE4, 0xF626, 0xFECB, 0xFECB, 0xFECB, 0xFEAB, 0xFECB, 0xFEAB, 0xFEAB, 0xFEAB, 0xFEAB,
  0xFECB, 0xFECB, 0xFECA, 0xFEAA, 0xFEAB, 0xFECA, 0xFEAA, 0xFEAA, 0xFECB, 0xFEAA, 0xFEAB, 0xFECA, 0xFECA, 0xFECA, 0xFEAA, 0xFEAA,
  0xFEAA, 0xF6AA, 0xFEAA, 0xFEAA, 0xFEAA, 0xFEAA, 0xFEAA, 0xFEAA, 0xFEAA, 0xFEAA, 0xFEA9, 0xFEA9, 0xFEA9, 0xFEA9, 0xFEA9, 0xF6A9,
  0xF6AA, 0xF6EE, 0xFF51, 0xFF72, 0xF70E, 0xF687, 0xF643, 0xFE63, 0xFE63, 0xF663, 0xF663, 0xF663, 0xF663, 0xF663, 0xF663, 0xFE63,
  0xF663, 0xF663, 0xF663, 0xF663, 0xFE63, 0xF663, 0xF663, 0xF663, 0xF663, 0xF663, 0xF663, 0xF663, 0xF663, 0xF663, 0xFE63, 0xF663,
  0xF663, 0xF663, 0xF663, 0xF663, 0xF663, 0xF663, 0xF663, 0xFE83, 0xF603, 0xF5A2, 0xE48A, 0xC333, 0xC354, 0xE4B8, 0xD3D5, 0xCB54,
  0xCB54, 0xD354, 0xCB54, 0xCB54, 0xCB54, 0xCB54, 0xD354, 0xD355, 0xD375, 0xD375, 0xD375, 0xD355, 0xD355, 0xD354, 0xCB34, 0xCB34,
  0xCB34, 0xCB34, 0xCB34, 0xCB34, 0xCB34, 0xD354, 0xBAB2, 0xBB72, 0xA4D2, 0x0000, 0x0000, 0x0000, 0x0000, 0x0000, 0x0000, 0x0000,
  0x0000, 0x0000, 0x0000, 0x0000, 0x0000, 0x0000, 0x0000, 0x0000, 0x0000, 0x0000, 0x0000, 0x0000, 0x0000, 0x0000, 0x0000, 0x0000,
  0x0000, 0x0000, 0x0000, 0x0000, 0x0000, 0x0000, 0x0000, 0x0000, 0x0000, 0x0000, 0x0000, 0x0000, 0x0000, 0x0000, 0x0000, 0x0000,
  0x0000, 0x0000, 0x0000, 0x0000, 0x0000, 0x0000, 0x0000, 0x0000, 0x0000, 0x0000, 0x0000, 0x0000, 0x0000, 0x0000, 0x0000, 0x0000,
  0x0000, 0x0000, 0x0000, 0x0000, 0x0000, 0x0000, 0x0000, 0x0000, 0x0000, 0x0000, 0x0000, 0x0000, 0x0000, 0x0000, 0x0000, 0x0000,
  0x0000, 0x0000, 0x0000, 0x0000, 0x0000, 0x0000, 0x0000, 0x0000, 0x0000, 0x0000, 0x0000, 0x0000, 0x0000, 0x0000, 0x0000, 0x0000,
  0x0000, 0x0000, 0x0000, 0x0000, 0x0000, 0x0000, 0x0000, 0x0000, 0x0000, 0x0000, 0x0000, 0x0000, 0x0000, 0x0000, 0x0000, 0x0000,
  0x0000, 0x0000, 0x0000, 0x0000, 0x0000, 0x0000, 0x0000, 0xAD13, 0xF5FA, 0xDC97, 0xD3B6, 0xDBD6, 0xDBF6, 0xDBF6, 0xDBF6, 0xDBF6,
  0xDC17, 0xE478, 0xAA30, 0xA1EF, 0xCB8A, 0xFE04, 0xF605, 0xFECA, 0xFECB, 0xF6AB, 0xF6AB, 0xFEAB, 0xFEAB, 0xF6AB, 0xFEAB, 0xFEAA,
  0xFEAB, 0xFEAB, 0xFEAA, 0xFEAA, 0xFEAA, 0xFEAA, 0xFEAB, 0xFEAA, 0xFEAA, 0xF6AA, 0xF6AA, 0xFEAA, 0xFEAA, 0xFEAA, 0xFEAA, 0xFEAA,
  0xFEAA, 0xF6AA, 0xFEAA, 0xFEAA, 0xFEAA, 0xFEAA, 0xF6AA, 0xF6AA, 0xF6AA, 0xFEA9, 0xFEA9, 0xFEA9, 0xF6A9, 0xF6A9, 0xF6AB, 0xF70E,
  0xFF51, 0xFF51, 0xF6ED, 0xF667, 0xF643, 0xF643, 0xFE63, 0xFE63, 0xF663, 0xF663, 0xF663, 0xF663, 0xFE63, 0xF663, 0xF663, 0xFE63,
  0xF663, 0xF663, 0xF663, 0xF663, 0xF663, 0xF643, 0xF663, 0xF643, 0xF643, 0xF663, 0xF663, 0xF663, 0xF663, 0xF663, 0xF663, 0xF643,
  0xF663, 0xF663, 0xF643, 0xF643, 0xF663, 0xF663, 0xF663, 0xFE63, 0xF602, 0xF5A3, 0xDC6B, 0xC333, 0xC374, 0xE4D8, 0xD3B5, 0xCB34,
  0xCB54, 0xD354, 0xD354, 0xCB54, 0xCB54, 0xD354, 0xD354, 0xD354, 0xD354, 0xD354, 0xD354, 0xCB54, 0xCB34, 0xCB54, 0xCB34, 0xCB54,
  0xCB54, 0xCB34, 0xCB54, 0xCB34, 0xCB34, 0xD354, 0xBAB1, 0xBB52, 0xA4D2, 0x0000, 0x0000, 0x0000, 0x0000, 0x0000, 0x0000, 0x0000,
  0x0000, 0x0000, 0x0000, 0x0000, 0x0000, 0x0000, 0x0000, 0x0000, 0x0000, 0x0000, 0x0000, 0x0000, 0x0000, 0x0000, 0x0000, 0x0000,
  0x0000, 0x0000, 0x0000, 0x0000, 0x0000, 0x0000, 0x0000, 0x0000, 0x0000, 0x0000, 0x0000, 0x0000, 0x0000, 0x0000, 0x0000, 0x0000,
  0x0000, 0x0000, 0x0000, 0x0000, 0x0000, 0x0000, 0x0000, 0x0000, 0x0000, 0x0000, 0x0000, 0x0000, 0x0000, 0x0000, 0x0000, 0x0000,
  0x0000, 0x0000, 0x0000, 0x0000, 0x0000, 0x0000, 0x0000, 0x0000, 0x0000, 0x0000, 0x0000, 0x0000, 0x0000, 0x0000, 0x0000, 0x0000,
  0x0000, 0x0000, 0x0000, 0x0000, 0x0000, 0x0000, 0x0000, 0x0000, 0x0000, 0x0000, 0x0000, 0x0000, 0x0000, 0x0000, 0x0000, 0x0000,
  0x0000, 0x0000, 0x0000, 0x0000, 0x0000, 0x0000, 0x0000, 0x0000, 0x0000, 0x0000, 0x0000, 0x0000, 0x0000, 0x0000, 0x0000, 0x0000,
  0x0000, 0x0000, 0x0000, 0x0000, 0x0000, 0x0000, 0x0000, 0xAD33, 0xF5FA, 0xDC97, 0xD3D6, 0xD3D6, 0xD3D6, 0xDBD6, 0xDBD6, 0xD3D6,
  0xDC17, 0xE478, 0xAA50, 0xA1EF, 0xC36A, 0xFDE5, 0xF605, 0xFECA, 0xFECB, 0xF6CB, 0xF6AB, 0xF6AB, 0xFEAB, 0xFEAB, 0xFEAB, 0xFEAB,
  0xFECA, 0xFEAB, 0xFEAB, 0xFECA, 0xFEAB, 0xFEAB, 0xFEAB, 0xFECA, 0xFECA, 0xFEAA, 0xFECA, 0xFECA, 0xFECA, 0xFECA, 0xFECA, 0xFECA,
  0xFECA, 0xFECA, 0xFECA, 0xFEAA, 0xFEAA, 0xFECA, 0xFEAA, 0xFEAA, 0xFEA9, 0xF6A9, 0xF6A9, 0xF6AA, 0xF70D, 0xFF50, 0xFF51, 0xF70F,
  0xF6AA, 0xF665, 0xF643, 0xF643, 0xFE63, 0xFE63, 0xF663, 0xFE63, 0xF663, 0xFE63, 0xFE63, 0xF663, 0xF663, 0xF663, 0xF663, 0xFE63,
  0xF663, 0xF663, 0xF663, 0xFE63, 0xF663, 0xF663, 0xF663, 0xF663, 0xF663, 0xF663, 0xF663, 0xF663, 0xF663, 0xF663, 0xF663, 0xF663,
  0xF663, 0xF663, 0xF663, 0xF663, 0xF663, 0xF663, 0xF663, 0xFE83, 0xF5E2, 0xF583, 0xDC2C, 0xC334, 0xC374, 0xECD8, 0xD3D5, 0xCB34,
  0xCB54, 0xCB34, 0xCB54, 0xCB54, 0xD354, 0xD354, 0xD354, 0xD354, 0xD374, 0xD354, 0xD354, 0xD354, 0xD354, 0xCB34, 0xCB54, 0xCB34,
  0xD334, 0xD334, 0xCB54, 0xCB54, 0xCB34, 0xD355, 0xBAB1, 0xBB52, 0xA4D3, 0x0000, 0x0000, 0x0000, 0x0000, 0x0000, 0x0000, 0x0000,
  0x0000, 0x0000, 0x0000, 0x0000, 0x0000, 0x0000, 0x0000, 0x0000, 0x0000, 0x0000, 0x0000, 0x0000, 0x0000, 0x0000, 0x0000, 0x0000,
  0x0000, 0x0000, 0x0000, 0x0000, 0x0000, 0x0000, 0x0000, 0x0000, 0x0000, 0x0000, 0x0000, 0x0000, 0x0000, 0x0000, 0x0000, 0x0000,
  0x0000, 0x0000, 0x0000, 0x0000, 0x0000, 0x0000, 0x0000, 0x0000, 0x0000, 0x0000, 0x0000, 0x0000, 0x0000, 0x0000, 0x0000, 0x0000,
  0x0000, 0x0000, 0x0000, 0x0000, 0x0000, 0x0000, 0x0000, 0x0000, 0x0000, 0x0000, 0x0000, 0x0000, 0x0000, 0x0000, 0x0000, 0x0000,
  0x0000, 0x0000, 0x0000, 0x0000, 0x0000, 0x0000, 0x0000, 0x0000, 0x0000, 0x0000, 0x0000, 0x0000, 0x0000, 0x0000, 0x0000, 0x0000,
  0x0000, 0x0000, 0x0000, 0x0000, 0x0000, 0x0000, 0x0000, 0x0000, 0x0000, 0x0000, 0x0000, 0x0000, 0x0000, 0x0000, 0x0000, 0x0000,
  0x0000, 0x0000, 0x0000, 0x0000, 0x0000, 0x0000, 0x0000, 0xAD13, 0xF5FA, 0xDC97, 0xD3D6, 0xDBF6, 0xD3D6, 0xDBF6, 0xDBF6, 0xD3D6,
  0xDC17, 0xE498, 0xAA51, 0xA9F0, 0xBB0B, 0xFDC5, 0xF5E4, 0xFECA, 0xFECA, 0xFEAB, 0xFEAB, 0xFEAB, 0xF6AB, 0xFEAB, 0xF6AB, 0xF6AB,
  0xF6AB, 0xFEAB, 0xFEAB, 0xFEAB, 0xF6CA, 0xF6CB, 0xFEAB, 0xFECA, 0xFECB, 0xF6CA, 0xFECB, 0xFECB, 0xFECA, 0xFECA, 0xFEAA, 0xFEAA,
  0xF6AA, 0xFEAA, 0xFEAA, 0xFEAA, 0xFEAA, 0xFEAA, 0xF6A9, 0xF6A9, 0xF6AA, 0xF6ED, 0xFF30, 0xFF51, 0xFF4F, 0xF6EC, 0xF687, 0xF643,
  0xF642, 0xF663, 0xFE63, 0xFE63, 0xFE63, 0xF663, 0xF663, 0xF663, 0xF663, 0xF663, 0xFE63, 0xF663, 0xF663, 0xF663, 0xF663, 0xF663,
  0xF663, 0xF663, 0xF663, 0xF663, 0xF663, 0xF643, 0xF663, 0xF643, 0xF663, 0xF663, 0xF643, 0xF663, 0xF663, 0xF643, 0xF643, 0xF643,
  0xF643, 0xF643, 0xF643, 0xF663, 0xF662, 0xF662, 0xF663, 0xFE63, 0xF5E2, 0xF583, 0xD40D, 0xC334, 0xCB74, 0xECD8, 0xD3D5, 0xCB54,
  0xCB54, 0xCB54, 0xCB54, 0xCB34, 0xD354, 0xD354, 0xD354, 0xD354, 0xD354, 0xD354, 0xD354, 0xCB34, 0xD354, 0xCB34, 0xCB34, 0xCB34,
  0xCB34, 0xCB34, 0xCB34, 0xCB34, 0xCB34, 0xD354, 0xBAB1, 0xBB52, 0xA4D2, 0x0000, 0x0000, 0x0000, 0x0000, 0x0000, 0x0000, 0x0000,
  0x0000, 0x0000, 0x0000, 0x0000, 0x0000, 0x0000, 0x0000, 0x0000, 0x0000, 0x0000, 0x0000, 0x0000, 0x0000, 0x0000, 0x0000, 0x0000,
  0x0000, 0x0000, 0x0000, 0x0000, 0x0000, 0x0000, 0x0000, 0x0000, 0x0000, 0x0000, 0x0000, 0x0000, 0x0000, 0x0000, 0x0000, 0x0000,
  0x0000, 0x0000, 0x0000, 0x0000, 0x0000, 0x0000, 0x0000, 0x0000, 0x0000, 0x0000, 0x0000, 0x0000, 0x0000, 0x0000, 0x0000, 0x0000,
  0x0000, 0x0000, 0x0000, 0x0000, 0x0000, 0x0000, 0x0000, 0x0000, 0x0000, 0x0000, 0x0000, 0x0000, 0x0000, 0x0000, 0x0000, 0x0000,
  0x0000, 0x0000, 0x0000, 0x0000, 0x0000, 0x0000, 0x0000, 0x0000, 0x0000, 0x0000, 0x0000, 0x0000, 0x0000, 0x0000, 0x0000, 0x0000,
  0x0000, 0x0000, 0x0000, 0x0000, 0x0000, 0x0000, 0x0000, 0x0000, 0x0000, 0x0000, 0x0000, 0x0000, 0x0000, 0x0000, 0x0000, 0x0000,
  0x0000, 0x0000, 0x0000, 0x0000, 0x0000, 0x0000, 0x0000, 0xAD13, 0xF5FA, 0xDC97, 0xD3D5, 0xD3D6, 0xD3D6, 0xD3D6, 0xDBF6, 0xD3D6,
  0xD3F6, 0xE498, 0xAA51, 0xA9F0, 0xBACB, 0xFDA5, 0xF5E4, 0xFEAA, 0xF6CA, 0xF6CB, 0xF6AB, 0xF6AB, 0xF6AB, 0xFEAB, 0xF6AB, 0xF6AB,
  0xFEAB, 0xF6AB, 0xFEAA, 0xFEAB, 0xF6CA, 0xF6AA, 0xFEAA, 0xF6AA, 0xFECA, 0xF6AA, 0xFEAA, 0xFEAA, 0xF6AA, 0xFEAA, 0xFEAA, 0xF6AA,
  0xFEAA, 0xF6A9, 0xF6A9, 0xF6AA, 0xF6CA, 0xFECB, 0xFEEC, 0xFF0E, 0xFF2F, 0xF72F, 0xF6EC, 0xF688, 0xF644, 0xF643, 0xF643, 0xFE63,
  0xF663, 0xF643, 0xF663, 0xF643, 0xF663, 0xF663, 0xF663, 0xF663, 0xF663, 0xF663, 0xF663, 0xF663, 0xF663, 0xF663, 0xF663, 0xF663,
  0xF663, 0xF663, 0xF643, 0xF663, 0xFE84, 0xFE84, 0xFE84, 0xFE84, 0xFE84, 0xFE84, 0xFE84, 0xFE84, 0xFE84, 0xFE84, 0xFE84, 0xFE84,
  0xFE84, 0xFE84, 0xFE83, 0xF662, 0xF662, 0xF662, 0xF662, 0xFE63, 0xF5C2, 0xF564, 0xD3CD, 0xC334, 0xCB54, 0xECD9, 0xD3B5, 0xCB55,
  0xCB74, 0xCB54, 0xCB54, 0xCB54, 0xCB54, 0xCB54, 0xCB54, 0xD354, 0xD354, 0xD354, 0xCB34, 0xD355, 0xCB34, 0xCB34, 0xCB34, 0xCB34,
  0xCB34, 0xCB34, 0xCB34, 0xCB34, 0xCB34, 0xD354, 0xBA91, 0xBB52, 0xA4D2, 0x0000, 0x0000, 0x0000, 0x0000, 0x0000, 0x0000, 0x0000,
  0x0000, 0x0000, 0x0000, 0x0000, 0x0000, 0x0000, 0x0000, 0x0000, 0x0000, 0x0000, 0x0000, 0x0000, 0x0000, 0x0000, 0x0000, 0x0000,
  0x0000, 0x0000, 0x0000, 0x0000, 0x0000, 0x0000, 0x0000, 0x0000, 0x0000, 0x0000, 0x0000, 0x0000, 0x0000, 0x0000, 0x0000, 0x0000,
  0x0000, 0x0000, 0x0000, 0x0000, 0x0000, 0x0000, 0x0000, 0x0000, 0x0000, 0x0000, 0x0000, 0x0000, 0x0000, 0x0000, 0x0000, 0x0000,
  0x0000, 0x0000, 0x0000, 0x0000, 0x0000, 0x0000, 0x0000, 0x0000, 0x0000, 0x0000, 0x0000, 0x0000, 0x0000, 0x0000, 0x0000, 0x0000,
  0x0000, 0x0000, 0x0000, 0x0000, 0x0000, 0x0000, 0x0000, 0x0000, 0x0000, 0x0000, 0x0000, 0x0000, 0x0000, 0x0000, 0x0000, 0x0000,
  0x0000, 0x0000, 0x0000, 0x0000, 0x0000, 0x0000, 0x0000, 0x0000, 0x0000, 0x0000, 0x0000, 0x0000, 0x0000, 0x0000, 0x0000, 0x0000,
  0x0000, 0x0000, 0x0000, 0x0000, 0x0000, 0x0000, 0x0000, 0xAD33, 0xF5FA, 0xDC77, 0xD3B5, 0xD3D6, 0xDBD6, 0xDBD6, 0xDBF6, 0xDBD6,
  0xDBF6, 0xE498, 0xAA51, 0xA9F0, 0xB2AC, 0xF586, 0xF5E4, 0xFEA9, 0xFECA, 0xFECB, 0xFEAB, 0xFECB, 0xFECB, 0xFECA, 0xFECA, 0xFEAA,
  0xF6AA, 0xFEAA, 0xFEAA, 0xFECA, 0xFECA, 0xFEAA, 0xFEAA, 0xFEAA, 0xFECA, 0xFECA, 0xFECA, 0xFECA, 0xF6AA, 0xFECA, 0xF6AA, 0xF6CA,
  0xF6CA, 0xFECB, 0xFEEB, 0xFEEB, 0xFEEB, 0xFEEB, 0xF6CA, 0xF6A9, 0xF686, 0xF664, 0xF643, 0xFE63, 0xFE63, 0xFE63, 0xFE63, 0xF663,
  0xFE63, 0xF663, 0xF663, 0xFE63, 0xF663, 0xF663, 0xF663, 0xFE63, 0xFE63, 0xF663, 0xF683, 0xF663, 0xF663, 0xF663, 0xF663, 0xF663,
  0xF663, 0xF663, 0xF685, 0xCE2A, 0xAD6C, 0xAD8D, 0xAD8D, 0xADAE, 0xAD8D, 0xAD8D, 0xA58D, 0xA58D, 0xA58D, 0xA58D, 0xA58D, 0xA58E,
  0xA58E, 0xA58D, 0xC60C, 0xEE86, 0xFE63, 0xF663, 0xF663, 0xFE42, 0xF5A2, 0xF545, 0xCB8E, 0xC314, 0xCB54, 0xECD9, 0xCBB5, 0xCB54,
  0xCB54, 0xCB54, 0xCB54, 0xCB74, 0xCB74, 0xD354, 0xCB34, 0xCB34, 0xCB34, 0xCB34, 0xA20F, 0xBA91, 0xD334, 0xCB34, 0xCB34, 0xCB34,
  0xCB34, 0xCB54, 0xCB54, 0xCB54, 0xCB34, 0xD354, 0xBA91, 0xB332, 0xA4D2, 0x0000, 0x0000, 0x0000, 0x0000, 0x0000, 0x0000, 0x0000,
  0x0000, 0x0000, 0x0000, 0x0000, 0x0000, 0x0000, 0x0000, 0x0000, 0x0000, 0x0000, 0x0000, 0x0000, 0x0000, 0x0000, 0x0000, 0x0000,
  0x0000, 0x0000, 0x0000, 0x0000, 0x0000, 0x0000, 0x0000, 0x0000, 0x0000, 0x0000, 0x0000, 0x0000, 0x0000, 0x0000, 0x0000, 0x0000,
  0x0000, 0x0000, 0x0000, 0x0000, 0x0000, 0x0000, 0x0000, 0x0000, 0x0000, 0x0000, 0x0000, 0x0000, 0x0000, 0x0000, 0x0000, 0x0000,
  0x0000, 0x0000, 0x0000, 0x0000, 0x0000, 0x0000, 0x0000, 0x0000, 0x0000, 0x0000, 0x0000, 0x0000, 0x0000, 0x0000, 0x0000, 0x0000,
  0x0000, 0x0000, 0x0000, 0x0000, 0x0000, 0x0000, 0x0000, 0x0000, 0x0000, 0x0000, 0x0000, 0x0000, 0x0000, 0x0000, 0x0000, 0x0000,
  0x0000, 0x0000, 0x0000, 0x0000, 0x0000, 0x0000, 0x0000, 0x0000, 0x0000, 0x0000, 0x0000, 0x0000, 0x0000, 0x0000, 0x0000, 0x0000,
  0x0000, 0x0000, 0x0000, 0x0000, 0x0000, 0x0000, 0x0000, 0xAD13, 0xF5FA, 0xDC77, 0xD3B5, 0xD3D6, 0xD3D6, 0xD3D6, 0xD3D6, 0xD3D6,
  0xD3F6, 0xEC99, 0xAA51, 0xA9F0, 0xB26C, 0xF566, 0xF5C3, 0xFE89, 0xFECA, 0xFECA, 0xFEAA, 0xFEAA, 0xFEAB, 0xFEAA, 0xFECA, 0xFEAA,
  0xFEAA, 0xFEAA, 0xF6AA, 0xFEAA, 0xFEAA, 0xFEAA, 0xFEAA, 0xF6AA, 0xF6AA, 0xF6AA, 0xF6CA, 0xF6CB, 0xF6CB, 0xFEEB, 0xFEEB, 0xFEEB,
  0xFECA, 0xFECA, 0xFEA8, 0xF687, 0xF665, 0xF644, 0xF643, 0xFE43, 0xF643, 0xFE63, 0xFE63, 0xFE63, 0xFE63, 0xFE63, 0xFE63, 0xF663,
  0xF643, 0xF663, 0xF663, 0xF663, 0xF663, 0xF663, 0xF663, 0xF663, 0xF663, 0xF663, 0xF663, 0xF643, 0xF663, 0xF663, 0xF663, 0xF663,
  0xF663, 0xF684, 0xCE2B, 0x4B2C, 0x19CA, 0x220C, 0x220C, 0x220C, 0x21EC, 0x21EC, 0x21EC, 0x19EC, 0x19EC, 0x19EC, 0x220C, 0x222D,
  0x222D, 0x220D, 0x3AED, 0xADCC, 0xF684, 0xFE62, 0xFE62, 0xF642, 0xF582, 0xF525, 0xCB6F, 0xC2F4, 0xCB54, 0xECD9, 0xCB95, 0xCB74,
  0xCB74, 0xD375, 0xCB54, 0xCB54, 0xCB54, 0xD375, 0xBAB2, 0xA20F, 0xA22F, 0xA22F, 0x99AD, 0x896C, 0xC2F3, 0xD334, 0xCB34, 0xCB34,
  0xCB34, 0xCB54, 0xCB54, 0xCB34, 0xCB34, 0xD354, 0xBA91, 0xB332, 0xA4D2, 0x0000, 0x0000, 0x0000, 0x0000, 0x0000, 0x0000, 0x0000,
  0x0000, 0x0000, 0x0000, 0x0000, 0x0000, 0x0000, 0x0000, 0x0000, 0x0000, 0x0000, 0x0000, 0x0000, 0x0000, 0x0000, 0x0000, 0x0000,
  0x0000, 0x0000, 0x0000, 0x0000, 0x0000, 0x0000, 0x0000, 0x0000, 0x0000, 0x0000, 0x0000, 0x0000, 0x0000, 0x0000, 0x0000, 0x0000,
  0x0000, 0x0000, 0x0000, 0x0000, 0x0000, 0x0000, 0x0000, 0x0000, 0x0000, 0x0000, 0x0000, 0x0000, 0x0000, 0x0000, 0x0000, 0x0000,
  0x0000, 0x0000, 0x0000, 0x0000, 0x0000, 0x0000, 0x0000, 0x0000, 0x0000, 0x0000, 0x0000, 0x0000, 0x0000, 0x0000, 0x0000, 0x0000,
  0x0000, 0x0000, 0x0000, 0x0000, 0x0000, 0x0000, 0x0000, 0x0000, 0x0000, 0x0000, 0x0000, 0x0000, 0x0000, 0x0000, 0x0000, 0x0000,
  0x0000, 0x0000, 0x0000, 0x0000, 0x0000, 0x0000, 0x0000, 0x0000, 0x0000, 0x0000, 0x0000, 0x0000, 0x0000, 0x0000, 0x0000, 0x0000,
  0x0000, 0x0000, 0x0000, 0x0000, 0x0000, 0x0000, 0x0000, 0xAD33, 0xF5FA, 0xDC97, 0xD3B5, 0xDBD6, 0xDBD6, 0xD3D6, 0xD3D6, 0xD3D6,
  0xDBF6, 0xEC99, 0xB251, 0xA9F0, 0xAA2D, 0xF527, 0xF5C3, 0xFE88, 0xF6CA, 0xF6CA, 0xFECA, 0xFECA, 0xFEAA, 0xFEAA, 0xFEAA, 0xFECA,
  0xFECA, 0xFECA, 0xF6CA, 0xFEAA, 0xFEAA, 0xFECA, 0xFECA, 0xFECA, 0xFECA, 0xFEEB, 0xFEEC, 0xFEEB, 0xFECA, 0xFEA8, 0xF6A7, 0xF686,
  0xF665, 0xF644, 0xF643, 0xF643, 0xFE43, 0xF663, 0xFE63, 0xFE63, 0xF663, 0xF663, 0xF663, 0xFE63, 0xF663, 0xF663, 0xFE63, 0xFE63,
  0xFE63, 0xFE63, 0xFE63, 0xF663, 0xF663, 0xF663, 0xF663, 0xF663, 0xF663, 0xF663, 0xF663, 0xF663, 0xF663, 0xF663, 0xF663, 0xF664,
  0xF663, 0xFEA6, 0xA58F, 0x19AA, 0x29AA, 0x21AA, 0x29CA, 0x29C9, 0x29A9, 0x29A9, 0x2168, 0x29A9, 0x2168, 0x29C9, 0x29CA, 0x21CB,
  0x21CC, 0x29EC, 0x19AB, 0x7C8D, 0xF6C6, 0xFE62, 0xFE62, 0xFE22, 0xF582, 0xED06, 0xC330, 0xC2F4, 0xCB54, 0xECD9, 0xCB74, 0xCB54,
  0xD374, 0xCB54, 0xCB54, 0xCB54, 0xCB54, 0xCB54, 0xCB54, 0xCB34, 0xCB34, 0xCB34, 0xA20F, 0xBAD2, 0xD334, 0xCB34, 0xCB34, 0xCB34,
  0xCB34, 0xCB34, 0xCB34, 0xD354, 0xCB34, 0xD354, 0xBA71, 0xB331, 0xA4B2, 0x0000, 0x0000, 0x0000, 0x0000, 0x0000, 0x0000, 0x0000,
  0x0000, 0x0000, 0x0000, 0x0000, 0x0000, 0x0000, 0x0000, 0x0000, 0x0000, 0x0000, 0x0000, 0x0000, 0x0000, 0x0000, 0x0000, 0x0000,
  0x0000, 0x0000, 0x0000, 0x0000, 0x0000, 0x0000, 0x0000, 0x0000, 0x0000, 0x0000, 0x0000, 0x0000, 0x0000, 0x0000, 0x0000, 0x0000,
  0x0000, 0x0000, 0x0000, 0x0000, 0x0000, 0x0000, 0x0000, 0x0000, 0x0000, 0x0000, 0x0000, 0x0000, 0x0000, 0x0000, 0x0000, 0x0000,
  0x0000, 0x0000, 0x0000, 0x0000, 0x0000, 0x0000, 0x0000, 0x0000, 0x0000, 0x0000, 0x0000, 0x0000, 0x0000, 0x0000, 0x0000, 0x0000,
  0x0000, 0x0000, 0x0000, 0x0000, 0x0000, 0x0000, 0x0000, 0x0000, 0x0000, 0x0000, 0x0000, 0x0000, 0x0000, 0x0000, 0x0000, 0x0000,
  0x0000, 0x0000, 0x0000, 0x0000, 0x0000, 0x0000, 0x0000, 0x0000, 0x0000, 0x0000, 0x0000, 0x0000, 0x0000, 0x0000, 0x0000, 0x0000,
  0x0000, 0x0000, 0x0000, 0x0000, 0x0000, 0x0000, 0x0000, 0xAD13, 0xF5FA, 0xDC77, 0xD3B5, 0xD3D6, 0xD3D6, 0xD3D6, 0xD3D6, 0xD3B6,
  0xD3D6, 0xECB9, 0xB271, 0xAA10, 0xAA2E, 0xECE8, 0xF5C3, 0xF646, 0xF6A8, 0xF6A7, 0xF687, 0xF6A8, 0xF6A7, 0xF6A7, 0xF688, 0xF6A8,
  0xF6A8, 0xF6A8, 0xF6A8, 0xF6A8, 0xF6A8, 0xF6A7, 0xF687, 0xF686, 0xF686, 0xF686, 0xF686, 0xF665, 0xF664, 0xF663, 0xF663, 0xFE63,
  0xFE63, 0xFE63, 0xFE63, 0xFE63, 0xFE63, 0xFE63, 0xFE63, 0xFE63, 0xFE63, 0xFE63, 0xF663, 0xF663, 0xF663, 0xFE63, 0xF663, 0xFE63,
  0xFE63, 0xF663, 0xFE63, 0xFE63, 0xF663, 0xFE63, 0xF663, 0xF663, 0xF663, 0xF663, 0xF663, 0xF643, 0xF663, 0xF663, 0xF663, 0xFE64,
  0xF663, 0xF6A6, 0xA58F, 0x21EB, 0x21AA, 0x3A29, 0x738B, 0x5AE8, 0x7BCB, 0x6B69, 0x6B48, 0x83EB, 0x7BA9, 0x946C, 0x4A8A, 0x21AB,
  0x29EC, 0x29EC, 0x19CC, 0x7C8E, 0xF6A6, 0xFE61, 0xFE62, 0xF622, 0xF582, 0xED08, 0xC331, 0xC314, 0xCB74, 0xECD9, 0xCB54, 0xD354,
  0xD354, 0xD354, 0xD354, 0xCB54, 0xD354, 0xD354, 0xD334, 0xD334, 0xD354, 0xD354, 0xD354, 0xD334, 0xCB34, 0xCB34, 0xCB34, 0xCB34,
  0xCB34, 0xCB34, 0xCB34, 0xCB34, 0xCB34, 0xD354, 0xBA71, 0xB331, 0xA4D2, 0x0000, 0x0000, 0x0000, 0x0000, 0x0000, 0x0000, 0x0000,
  0x0000, 0x0000, 0x0000, 0x0000, 0x0000, 0x0000, 0x0000, 0x0000, 0x0000, 0x0000, 0x0000, 0x0000, 0x0000, 0x0000, 0x0000, 0x0000,
  0x0000, 0x0000, 0x0000, 0x0000, 0x0000, 0x0000, 0x0000, 0x0000, 0x0000, 0x0000, 0x0000, 0x0000, 0x0000, 0x0000, 0x0000, 0x0000,
  0x0000, 0x0000, 0x0000, 0x0000, 0x0000, 0x0000, 0x0000, 0x0000, 0x0000, 0x0000, 0x0000, 0x0000, 0x0000, 0x0000, 0x0000, 0x0000,
  0x0000, 0x0000, 0x0000, 0x0000, 0x0000, 0x0000, 0x0000, 0x0000, 0x0000, 0x0000, 0x0000, 0x0000, 0x0000, 0x0000, 0x0000, 0x0000,
  0x0000, 0x0000, 0x0000, 0x0000, 0x0000, 0x0000, 0x0000, 0x0000, 0x0000, 0x0000, 0x0000, 0x0000, 0x0000, 0x0000, 0x0000, 0x0000,
  0x0000, 0x0000, 0x0000, 0x0000, 0x0000, 0x0000, 0x0000, 0x0000, 0x0000, 0x0000, 0x0000, 0x0000, 0x0000, 0x0000, 0x0000, 0x0000,
  0x0000, 0x0000, 0x0000, 0x0000, 0x0000, 0x0000, 0x0000, 0xAD13, 0xF5FA, 0xDC77, 0xD395, 0xD3B6, 0xD3B6, 0xD3B6, 0xD3B6, 0xD3B6,
  0xD3D5, 0xECB8, 0xB271, 0xAA10, 0xAA0F, 0xE4A9, 0xFDA3, 0xF603, 0xF664, 0xF644, 0xF644, 0xF644, 0xF664, 0xF664, 0xF664, 0xF664,
  0xF664, 0xF664, 0xF664, 0xF664, 0xF644, 0xF644, 0xF643, 0xF643, 0xF643, 0xF643, 0xF643, 0xF663, 0xF663, 0xFE63, 0xF663, 0xF663,
  0xFE63, 0xF663, 0xF663, 0xF663, 0xF663, 0xFE63, 0xF663, 0xF663, 0xFE63, 0xFE63, 0xFE63, 0xF663, 0xF663, 0xFE63, 0xF663, 0xFE63,
  0xF663, 0xF663, 0xF663, 0xF663, 0xFE63, 0xFE63, 0xF663, 0xF663, 0xF663, 0xF663, 0xF663, 0xF643, 0xF663, 0xF643, 0xF663, 0xF663,
  0xF643, 0xF6A6, 0xA58F, 0x21EA, 0x218A, 0x4A8A, 0x73AB, 0x6308, 0x8C0A, 0x7B88, 0xA4CC, 0x9C8B, 0x8C2A, 0xAD0D, 0x4A69, 0x21AB,
  0x21CC, 0x21CC, 0x19AB, 0x7C6E, 0xF686, 0xFE41, 0xFE62, 0xF602, 0xF5A3, 0xED09, 0xC352, 0xCB55, 0xCB95, 0xECD9, 0xCB34, 0xCB34,
  0xCB34, 0xCB34, 0xCB34, 0xCB34, 0xCB34, 0xD374, 0xD395, 0xC354, 0xAB13, 0xA2F2, 0xAB13, 0xC334, 0xD375, 0xD334, 0xCB14, 0xCB34,
  0xCB34, 0xCB14, 0xCB14, 0xCB34, 0xCB34, 0xCB34, 0xBA71, 0xB311, 0xA4D2, 0x0000, 0x0000, 0x0000, 0x0000, 0x0000, 0x0000, 0x0000,
  0x0000, 0x0000, 0x0000, 0x0000, 0x0000, 0x0000, 0x0000, 0x0000, 0x0000, 0x0000, 0x0000, 0x0000, 0x0000, 0x0000, 0x0000, 0x0000,
  0x0000, 0x0000, 0x0000, 0x0000, 0x0000, 0x0000, 0x0000, 0x0000, 0x0000, 0x0000, 0x0000, 0x0000, 0x0000, 0x0000, 0x0000, 0x0000,
  0x0000, 0x0000, 0x0000, 0x0000, 0x0000, 0x0000, 0x0000, 0x0000, 0x0000, 0x0000, 0x0000, 0x0000, 0x0000, 0x0000, 0x0000, 0x0000,
  0x0000, 0x0000, 0x0000, 0x0000, 0x0000, 0x0000, 0x0000, 0x0000, 0x0000, 0x0000, 0x0000, 0x0000, 0x0000, 0x0000, 0x0000, 0x0000,
  0x0000, 0x0000, 0x0000, 0x0000, 0x0000, 0x0000, 0x0000, 0x0000, 0x0000, 0x0000, 0x0000, 0x0000, 0x0000, 0x0000, 0x0000, 0x0000,
  0x0000, 0x0000, 0x0000, 0x0000, 0x0000, 0x0000, 0x0000, 0x0000, 0x0000, 0x0000, 0x0000, 0x0000, 0x0000, 0x0000, 0x0000, 0x0000,
  0x0000, 0x0000, 0x0000, 0x0000, 0x0000, 0x0000, 0x0000, 0xAD33, 0xEDDA, 0xDC77, 0xD3B5, 0xDBD6, 0xDBB6, 0xD3B6, 0xDBB6, 0xDBB6,
  0xD3B6, 0xECB8, 0xB291, 0xB210, 0xAA0F, 0xDC49, 0xFDA4, 0xF5E3, 0xFE64, 0xF663, 0xF663, 0xF663, 0xF663, 0xF663, 0xFE63, 0xF663,
  0xFE63, 0xFE63, 0xF663, 0xF663, 0xFE63, 0xF663, 0xF663, 0xFE63, 0xF663, 0xF663, 0xF663, 0xF663, 0xFE63, 0xFE64, 0xF663, 0xFE63,
  0xFE63, 0xFE63, 0xFE63, 0xFE63, 0xFE63, 0xFE63, 0xFE63, 0xFE63, 0xFE63, 0xFE63, 0xFE63, 0xFE63, 0xFE63, 0xFE64, 0xFE64, 0xFE84,
  0xFE64, 0xF663, 0xFE63, 0xFE64, 0xFE64, 0xFE63, 0xF663, 0xFE63, 0xF663, 0xFE63, 0xFE63, 0xF663, 0xF663, 0xF663, 0xFE63, 0xF663,
  0xF643, 0xF685, 0xA56E, 0x21CA, 0x29AA, 0x2188, 0x4A48, 0x4A69, 0x632A, 0x52A8, 0x4206, 0x4A25, 0x5AA6, 0x6B27, 0x4228, 0x21AA,
  0x21CB, 0x21CC, 0x198B, 0x7C6D, 0xEE85, 0xFE61, 0xFE62, 0xF5E2, 0xF5A3, 0xECEA, 0xC353, 0xCB55, 0xD3D5, 0xECF9, 0xCB34, 0xCB34,
  0xCB34, 0xCB34, 0xCB34, 0xD334, 0xD375, 0xAB34, 0x6270, 0x426F, 0x3AD1, 0x4312, 0x3AB1, 0x424F, 0x624F, 0xAB13, 0xD355, 0xCB34,
  0xCB34, 0xCB34, 0xCB54, 0xCB34, 0xCB34, 0xD354, 0xB271, 0xB311, 0xA4D2, 0x0000, 0x0000, 0x0000, 0x0000, 0x0000, 0x0000, 0x0000,
  0x0000, 0x0000, 0x0000, 0x0000, 0x0000, 0x0000, 0x0000, 0x0000, 0x0000, 0x0000, 0x0000, 0x0000, 0x0000, 0x0000, 0x0000, 0x0000,
  0x0000, 0x0000, 0x0000, 0x0000, 0x0000, 0x0000, 0x0000, 0x0000, 0x0000, 0x0000, 0x0000, 0x0000, 0x0000, 0x0000, 0x0000, 0x0000,
  0x0000, 0x0000, 0x0000, 0x0000, 0x0000, 0x0000, 0x0000, 0x0000, 0x0000, 0x0000, 0x0000, 0x0000, 0x0000, 0x0000, 0x0000, 0x0000,
  0x0000, 0x0000, 0x0000, 0x0000, 0x0000, 0x0000, 0x0000, 0x0000, 0x0000, 0x0000, 0x0000, 0x0000, 0x0000, 0x0000, 0x0000, 0x0000,
  0x0000, 0x0000, 0x0000, 0x0000, 0x0000, 0x0000, 0x0000, 0x0000, 0x0000, 0x0000, 0x0000, 0x0000, 0x0000, 0x0000, 0x0000, 0x0000,
  0x0000, 0x0000, 0x0000, 0x0000, 0x0000, 0x0000, 0x0000, 0x0000, 0x0000, 0x0000, 0x0000, 0x0000, 0x0000, 0x0000, 0x0000, 0x0000,
  0x0000, 0x0000, 0x0000, 0x0000, 0x0000, 0x0000, 0x0000, 0xAD33, 0xEDDA, 0xDC57, 0xD395, 0xD3B6, 0xD3B6, 0xDBB6, 0xDBB6, 0xDBB6,
  0xD3B5, 0xECB9, 0xB292, 0xAA10, 0xAA10, 0xD3CA, 0xFDA4, 0xF5C3, 0xF664, 0xF663, 0xF663, 0xF663, 0xF663, 0xFE63, 0xFE64, 0xF663,
  0xF664, 0xF664, 0xF664, 0xFE64, 0xF663, 0xF663, 0xF663, 0xFE63, 0xFE63, 0xF663, 0xF663, 0xF663, 0xF663, 0xFE63, 0xF663, 0xF663,
  0xF663, 0xF663, 0xFE63, 0xFE63, 0xF663, 0xF663, 0xF663, 0xFE63, 0xFE63, 0xFE63, 0xFE63, 0xF663, 0xF663, 0xFE63, 0xF663, 0xFE63,
  0xFE63, 0xF663, 0xFE63, 0xFE63, 0xFE63, 0xFE63, 0xF663, 0xFE63, 0xF663, 0xF663, 0xFE63, 0xF663, 0xF663, 0xF663, 0xF663, 0xF643,
  0xF643, 0xF685, 0xA56E, 0x21AA, 0x2189, 0x31C7, 0x946A, 0x3A07, 0x21A9, 0x6B69, 0x83C9, 0x83C8, 0xB54B, 0xAD0C, 0x5AEA, 0x196A,
  0x21CB, 0x21CB, 0x198B, 0x7C6D, 0xEE85, 0xF641, 0xFE62, 0xF5E2, 0xF5A4, 0xE4AB, 0xCB34, 0xCB54, 0xD3D6, 0xECF9, 0xCB54, 0xCB54,
  0xD354, 0xCB34, 0xD334, 0xCB75, 0x7291, 0x2A2E, 0x43D4, 0x5CD8, 0x6519, 0x6519, 0x64F9, 0x5CB8, 0x3BB4, 0x2A2F, 0x82B1, 0xCB75,
  0xCB34, 0xCB34, 0xCB34, 0xCB34, 0xCB14, 0xCB34, 0xB271, 0xB311, 0xA4D2, 0x0000, 0x0000, 0x0000, 0x0000, 0x0000, 0x0000, 0x0000,
  0x0000, 0x0000, 0x0000, 0x0000, 0x0000, 0x0000, 0x0000, 0x0000, 0x0000, 0x0000, 0x0000, 0x0000, 0x0000, 0x0000, 0x0000, 0x0000,
  0x0000, 0x0000, 0x0000, 0x0000, 0x0000, 0x0000, 0x0000, 0x0000, 0x0000, 0x0000, 0x0000, 0x0000, 0x0000, 0x0000, 0x0000, 0x0000,
  0x0000, 0x0000, 0x0000, 0x0000, 0x0000, 0x0000, 0x0000, 0x0000, 0x0000, 0x0000, 0x0000, 0x0000, 0x0000, 0x0000, 0x0000, 0x0000,
  0x0000, 0x0000, 0x0000, 0x0000, 0x0000, 0x0000, 0x0000, 0x0000, 0x0000, 0x0000, 0x0000, 0x0000, 0x0000, 0x0000, 0x0000, 0x0000,
  0x0000, 0x0000, 0x0000, 0x0000, 0x0000, 0x0000, 0x0000, 0x0000, 0x0000, 0x0000, 0x0000, 0x0000, 0x0000, 0x0000, 0x0000, 0x0000,
  0x0000, 0x0000, 0x0000, 0x0000, 0x0000, 0x0000, 0x0000, 0x0000, 0x0000, 0x0000, 0x0000, 0x0000, 0x0000, 0x0000, 0x0000, 0x0000,
  0x0000, 0x0000, 0x0000, 0x0000, 0x0000, 0x0000, 0x0000, 0xAD33, 0xEDDA, 0xDC57, 0xD395, 0xDBB6, 0xDBB6, 0xDBB6, 0xDBB6, 0xDBB6,
  0xD3B5, 0xECB8, 0xBAB2, 0xAA10, 0xA9F0, 0xC34A, 0xFD84, 0xF5C2, 0xF664, 0xF643, 0xF663, 0xF663, 0xF663, 0xF663, 0xF664, 0xF663,
  0xF663, 0xF664, 0xF663, 0xFE63, 0xF664, 0xF664, 0xFE63, 0xFE63, 0xFE63, 0xF663, 0xFE64, 0xFE63, 0xF663, 0xFE63, 0xF663, 0xFE63,
  0xFE63, 0xF663, 0xF663, 0xFE63, 0xFE63, 0xFE63, 0xFE63, 0xF663, 0xFE63, 0xFE63, 0xFE63, 0xFE63, 0xF663, 0xFE63, 0xFE63, 0xFE63,
  0xFE63, 0xF663, 0xFE63, 0xF663, 0xFE63, 0xFE63, 0xFE63, 0xFE64, 0xF663, 0xF663, 0xF663, 0xF663, 0xFE63, 0xF663, 0xF663, 0xF663,
  0xF643, 0xF685, 0xA56D, 0x21A9, 0x2169, 0x31C6, 0xD64D, 0x8C4A, 0x2984, 0xD62C, 0xB509, 0xBD4A, 0x5AA4, 0x31C5, 0x29C8, 0x21AB,
  0x21AB, 0x29CC, 0x198B, 0x7C6D, 0xEE86, 0xFE42, 0xFE62, 0xF5C2, 0xF584, 0xDC4C, 0xC314, 0xCB34, 0xD3F6, 0xECF9, 0xCB54, 0xD354,
  0xCB34, 0xCB33, 0xCB75, 0x6A91, 0x226F, 0x5CF9, 0x5CF9, 0x4416, 0x3BD5, 0x3BD5, 0x3BF5, 0x4C36, 0x5CD8, 0x54B8, 0x2A90, 0x7AB2,
  0xD375, 0xCB14, 0xCB34, 0xCB14, 0xCB14, 0xCB34, 0xB250, 0xB2F1, 0xA4B3, 0x0000, 0x0000, 0x0000, 0x0000, 0x0000, 0x0000, 0x0000,
  0x0000, 0x0000, 0x0000, 0x0000, 0x0000, 0x0000, 0x0000, 0x0000, 0x0000, 0x0000, 0x0000, 0x0000, 0x0000, 0x0000, 0x0000, 0x0000,
  0x0000, 0x0000, 0x0000, 0x0000, 0x0000, 0x0000, 0x0000, 0x0000, 0x0000, 0x0000, 0x0000, 0x0000, 0x0000, 0x0000, 0x0000, 0x0000,
  0x0000, 0x0000, 0x0000, 0x0000, 0x0000, 0x0000, 0x0000, 0x0000, 0x0000, 0x0000, 0x0000, 0x0000, 0x0000, 0x0000, 0x0000, 0x0000,
  0x0000, 0x0000, 0x0000, 0x0000, 0x0000, 0x0000, 0x0000, 0x0000, 0x0000, 0x0000, 0x0000, 0x0000, 0x0000, 0x0000, 0x0000, 0x0000,
  0x0000, 0x0000, 0x0000, 0x0000, 0x0000, 0x0000, 0x0000, 0x0000, 0x0000, 0x0000, 0x0000, 0x0000, 0x0000, 0x0000, 0x0000, 0x0000,
  0x0000, 0x0000, 0x0000, 0x0000, 0x0000, 0x0000, 0x0000, 0x0000, 0x0000, 0x0000, 0x0000, 0x0000, 0x0000, 0x0000, 0x0000, 0x0000,
  0x0000, 0x0000, 0x0000, 0x0000, 0x0000, 0x0000, 0x0000, 0xAD13, 0xEDDA, 0xDC57, 0xD395, 0xDBB6, 0xDBB6, 0xD3B6, 0xDBB6, 0xDBB6,
  0xD3B6, 0xECB9, 0xBAB2, 0xA9F0, 0xAA10, 0xBAEB, 0xFD85, 0xF5A2, 0xFE64, 0xF663, 0xF663, 0xF664, 0xF664, 0xF664, 0xFE64, 0xF664,
  0xFE63, 0xFE63, 0xF663, 0xFE63, 0xFE64, 0xF664, 0xFE63, 0xFE64, 0xFE64, 0xFE64, 0xFE64, 0xFE64, 0xFE63, 0xFE64, 0xFE63, 0xFE63,
  0xFE63, 0xFE63, 0xFE63, 0xFE63, 0xFE63, 0xFE63, 0xFE63, 0xFE63, 0xFE63, 0xFE63, 0xFE63, 0xFE63, 0xF663, 0xFE63, 0xFE63, 0xFE63,
  0xFE63, 0xF663, 0xFE63, 0xFE63, 0xF663, 0xF663, 0xF663, 0xFE63, 0xFE63, 0xFE63, 0xFE63, 0xF663, 0xFE63, 0xF663, 0xF663, 0xF663,
  0xF643, 0xF6A5, 0xA58E, 0x21CA, 0x2169, 0x4227, 0x9C8A, 0x8C48, 0xB54B, 0x9448, 0x9427, 0x9C89, 0xAD0B, 0x946C, 0x4248, 0x1969,
  0x21CA, 0x21AA, 0x198A, 0x7C6E, 0xEE86, 0xFE61, 0xFE62, 0xF5A2, 0xF584, 0xD3ED, 0xC314, 0xCB14, 0xD3F6, 0xECF9, 0xCB34, 0xCB54,
  0xCB54, 0xD375, 0x9313, 0x2A6F, 0x653A, 0x5497, 0x3394, 0x3BB5, 0x3BD5, 0x3BD5, 0x3BF6, 0x3BF5, 0x3BF5, 0x4C36, 0x3BB5, 0x29EE,
  0xAB13, 0xD334, 0xCB13, 0xCB14, 0xCB13, 0xCB34, 0xB251, 0xB2F1, 0xA4D2, 0x0000, 0x0000, 0x0000, 0x0000, 0x0000, 0x0000, 0x0000,
  0x0000, 0x0000, 0x0000, 0x0000, 0x0000, 0x0000, 0x0000, 0x0000, 0x0000, 0x0000, 0x0000, 0x0000, 0x0000, 0x0000, 0x0000, 0x0000,
  0x0000, 0x0000, 0x0000, 0x0000, 0x0000, 0x0000, 0x0000, 0x0000, 0x0000, 0x0000, 0x0000, 0x0000, 0x0000, 0x0000, 0x0000, 0x0000,
  0x0000, 0x0000, 0x0000, 0x0000, 0x0000, 0x0000, 0x0000, 0x0000, 0x0000, 0x0000, 0x0000, 0x0000, 0x0000, 0x0000, 0x0000, 0x0000,
  0x0000, 0x0000, 0x0000, 0x0000, 0x0000, 0x0000, 0x0000, 0x0000, 0x0000, 0x0000, 0x0000, 0x0000, 0x0000, 0x0000, 0x0000, 0x0000,
  0x0000, 0x0000, 0x0000, 0x0000, 0x0000, 0x0000, 0x0000, 0x0000, 0x0000, 0x0000, 0x0000, 0x0000, 0x0000, 0x0000, 0x0000, 0x0000,
  0x0000, 0x0000, 0x0000, 0x0000, 0x0000, 0x0000, 0x0000, 0x0000, 0x0000, 0x0000, 0x0000, 0x0000, 0x0000, 0x0000, 0x0000, 0x0000,
  0x0000, 0x0000, 0x0000, 0x0000, 0x0000, 0x0000, 0x0000, 0xAD13, 0xEDBA, 0xDC36, 0xD395, 0xD3B6, 0xD3B5, 0xD3B6, 0xD395, 0xDBB5,
  0xD395, 0xEC98, 0xBAD2, 0xA9D0, 0xB211, 0xB28C, 0xF546, 0xF5A2, 0xFE44, 0xF664, 0xF664, 0xF664, 0xF663, 0xF663, 0xFE64, 0xF664,
  0xF664, 0xF664, 0xFE64, 0xF664, 0xF663, 0xF664, 0xF664, 0xF663, 0xFE64, 0xF663, 0xFE63, 0xFE63, 0xF663, 0xF663, 0xF663, 0xF663,
  0xF663, 0xF663, 0xFE63, 0xFE63, 0xFE63, 0xFE63, 0xFE63, 0xFE63, 0xF663, 0xFE63, 0xFE63, 0xF663, 0xFE63, 0xFE63, 0xF663, 0xFE63,
  0xFE63, 0xFE63, 0xFE63, 0xF663, 0xFE63, 0xF663, 0xF663, 0xF663, 0xF663, 0xF663, 0xFE63, 0xF663, 0xF663, 0xF643, 0xF643, 0xF663,
  0xF643, 0xF6A5, 0xA58E, 0x21EA, 0x218A, 0x4228, 0x9C8B, 0x3A05, 0x7BEA, 0x4A64, 0x94AA, 0x2144, 0x29A6, 0x6306, 0x9CCC, 0x634A,
  0x5AE9, 0x6BAB, 0x3A4A, 0x744D, 0xF6A6, 0xFE41, 0xFE42, 0xF5A1, 0xF564, 0xD3AF, 0xC314, 0xC2F4, 0xD3F6, 0xECF9, 0xC333, 0xCB54,
  0xCB54, 0xCBB5, 0x4A6F, 0x5477, 0x5CD8, 0x33B4, 0x3BD5, 0x3BD5, 0x3BD5, 0x3BF5, 0x3BF5, 0x3BF5, 0x43F6, 0x3354, 0x2B33, 0x1A71,
  0x5A2F, 0xCB34, 0xCB13, 0xCB13, 0xCB13, 0xCB34, 0xB250, 0xB2F1, 0xA4D2, 0x0000, 0x0000, 0x0000, 0x0000, 0x0000, 0x0000, 0x0000,
  0x0000, 0x0000, 0x0000, 0x0000, 0x0000, 0x0000, 0x0000, 0x0000, 0x0000, 0x0000, 0x0000, 0x0000, 0x0000, 0x0000, 0x0000, 0x0000,
  0x0000, 0x0000, 0x0000, 0x0000, 0x0000, 0x0000, 0x0000, 0x0000, 0x0000, 0x0000, 0x0000, 0x0000, 0x0000, 0x0000, 0x0000, 0x0000,
  0x0000, 0x0000, 0x0000, 0x0000, 0x0000, 0x0000, 0x0000, 0x0000, 0x0000, 0x0000, 0x0000, 0x0000, 0x0000, 0x0000, 0x0000, 0x0000,
  0x0000, 0x0000, 0x0000, 0x0000, 0x0000, 0x0000, 0x0000, 0x0000, 0x0000, 0x0000, 0x0000, 0x0000, 0x0000, 0x0000, 0x0000, 0x0000,
  0x0000, 0x0000, 0x0000, 0x0000, 0x0000, 0x0000, 0x0000, 0x0000, 0x0000, 0x0000, 0x0000, 0x0000, 0x0000, 0x0000, 0x0000, 0x0000,
  0x0000, 0x0000, 0x0000, 0x0000, 0x0000, 0x0000, 0x0000, 0x0000, 0x0000, 0x0000, 0x0000, 0x0000, 0x0000, 0x0000, 0x0000, 0x0000,
  0x0000, 0x0000, 0x0000, 0x0000, 0x0000, 0x0000, 0x0000, 0xAD33, 0xEDB9, 0xDC36, 0xD395, 0xDBB6, 0xDBB6, 0xDBB6, 0xDBB6, 0xDBB6,
  0xD395, 0xEC98, 0xBAD3, 0xA9F0, 0xB231, 0xB24D, 0xED06, 0xF5C2, 0xF644, 0xFE84, 0xFE64, 0xFE64, 0xF663, 0xF664, 0xF664, 0xF664,
  0xF664, 0xF664, 0xFE64, 0xFE64, 0xF664, 0xFE64, 0xFE64, 0xF664, 0xFE64, 0xFE64, 0xFE64, 0xFE64, 0xFE64, 0xFE64, 0xFE63, 0xFE63,
  0xFE63, 0xFE63, 0xFE63, 0xFE83, 0xFE63, 0xFE63, 0xFE63, 0xFE63, 0xFE63, 0xFE63, 0xFE63, 0xF663, 0xFE63, 0xFE63, 0xFE63, 0xFE83,
  0xFE63, 0xFE83, 0xFE83, 0xF663, 0xFE83, 0xFE63, 0xF663, 0xFE63, 0xFE63, 0xFE63, 0xF663, 0xF663, 0xFE63, 0xF663, 0xFE63, 0xFE63,
  0xF663, 0xFEA5, 0xA58E, 0x21EA, 0x218A, 0x4228, 0xA50E, 0x2167, 0x1107, 0x52C8, 0x9CEC, 0x3A06, 0x52C8, 0x8C29, 0x8C49, 0x7369,
  0x83EB, 0x8C4B, 0x532B, 0x742D, 0xF6A7, 0xFE61, 0xFE42, 0xF581, 0xF545, 0xCB70, 0xCB15, 0xC2F4, 0xD3D6, 0xE4B8, 0xC313, 0xCB34,
  0xD374, 0xA333, 0x3AD1, 0x6D39, 0x43F5, 0x3BF5, 0x3BF5, 0x3BF5, 0x3BD5, 0x3BF5, 0x3BD5, 0x43F5, 0x3BB5, 0x2B33, 0x2B33, 0x22D2,
  0x31EE, 0xAAF2, 0xD334, 0xCB13, 0xCB14, 0xCB34, 0xB251, 0xB2D1, 0xA4B2, 0x0000, 0x0000, 0x0000, 0x0000, 0x0000, 0x0000, 0x0000,
  0x0000, 0x0000, 0x0000, 0x0000, 0x0000, 0x0000, 0x0000, 0x0000, 0x0000, 0x0000, 0x0000, 0x0000, 0x0000, 0x0000, 0x0000, 0x0000,
  0x0000, 0x0000, 0x0000, 0x0000, 0x0000, 0x0000, 0x0000, 0x0000, 0x0000, 0x0000, 0x0000, 0x0000, 0x0000, 0x0000, 0x0000, 0x0000,
  0x0000, 0x0000, 0x0000, 0x0000, 0x0000, 0x0000, 0x0000, 0x0000, 0x0000, 0x0000, 0x0000, 0x0000, 0x0000, 0x0000, 0x0000, 0x0000,
  0x0000, 0x0000, 0x0000, 0x0000, 0x0000, 0x0000, 0x0000, 0x0000, 0x0000, 0x0000, 0x0000, 0x0000, 0x0000, 0x0000, 0x0000, 0x0000,
  0x0000, 0x0000, 0x0000, 0x0000, 0x0000, 0x0000, 0x0000, 0x0000, 0x0000, 0x0000, 0x0000, 0x0000, 0x0000, 0x0000, 0x0000, 0x0000,
  0x0000, 0x0000, 0x0000, 0x0000, 0x0000, 0x0000, 0x0000, 0x0000, 0x0000, 0x0000, 0x0000, 0x0000, 0x0000, 0x0000, 0x0000, 0x0000,
  0x0000, 0x0000, 0x0000, 0x0000, 0x0000, 0x0000, 0x0000, 0xAD33, 0xEDB9, 0xDC36, 0xD395, 0xD3B5, 0xD3B6, 0xD3B5, 0xD395, 0xD3B5,
  0xD395, 0xEC98, 0xC2F3, 0xA9F0, 0xB231, 0xAA2E, 0xE4C8, 0xFDC3, 0xF623, 0xFE84, 0xFE64, 0xFE63, 0xF663, 0xF664, 0xF664, 0xF663,
  0xF663, 0xF663, 0xF663, 0xFE64, 0xF663, 0xFE64, 0xF663, 0xF663, 0xFE63, 0xFE63, 0xFE63, 0xF663, 0xF663, 0xFE63, 0xF663, 0xF663,
  0xFE63, 0xF663, 0xFE63, 0xFE63, 0xFE63, 0xFE63, 0xF663, 0xFE63, 0xFE63, 0xF663, 0xFE63, 0xF663, 0xF663, 0xF663, 0xF663, 0xFE63,
  0xF663, 0xF663, 0xFE63, 0xF663, 0xF663, 0xF663, 0xF663, 0xFE63, 0xF663, 0xF663, 0xF663, 0xF663, 0xF663, 0xF663, 0xF663, 0xFE64,
  0xF643, 0xFEA5, 0xA58E, 0x21EA, 0x21AA, 0x31E9, 0x632B, 0x29A9, 0x21AA, 0x3A29, 0x52C9, 0x5AE8, 0x8C4B, 0x7BCA, 0x31C7, 0x4ACB,
  0x52EA, 0x52EA, 0x2A09, 0x746E, 0xF6A7, 0xFE41, 0xFE42, 0xF581, 0xED06, 0xCB51, 0xCB15, 0xC2F4, 0xD3F6, 0xE4B8, 0xCAF3, 0xCB34,
  0xD375, 0x82B1, 0x4373, 0x64D8, 0x3BD5, 0x3BF6, 0x3BF5, 0x3BF5, 0x3BF5, 0x3BF5, 0x3BF5, 0x3BD5, 0x3334, 0x2B33, 0x2B33, 0x2AF3,
  0x220E, 0x8A70, 0xD334, 0xCB14, 0xCB14, 0xCB34, 0xB250, 0xAAD1, 0xA4B3, 0x0000, 0x0000, 0x0000, 0x0000, 0x0000, 0x0000, 0x0000,
  0x0000, 0x0000, 0x0000, 0x0000, 0x0000, 0x0000, 0x0000, 0x0000, 0x0000, 0x0000, 0x0000, 0x0000, 0x0000, 0x0000, 0x0000, 0x0000,
  0x0000, 0x0000, 0x0000, 0x0000, 0x0000, 0x0000, 0x0000, 0x0000, 0x0000, 0x0000, 0x0000, 0x0000, 0x0000, 0x0000, 0x0000, 0x0000,
  0x0000, 0x0000, 0x0000, 0x0000, 0x0000, 0x0000, 0x0000, 0x0000, 0x0000, 0x0000, 0x0000, 0x0000, 0x0000, 0x0000, 0x0000, 0x0000,
  0x0000, 0x0000, 0x0000, 0x0000, 0x0000, 0x0000, 0x0000, 0x0000, 0x0000, 0x0000, 0x0000, 0x0000, 0x0000, 0x0000, 0x0000, 0x0000,
  0x0000, 0x0000, 0x0000, 0x0000, 0x0000, 0x0000, 0x0000, 0x0000, 0x0000, 0x0000, 0x0000, 0x0000, 0x0000, 0x0000, 0x0000, 0x0000,
  0x0000, 0x0000, 0x0000, 0x0000, 0x0000, 0x0000, 0x0000, 0x0000, 0x0000, 0x0000, 0x0000, 0x0000, 0x0000, 0x0000, 0x0000, 0x0000,
  0x0000, 0x0000, 0x0000, 0x0000, 0x0000, 0x0000, 0x0000, 0xAD33, 0xED99, 0xDC36, 0xD395, 0xD395, 0xD395, 0xD395, 0xD395, 0xD3B6,
  0xD395, 0xEC98, 0xC333, 0xA9F0, 0xB231, 0xAA0F, 0xDC4A, 0xFDE4, 0xF603, 0xFE84, 0xFE83, 0xFE63, 0xF663, 0xF663, 0xFE63, 0xFE63,
  0xF663, 0xF664, 0xF664, 0xF663, 0xF663, 0xF664, 0xFE64, 0xFE63, 0xFE63, 0xFE63, 0xFE63, 0xFE63, 0xFE63, 0xFE64, 0xFE63, 0xF663,
  0xFE63, 0xF663, 0xFE63, 0xFE63, 0xF663, 0xFE63, 0xF663, 0xF663, 0xFE63, 0xFE63, 0xFE63, 0xFE63, 0xFE63, 0xFE63, 0xF663, 0xFE63,
  0xF663, 0xFE63, 0xFE63, 0xFE63, 0xF663, 0xF663, 0xF663, 0xF663, 0xF663, 0xF663, 0xF663, 0xF643, 0xF663, 0xF663, 0xF663, 0xF663,
  0xF643, 0xF6A5, 0xA56E, 0x21CA, 0x21AA, 0x21AA, 0x1128, 0x1969, 0x218A, 0x2189, 0x1128, 0x1128, 0x1928, 0x1969, 0x21AB, 0x198A,
  0x198A, 0x21AB, 0x198B, 0x746F, 0xF6A6, 0xFE61, 0xFE22, 0xF582, 0xECE8, 0xCB32, 0xCB35, 0xC2F3, 0xDC16, 0xE498, 0xC2D3, 0xCAF3,
  0xD334, 0x6A4F, 0x4393, 0x5CB8, 0x3BD5, 0x3BF5, 0x3BF5, 0x3BF5, 0x3BF5, 0x3BF6, 0x43F6, 0x3354, 0x2B33, 0x2B33, 0x3333, 0x2B13,
  0x222F, 0x7A2F, 0xCAF3, 0xCB14, 0xCAF3, 0xCB14, 0xB230, 0xAAD1, 0xA4D2, 0x0000, 0x0000, 0x0000, 0x0000, 0x0000, 0x0000, 0x0000,
  0x0000, 0x0000, 0x0000, 0x0000, 0x0000, 0x0000, 0x0000, 0x0000, 0x0000, 0x0000, 0x0000, 0x0000, 0x0000, 0x0000, 0x0000, 0x0000,
  0x0000, 0x0000, 0x0000, 0x0000, 0x0000, 0x0000, 0x0000, 0x0000, 0x0000, 0x0000, 0x0000, 0x0000, 0x0000, 0x0000, 0x0000, 0x0000,
  0x0000, 0x0000, 0x0000, 0x0000, 0x0000, 0x0000, 0x0000, 0x0000, 0x0000, 0x0000, 0x0000, 0x0000, 0x0000, 0x0000, 0x0000, 0x0000,
  0x0000, 0x0000, 0x0000, 0x0000, 0x0000, 0x0000, 0x0000, 0x0000, 0x0000, 0x0000, 0x0000, 0x0000, 0x0000, 0x0000, 0x0000, 0x0000,
  0x0000, 0x0000, 0x0000, 0x0000, 0x0000, 0x0000, 0x0000, 0x0000, 0x0000, 0x0000, 0x0000, 0x0000, 0x0000, 0x0000, 0x0000, 0x0000,
  0x0000, 0x0000, 0x0000, 0x0000, 0x0000, 0x0000, 0x0000, 0x0000, 0x0000, 0x0000, 0x0000, 0x0000, 0x0000, 0x0000, 0x0000, 0x0000,
  0x0000, 0x0000, 0x0000, 0x0000, 0x0000, 0x0000, 0x0000, 0xAD33, 0xED99, 0xDC36, 0xD395, 0xD395, 0xD395, 0xD3B5, 0xD3B6, 0xD395,
  0xD395, 0xE498, 0xC354, 0xAA10, 0xBA51, 0xB210, 0xCBCB, 0xFDE5, 0xF5E3, 0xFE84, 0xFE84, 0xFE64, 0xF664, 0xFE63, 0xF663, 0xF663,
  0xFE64, 0xFE64, 0xFE64, 0xFE64, 0xFE63, 0xFE64, 0xFE64, 0xFE64, 0xFE64, 0xF663, 0xFE64, 0xFE63, 0xFE63, 0xFE64, 0xF663, 0xFE63,
  0xFE83, 0xFE63, 0xFE63, 0xFE63, 0xFE83, 0xFE83, 0xFE63, 0xFE63, 0xFE63, 0xFE63, 0xFE63, 0xFE63, 0xF663, 0xFE63, 0xFE63, 0xFE83,
  0xF663, 0xFE63, 0xFE63, 0xF663, 0xFE63, 0xFE63, 0xF663, 0xFE63, 0xFE63, 0xF663, 0xF663, 0xF663, 0xF663, 0xF663, 0xF663, 0xF663,
  0xF663, 0xF6A5, 0xA56D, 0x21CA, 0x218A, 0x29A9, 0x5AC8, 0x6307, 0x3A08, 0x29C9, 0x6308, 0x6308, 0x3A09, 0x39CB, 0x622D, 0x520D,
  0x29CB, 0x29EC, 0x19AC, 0x744F, 0xF6A6, 0xFE61, 0xFE02, 0xF5A2, 0xE4CA, 0xCB53, 0xCB55, 0xC2F3, 0xDC16, 0xE477, 0xC2D3, 0xCAF3,
  0xD334, 0x7250, 0x3B73, 0x5497, 0x3BB4, 0x3BF5, 0x3BF5, 0x43F6, 0x4416, 0x3BD5, 0x3374, 0x2B34, 0x3354, 0x3354, 0x3354, 0x2313,
  0x222F, 0x7A0E, 0xCAD3, 0xCB13, 0xC2F3, 0xCB14, 0xB230, 0xB2D1, 0xA4D2, 0x0000, 0x0000, 0x0000, 0x0000, 0x0000, 0x0000, 0x0000,
  0x0000, 0x0000, 0x0000, 0x0000, 0x0000, 0x0000, 0x0000, 0x0000, 0x0000, 0x0000, 0x0000, 0x0000, 0x0000, 0x0000, 0x0000, 0x0000,
  0x0000, 0x0000, 0x0000, 0x0000, 0x0000, 0x0000, 0x0000, 0x0000, 0x0000, 0x0000, 0x0000, 0x0000, 0x0000, 0x0000, 0x0000, 0x0000,
  0x0000, 0x0000, 0x0000, 0x0000, 0x0000, 0x0000, 0x0000, 0x0000, 0x0000, 0x0000, 0x0000, 0x0000, 0x0000, 0x0000, 0x0000, 0x0000,
  0x0000, 0x0000, 0x0000, 0x0000, 0x0000, 0x0000, 0x0000, 0x0000, 0x0000, 0x0000, 0x0000, 0x0000, 0x0000, 0x0000, 0x0000, 0x0000,
  0x0000, 0x0000, 0x0000, 0x0000, 0x0000, 0x0000, 0x0000, 0x0000, 0x0000, 0x0000, 0x0000, 0x0000, 0x0000, 0x0000, 0x0000, 0x0000,
  0x0000, 0x0000, 0x0000, 0x0000, 0x0000, 0x0000, 0x0000, 0x0000, 0x0000, 0x0000, 0x0000, 0x0000, 0x0000, 0x0000, 0x0000, 0x0000,
  0x0000, 0x0000, 0x0000, 0x0000, 0x0000, 0x0000, 0x0000, 0xAD33, 0xED99, 0xD416, 0xD395, 0xD395, 0xD395, 0xD3B5, 0xD3B6, 0xD395,
  0xD395, 0xE477, 0xCB94, 0xB210, 0xB251, 0xB211, 0xC32C, 0xFDA6, 0xF5A2, 0xFE64, 0xFE63, 0xFE63, 0xF663, 0xF663, 0xF663, 0xF663,
  0xF663, 0xF663, 0xFE63, 0xFE64, 0xF663, 0xF663, 0xFE64, 0xF663, 0xF663, 0xF663, 0xFE63, 0xFE64, 0xF663, 0xFE63, 0xF663, 0xFE63,
  0xFE63, 0xF663, 0xFE63, 0xFE63, 0xF663, 0xFE63, 0xF663, 0xF663, 0xF663, 0xF663, 0xFE63, 0xFE63, 0xFE63, 0xFE63, 0xFE63, 0xFE63,
  0xF663, 0xF663, 0xFE63, 0xF663, 0xFE63, 0xFE63, 0xF663, 0xFE63, 0xF663, 0xF663, 0xF663, 0xF663, 0xF663, 0xF663, 0xF663, 0xF663,
  0xF643, 0xF6A5, 0x9D2C, 0x1989, 0x218A, 0x29A7, 0xD62D, 0xFF8E, 0x944C, 0x4A88, 0xF70F, 0xFF4E, 0x6328, 0x5A0C, 0xEC58, 0xCBF5,
  0x39AA, 0x21CB, 0x198A, 0x744D, 0xF6A6, 0xFE62, 0xF5C2, 0xF5A3, 0xDC6C, 0xCB34, 0xCB75, 0xC314, 0xDC57, 0xE457, 0xC2D3, 0xCAF3,
  0xD334, 0x8A91, 0x32F1, 0x5497, 0x3BB4, 0x43F5, 0x3BF5, 0x3BD5, 0x3394, 0x2B33, 0x2B34, 0x3354, 0x3354, 0x3354, 0x2B34, 0x22F2,
  0x2A0E, 0x922F, 0xCAD3, 0xCB14, 0xCAF3, 0xCB14, 0xB230, 0xAAD1, 0xA4D2, 0x0000, 0x0000, 0x0000, 0x0000, 0x0000, 0x0000, 0x0000,
  0x0000, 0x0000, 0x0000, 0x0000, 0x0000, 0x0000, 0x0000, 0x0000, 0x0000, 0x0000, 0x0000, 0x0000, 0x0000, 0x0000, 0x0000, 0x0000,
  0x0000, 0x0000, 0x0000, 0x0000, 0x0000, 0x0000, 0x0000, 0x0000, 0x0000, 0x0000, 0x0000, 0x0000, 0x0000, 0x0000, 0x0000, 0x0000,
  0x0000, 0x0000, 0x0000, 0x0000, 0x0000, 0x0000, 0x0000, 0x0000, 0x0000, 0x0000, 0x0000, 0x0000, 0x0000, 0x0000, 0x0000, 0x0000,
  0x0000, 0x0000, 0x0000, 0x0000, 0x0000, 0x0000, 0x0000, 0x0000, 0x0000, 0x0000, 0x0000, 0x0000, 0x0000, 0x0000, 0x0000, 0x0000,
  0x0000, 0x0000, 0x0000, 0x0000, 0x0000, 0x0000, 0x0000, 0x0000, 0x0000, 0x0000, 0x0000, 0x0000, 0x0000, 0x0000, 0x0000, 0x0000,
  0x0000, 0x0000, 0x0000, 0x0000, 0x0000, 0x0000, 0x0000, 0x0000, 0x0000, 0x0000, 0x0000, 0x0000, 0x0000, 0x0000, 0x0000, 0x0000,
  0x0000, 0x0000, 0x0000, 0x0000, 0x0000, 0x0000, 0x0000, 0xAD33, 0xED99, 0xD416, 0xD375, 0xD395, 0xD395, 0xD3B5, 0xD3B6, 0xD3B6,
  0xD395, 0xE477, 0xCBB5, 0xB210, 0xBA51, 0xB231, 0xB28D, 0xF548, 0xF582, 0xF603, 0xFE84, 0xF663, 0xF663, 0xF663, 0xF663, 0xF663,
  0xF663, 0xFE63, 0xFE63, 0xFE64, 0xF684, 0xFE83, 0xFE64, 0xFE64, 0xFE84, 0xFE84, 0xFE63, 0xFE83, 0xFE83, 0xFE83, 0xFE64, 0xFE63,
  0xFE84, 0xFE83, 0xFE63, 0xFE84, 0xFE83, 0xFE63, 0xF663, 0xFE83, 0xFE63, 0xFE63, 0xFE63, 0xFE63, 0xFE63, 0xFE63, 0xFE63, 0xFE63,
  0xFE63, 0xFE63, 0xFE63, 0xFE63, 0xFE63, 0xFE63, 0xFE63, 0xFE83, 0xF663, 0xFE64, 0xFE64, 0xF663, 0xFE63, 0xF663, 0xF663, 0xF663,
  0xF643, 0xFE84, 0xB5AB, 0x220A, 0x1108, 0x1148, 0x3A28, 0x52A8, 0x3209, 0x2189, 0x4AA8, 0x52C8, 0x21A8, 0x2949, 0x51CC, 0x49AB,
  0x1949, 0x1149, 0x19EB, 0x950D, 0xF684, 0xFE22, 0xF582, 0xF585, 0xD3CE, 0xCB35, 0xCB75, 0xC334, 0xDC98, 0xDC77, 0xC2F3, 0xCB14,
  0xD314, 0xAAF3, 0x322F, 0x4C77, 0x3B94, 0x3374, 0x3354, 0x2B33, 0x2B33, 0x2B33, 0x2B34, 0x2B34, 0x2B34, 0x3354, 0x2B13, 0x22B1,
  0x49EE, 0xAA50, 0xCAF3, 0xCB14, 0xCAF3, 0xCB14, 0xB230, 0xAAD1, 0xA4D2, 0x0000, 0x0000, 0x0000, 0x0000, 0x0000, 0x0000, 0x0000,
  0x0000, 0x0000, 0x0000, 0x0000, 0x0000, 0x0000, 0x0000, 0x0000, 0x0000, 0x0000, 0x0000, 0x0000, 0x0000, 0x0000, 0x0000, 0x0000,
  0x0000, 0x0000, 0x0000, 0x0000, 0x0000, 0x0000, 0x0000, 0x0000, 0x0000, 0x0000, 0x0000, 0x0000, 0x0000, 0x0000, 0x0000, 0x0000,
  0x0000, 0x0000, 0x0000, 0x0000, 0x0000, 0x0000, 0x0000, 0x0000, 0x0000, 0x0000, 0x0000, 0x0000, 0x0000, 0x0000, 0x0000, 0x0000,
  0x0000, 0x0000, 0x0000, 0x0000, 0x0000, 0x0000, 0x0000, 0x0000, 0x0000, 0x0000, 0x0000, 0x0000, 0x0000, 0x0000, 0x0000, 0x0000,
  0x0000, 0x0000, 0x0000, 0x0000, 0x0000, 0x0000, 0x0000, 0x0000, 0x0000, 0x0000, 0x0000, 0x0000, 0x0000, 0x0000, 0x0000, 0x0000,
  0x0000, 0x0000, 0x0000, 0x0000, 0x0000, 0x0000, 0x0000, 0x0000, 0x0000, 0x0000, 0x0000, 0x0000, 0x0000, 0x0000, 0x0000, 0x0000,
  0x0000, 0x0000, 0x0000, 0x0000, 0x0000, 0x0000, 0x0000, 0xAD33, 0xED99, 0xD416, 0xD395, 0xD395, 0xD3B6, 0xD3B6, 0xD3B5, 0xD3B6,
  0xD395, 0xE457, 0xD3B5, 0xB210, 0xBA51, 0xBA51, 0xAA0F, 0xDC2A, 0xFDC4, 0xED62, 0xF623, 0xFE83, 0xF663, 0xF663, 0xF663, 0xF663,
  0xFE63, 0xFE63, 0xFE63, 0xFE64, 0xF663, 0xFE63, 0xFE64, 0xFE63, 0xFE84, 0xFE63, 0xFE63, 0xFE63, 0xF663, 0xFE83, 0xFE63, 0xFE63,
  0xFE63, 0xF663, 0xFE63, 0xFE63, 0xF663, 0xFE63, 0xF663, 0xFE63, 0xFE64, 0xF663, 0xFE63, 0xF663, 0xFE63, 0xFE63, 0xF663, 0xFE63,
  0xF663, 0xF663, 0xFE63, 0xF663, 0xF663, 0xFE63, 0xF663, 0xFE63, 0xF663, 0xF683, 0xFE84, 0xF663, 0xF663, 0xF663, 0xF663, 0xF663,
  0xF643, 0xF663, 0xEE87, 0x9D2C, 0x63AB, 0x63AC, 0x63AD, 0x63AD, 0x6BEE, 0x6C0E, 0x63CE, 0x63CD, 0x6C0E, 0x6C0D, 0x63CC, 0x63CC,
  0x6BEC, 0x6BEC, 0x8CCD, 0xDE48, 0xFE42, 0xF581, 0xF582, 0xED08, 0xC351, 0xCB55, 0xCB54, 0xC334, 0xE4D8, 0xDC77, 0xCB13, 0xD334,
  0xD334, 0xD355, 0x624F, 0x2AD1, 0x2B13, 0x2AF3, 0x2B33, 0x2B33, 0x2B33, 0x2B33, 0x2B34, 0x3354, 0x3354, 0x2B13, 0x22F3, 0x222F,
  0x7A2F, 0xBA91, 0xCB34, 0xCB14, 0xCB14, 0xCB34, 0xB230, 0xAAB1, 0xA4D2, 0x0000, 0x0000, 0x0000, 0x0000, 0x0000, 0x0000, 0x0000,
  0x0000, 0x0000, 0x0000, 0x0000, 0x0000, 0x0000, 0x0000, 0x0000, 0x0000, 0x0000, 0x0000, 0x0000, 0x0000, 0x0000, 0x0000, 0x0000,
  0x0000, 0x0000, 0x0000, 0x0000, 0x0000, 0x0000, 0x0000, 0x0000, 0x0000, 0x0000, 0x0000, 0x0000, 0x0000, 0x0000, 0x0000, 0x0000,
  0x0000, 0x0000, 0x0000, 0x0000, 0x0000, 0x0000, 0x0000, 0x0000, 0x0000, 0x0000, 0x0000, 0x0000, 0x0000, 0x0000, 0x0000, 0x0000,
  0x0000, 0x0000, 0x0000, 0x0000, 0x0000, 0x0000, 0x0000, 0x0000, 0x0000, 0x0000, 0x0000, 0x0000, 0x0000, 0x0000, 0x0000, 0x0000,
  0x0000, 0x0000, 0x0000, 0x0000, 0x0000, 0x0000, 0x0000, 0x0000, 0x0000, 0x0000, 0x0000, 0x0000, 0x0000, 0x0000, 0x0000, 0x0000,
  0x0000, 0x0000, 0x0000, 0x0000, 0x0000, 0x0000, 0x0000, 0x0000, 0x0000, 0x0000, 0x0000, 0x0000, 0x0000, 0x0000, 0x0000, 0x0000,
  0x0000, 0x0000, 0x0000, 0x0000, 0x0000, 0x0000, 0x0000, 0xAD33, 0xED79, 0xD416, 0xD395, 0xD395, 0xD3B5, 0xD3B5, 0xD3B5, 0xD3B6,
  0xD3B5, 0xDC57, 0xD3D5, 0xAA10, 0xB251, 0xB231, 0xB211, 0xB26C, 0xF507, 0xF582, 0xF581, 0xFE03, 0xFE63, 0xFE84, 0xFE84, 0xF683,
  0xFE83, 0xF663, 0xF663, 0xF663, 0xF663, 0xFE63, 0xFE63, 0xF663, 0xFE83, 0xFE63, 0xF663, 0xFE83, 0xF663, 0xFE63, 0xFE63, 0xFE63,
  0xFE63, 0xFE63, 0xFE63, 0xF663, 0xF663, 0xFE63, 0xF663, 0xFE63, 0xF663, 0xFE63, 0xFE63, 0xF663, 0xF663, 0xF663, 0xF663, 0xFE63,
  0xF663, 0xF663, 0xFE63, 0xF663, 0xF663, 0xFE63, 0xFE63, 0xFE84, 0xF663, 0xF663, 0xFE63, 0xFE64, 0xFE64, 0xF663, 0xF663, 0xF663,
  0xF663, 0xF663, 0xF643, 0xF685, 0xF6A7, 0xEE88, 0xEEA8, 0xEEA8, 0xEEA8, 0xEEA8, 0xEEC8, 0xF6C8, 0xEEA8, 0xEEC8, 0xF6C8, 0xF6C7,
  0xF6A7, 0xF6C7, 0xF685, 0xFE23, 0xF581, 0xF561, 0xF564, 0xD3AD, 0xC314, 0xCB55, 0xCB55, 0xC334, 0xE4D8, 0xDC57, 0xC313, 0xCB34,
  0xCB14, 0xD354, 0xB2F3, 0x31CD, 0x1A90, 0x2B13, 0x2B13, 0x2B33, 0x3333, 0x2B33, 0x2B33, 0x2B33, 0x2AF3, 0x22F2, 0x1A4F, 0x522F,
  0xA250, 0xC2F3, 0xCB34, 0xCB14, 0xCAF3, 0xCB34, 0xB230, 0xAAD1, 0xA4D2, 0x0000, 0x0000, 0x0000, 0x0000, 0x0000, 0x0000, 0x0000,
  0x0000, 0x0000, 0x0000, 0x0000, 0x0000, 0x0000, 0x0000, 0x0000, 0x0000, 0x0000, 0x0000, 0x0000, 0x0000, 0x0000, 0x0000, 0x0000,
  0x0000, 0x0000, 0x0000, 0x0000, 0x0000, 0x0000, 0x0000, 0x0000, 0x0000, 0x0000, 0x0000, 0x0000, 0x0000, 0x0000, 0x0000, 0x0000,
  0x0000, 0x0000, 0x0000, 0x0000, 0x0000, 0x0000, 0x0000, 0x0000, 0x0000, 0x0000, 0x0000, 0x0000, 0x0000, 0x0000, 0x0000, 0x0000,
  0x0000, 0x0000, 0x0000, 0x0000, 0x0000, 0x0000, 0x0000, 0x0000, 0x0000, 0x0000, 0x0000, 0x0000, 0x0000, 0x0000, 0x0000, 0x0000,
  0x0000, 0x0000, 0x0000, 0x0000, 0x0000, 0x0000, 0x0000, 0x0000, 0x0000, 0x0000, 0x0000, 0x0000, 0x0000, 0x0000, 0x0000, 0x0000,
  0x0000, 0x0000, 0x0000, 0x0000, 0x0000, 0x0000, 0x0000, 0x0000, 0x0000, 0x0000, 0x0000, 0x0000, 0x0000, 0x0000, 0x0000, 0x0000,
  0x0000, 0x0000, 0x0000, 0x0000, 0x0000, 0x0000, 0x0000, 0xAD33, 0xED99, 0xD416, 0xD395, 0xD395, 0xD395, 0xD3B5, 0xD3B6, 0xD3B5,
  0xD395, 0xDC37, 0xD3F6, 0xAA10, 0xB231, 0xB231, 0xB231, 0xA9F0, 0xC30B, 0xF566, 0xF5A2, 0xED81, 0xF5C2, 0xF603, 0xF643, 0xF643,
  0xFE63, 0xFE84, 0xFE84, 0xFE84, 0xFE84, 0xFE84, 0xFE84, 0xFE84, 0xFE83, 0xF683, 0xFE83, 0xFE83, 0xF683, 0xF663, 0xF663, 0xFE63,
  0xFE63, 0xFE63, 0xF663, 0xF663, 0xF663, 0xFE63, 0xFE63, 0xFE63, 0xF663, 0xF663, 0xFE63, 0xFE63, 0xFE63, 0xF663, 0xFE63, 0xFE63,
  0xFE63, 0xFE63, 0xFE63, 0xF663, 0xFE63, 0xFE63, 0xF663, 0xFE83, 0xFE63, 0xFE63, 0xFE63, 0xF663, 0xFE84, 0xF663, 0xF663, 0xF663,
  0xF663, 0xF663, 0xF663, 0xF663, 0xF663, 0xF663, 0xFE63, 0xF663, 0xFE83, 0xFE63, 0xFE63, 0xFE63, 0xFE83, 0xFE83, 0xFE63, 0xFE43,
  0xF622, 0xF602, 0xF5C2, 0xED81, 0xF561, 0xF564, 0xDC4C, 0xC2F2, 0xCB34, 0xCB34, 0xCB55, 0xC334, 0xE4F9, 0xDC57, 0xC313, 0xCB34,
  0xCB34, 0xCB34, 0xD354, 0x9271, 0x31EE, 0x1A70, 0x22D2, 0x22F3, 0x2B13, 0x2B13, 0x2AF3, 0x22D2, 0x1AB1, 0x1A2E, 0x4A0E, 0x9A50,
  0xB291, 0xCB34, 0xCB14, 0xCB13, 0xCB13, 0xCB34, 0xB230, 0xAAB0, 0xA4D2, 0x0000, 0x0000, 0x0000, 0x0000, 0x0000, 0x0000, 0x0000,
  0x0000, 0x0000, 0x0000, 0x0000, 0x0000, 0x0000, 0x0000, 0x0000, 0x0000, 0x0000, 0x0000, 0x0000, 0x0000, 0x0000, 0x0000, 0x0000,
  0x0000, 0x0000, 0x0000, 0x0000, 0x0000, 0x0000, 0x0000, 0x0000, 0x0000, 0x0000, 0x0000, 0x0000, 0x0000, 0x0000, 0x0000, 0x0000,
  0x0000, 0x0000, 0x0000, 0x0000, 0x0000, 0x0000, 0x0000, 0x0000, 0x0000, 0x0000, 0x0000, 0x0000, 0x0000, 0x0000, 0x0000, 0x0000,
  0x0000, 0x0000, 0x0000, 0x0000, 0x0000, 0x0000, 0x0000, 0x0000, 0x0000, 0x0000, 0x0000, 0x0000, 0x0000, 0x0000, 0x0000, 0x0000,
  0x0000, 0x0000, 0x0000, 0x0000, 0x0000, 0x0000, 0x0000, 0x0000, 0x0000, 0x0000, 0x0000, 0x0000, 0x0000, 0x0000, 0x0000, 0x0000,
  0x0000, 0x0000, 0x0000, 0x0000, 0x0000, 0x0000, 0x0000, 0x0000, 0x0000, 0x0000, 0x0000, 0x0000, 0x0000, 0x0000, 0x0000, 0x0000,
  0x0000, 0x0000, 0x0000, 0x0000, 0x0000, 0x0000, 0x0000, 0xAD33, 0xED79, 0xD416, 0xD395, 0xD3B5, 0xD3B5, 0xD395, 0xD3B6, 0xD395,
  0xD375, 0xDBF6, 0xDBF6, 0xA9F0, 0xB231, 0xB231, 0xB210, 0xBA72, 0xC2F3, 0xCB4E, 0xECC8, 0xF585, 0xF5A3, 0xF5A2, 0xF5A2, 0xF5A2,
  0xF5A2, 0xF5C2, 0xF5C2, 0xF5E3, 0xF5E3, 0xF603, 0xF623, 0xF623, 0xFE44, 0xF644, 0xFE64, 0xFE63, 0xF663, 0xFE64, 0xFE63, 0xFE63,
  0xFE64, 0xF664, 0xFE63, 0xFE63, 0xF663, 0xF663, 0xF663, 0xF663, 0xFE63, 0xF663, 0xF663, 0xF663, 0xF663, 0xFE63, 0xF663, 0xFE63,
  0xF663, 0xF663, 0xF663, 0xF663, 0xF663, 0xF663, 0xF663, 0xFE63, 0xF663, 0xF664, 0xF664, 0xF663, 0xFE63, 0xF663, 0xF664, 0xFE64,
  0xF663, 0xFE64, 0xF663, 0xF663, 0xF663, 0xF643, 0xF643, 0xF623, 0xF623, 0xF603, 0xF5E2, 0xF5E2, 0xF5C2, 0xF5C2, 0xF5A2, 0xF5A2,
  0xF582, 0xF5A2, 0xF582, 0xF583, 0xED07, 0xDC4F, 0xDC15, 0xD3B5, 0xCB14, 0xCB34, 0xCB55, 0xC334, 0xE519, 0xD436, 0xCB13, 0xCB34,
  0xCB34, 0xCB34, 0xD354, 0xCB14, 0x9250, 0x5A0E, 0x2A0E, 0x1A4F, 0x1A70, 0x1A70, 0x1A4F, 0x1A0E, 0x29ED, 0x622F, 0x9A50, 0xB230,
  0xCB13, 0xCB34, 0xCB34, 0xCB33, 0xCB14, 0xCB34, 0xB250, 0xAAB0, 0xA4D3, 0x0000, 0x0000, 0x0000, 0x0000, 0x0000, 0x0000, 0x0000,
  0x0000, 0x0000, 0x0000, 0x0000, 0x0000, 0x0000, 0x0000, 0x0000, 0x0000, 0x0000, 0x0000, 0x0000, 0x0000, 0x0000, 0x0000, 0x0000,
  0x0000, 0x0000, 0x0000, 0x0000, 0x0000, 0x0000, 0x0000, 0x0000, 0x0000, 0x0000, 0x0000, 0x0000, 0x0000, 0x0000, 0x0000, 0x0000,
  0x0000, 0x0000, 0x0000, 0x0000, 0x0000, 0x0000, 0x0000, 0x0000, 0x0000, 0x0000, 0x0000, 0x0000, 0x0000, 0x0000, 0x0000, 0x0000,
  0x0000, 0x0000, 0x0000, 0x0000, 0x0000, 0x0000, 0x0000, 0x0000, 0x0000, 0x0000, 0x0000, 0x0000, 0x0000, 0x0000, 0x0000, 0x0000,
  0x0000, 0x0000, 0x0000, 0x0000, 0x0000, 0x0000, 0x0000, 0x0000, 0x0000, 0x0000, 0x0000, 0x0000, 0x0000, 0x0000, 0x0000, 0x0000,
  0x0000, 0x0000, 0x0000, 0x0000, 0x0000, 0x0000, 0x0000, 0x0000, 0x0000, 0x0000, 0x0000, 0x0000, 0x0000, 0x0000, 0x0000, 0x0000,
  0x0000, 0x0000, 0x0000, 0x0000, 0x0000, 0x0000, 0x0000, 0xACF3, 0xE558, 0xD416, 0xD395, 0xD395, 0xD395, 0xD395, 0xD395, 0xD395,
  0xD395, 0xDBD6, 0xDBF6, 0xAA10, 0xB231, 0xB210, 0xBA51, 0xC2F4, 0xC314, 0xC314, 0xC332, 0xD3CE, 0xE46C, 0xE4CA, 0xED08, 0xF547,
  0xF566, 0xF565, 0xF584, 0xF583, 0xF583, 0xF582, 0xF5A2, 0xF582, 0xF5A2, 0xF5A2, 0xF5C3, 0xF5C3, 0xF5E3, 0xF5E3, 0xF603, 0xF623,
  0xFE23, 0xFE24, 0xFE44, 0xFE44, 0xFE44, 0xFE64, 0xFE44, 0xFE64, 0xFE64, 0xFE64, 0xFE64, 0xFE64, 0xFE64, 0xFE64, 0xFE84, 0xFE84,
  0xFE64, 0xFE64, 0xFE84, 0xFE64, 0xFE64, 0xFE84, 0xFE64, 0xFE64, 0xFE64, 0xFE64, 0xFE64, 0xFE44, 0xFE43, 0xFE44, 0xFE44, 0xFE24,
  0xFE23, 0xF603, 0xF603, 0xF5E3, 0xF5E3, 0xF5C2, 0xF5A2, 0xF5A2, 0xF5A1, 0xF582, 0xF582, 0xF583, 0xF584, 0xF565, 0xF566, 0xED47,
  0xED29, 0xED0B, 0xE4CC, 0xDC6F, 0xDC14, 0xDC16, 0xDC37, 0xDC37, 0xD3B5, 0xC314, 0xCB34, 0xC333, 0xE4F9, 0xD3F6, 0xCB13, 0xCB34,
  0xCB14, 0xCB14, 0xCB13, 0xCB14, 0xC2D3, 0xAA50, 0x8A0F, 0x6A0F, 0x5A0E, 0x51EE, 0x59EE, 0x720F, 0x922F, 0xA210, 0xB251, 0xC2F3,
  0xCB14, 0xCB13, 0xCB13, 0xCB13, 0xCB13, 0xCB34, 0xB250, 0xAAB0, 0xA492, 0x0000, 0x0000, 0x0000, 0x0000, 0x0000, 0x0000, 0x0000,
  0x0000, 0x0000, 0x0000, 0x0000, 0x0000, 0x0000, 0x0000, 0x0000, 0x0000, 0x0000, 0x0000, 0x0000, 0x0000, 0x0000, 0x0000, 0x0000,
  0x0000, 0x0000, 0x0000, 0x0000, 0x0000, 0x0000, 0x0000, 0x0000, 0x0000, 0x0000, 0x0000, 0x0000, 0x0000, 0x0000, 0x0000, 0x0000,
  0x0000, 0x0000, 0x0000, 0x0000, 0x0000, 0x0000, 0x0000, 0x0000, 0x0000, 0x0000, 0x0000, 0x0000, 0x0000, 0x0000, 0x0000, 0x0000,
  0x0000, 0x0000, 0x0000, 0x0000, 0x0000, 0x0000, 0x0000, 0x0000, 0x0000, 0x0000, 0x0000, 0x0000, 0x0000, 0x0000, 0x0000, 0x0000,
  0x0000, 0x0000, 0x0000, 0x0000, 0x0000, 0x0000, 0x0000, 0x0000, 0x0000, 0x0000, 0x0000, 0x0000, 0x0000, 0x0000, 0x0000, 0x0000,
  0x0000, 0x0000, 0x0000, 0x0000, 0x0000, 0x0000, 0x0000, 0x0000, 0x0000, 0x0000, 0x0000, 0x0000, 0x0000, 0x0000, 0x0000, 0x0000,
  0x0000, 0x0000, 0x0000, 0x0000, 0x0000, 0x0000, 0x0000, 0xAD33, 0xE558, 0xD3F6, 0xD395, 0xD395, 0xD395, 0xD395, 0xD395, 0xD395,
  0xD375, 0xD3B5, 0xDC16, 0xAA10, 0xB210, 0xBA72, 0xCB14, 0xCB14, 0xC314, 0xCB34, 0xCB34, 0xCB34, 0xC334, 0xC333, 0xCB52, 0xCB71,
  0xD391, 0xD3CF, 0xDC0E, 0xDC4C, 0xE48B, 0xECC9, 0xECE8, 0xED27, 0xF546, 0xF545, 0xF565, 0xF564, 0xF564, 0xF583, 0xF583, 0xF583,
  0xF582, 0xF582, 0xF582, 0xF5A2, 0xF5A2, 0xF5A2, 0xF5A2, 0xF5A2, 0xF5A2, 0xF5A2, 0xF5C2, 0xF5C2, 0xF5C2, 0xF5C2, 0xF5C2, 0xF5C2,
  0xF5C2, 0xF5C2, 0xF5C2, 0xF5C2, 0xF5C2, 0xF5C2, 0xF5C2, 0xF5C1, 0xF5C1, 0xF5C2, 0xF5A2, 0xF5A1, 0xF5A2, 0xF5A2, 0xF5A2, 0xF5A3,
  0xF5A3, 0xF583, 0xF584, 0xF584, 0xF565, 0xF565, 0xF546, 0xF527, 0xED08, 0xECC9, 0xE4AB, 0xE46C, 0xDC4E, 0xDC10, 0xDBF1, 0xD3F3,
  0xD3F4, 0xD3F5, 0xD3F6, 0xDC17, 0xDC17, 0xDC37, 0xDC36, 0xDC37, 0xDC57, 0xD3B5, 0xCB14, 0xC313, 0xE4B8, 0xCB75, 0xCAD3, 0xCAF3,
  0xCAF4, 0xCB14, 0xCAF3, 0xC2F3, 0xCB14, 0xCAF3, 0xBA92, 0xB251, 0xB230, 0xAA10, 0xAA10, 0xAA10, 0xB230, 0xBA92, 0xCAF3, 0xCAF3,
  0xCAF3, 0xCAF3, 0xCB13, 0xCB13, 0xCB13, 0xCB34, 0xB230, 0xAAB0, 0xA4B3, 0x0000, 0x0000, 0x0000, 0x0000, 0x0000, 0x0000, 0x0000,
  0x0000, 0x0000, 0x0000, 0x0000, 0x0000, 0x0000, 0x0000, 0x0000, 0x0000, 0x0000, 0x0000, 0x0000, 0x0000, 0x0000, 0x0000, 0x0000,
  0x0000, 0x0000, 0x0000, 0x0000, 0x0000, 0x0000, 0x0000, 0x0000, 0x0000, 0x0000, 0x0000, 0x0000, 0x0000, 0x0000, 0x0000, 0x0000,
  0x0000, 0x0000, 0x0000, 0x0000, 0x0000, 0x0000, 0x0000, 0x0000, 0x0000, 0x0000, 0x0000, 0x0000, 0x0000, 0x0000, 0x0000, 0x0000,
  0x0000, 0x0000, 0x0000, 0x0000, 0x0000, 0x0000, 0x0000, 0x0000, 0x0000, 0x0000, 0x0000, 0x0000, 0x0000, 0x0000, 0x0000, 0x0000,
  0x0000, 0x0000, 0x0000, 0x0000, 0x0000, 0x0000, 0x0000, 0x0000, 0x0000, 0x0000, 0x0000, 0x0000, 0x0000, 0x0000, 0x0000, 0x0000,
  0x0000, 0x0000, 0x0000, 0x0000, 0x0000, 0x0000, 0x0000, 0x0000, 0x0000, 0x0000, 0x0000, 0x0000, 0x0000, 0x0000, 0x0000, 0x0000,
  0x0000, 0x0000, 0x0000, 0x0000, 0x0000, 0x0000, 0x0000, 0xAD13, 0xE558, 0xD3F6, 0xD375, 0xD395, 0xD375, 0xD395, 0xD395, 0xD375,
  0xD375, 0xD374, 0xE458, 0xB271, 0xBA71, 0xCB34, 0xCB34, 0xCB34, 0xCB34, 0xCB34, 0xCB34, 0xCB34, 0xCB35, 0xCB35, 0xCB35, 0xCB35,
  0xCB34, 0xCB14, 0xC314, 0xC314, 0xC333, 0xCB33, 0xCB52, 0xCB71, 0xCBB0, 0xD3CF, 0xD3EF, 0xDC0E, 0xDC2D, 0xE44C, 0xE48B, 0xE48A,
  0xE4AA, 0xECC9, 0xECE8, 0xED08, 0xF507, 0xF526, 0xF526, 0xF545, 0xF545, 0xF545, 0xF545, 0xF545, 0xF564, 0xFD64, 0xFD64, 0xFD64,
  0xFD64, 0xFD64, 0xF565, 0xF565, 0xF565, 0xF565, 0xF565, 0xF545, 0xF545, 0xF546, 0xF527, 0xF527, 0xF508, 0xECE9, 0xECEA, 0xECCA,
  0xE4AB, 0xE48C, 0xE46D, 0xDC2E, 0xDC0F, 0xD410, 0xD3D1, 0xD3B2, 0xCB93, 0xCB74, 0xCB74, 0xCB75, 0xCB75, 0xD396, 0xD3B6, 0xD3B6,
  0xD3D7, 0xD3F7, 0xDC17, 0xDC17, 0xDC37, 0xDC57, 0xDC57, 0xDC57, 0xDC57, 0xE457, 0xD395, 0xC333, 0xECD9, 0xCB14, 0xCAF4, 0xCB14,
  0xCB14, 0xCB14, 0xCB13, 0xCAF4, 0xCB14, 0xCB14, 0xCB34, 0xCB14, 0xCAF3, 0xCAD3, 0xC2D3, 0xCAF3, 0xCB13, 0xCB14, 0xCAF3, 0xC2F3,
  0xC2F3, 0xCAF3, 0xCAF3, 0xCB13, 0xCB13, 0xCB34, 0xB230, 0xAAB0, 0xA4D3, 0x0000, 0x0000, 0x0000, 0x0000, 0x0000, 0x0000, 0x0000,
  0x0000, 0x0000, 0x0000, 0x0000, 0x0000, 0x0000, 0x0000, 0x0000, 0x0000, 0x0000, 0x0000, 0x0000, 0x0000, 0x0000, 0x0000, 0x0000,
  0x0000, 0x0000, 0x0000, 0x0000, 0x0000, 0x0000, 0x0000, 0x0000, 0x0000, 0x0000, 0x0000, 0x0000, 0x0000, 0x0000, 0x0000, 0x0000,
  0x0000, 0x0000, 0x0000, 0x0000, 0x0000, 0x0000, 0x0000, 0x0000, 0x0000, 0x0000, 0x0000, 0x0000, 0x0000, 0x0000, 0x0000, 0x0000,
  0x0000, 0x0000, 0x0000, 0x0000, 0x0000, 0x0000, 0x0000, 0x0000, 0x0000, 0x0000, 0x0000, 0x0000, 0x0000, 0x0000, 0x0000, 0x0000,
  0x0000, 0x0000, 0x0000, 0x0000, 0x0000, 0x0000, 0x0000, 0x0000, 0x0000, 0x0000, 0x0000, 0x0000, 0x0000, 0x0000, 0x0000, 0x0000,
  0x0000, 0x0000, 0x0000, 0x0000, 0x0000, 0x0000, 0x0000, 0x0000, 0x0000, 0x0000, 0x0000, 0x0000, 0x0000, 0x0000, 0x0000, 0x0000,
  0x0000, 0x0000, 0x0000, 0x0000, 0x0000, 0x0000, 0x0000, 0xACF3, 0xE558, 0xD3F5, 0xD375, 0xD375, 0xD375, 0xD375, 0xD375, 0xD375,
  0xD375, 0xD375, 0xDC17, 0xE477, 0xC333, 0xBB13, 0xC313, 0xC313, 0xC313, 0xC313, 0xC313, 0xC313, 0xC2F3, 0xC2F3, 0xC313, 0xC313,
  0xC313, 0xC313, 0xC314, 0xC314, 0xC314, 0xC314, 0xCB34, 0xCB34, 0xCB34, 0xCB34, 0xCB34, 0xCB34, 0xCB54, 0xCB34, 0xCB54, 0xCB53,
  0xCB53, 0xCB73, 0xCB73, 0xD392, 0xD392, 0xD392, 0xD3B1, 0xD3B1, 0xD3D1, 0xD3D0, 0xDBF0, 0xDBF0, 0xDBF0, 0xDBF0, 0xDBF0, 0xDBF0,
  0xDBEF, 0xDBEF, 0xDBF0, 0xDBF0, 0xDBD0, 0xDBD0, 0xDBD1, 0xD3D1, 0xD3B1, 0xD3B1, 0xD3B2, 0xD3B2, 0xD393, 0xD393, 0xD394, 0xD374,
  0xD374, 0xD375, 0xCB75, 0xCB75, 0xCB75, 0xCB75, 0xCB75, 0xCB75, 0xCB95, 0xCB75, 0xCB75, 0xCB75, 0xCB75, 0xCB75, 0xCB75, 0xCB95,
  0xCBB5, 0xD3B5, 0xD3D5, 0xD3D5, 0xD3F6, 0xD416, 0xD416, 0xD436, 0xD436, 0xD416, 0xDC37, 0xED19, 0xDC17, 0xC2B3, 0xCAF4, 0xCAF4,
  0xCB14, 0xCAF3, 0xCAF4, 0xCB13, 0xCB14, 0xCB13, 0xCB14, 0xCB14, 0xCB14, 0xCB14, 0xCB34, 0xCB14, 0xCB13, 0xCAF3, 0xCAF3, 0xCB13,
  0xCAF3, 0xC2F3, 0xC2F3, 0xCAF3, 0xCAF3, 0xCB14, 0xB230, 0xAAB0, 0xA4D3, 0x0000, 0x0000, 0x0000, 0x0000, 0x0000, 0x0000, 0x0000,
  0x0000, 0x0000, 0x0000, 0x0000, 0x0000, 0x0000, 0x0000, 0x0000, 0x0000, 0x0000, 0x0000, 0x0000, 0x0000, 0x0000, 0x0000, 0x0000,
  0x0000, 0x0000, 0x0000, 0x0000, 0x0000, 0x0000, 0x0000, 0x0000, 0x0000, 0x0000, 0x0000, 0x0000, 0x0000, 0x0000, 0x0000, 0x0000,
  0x0000, 0x0000, 0x0000, 0x0000, 0x0000, 0x0000, 0x0000, 0x0000, 0x0000, 0x0000, 0x0000, 0x0000, 0x0000, 0x0000, 0x0000, 0x0000,
  0x0000, 0x0000, 0x0000, 0x0000, 0x0000, 0x0000, 0x0000, 0x0000, 0x0000, 0x0000, 0x0000, 0x0000, 0x0000, 0x0000, 0x0000, 0x0000,
  0x0000, 0x0000, 0x0000, 0x0000, 0x0000, 0x0000, 0x0000, 0x0000, 0x0000, 0x0000, 0x0000, 0x0000, 0x0000, 0x0000, 0x0000, 0x0000,
  0x0000, 0x0000, 0x0000, 0x0000, 0x0000, 0x0000, 0x0000, 0x0000, 0x0000, 0x0000, 0x0000, 0x0000, 0x0000, 0x0000, 0x0000, 0x0000,
  0x0000, 0x0000, 0x0000, 0x0000, 0x0000, 0x0000, 0x0000, 0xAD13, 0xE558, 0xD3D5, 0xD355, 0xD375, 0xD375, 0xD375, 0xD375, 0xD375,
  0xD395, 0xD395, 0xD395, 0xDC57, 0xECD8, 0xE498, 0xE498, 0xE477, 0xDC77, 0xDC57, 0xDC37, 0xDC16, 0xDC16, 0xD3F6, 0xD3F6, 0xD3D6,
  0xD3B5, 0xD3B5, 0xD3B5, 0xCB95, 0xCB95, 0xCB95, 0xCB95, 0xCB74, 0xCB74, 0xCB75, 0xCB74, 0xCB74, 0xCB74, 0xCB74, 0xCB74, 0xCB54,
  0xCB55, 0xCB54, 0xCB55, 0xCB55, 0xCB55, 0xCB55, 0xCB55, 0xCB55, 0xCB55, 0xCB55, 0xCB55, 0xCB55, 0xCB55, 0xCB55, 0xCB55, 0xCB55,
  0xCB55, 0xCB55, 0xCB55, 0xCB55, 0xCB55, 0xCB55, 0xCB55, 0xCB55, 0xCB55, 0xCB55, 0xCB75, 0xCB75, 0xCB75, 0xCB75, 0xCB75, 0xCB75,
  0xCB75, 0xCB75, 0xCB95, 0xCB95, 0xCBB5, 0xCBB5, 0xCBB5, 0xD3D6, 0xD3F6, 0xD416, 0xD416, 0xD436, 0xD437, 0xDC57, 0xDC78, 0xDC98,
  0xE4B8, 0xE4D8, 0xE4F9, 0xE519, 0xE53A, 0xED5A, 0xED5A, 0xED5A, 0xED5A, 0xED3A, 0xED1A, 0xDC37, 0xC2D3, 0xCAD3, 0xCAF4, 0xCAF4,
  0xCAF4, 0xCB14, 0xCB14, 0xCB13, 0xCB14, 0xCB14, 0xCB14, 0xCB14, 0xCB14, 0xCB13, 0xCB13, 0xCB14, 0xCB14, 0xCB13, 0xCAF3, 0xCB13,
  0xCAF3, 0xCB14, 0xCAF3, 0xCAF3, 0xC2F3, 0xCB14, 0xAA10, 0xAA90, 0xA492, 0x0000, 0x0000, 0x0000, 0x0000, 0x0000, 0x0000, 0x0000,
  0x0000, 0x0000, 0x0000, 0x0000, 0x0000, 0x0000, 0x0000, 0x0000, 0x0000, 0x0000, 0x0000, 0x0000, 0x0000, 0x0000, 0x0000, 0x0000,
  0x0000, 0x0000, 0x0000, 0x0000, 0x0000, 0x0000, 0x0000, 0x0000, 0x0000, 0x0000, 0x0000, 0x0000, 0x0000, 0x0000, 0x0000, 0x0000,
  0x0000, 0x0000, 0x0000, 0x0000, 0x0000, 0x0000, 0x0000, 0x0000, 0x0000, 0x0000, 0x0000, 0x0000, 0x0000, 0x0000, 0x0000, 0x0000,
  0x0000, 0x0000, 0x0000, 0x0000, 0x0000, 0x0000, 0x0000, 0x0000, 0x0000, 0x0000, 0x0000, 0x0000, 0x0000, 0x0000, 0x0000, 0x0000,
  0x0000, 0x0000, 0x0000, 0x0000, 0x0000, 0x0000, 0x0000, 0x0000, 0x0000, 0x0000, 0x0000, 0x0000, 0x0000, 0x0000, 0x0000, 0x0000,
  0x0000, 0x0000, 0x0000, 0x0000, 0x0000, 0x0000, 0x0000, 0x0000, 0x0000, 0x0000, 0x0000, 0x0000, 0x0000, 0x0000, 0x0000, 0x0000,
  0x0000, 0x0000, 0x0000, 0x0000, 0x0000, 0x0000, 0x0000, 0xACF3, 0xE538, 0xD3D5, 0xD355, 0xD375, 0xD375, 0xD375, 0xD375, 0xD375,
  0xD395, 0xD395, 0xD395, 0xD395, 0xD3B5, 0xDC16, 0xDC16, 0xDC16, 0xDC16, 0xDC37, 0xDC37, 0xDC37, 0xDC37, 0xDC57, 0xE457, 0xE457,
  0xE457, 0xE478, 0xE478, 0xE498, 0xE498, 0xE498, 0xEC98, 0xEC98, 0xE498, 0xEC98, 0xEC98, 0xE498, 0xE498, 0xEC98, 0xE4B8, 0xE4B8,
  0xE4B8, 0xE4B8, 0xE498, 0xE498, 0xE498, 0xE498, 0xE498, 0xE498, 0xE498, 0xE498, 0xE498, 0xE498, 0xE498, 0xE498, 0xE498, 0xE498,
  0xE498, 0xE498, 0xE498, 0xE498, 0xE498, 0xE498, 0xE4B8, 0xE4B9, 0xE4B9, 0xE4D9, 0xE4D9, 0xECD9, 0xECD9, 0xECF9, 0xECF9, 0xECF9,
  0xECF9, 0xECF9, 0xED19, 0xED19, 0xED19, 0xED19, 0xED19, 0xED3A, 0xED39, 0xED3A, 0xED19, 0xED19, 0xED19, 0xECF9, 0xE4D8, 0xE4B8,
  0xE4B8, 0xDC98, 0xDC77, 0xDC77, 0xDC57, 0xDC37, 0xD416, 0xD3F6, 0xD3D5, 0xCBB5, 0xC334, 0xC2D3, 0xCAF4, 0xCAF3, 0xCAF4, 0xCAF3,
  0xCB13, 0xCAF3, 0xCAF4, 0xCB14, 0xCAF3, 0xCAF3, 0xCAF3, 0xCB13, 0xCB13, 0xCB14, 0xCB14, 0xCB13, 0xCAF3, 0xCAF3, 0xCAF3, 0xCAF4,
  0xCAF4, 0xCAF4, 0xCAF3, 0xCAF4, 0xCAF3, 0xCB14, 0xAA10, 0xAA90, 0xA493, 0x0000, 0x0000, 0x0000, 0x0000, 0x0000, 0x0000, 0x0000,
  0x0000, 0x0000, 0x0000, 0x0000, 0x0000, 0x0000, 0x0000, 0x0000, 0x0000, 0x0000, 0x0000, 0x0000, 0x0000, 0x0000, 0x0000, 0x0000,
  0x0000, 0x0000, 0x0000, 0x0000, 0x0000, 0x0000, 0x0000, 0x0000, 0x0000, 0x0000, 0x0000, 0x0000, 0x0000, 0x0000, 0x0000, 0x0000,
  0x0000, 0x0000, 0x0000, 0x0000, 0x0000, 0x0000, 0x0000, 0x0000, 0x0000, 0x0000, 0x0000, 0x0000, 0x0000, 0x0000, 0x0000, 0x0000,
  0x0000, 0x0000, 0x0000, 0x0000, 0x0000, 0x0000, 0x0000, 0x0000, 0x0000, 0x0000, 0x0000, 0x0000, 0x0000, 0x0000, 0x0000, 0x0000,
  0x0000, 0x0000, 0x0000, 0x0000, 0x0000, 0x0000, 0x0000, 0x0000, 0x0000, 0x0000, 0x0000, 0x0000, 0x0000, 0x0000, 0x0000, 0x0000,
  0x0000, 0x0000, 0x0000, 0x0000, 0x0000, 0x0000, 0x0000, 0x0000, 0x0000, 0x0000, 0x0000, 0x0000, 0x0000, 0x0000, 0x0000, 0x0000,
  0x0000, 0x0000, 0x0000, 0x0000, 0x0000, 0x0000, 0x0000, 0xACF3, 0xE538, 0xD3B5, 0xD355, 0xD375, 0xD375, 0xD375, 0xD375, 0xD375,
  0xD395, 0xD395, 0xD395, 0xD395, 0xD375, 0xD375, 0xD375, 0xD374, 0xD374, 0xD375, 0xD355, 0xD374, 0xCB54, 0xCB54, 0xCB54, 0xCB54,
  0xCB54, 0xCB54, 0xCB54, 0xCB74, 0xCB54, 0xCB75, 0xCB75, 0xCB74, 0xCB74, 0xCB75, 0xD375, 0xD395, 0xD394, 0xD3B5, 0xD395, 0xD3B5,
  0xD3B5, 0xD3D6, 0xD3D5, 0xD3D5, 0xD3D5, 0xD3F6, 0xDBF6, 0xDBF6, 0xDBF6, 0xDBF6, 0xDC16, 0xDC16, 0xDC16, 0xDC16, 0xDC16, 0xDC16,
  0xDC16, 0xDC16, 0xDC16, 0xDBF6, 0xDBF6, 0xDBF6, 0xDBF6, 0xDBF6, 0xDBF6, 0xDBF6, 0xDBF6, 0xDBF6, 0xD3D6, 0xD3D5, 0xD3B5, 0xD395,
  0xD395, 0xD395, 0xCB75, 0xCB74, 0xCB54, 0xCB54, 0xCB54, 0xCB34, 0xCB34, 0xCB34, 0xC313, 0xCB13, 0xC313, 0xC2F3, 0xC2F3, 0xC2F3,
  0xC2D3, 0xC2D3, 0xC2D3, 0xC2D3, 0xC2D3, 0xC2D3, 0xC2D3, 0xC2F3, 0xCAF3, 0xCAF3, 0xCB14, 0xCB34, 0xCB14, 0xCB14, 0xCAF4, 0xCAF4,
  0xCB13, 0xCAF3, 0xCAF3, 0xCAF3, 0xCAF3, 0xCAF3, 0xCAF3, 0xCAF3, 0xCB13, 0xCB13, 0xCB13, 0xCAF3, 0xCAF3, 0xCB13, 0xCB13, 0xCB14,
  0xCB14, 0xCAF3, 0xCAF3, 0xCAF3, 0xCAF3, 0xCB14, 0xAA10, 0xAA90, 0xA492, 0x0000, 0x0000, 0x0000, 0x0000, 0x0000, 0x0000, 0x0000,
  0x0000, 0x0000, 0x0000, 0x0000, 0x0000, 0x0000, 0x0000, 0x0000, 0x0000, 0x0000, 0x0000, 0x0000, 0x0000, 0x0000, 0x0000, 0x0000,
  0x0000, 0x0000, 0x0000, 0x0000, 0x0000, 0x0000, 0x0000, 0x0000, 0x0000, 0x0000, 0x0000, 0x0000, 0x0000, 0x0000, 0x0000, 0x0000,
  0x0000, 0x0000, 0x0000, 0x0000, 0x0000, 0x0000, 0x0000, 0x0000, 0x0000, 0x0000, 0x0000, 0x0000, 0x0000, 0x0000, 0x0000, 0x0000,
  0x0000, 0x0000, 0x0000, 0x0000, 0x0000, 0x0000, 0x0000, 0x0000, 0x0000, 0x0000, 0x0000, 0x0000, 0x0000, 0x0000, 0x0000, 0x0000,
  0x0000, 0x0000, 0x0000, 0x0000, 0x0000, 0x0000, 0x0000, 0x0000, 0x0000, 0x0000, 0x0000, 0x0000, 0x0000, 0x0000, 0x0000, 0x0000,
  0x0000, 0x0000, 0x0000, 0x0000, 0x0000, 0x0000, 0x0000, 0x0000, 0x0000, 0x0000, 0x0000, 0x0000, 0x0000, 0x0000, 0x0000, 0x0000,
  0x0000, 0x0000, 0x0000, 0x0000, 0x0000, 0x0000, 0x0000, 0xACD3, 0xE538, 0xD3B5, 0xD354, 0xD355, 0xD375, 0xD375, 0xD375, 0xD395,
  0xD395, 0xD395, 0xD395, 0xD395, 0xD395, 0xD395, 0xD395, 0xD395, 0xD395, 0xD375, 0xD375, 0xD395, 0xD375, 0xD375, 0xD375, 0xD375,
  0xD375, 0xD375, 0xD374, 0xD374, 0xD375, 0xD375, 0xCB74, 0xCB54, 0xCB54, 0xD354, 0xD354, 0xCB54, 0xCB54, 0xCB34, 0xCB34, 0xCB34,
  0xCB33, 0xCB33, 0xCB33, 0xCB33, 0xCB13, 0xCB33, 0xCB33, 0xCB13, 0xCB13, 0xCB13, 0xCB13, 0xCB13, 0xCB13, 0xCB13, 0xCB13, 0xCB13,
  0xCAF3, 0xCAF3, 0xCAF3, 0xCB13, 0xCB13, 0xCB14, 0xCB13, 0xCB13, 0xCB13, 0xCB13, 0xCB13, 0xCB13, 0xCB13, 0xCB13, 0xCB13, 0xCAF3,
  0xCAF3, 0xCAF3, 0xCAF3, 0xCB13, 0xCB14, 0xCB13, 0xCB13, 0xCB14, 0xCB14, 0xCB14, 0xCB14, 0xCB14, 0xCB14, 0xCB14, 0xCB14, 0xCB14,
  0xCB14, 0xCB14, 0xCB14, 0xCB14, 0xCB14, 0xCB14, 0xCB14, 0xCB14, 0xCB14, 0xCB14, 0xCB14, 0xCB14, 0xCAF3, 0xCAF3, 0xCB14, 0xCAF3,
  0xCAF3, 0xCB13, 0xCAF4, 0xCAF3, 0xCAF3, 0xCAF3, 0xCB14, 0xCB14, 0xCB13, 0xCB14, 0xCB13, 0xCAF4, 0xCB14, 0xCB14, 0xCB14, 0xCB14,
  0xCB14, 0xCB14, 0xCB13, 0xCAF4, 0xCAF3, 0xCB14, 0xA9F0, 0xAA90, 0xA492, 0x0000, 0x0000, 0x0000, 0x0000, 0x0000, 0x0000, 0x0000,
  0x0000, 0x0000, 0x0000, 0x0000, 0x0000, 0x0000, 0x0000, 0x0000, 0x0000, 0x0000, 0x0000, 0x0000, 0x0000, 0x0000, 0x0000, 0x0000,
  0x0000, 0x0000, 0x0000, 0x0000, 0x0000, 0x0000, 0x0000, 0x0000, 0x0000, 0x0000, 0x0000, 0x0000, 0x0000, 0x0000, 0x0000, 0x0000,
  0x0000, 0x0000, 0x0000, 0x0000, 0x0000, 0x0000, 0x0000, 0x0000, 0x0000, 0x0000, 0x0000, 0x0000, 0x0000, 0x0000, 0x0000, 0x0000,
  0x0000, 0x0000, 0x0000, 0x0000, 0x0000, 0x0000, 0x0000, 0x0000, 0x0000, 0x0000, 0x0000, 0x0000, 0x0000, 0x0000, 0x0000, 0x0000,
  0x0000, 0x0000, 0x0000, 0x0000, 0x0000, 0x0000, 0x0000, 0x0000, 0x0000, 0x0000, 0x0000, 0x0000, 0x0000, 0x0000, 0x0000, 0x0000,
  0x0000, 0x0000, 0x0000, 0x0000, 0x0000, 0x0000, 0x0000, 0x0000, 0x0000, 0x0000, 0x0000, 0x0000, 0x0000, 0x0000, 0x0000, 0x0000,
  0x0000, 0x0000, 0x0000, 0x0000, 0x0000, 0x0000, 0x0020, 0xBD75, 0xE518, 0xD3B5, 0xD374, 0xD375, 0xD375, 0xD375, 0xD375, 0xD375,
  0xD395, 0xD395, 0xD395, 0xD395, 0xD375, 0xD375, 0xD375, 0xD375, 0xD375, 0xD375, 0xD375, 0xD375, 0xD375, 0xD375, 0xD375, 0xD375,
  0xD375, 0xD375, 0xD374, 0xD374, 0xD375, 0xD374, 0xD374, 0xCB74, 0xD374, 0xD375, 0xCB54, 0xCB54, 0xCB34, 0xC313, 0xC313, 0xBAF2,
  0xBB13, 0xB2B1, 0xB2D1, 0xBAF2, 0xB2D1, 0xBAF2, 0xBAD2, 0xB2D1, 0xBAD1, 0xB2B1, 0xB2B1, 0xBAF2, 0xB290, 0xB2B1, 0xB2B1, 0xB291,
  0xBAD2, 0xB2B1, 0xB291, 0xBAD1, 0xBAD1, 0xB291, 0xBAD2, 0xB291, 0xBAD2, 0xBAD2, 0xB291, 0xBAB2, 0xBAB1, 0xBAB1, 0xBAF2, 0xBAB2,
  0xC2F2, 0xC312, 0xC313, 0xCB33, 0xC2F2, 0xCB34, 0xCB14, 0xCB14, 0xCB14, 0xCB14, 0xCB14, 0xCB14, 0xCB14, 0xCB14, 0xCB14, 0xCB14,
  0xCB14, 0xCAF4, 0xCAF3, 0xCB14, 0xCB13, 0xCAF3, 0xCB13, 0xCAF3, 0xCAF3, 0xCB14, 0xCAF4, 0xCB13, 0xCAF3, 0xC2F3, 0xCAF3, 0xCAF3,
  0xCAF3, 0xCAF3, 0xCAF3, 0xCAF3, 0xCAF3, 0xCAF3, 0xCAF3, 0xCAF3, 0xCAF3, 0xCAF3, 0xC2F3, 0xCAF3, 0xCAF3, 0xCAF3, 0xCAF3, 0xCAF3,
  0xCB13, 0xCB13, 0xCAF3, 0xCB14, 0xCAF4, 0xCB14, 0xAA10, 0xAA90, 0xA493, 0x0000, 0x0000, 0x0000, 0x0000, 0x0000, 0x0000, 0x0000,
  0x0000, 0x0000, 0x0000, 0x0000, 0x0000, 0x0000, 0x0000, 0x0000, 0x0000, 0x0000, 0x0000, 0x0000, 0x0000, 0x0000, 0x0000, 0x0000,
  0x0000, 0x0000, 0x0000, 0x0000, 0x0000, 0x0000, 0x0000, 0x0000, 0x0000, 0x0000, 0x0000, 0x0000, 0x0000, 0x0000, 0x0000, 0x0000,
  0x0000, 0x0000, 0x0000, 0x0000, 0x0000, 0x0000, 0x0000, 0x0000, 0x0000, 0x0000, 0x0000, 0x0000, 0x0000, 0x0000, 0x0000, 0x0000,
  0x0000, 0x0000, 0x0000, 0x0000, 0x0000, 0x0000, 0x0000, 0x0000, 0x0000, 0x0000, 0x0000, 0x0000, 0x0000, 0x0000, 0x0000, 0x0000,
  0x0000, 0x0000, 0x0000, 0x0000, 0x0000, 0x0000, 0x0000, 0x0000, 0x0000, 0x0000, 0x0000, 0x0000, 0x0000, 0x0000, 0x0000, 0x0000,
  0x0000, 0x0000, 0x0000, 0x0000, 0x0000, 0x0000, 0x0000, 0x0000, 0x0000, 0x0000, 0x0000, 0x0000, 0x0000, 0x0000, 0x0000, 0x0000,
  0x0000, 0x0000, 0x0000, 0x0000, 0x0000, 0x0000, 0x0000, 0xB534, 0xE538, 0xD3D5, 0xCB75, 0xD375, 0xD395, 0xD395, 0xD375, 0xD395,
  0xD395, 0xD395, 0xD395, 0xD375, 0xD395, 0xD395, 0xD375, 0xD395, 0xD375, 0xD375, 0xD375, 0xD375, 0xD375, 0xD375, 0xD375, 0xD375,
  0xD395, 0xD375, 0xD375, 0xD374, 0xD374, 0xD375, 0xD374, 0xD374, 0xD375, 0xCB74, 0xD374, 0xCB34, 0xCB54, 0xC333, 0xC312, 0xBB13,
  0xBAF2, 0xBAF2, 0xBAF2, 0xBAF2, 0xBAF2, 0xB2D1, 0xBAD1, 0xBAF2, 0xB2D1, 0xBAD2, 0xBAD2, 0xB2B1, 0xB2D1, 0xB2D1, 0xBAD1, 0xBAD2,
  0xB2D1, 0xB2D1, 0xBAD2, 0xBAD1, 0xBAD2, 0xBAD2, 0xB2B1, 0xBAD2, 0xB2B1, 0xB2B1, 0xBAD2, 0xB2B1, 0xBAB1, 0xB2B1, 0xBAD1, 0xC2F2,
  0xBAD2, 0xC312, 0xC312, 0xC312, 0xCB33, 0xCB13, 0xCB14, 0xCB14, 0xCB14, 0xCB14, 0xCB14, 0xCB14, 0xCB14, 0xCB14, 0xCB14, 0xCB14,
  0xCB13, 0xCB14, 0xCB14, 0xCB14, 0xCB14, 0xCB14, 0xCB14, 0xCB14, 0xCB14, 0xCB14, 0xCB14, 0xCB14, 0xCB13, 0xCB14, 0xCB14, 0xCB14,
  0xCB14, 0xCAF3, 0xCAF4, 0xCAF3, 0xCAF4, 0xCAF3, 0xCAF3, 0xCAF3, 0xCAF3, 0xCAF3, 0xCAF4, 0xCAF4, 0xCB14, 0xCB14, 0xCB14, 0xCB14,
  0xCB14, 0xCB14, 0xCB13, 0xCB14, 0xCAF3, 0xCB14, 0xB230, 0xAA90, 0xB515, 0x0020, 0x0000, 0x0000, 0x0000, 0x0000, 0x0000, 0x0000,
  0x0000, 0x0000, 0x0000, 0x0000, 0x0000, 0x0000, 0x0000, 0x0000, 0x0000, 0x0000, 0x0000, 0x0000, 0x0000, 0x0000, 0x0000, 0x0000,
  0x0000, 0x0000, 0x0000, 0x0000, 0x0000, 0x0000, 0x0000, 0x0000, 0x0000, 0x0000, 0x0000, 0x0000, 0x0000, 0x0000, 0x0000, 0x0000,
  0x0000, 0x0000, 0x0000, 0x0000, 0x0000, 0x0000, 0x0000, 0x0000, 0x0000, 0x0000, 0x0000, 0x0000, 0x0000, 0x0000, 0x0000, 0x0000,
  0x0000, 0x0000, 0x0000, 0x0000, 0x0000, 0x0000, 0x0000, 0x0000, 0x0000, 0x0000, 0x0000, 0x0000, 0x0000, 0x0000, 0x0000, 0x0000,
  0x0000, 0x0000, 0x0000, 0x0000, 0x0000, 0x0000, 0x0000, 0x0000, 0x0000, 0x0000, 0x0000, 0x0000, 0x0000, 0x0000, 0x0000, 0x0000,
  0x0000, 0x0000, 0x0000, 0x0000, 0x0000, 0x0000, 0x0000, 0x0000, 0x0000, 0x0000, 0x0000, 0x0000, 0x0000, 0x0000, 0x0000, 0x0000,
  0x0000, 0x0000, 0x0000, 0x0000, 0x0000, 0x0000, 0x0000, 0xAD12, 0xE538, 0xD3D5, 0xD375, 0xD375, 0xD395, 0xD375, 0xD375, 0xD375,
  0xD375, 0xD375, 0xD375, 0xD375, 0xD375, 0xD375, 0xD375, 0xD395, 0xD375, 0xD375, 0xD375, 0xD375, 0xD375, 0xD375, 0xD375, 0xD375,
  0xD375, 0xD375, 0xD375, 0xD375, 0xD374, 0xD375, 0xD375, 0xD375, 0xCB54, 0xCB54, 0xCB34, 0xCB33, 0xCB53, 0xC333, 0xBB12, 0xC333,
  0xBB12, 0xC312, 0xBB12, 0xBAF2, 0xBAF2, 0xBAD2, 0xBAD2, 0xBAD2, 0xB2D1, 0xBAF2, 0xBAD1, 0xB2D1, 0xBAF2, 0xBAD2, 0xBAD2, 0xBAF2,
  0xBAD1, 0xBAD1, 0xBAD2, 0xBAD1, 0xBAD1, 0xBAD2, 0xB2B1, 0xBAB1, 0xBAB2, 0xBAD1, 0xBAD2, 0xB2B1, 0xBAD1, 0xBAD2, 0xBAD2, 0xC2F2,
  0xC2F2, 0xC312, 0xC312, 0xC312, 0xC313, 0xC313, 0xCB13, 0xCB14, 0xCB14, 0xCB14, 0xCB14, 0xCB14, 0xCB14, 0xCB14, 0xCB13, 0xCB14,
  0xCB14, 0xCB14, 0xCB14, 0xCB14, 0xCB14, 0xCB14, 0xCAF3, 0xCB14, 0xCAF4, 0xCB14, 0xCB14, 0xCB14, 0xCB13, 0xCB14, 0xCB14, 0xCB14,
  0xCB14, 0xCAF4, 0xCAF4, 0xCB14, 0xCAF4, 0xCAF3, 0xCB13, 0xCAF3, 0xCAF3, 0xCAF3, 0xCAF3, 0xCAF3, 0xCB14, 0xCAF4, 0xCAF4, 0xCAF4,
  0xCB14, 0xCB14, 0xCB13, 0xCB14, 0xCB14, 0xD354, 0xAA10, 0xAAB0, 0xA492, 0x0000, 0x0000, 0x0000, 0x0000, 0x0000, 0x0000, 0x0000,
  0x0000, 0x0000, 0x0000, 0x0000, 0x0000, 0x0000, 0x0000, 0x0000, 0x0000, 0x0000, 0x0000, 0x0000, 0x0000, 0x0000, 0x0000, 0x0000,
  0x0000, 0x0000, 0x0000, 0x0000, 0x0000, 0x0000, 0x0000, 0x0000, 0x0000, 0x0000, 0x0000, 0x0000, 0x0000, 0x0000, 0x0000, 0x0000,
  0x0000, 0x0000, 0x0000, 0x0000, 0x0000, 0x0000, 0x0000, 0x0000, 0x0000, 0x0000, 0x0000, 0x0000, 0x0000, 0x0000, 0x0000, 0x0000,
  0x0000, 0x0000, 0x0000, 0x0000, 0x0000, 0x0000, 0x0000, 0x0000, 0x0000, 0x0000, 0x0000, 0x0000, 0x0000, 0x0000, 0x0000, 0x0000,
  0x0000, 0x0000, 0x0000, 0x0000, 0x0000, 0x0000, 0x0000, 0x0000, 0x0000, 0x0000, 0x0000, 0x0000, 0x0000, 0x0000, 0x0000, 0x0000,
  0x0000, 0x0000, 0x0000, 0x0000, 0x0000, 0x0000, 0x0000, 0x0000, 0x0000, 0x0000, 0x0000, 0x0000, 0x0000, 0x0000, 0x0000, 0x0000,
  0x0000, 0x0000, 0x0000, 0x0000, 0x0000, 0x0000, 0x0000, 0xB595, 0xE599, 0xD3D5, 0xD395, 0xD375, 0xD395, 0xD395, 0xD375, 0xD375,
  0xD375, 0xD375, 0xD375, 0xD375, 0xD375, 0xD375, 0xD375, 0xD375, 0xD375, 0xD375, 0xD375, 0xD375, 0xD375, 0xD375, 0xD375, 0xD375,
  0xD375, 0xD375, 0xD375, 0xD374, 0xD374, 0xD375, 0xD374, 0xD375, 0xC313, 0xCB54, 0xC313, 0xCB54, 0xC333, 0xBB12, 0xBB12, 0xBAF2,
  0xC353, 0xBAF2, 0xBAF2, 0xBB12, 0xB2D1, 0xBAF2, 0xBAD1, 0xB2D1, 0xBAF2, 0xBAD1, 0xBAD1, 0xC312, 0xB2B1, 0xBAF2, 0xBAF2, 0xB2D1,
  0xC2F2, 0xBAD1, 0xB2B1, 0xBAF2, 0xBAD2, 0xBAB1, 0xBAD2, 0xB291, 0xBAB1, 0xBAD2, 0xB291, 0xBAD2, 0xBAB1, 0xBAD1, 0xC2F2, 0xBAB1,
  0xC332, 0xC312, 0xC312, 0xCB33, 0xC2F2, 0xC313, 0xC2F2, 0xCB14, 0xCB14, 0xCB14, 0xCB14, 0xCB14, 0xCB14, 0xCB14, 0xCB14, 0xCB14,
  0xCAF4, 0xCAF3, 0xCAF4, 0xCAF3, 0xCB13, 0xCAF3, 0xCAF3, 0xCAF4, 0xCAF4, 0xCB14, 0xCB14, 0xCAF3, 0xCAF3, 0xCAF3, 0xCAF3, 0xCAF3,
  0xCAF3, 0xCAF3, 0xCAF3, 0xCAF3, 0xCAF3, 0xCAF3, 0xCAF3, 0xCAF3, 0xCAF3, 0xCAF3, 0xCAF3, 0xCAF3, 0xC2F3, 0xC2F3, 0xCAF3, 0xCAF3,
  0xCAF3, 0xCB13, 0xCB13, 0xCB13, 0xCB34, 0xCB13, 0xA18E, 0xBB73, 0xB574, 0x0000, 0x0000, 0x0000, 0x0000, 0x0000, 0x0000, 0x0000,
  0x0000, 0x0000, 0x0000, 0x0000, 0x0000, 0x0000, 0x0000, 0x0000, 0x0000, 0x0000, 0x0000, 0x0000, 0x0000, 0x0000, 0x0000, 0x0000,
  0x0000, 0x0000, 0x0000, 0x0000, 0x0000, 0x0000, 0x0000, 0x0000, 0x0000, 0x0000, 0x0000, 0x0000, 0x0000, 0x0000, 0x0000, 0x0000,
  0x0000, 0x0000, 0x0000, 0x0000, 0x0000, 0x0000, 0x0000, 0x0000, 0x0000, 0x0000, 0x0000, 0x0000, 0x0000, 0x0000, 0x0000, 0x0000,
  0x0000, 0x0000, 0x0000, 0x0000, 0x0000, 0x0000, 0x0000, 0x0000, 0x0000, 0x0000, 0x0000, 0x0000, 0x0000, 0x0000, 0x0000, 0x0000,
  0x0000, 0x0000, 0x0000, 0x0000, 0x0000, 0x0000, 0x0000, 0x0000, 0x0000, 0x0000, 0x0000, 0x0000, 0x0000, 0x0000, 0x0000, 0x0000,
  0x0000, 0x0000, 0x0000, 0x0000, 0x0000, 0x0000, 0x0000, 0x0000, 0x0000, 0x0000, 0x0000, 0x0000, 0x0000, 0x0000, 0x0000, 0x0000,
  0x0000, 0x0000, 0x0000, 0x0000, 0x0000, 0x0000, 0x0000, 0x4228, 0xEE7A, 0xCBF5, 0xD3D6, 0xD375, 0xD395, 0xD395, 0xD395, 0xD375,
  0xD375, 0xD375, 0xD375, 0xD375, 0xD375, 0xD375, 0xD375, 0xD375, 0xD375, 0xD375, 0xD375, 0xD375, 0xD375, 0xD375, 0xD375, 0xD374,
  0xD375, 0xD375, 0xD375, 0xD375, 0xD374, 0xD375, 0xD374, 0xD374, 0xD395, 0xCB54, 0xCB74, 0xCB54, 0xCB54, 0xC313, 0xBAF2, 0xC2F2,
  0xBAD1, 0xBAF2, 0xBAD2, 0xB2B1, 0xBAD2, 0xBAB1, 0xBAD1, 0xBAD1, 0xBAB1, 0xBAD1, 0xBAF2, 0xB291, 0xBAD2, 0xBAB1, 0xB2B1, 0xBAD1,
  0xB2B1, 0xBAB1, 0xBAD1, 0xB2B1, 0xB2B1, 0xB2B1, 0xB291, 0xBAB1, 0xB291, 0xB2B1, 0xBAD1, 0xB291, 0xBAD1, 0xBAD1, 0xBAB1, 0xC2F2,
  0xBAD2, 0xC312, 0xC313, 0xC312, 0xCB13, 0xCB13, 0xCB14, 0xCB14, 0xCB14, 0xCB14, 0xCB14, 0xCB14, 0xCB14, 0xCB14, 0xCB14, 0xCB13,
  0xCB14, 0xCB14, 0xCAF3, 0xCB14, 0xCB13, 0xCB14, 0xCB14, 0xCB14, 0xCB14, 0xCB14, 0xCAF4, 0xCAF4, 0xCAF3, 0xCAF3, 0xCAF3, 0xCAF4,
  0xCAF3, 0xCAF3, 0xCAF3, 0xCAF3, 0xCAF3, 0xCAF3, 0xCAF3, 0xCAF3, 0xCAF4, 0xCAF4, 0xCAF4, 0xCAF4, 0xCAF4, 0xCB14, 0xCAF4, 0xCB14,
  0xCB14, 0xCB14, 0xCB14, 0xD334, 0xD334, 0xBA71, 0x996D, 0xCCF6, 0x4248, 0x0000, 0x0000, 0x0000, 0x0000, 0x0000, 0x0000, 0x0000,
  0x0000, 0x0000, 0x0000, 0x0000, 0x0000, 0x0000, 0x0000, 0x0000, 0x0000, 0x0000, 0x0000, 0x0000, 0x0000, 0x0000, 0x0000, 0x0000,
  0x0000, 0x0000, 0x0000, 0x0000, 0x0000, 0x0000, 0x0000, 0x0000, 0x0000, 0x0000, 0x0000, 0x0000, 0x0000, 0x0000, 0x0000, 0x0000,
  0x0000, 0x0000, 0x0000, 0x0000, 0x0000, 0x0000, 0x0000, 0x0000, 0x0000, 0x0000, 0x0000, 0x0000, 0x0000, 0x0000, 0x0000, 0x0000,
  0x0000, 0x0000, 0x0000, 0x0000, 0x0000, 0x0000, 0x0000, 0x0000, 0x0000, 0x0000, 0x0000, 0x0000, 0x0000, 0x0000, 0x0000, 0x0000,
  0x0000, 0x0000, 0x0000, 0x0000, 0x0000, 0x0000, 0x0000, 0x0000, 0x0000, 0x0000, 0x0000, 0x0000, 0x0000, 0x0000, 0x0000, 0x0000,
  0x0000, 0x0000, 0x0000, 0x0000, 0x0000, 0x0000, 0x0000, 0x0000, 0x0000, 0x0000, 0x0000, 0x0000, 0x0000, 0x0000, 0x0000, 0x0000,
  0x0000, 0x0000, 0x0000, 0x0000, 0x0000, 0x0000, 0x0000, 0x0000, 0xB574, 0xE538, 0xCB94, 0xD395, 0xD395, 0xD375, 0xD375, 0xD375,
  0xD375, 0xD375, 0xD375, 0xD395, 0xD395, 0xD395, 0xD395, 0xD395, 0xD395, 0xD395, 0xD395, 0xD395, 0xD395, 0xD395, 0xD395, 0xD395,
  0xD395, 0xD395, 0xD395, 0xD375, 0xD395, 0xD395, 0xD395, 0xD395, 0xD375, 0xD395, 0xD395, 0xD375, 0xD375, 0xCB54, 0xCB54, 0xCB54,
  0xCB33, 0xCB54, 0xCB34, 0xCB33, 0xCB34, 0xCB33, 0xCB33, 0xCB33, 0xCB13, 0xCB33, 0xCB34, 0xC313, 0xCB33, 0xCB13, 0xC313, 0xCB33,
  0xCB13, 0xCB13, 0xCB13, 0xC313, 0xCB13, 0xCB13, 0xC2F3, 0xCB13, 0xC2F3, 0xC2F3, 0xCB13, 0xC2F3, 0xCB13, 0xCB13, 0xC313, 0xCB34,
  0xCB13, 0xCB34, 0xCB34, 0xCB34, 0xCB34, 0xD314, 0xD314, 0xD314, 0xD314, 0xD314, 0xCB14, 0xD314, 0xD314, 0xD314, 0xD314, 0xD334,
  0xD334, 0xD314, 0xD314, 0xD334, 0xCB34, 0xD334, 0xD334, 0xD334, 0xD334, 0xD334, 0xD314, 0xD314, 0xCB14, 0xCB14, 0xD334, 0xCB34,
  0xCB14, 0xD334, 0xD314, 0xD314, 0xD314, 0xD314, 0xD314, 0xD314, 0xD314, 0xD314, 0xD314, 0xD314, 0xD314, 0xD334, 0xD334, 0xD314,
  0xD314, 0xD314, 0xD334, 0xCB14, 0xBA71, 0xA18E, 0xB332, 0xC5D7, 0x0020, 0x0000, 0x0000, 0x0000, 0x0000, 0x0000, 0x0000, 0x0000,
  0x0000, 0x0000, 0x0000, 0x0000, 0x0000, 0x0000, 0x0000, 0x0000, 0x0000, 0x0000, 0x0000, 0x0000, 0x0000, 0x0000, 0x0000, 0x0000,
  0x0000, 0x0000, 0x0000, 0x0000, 0x0000, 0x0000, 0x0000, 0x0000, 0x0000, 0x0000, 0x0000, 0x0000, 0x0000, 0x0000, 0x0000, 0x0000,
  0x0000, 0x0000, 0x0000, 0x0000, 0x0000, 0x0000, 0x0000, 0x0000, 0x0000, 0x0000, 0x0000, 0x0000, 0x0000, 0x0000, 0x0000, 0x0000,
  0x0000, 0x0000, 0x0000, 0x0000, 0x0000, 0x0000, 0x0000, 0x0000, 0x0000, 0x0000, 0x0000, 0x0000, 0x0000, 0x0000, 0x0000, 0x0000,
  0x0000, 0x0000, 0x0000, 0x0000, 0x0000, 0x0000, 0x0000, 0x0000, 0x0000, 0x0000, 0x0000, 0x0000, 0x0000, 0x0000, 0x0000, 0x0000,
  0x0000, 0x0000, 0x0000, 0x0000, 0x0000, 0x0000, 0x0000, 0x0000, 0x0000, 0x0000, 0x0000, 0x0000, 0x0000, 0x0000, 0x0000, 0x0000,
  0x0000, 0x0000, 0x0000, 0x0000, 0x0000, 0x0000, 0x0000, 0x0000, 0x2104, 0xEF1C, 0xDCD7, 0xC313, 0xCB54, 0xCB54, 0xCB54, 0xCB54,
  0xCB34, 0xCB34, 0xCB54, 0xCB34, 0xCB34, 0xCB34, 0xCB34, 0xCB34, 0xCB34, 0xCB34, 0xCB34, 0xCB34, 0xCB34, 0xCB34, 0xCB34, 0xCB34,
  0xCB14, 0xCB14, 0xCB14, 0xCB14, 0xCB13, 0xCB13, 0xCB13, 0xC313, 0xCB13, 0xCB13, 0xCB13, 0xCB14, 0xCB14, 0xCB34, 0xCB34, 0xCB33,
  0xCB34, 0xCB33, 0xCB34, 0xCB34, 0xCB13, 0xCB34, 0xCB14, 0xCB13, 0xCB14, 0xCB14, 0xC313, 0xCB13, 0xC313, 0xCAF3, 0xCB13, 0xC2F3,
  0xCB13, 0xCAF3, 0xC2F3, 0xCAF3, 0xCAF3, 0xCAF3, 0xCAF3, 0xC2F3, 0xC2F3, 0xC2F3, 0xC2D3, 0xC2F3, 0xC2F3, 0xC2D3, 0xC2D3, 0xC2D3,
  0xC2D3, 0xC2D3, 0xC2D3, 0xC2B3, 0xBAB2, 0xBAB3, 0xBA92, 0xBA92, 0xC292, 0xBA92, 0xBA92, 0xBA92, 0xBA92, 0xC292, 0xBA92, 0xBA92,
  0xBA72, 0xBA92, 0xBA72, 0xBA92, 0xBA92, 0xBA92, 0xBA72, 0xBA72, 0xBA72, 0xBA72, 0xBA72, 0xBA72, 0xBA72, 0xBA72, 0xBA72, 0xBA72,
  0xBA92, 0xBA72, 0xBA72, 0xBA72, 0xBA72, 0xBA72, 0xBA72, 0xBA72, 0xBA72, 0xBA72, 0xBA72, 0xBA72, 0xBA52, 0xBA72, 0xBA72, 0xBA72,
  0xBA52, 0xB251, 0xB230, 0xA1AF, 0x914D, 0xB332, 0xCDB7, 0x1903, 0x0000, 0x0000, 0x0000, 0x0000, 0x0000, 0x0000, 0x0000, 0x0000,
  0x0000, 0x0000, 0x0000, 0x0000, 0x0000, 0x0000, 0x0000, 0x0000, 0x0000, 0x0000, 0x0000, 0x0000, 0x0000, 0x0000, 0x0000, 0x0000,
  0x0000, 0x0000, 0x0000, 0x0000, 0x0000, 0x0000, 0x0000, 0x0000, 0x0000, 0x0000, 0x0000, 0x0000, 0x0000, 0x0000, 0x0000, 0x0000,
  0x0000, 0x0000, 0x0000, 0x0000, 0x0000, 0x0000, 0x0000, 0x0000, 0x0000, 0x0000, 0x0000, 0x0000, 0x0000, 0x0000, 0x0000, 0x0000,
  0x0000, 0x0000, 0x0000, 0x0000, 0x0000, 0x0000, 0x0000, 0x0000, 0x0000, 0x0000, 0x0000, 0x0000, 0x0000, 0x0000, 0x0000, 0x0000,
  0x0000, 0x0000, 0x0000, 0x0000, 0x0000, 0x0000, 0x0000, 0x0000, 0x0000, 0x0000, 0x0000, 0x0000, 0x0000, 0x0000, 0x0000, 0x0000,
  0x0000, 0x0000, 0x0000, 0x0000, 0x0000, 0x0000, 0x0000, 0x0000, 0x0000, 0x0000, 0x0000, 0x0000, 0x0000, 0x0000, 0x0000, 0x0000,
  0x0000, 0x0000, 0x0000, 0x0000, 0x0000, 0x0000, 0x0000, 0x0000, 0x0000, 0x31C6, 0xC617, 0xEDFA, 0xD456, 0xD3D5, 0xCBB4, 0xCB94,
  0xCB94, 0xCB94, 0xCB74, 0xCB74, 0xC374, 0xC373, 0xC373, 0xC373, 0xC353, 0xC353, 0xC353, 0xC353, 0xC333, 0xC333, 0xC333, 0xC333,
  0xC333, 0xC333, 0xBB32, 0xBB32, 0xBB32, 0xBB32, 0xBB32, 0xBB32, 0xBB12, 0xBB12, 0xBB12, 0xBB12, 0xBAF2, 0xBAF2, 0xBAF1, 0xBAF1,
  0xB2F1, 0xB2F1, 0xB2F1, 0xB2D1, 0xB2D1, 0xB2D1, 0xB2D1, 0xB2D1, 0xB2D1, 0xB2D1, 0xBAF1, 0xBAF1, 0xBAF1, 0xBAF1, 0xB2B1, 0xB2D1,
  0xB2B1, 0xB2B0, 0xB2B1, 0xB2B0, 0xB290, 0xB290, 0xAA90, 0xB290, 0xAA90, 0xAA90, 0xB2B1, 0xB2B1, 0xAA90, 0xAA90, 0xAA90, 0xB2B1,
  0xB2B1, 0xB2B1, 0xB2B1, 0xB2B1, 0xB2B1, 0xB2B1, 0xB291, 0xB291, 0xB291, 0xB291, 0xB291, 0xB291, 0xAA50, 0xAA50, 0xB291, 0xB291,
  0xB291, 0xB271, 0xAA70, 0xAA50, 0xAA50, 0xAA50, 0xAA50, 0xAA50, 0xAA50, 0xA230, 0xAA70, 0xAA70, 0xAA50, 0xAA50, 0xA230, 0xAA30,
  0xAA30, 0xA230, 0xA230, 0xA230, 0xAA30, 0xA230, 0xA22F, 0xA22F, 0xA22F, 0xA20F, 0xA20F, 0xA20F, 0xA20F, 0xA20F, 0xA20F, 0xA20F,
  0xA20F, 0xA20F, 0xA24F, 0xAAF1, 0xC4B5, 0xC5D7, 0x2965, 0x0000, 0x0000, 0x0000, 0x0000, 0x0000, 0x0000, 0x0000, 0x0000, 0x0000,
  0x0000, 0x0000, 0x0000, 0x0000, 0x0000, 0x0000, 0x0000, 0x0000, 0x0000, 0x0000, 0x0000, 0x0000, 0x0000, 0x0000, 0x0000, 0x0000,
  0x0000, 0x0000, 0x0000, 0x0000, 0x0000, 0x0000, 0x0000, 0x0000, 0x0000, 0x0000, 0x0000, 0x0000, 0x0000, 0x0000, 0x0000, 0x0000,
  0x0000, 0x0000, 0x0000, 0x0000, 0x0000, 0x0000, 0x0000, 0x0000, 0x0000, 0x0000, 0x0000, 0x0000, 0x0000, 0x0000, 0x0000, 0x0000,
  0x0000, 0x0000, 0x0000, 0x0000, 0x0000, 0x0000, 0x0000, 0x0000, 0x0000, 0x0000, 0x0000, 0x0000, 0x0000, 0x0000, 0x0000, 0x0000,
  0x0000, 0x0000, 0x0000, 0x0000, 0x0000, 0x0000, 0x0000, 0x0000, 0x0000, 0x0000, 0x0000, 0x0000, 0x0000, 0x0000, 0x0000, 0x0000,
  0x0000, 0x0000, 0x0000, 0x0000, 0x0000, 0x0000, 0x0000, 0x0000, 0x0000, 0x0000, 0x0000, 0x0000, 0x0000, 0x0000, 0x0000, 0x0000,
  0x0000, 0x0000, 0x0000, 0x0000, 0x0000, 0x0000, 0x0000, 0x0000, 0x0000, 0x0000, 0x0861, 0x5B0B, 0xB575, 0xACD3, 0xACB2, 0xACD2,
  0xACD3, 0xACD4, 0xACD3, 0xACD4, 0xACD4, 0xACD3, 0xACD3, 0xACB3, 0xACB3, 0xACB3, 0xACD3, 0xACB3, 0xACB3, 0xACB3, 0xACB3, 0xACB3,
  0xACB3, 0xACB3, 0xACB3, 0xACB3, 0xACB3, 0xACB3, 0xACB3, 0xACB3, 0xACB3, 0xACB3, 0xACB3, 0xACB3, 0xACB3, 0xACB3, 0xACB3, 0xACB3,
  0xACB3, 0xACB3, 0xACB3, 0xACB3, 0xA4B3, 0xA4B3, 0xACB3, 0xA493, 0xACB3, 0x8BAF, 0x5A29, 0x5A29, 0x5A29, 0x5A4A, 0xA472, 0x7B2D,
  0xA472, 0xA493, 0xA493, 0xA493, 0xA493, 0xA493, 0xA493, 0xA493, 0xA493, 0x9C31, 0x5A09, 0x6AAB, 0xA493, 0xA493, 0x836F, 0x5A09,
  0x5A29, 0x5209, 0x5A09, 0x5209, 0x5209, 0x5A09, 0x5A09, 0x5209, 0x5209, 0x5A29, 0x5209, 0x6ACC, 0xA493, 0x9C11, 0x5209, 0x5A09,
  0x5209, 0x5209, 0x5209, 0x9411, 0xA493, 0xA472, 0xA473, 0xA493, 0xA493, 0xA472, 0x5A4A, 0x5209, 0x5A09, 0x628B, 0xA493, 0x9C32,
  0x93F0, 0xA493, 0xA493, 0x9C52, 0x93D0, 0xA473, 0xA473, 0xA493, 0xA493, 0xA473, 0xA473, 0xA473, 0xA473, 0xA472, 0xA472, 0xA472,
  0xA472, 0xA472, 0xACB3, 0x8410, 0x4248, 0x1082, 0x0000, 0x0000, 0x0000, 0x0000, 0x0000, 0x0000, 0x0000, 0x0000, 0x0000, 0x0000,
  0x0000, 0x0000, 0x0000, 0x0000, 0x0000, 0x0000, 0x0000, 0x0000, 0x0000, 0x0000, 0x0000, 0x0000, 0x0000, 0x0000, 0x0000, 0x0000,
  0x0000, 0x0000, 0x0000, 0x0000, 0x0000, 0x0000, 0x0000, 0x0000, 0x0000, 0x0000, 0x0000, 0x0000, 0x0000, 0x0000, 0x0000, 0x0000,
  0x0000, 0x0000, 0x0000, 0x0000, 0x0000, 0x0000, 0x0000, 0x0000, 0x0000, 0x0000, 0x0000, 0x0000, 0x0000, 0x0000, 0x0000, 0x0000,
  0x0000, 0x0000, 0x0000, 0x0000, 0x0000, 0x0000, 0x0000, 0x0000, 0x0000, 0x0000, 0x0000, 0x0000, 0x0000, 0x0000, 0x0000, 0x0000,
  0x0000, 0x0000, 0x0000, 0x0000, 0x0000, 0x0000, 0x0000, 0x0000, 0x0000, 0x0000, 0x0000, 0x0000, 0x0000, 0x0000, 0x0000, 0x0000,
  0x0000, 0x0000, 0x0000, 0x0000, 0x0000, 0x0000, 0x0000, 0x0000, 0x0000, 0x0000, 0x0000, 0x0000, 0x0000, 0x0000, 0x0000, 0x0000,
  0x0000, 0x0000, 0x0000, 0x0000, 0x0000, 0x0000, 0x0000, 0x0000, 0x0000, 0x0000, 0x0000, 0x0000, 0x0000, 0x0000, 0x0000, 0x0000,
  0x0000, 0x0000, 0x0000, 0x0000, 0x0000, 0x0000, 0x0000, 0x0000, 0x0000, 0x0000, 0x0000, 0x0000, 0x0000, 0x0000, 0x0000, 0x0000,
  0x0000, 0x0000, 0x0000, 0x0000, 0x0000, 0x0000, 0x0000, 0x0000, 0x0000, 0x0000, 0x0000, 0x0000, 0x0000, 0x0000, 0x0000, 0x0000,
  0x0000, 0x0000, 0x0000, 0x0000, 0x0000, 0x0000, 0x0000, 0x0000, 0x0000, 0x0000, 0x0000, 0x0000, 0x0000, 0x0000, 0x0000, 0x0000,
  0x0000, 0x0000, 0x0000, 0x0000, 0x0000, 0x0000, 0x0000, 0x0000, 0x0000, 0x0000, 0x0000, 0x0000, 0x0000, 0x0000, 0x0000, 0x0000,
  0x0000, 0x0000, 0x0000, 0x0000, 0x0000, 0x0000, 0x0000, 0x0000, 0x0000, 0x0000, 0x0000, 0x0000, 0x0000, 0x0000, 0x0000, 0x0000,
  0x0000, 0x0000, 0x0000, 0x0000, 0x0000, 0x0000, 0x0000, 0x0000, 0x0000, 0x0000, 0x0000, 0x0000, 0x0000, 0x0000, 0x0000, 0x0000,
  0x0000, 0x0000, 0x0000, 0x0000, 0x0000, 0x0000, 0x0000, 0x0000, 0x0000, 0x0000, 0x0000, 0x0000, 0x0000, 0x0000, 0x0000, 0x0000,
  0x0000, 0x0000, 0x0000, 0x0000, 0x0000, 0x0000, 0x0000, 0x0000, 0x0000, 0x0000, 0x0000, 0x0000, 0x0000, 0x0000, 0x0000, 0x0000,
  0x0000, 0x0000, 0x0000, 0x0000, 0x0000, 0x0000, 0x0000, 0x0000, 0x0000, 0x0000, 0x0000, 0x0000, 0x0000, 0x0000, 0x0000, 0x0000,
  0x0000, 0x0000, 0x0000, 0x0000, 0x0000, 0x0000, 0x0000, 0x0000, 0x0000, 0x0000, 0x0000, 0x0000, 0x0000, 0x0000, 0x0000, 0x0000,
  0x0000, 0x0000, 0x0000, 0x0000, 0x0000, 0x0000, 0x0000, 0x0000, 0x0000, 0x0000, 0x0000, 0x0000, 0x0000, 0x0000, 0x0000, 0x0000,
  0x0000, 0x0000, 0x0000, 0x0000, 0x0000, 0x0000, 0x0000, 0x0000, 0x0000, 0x0000, 0x0000, 0x0000, 0x0000, 0x0000, 0x0000, 0x0000,
  0x0000, 0x0000, 0x0000, 0x0000, 0x0000, 0x0000, 0x0000, 0x0000, 0x0000, 0x0000, 0x0000, 0x0000, 0x0000, 0x0000, 0x0000, 0x0000,
  0x0000, 0x0000, 0x0000, 0x0000, 0x0000, 0x0000, 0x0000, 0x0000, 0x0000, 0x0000, 0x0000, 0x0000, 0x0000, 0x0000, 0x0000, 0x0000,
  0x0000, 0x0000, 0x0000, 0x0000, 0x0000, 0x0000, 0x0000, 0x0000, 0x0000, 0x0000, 0x0000, 0x0000, 0x0000, 0x0000, 0x0000, 0x0000,
  0x0000, 0x0000, 0x0000, 0x0000, 0x0000, 0x0000, 0x0000, 0x0000, 0x0000, 0x0000, 0x0000, 0x0000, 0x0000, 0x0000, 0x0000, 0x0000,
  0x0000, 0x0000, 0x0000, 0x0000, 0x0000, 0x0000, 0x0000, 0x0000, 0x0000, 0x0000, 0x0000, 0x0000, 0x0000, 0x0000, 0x0000, 0x0000,
  0x0000, 0x0000, 0x0000, 0x0000, 0x0000, 0x0000, 0x0000, 0x0000, 0x0000, 0x0000, 0x0000, 0x0000, 0x0000, 0x0000, 0x0000, 0x0000,
  0x0000, 0x0000, 0x0000, 0x0000, 0x0000, 0x0000, 0x0000, 0x0000, 0x0000, 0x0000, 0x0000, 0x0000, 0x0000, 0x0000, 0x0000, 0x0000,
  0x0000, 0x0000, 0x0000, 0x0000, 0x0000, 0x0000, 0x0000, 0x0000, 0x0000, 0x0000, 0x0000, 0x0000, 0x0000, 0x0000, 0x0000, 0x0000,
  0x0000, 0x0000, 0x0000, 0x0000, 0x0000, 0x0000, 0x0000, 0x0000, 0x0000, 0x0000, 0x0000, 0x0000, 0x0000, 0x0000, 0x0000, 0x0000,
  0x0000, 0x0000, 0x0000, 0x0000, 0x0000, 0x0000, 0x0000, 0x0000, 0x0000, 0x0000, 0x0000, 0x0000, 0x0000, 0x0000, 0x0000, 0x0000,
  0x0000, 0x0000, 0x0000, 0x0000, 0x0000, 0x0000, 0x0000, 0x0000, 0x0000, 0x0000, 0x0000, 0x0000, 0x0000, 0x0000, 0x0000, 0x0000,
  0x0000, 0x0000, 0x0000, 0x0000, 0x0000, 0x0000, 0x0000, 0x0000, 0x0000, 0x0000, 0x0000, 0x0000, 0x0000, 0x0000, 0x0000, 0x0000,
  0x0000, 0x0000, 0x0000, 0x0000, 0x0000, 0x0000, 0x0000, 0x0000, 0x0000, 0x0000, 0x0000, 0x0000, 0x0000, 0x0000, 0x0000, 0x0000,
  0x0000, 0x0000, 0x0000, 0x0000, 0x0000, 0x0000, 0x0000, 0x0000, 0x0000, 0x0000, 0x0000, 0x0000, 0x0000, 0x0000, 0x0000, 0x0000,
  0x0000, 0x0000, 0x0000, 0x0000, 0x0000, 0x0000, 0x0000, 0x0000, 0x0000, 0x0000, 0x0000, 0x0000, 0x0000, 0x0000, 0x0000, 0x0000,
  0x0000, 0x0000, 0x0000, 0x0000, 0x0000, 0x0000, 0x0000, 0x0000, 0x0000, 0x0000, 0x0000, 0x0000, 0x0000, 0x0000, 0x0000, 0x0000,
  0x0000, 0x0000, 0x0000, 0x0000, 0x0000, 0x0000, 0x0000, 0x0000, 0x0000, 0x0000, 0x0000, 0x0000, 0x0000, 0x0000, 0x0000, 0x0000,
  0x0000, 0x0000, 0x0000, 0x0000, 0x0000, 0x0000, 0x0000, 0x0000, 0x0000, 0x0000, 0x0000, 0x0000, 0x0000, 0x0000, 0x0000, 0x0000,
  0x0000, 0x0000, 0x0000, 0x0000, 0x0000, 0x0000, 0x0000, 0x0000, 0x0000, 0x0000, 0x0000, 0x0000, 0x0000, 0x0000, 0x0000, 0x0000,
  0x0000, 0x0000, 0x0000, 0x0000, 0x0000, 0x0000, 0x0000, 0x0000, 0x0000, 0x0000, 0x0000, 0x0000, 0x0000, 0x0000, 0x0000, 0x0000,
  0x0000, 0x0000, 0x0000, 0x0000, 0x0000, 0x0000, 0x0000, 0x0000, 0x0000, 0x0000, 0x0000, 0x0000, 0x0000, 0x0000, 0x0000, 0x0000,
  0x0000, 0x0000, 0x0000, 0x0000, 0x0000, 0x0000, 0x0000, 0x0000, 0x0000, 0x0000, 0x0000, 0x0000, 0x0000, 0x0000, 0x0000, 0x0000,
  0x0000, 0x0000, 0x0000, 0x0000, 0x0000, 0x0000, 0x0000, 0x0000, 0x0000, 0x0000, 0x0000, 0x0000, 0x0000, 0x0000, 0x0000, 0x0000,
  0x0000, 0x0000, 0x0000, 0x0000, 0x0000, 0x0000, 0x0000, 0x0000, 0x0000, 0x0000, 0x0000, 0x0000, 0x0000, 0x0000, 0x0000, 0x0000,
  0x0000, 0x0000, 0x0000, 0x0000, 0x0000, 0x0000, 0x0000, 0x0000, 0x0000, 0x0000, 0x0000, 0x0000, 0x0000, 0x0000, 0x0000, 0x0000,
  0x0000, 0x0000, 0x0000, 0x0000, 0x0000, 0x0000, 0x0000, 0x0000, 0x0000, 0x0000, 0x0000, 0x0000, 0x0000, 0x0000, 0x0000, 0x0000,
  0x0000, 0x0000, 0x0000, 0x0000, 0x0000, 0x0000, 0x0000, 0x0000, 0x0000, 0x0000, 0x0000, 0x0000, 0x0000, 0x0000, 0x0000, 0x0000,
  0x0000, 0x0000, 0x0000, 0x0000, 0x0000, 0x0000, 0x0000, 0x0000, 0x0000, 0x0000, 0x0000, 0x0000, 0x0000, 0x0000, 0x0000, 0x0000,
  0x0000, 0x0000, 0x0000, 0x0000, 0x0000, 0x0000, 0x0000, 0x0000, 0x0000, 0x0000, 0x0000, 0x0000, 0x0000, 0x0000, 0x0000, 0x0000,
  0x0000, 0x0000, 0x0000, 0x0000, 0x0000, 0x0000, 0x0000, 0x0000, 0x0000, 0x0000, 0x0000, 0x0000, 0x0000, 0x0000, 0x0000, 0x0000,
  0x0000, 0x0000, 0x0000, 0x0000, 0x0000, 0x0000, 0x0000, 0x0000, 0x0000, 0x0000, 0x0000, 0x0000, 0x0000, 0x0000, 0x0000, 0x0000,
  0x0000, 0x0000, 0x0000, 0x0000, 0x0000, 0x0000, 0x0000, 0x0000, 0x0000, 0x0000, 0x0000, 0x0000, 0x0000, 0x0000, 0x0000, 0x0000,
  0x0000, 0x0000, 0x0000, 0x0000, 0x0000, 0x0000, 0x0000, 0x0000, 0x0000, 0x0000, 0x0000, 0x0000, 0x0000, 0x0000, 0x0000, 0x0000,
  0x0000, 0x0000, 0x0000, 0x0000, 0x0000, 0x0000, 0x0000, 0x0000, 0x0000, 0x0000, 0x0000, 0x0000, 0x0000, 0x0000, 0x0000, 0x0000,
  0x0000, 0x0000, 0x0000, 0x0000, 0x0000, 0x0000, 0x0000, 0x0000, 0x0000, 0x0000, 0x0000, 0x0000, 0x0000, 0x0000, 0x0000, 0x0000,
  0x0000, 0x0000, 0x0000, 0x0000, 0x0000, 0x0000, 0x0000, 0x0000, 0x0000, 0x0000, 0x0000, 0x0000, 0x0000, 0x0000, 0x0000, 0x0000,
  0x0000, 0x0000, 0x0000, 0x0000, 0x0000, 0x0000, 0x0000, 0x0000, 0x0000, 0x0000, 0x0000, 0x0000, 0x0000, 0x0000, 0x0000, 0x0000,
  0x0000, 0x0000, 0x0000, 0x0000, 0x0000, 0x0000, 0x0000, 0x0000, 0x0000, 0x0000, 0x0000, 0x0000, 0x0000, 0x0000, 0x0000, 0x0000,
  0x0000, 0x0000, 0x0000, 0x0000, 0x0000, 0x0000, 0x0000, 0x0000, 0x0000, 0x0000, 0x0000, 0x0000, 0x0000, 0x0000, 0x0000, 0x0000,
  0x0000, 0x0000, 0x0000, 0x0000, 0x0000, 0x0000, 0x0000, 0x0000, 0x0000, 0x0000, 0x0000, 0x0000, 0x0000, 0x0000, 0x0000, 0x0000,
  0x0000, 0x0000, 0x0000, 0x0000, 0x0000, 0x0000, 0x0000, 0x0000, 0x0000, 0x0000, 0x0000, 0x0000, 0x0000, 0x0000, 0x0000, 0x0000,
  0x0000, 0x0000, 0x0000, 0x0000, 0x0000, 0x0000, 0x0000, 0x0000, 0x0000, 0x0000, 0x0000, 0x0000, 0x0000, 0x0000, 0x0000, 0x0000,
  0x0000, 0x0000, 0x0000, 0x0000, 0x0000, 0x0000, 0x0000, 0x0000, 0x0000, 0x0000, 0x0000, 0x0000, 0x0000, 0x0000, 0x0000, 0x0000,
  0x0000, 0x0000, 0x0000, 0x0000, 0x0000, 0x0000, 0x0000, 0x0000, 0x0000, 0x0000, 0x0000, 0x0000, 0x0000, 0x0000, 0x0000, 0x0000,
  0x0000, 0x0000, 0x0000, 0x0000, 0x0000, 0x0000, 0x0000, 0x0000, 0x0000, 0x0000, 0x0000, 0x0000, 0x0000, 0x0000, 0x0000, 0x0000,
  0x0000, 0x0000, 0x0000, 0x0000, 0x0000, 0x0000, 0x0000, 0x0000, 0x0000, 0x0000, 0x0000, 0x0000, 0x0000, 0x0000, 0x0000, 0x0000,
  0x0000, 0x0000, 0x0000, 0x0000, 0x0000, 0x0000, 0x0000, 0x0000, 0x0000, 0x0000, 0x0000, 0x0000, 0x0000, 0x0000, 0x0000, 0x0000,
  0x0000, 0x0000, 0x0000, 0x0000, 0x0000, 0x0000, 0x0000, 0x0000, 0x0000, 0x0000, 0x0000, 0x0000, 0x0000, 0x0000, 0x0000, 0x0000,
  0x0000, 0x0000, 0x0000, 0x0000, 0x0000, 0x0000, 0x0000, 0x0000, 0x0000, 0x0000, 0x0000, 0x0000, 0x0000, 0x0000, 0x0000, 0x0000,
  0x0000, 0x0000, 0x0000, 0x0000, 0x0000, 0x0000, 0x0000, 0x0000, 0x0000, 0x0000, 0x0000, 0x0000, 0x0000, 0x0000, 0x0000, 0x0000,
  0x0000, 0x0000, 0x0000, 0x0000, 0x0000, 0x0000, 0x0000, 0x0000, 0x0000, 0x0000, 0x0000, 0x0000, 0x0000, 0x0000, 0x0000, 0x0000,
  0x0000, 0x0000, 0x0000, 0x0000, 0x0000, 0x0000, 0x0000, 0x0000, 0x0000, 0x0000, 0x0000, 0x0000, 0x0000, 0x0000, 0x0000, 0x0000,
  0x0000, 0x0000, 0x0000, 0x0000, 0x0000, 0x0000, 0x0000, 0x0000, 0x0000, 0x0000, 0x0000, 0x0000, 0x0000, 0x0000, 0x0000, 0x0000,
  0x0000, 0x0000, 0x0000, 0x0000, 0x0000, 0x0000, 0x0000, 0x0000, 0x0000, 0x0000, 0x0000, 0x0000, 0x0000, 0x0000, 0x0000, 0x0000,
  0x0000, 0x0000, 0x0000, 0x0000, 0x0000, 0x0000, 0x0000, 0x0000, 0x0000, 0x0000, 0x0000, 0x0000, 0x0000, 0x0000, 0x0000, 0x0000,
  0x0000, 0x0000, 0x0000, 0x0000, 0x0000, 0x0000, 0x0000, 0x0000, 0x0000, 0x0000, 0x0000, 0x0000, 0x0000, 0x0000, 0x0000, 0x0000,
  0x0000, 0x0000, 0x0000, 0x0000, 0x0000, 0x0000, 0x0000, 0x0000, 0x0000, 0x0000, 0x0000, 0x0000, 0x0000, 0x0000, 0x0000, 0x0000,
  0x0000, 0x0000, 0x0000, 0x0000, 0x0000, 0x0000, 0x0000, 0x0000, 0x0000, 0x0000, 0x0000, 0x0000, 0x0000, 0x0000, 0x0000, 0x0000,
  0x0000, 0x0000, 0x0000, 0x0000, 0x0000, 0x0000, 0x0000, 0x0000, 0x0000, 0x0000, 0x0000, 0x0000, 0x0000, 0x0000, 0x0000, 0x0000,
  0x0000, 0x0000, 0x0000, 0x0000, 0x0000, 0x0000, 0x0000, 0x0000, 0x0000, 0x0000, 0x0000, 0x0000, 0x0000, 0x0000, 0x0000, 0x0000,
  0x0000, 0x0000, 0x0000, 0x0000, 0x0000, 0x0000, 0x0000, 0x0000, 0x0000, 0x0000, 0x0000, 0x0000, 0x0000, 0x0000, 0x0000, 0x0000,
  0x0000, 0x0000, 0x0000, 0x0000, 0x0000, 0x0000, 0x0000, 0x0000, 0x0000, 0x0000, 0x0000, 0x0000, 0x0000, 0x0000, 0x0000, 0x0000,
  0x0000, 0x0000, 0x0000, 0x0000, 0x0000, 0x0000, 0x0000, 0x0000, 0x0000, 0x0000, 0x0000, 0x0000, 0x0000, 0x0000, 0x0000, 0x0000,
  0x0000, 0x0000, 0x0000, 0x0000, 0x0000, 0x0000, 0x0000, 0x0000, 0x0000, 0x0000, 0x0000, 0x0000, 0x0000, 0x0000, 0x0000, 0x0000,
  0x0000, 0x0000, 0x0000, 0x0000, 0x0000, 0x0000, 0x0000, 0x0000, 0x0000, 0x0000, 0x0000, 0x0000, 0x0000, 0x0000, 0x0000, 0x0000,
  0x0000, 0x0000, 0x0000, 0x0000, 0x0000, 0x0000, 0x0000, 0x0000, 0x0000, 0x0000, 0x0000, 0x0000, 0x0000, 0x0000, 0x0000, 0x0000,
  0x0000, 0x0000, 0x0000, 0x0000, 0x0000, 0x0000, 0x0000, 0x0000, 0x0000, 0x0000, 0x0000, 0x0000, 0x0000, 0x0000, 0x0000, 0x0000,
  0x0000, 0x0000, 0x0000, 0x0000, 0x0000, 0x0000, 0x0000, 0x0000, 0x0000, 0x0000, 0x0000, 0x0000, 0x0000, 0x0000, 0x0000, 0x0000,
  0x0000, 0x0000, 0x0000, 0x0000, 0x0000, 0x0000, 0x0000, 0x0000, 0x0000, 0x0000, 0x0000, 0x0000, 0x0000, 0x0000, 0x0000, 0x0000,
  0x0000, 0x0000, 0x0000, 0x0000, 0x0000, 0x0000, 0x0000, 0x0000, 0x0000, 0x0000, 0x0000, 0x0000, 0x0000, 0x0000, 0x0000, 0x0000,
  0x0000, 0x0000, 0x0000, 0x0000, 0x0000, 0x0000, 0x0000, 0x0000, 0x0000, 0x0000, 0x0000, 0x0000, 0x0000, 0x0000, 0x0000, 0x0000,
  0x0000, 0x0000, 0x0000, 0x0000, 0x0000, 0x0000, 0x0000, 0x0000, 0x0000, 0x0000, 0x0000, 0x0000, 0x0000, 0x0000, 0x0000, 0x0000,
  0x0000, 0x0000, 0x0000, 0x0000, 0x0000, 0x0000, 0x0000, 0x0000, 0x0000, 0x0000, 0x0000, 0x0000, 0x0000, 0x0000, 0x0000, 0x0000,
  0x0000, 0x0000, 0x0000, 0x0000, 0x0000, 0x0000, 0x0000, 0x0000, 0x0000, 0x0000, 0x0000, 0x0000, 0x0000, 0x0000, 0x0000, 0x0000,
  0x0000, 0x0000, 0x0000, 0x0000, 0x0000, 0x0000, 0x0000, 0x0000, 0x0000, 0x0000, 0x0000, 0x0000, 0x0000, 0x0000, 0x0000, 0x0000,
  0x0000, 0x0000, 0x0000, 0x0000, 0x0000, 0x0000, 0x0000, 0x0000, 0x0000, 0x0000, 0x0000, 0x0000, 0x0000, 0x0000, 0x0000, 0x0000,
  0x0000, 0x0000, 0x0000, 0x0000, 0x0000, 0x0000, 0x0000, 0x0000, 0x0000, 0x0000, 0x0000, 0x0000, 0x0000, 0x0000, 0x0000, 0x0000,
  0x0000, 0x0000, 0x0000, 0x0000, 0x0000, 0x0000, 0x0000, 0x0000, 0x0000, 0x0000, 0x0000, 0x0000, 0x0000, 0x0000, 0x0000, 0x0000,
  0x0000, 0x0000, 0x0000, 0x0000, 0x0000, 0x0000, 0x0000, 0x0000, 0x0000, 0x0000, 0x0000, 0x0000, 0x0000, 0x0000, 0x0000, 0x0000,
  0x0000, 0x0000, 0x0000, 0x0000, 0x0000, 0x0000, 0x0000, 0x0000, 0x0000, 0x0000, 0x0000, 0x0000, 0x0000, 0x0000, 0x0000, 0x0000,
  0x0000, 0x0000, 0x0000, 0x0000, 0x0000, 0x0000, 0x0000, 0x0000, 0x0000, 0x0000, 0x0000, 0x0000, 0x0000, 0x0000, 0x0000, 0x0000,
  0x0000, 0x0000, 0x0000, 0x0000, 0x0000, 0x0000, 0x0000, 0x0000, 0x0000, 0x0000, 0x0000, 0x0000, 0x0000, 0x0000, 0x0000, 0x0000,
  0x0000, 0x0000, 0x0000, 0x0000, 0x0000, 0x0000, 0x0000, 0x0000, 0x0000, 0x0000, 0x0000, 0x0000, 0x0000, 0x0000, 0x0000, 0x0000,
  0x0000, 0x0000, 0x0000, 0x0000, 0x0000, 0x0000, 0x0000, 0x0000, 0x0000, 0x0000, 0x0000, 0x0000, 0x0000, 0x0000, 0x0000, 0x0000,
  0x0000, 0x0000, 0x0000, 0x0000, 0x0000, 0x0000, 0x0000, 0x0000, 0x0000, 0x0000, 0x0000, 0x0000, 0x0000, 0x0000, 0x0000, 0x0000,
  0x0000, 0x0000, 0x0000, 0x0000, 0x0000, 0x0000, 0x0000, 0x0000, 0x0000, 0x0000, 0x0000, 0x0000, 0x0000, 0x0000, 0x0000, 0x0000,
  0x0000, 0x0000, 0x0000, 0x0000, 0x0000, 0x0000, 0x0000, 0x0000, 0x0000, 0x0000, 0x0000, 0x0000, 0x0000, 0x0000, 0x0000, 0x0000,
  0x0000, 0x0000, 0x0000, 0x0000, 0x0000, 0x0000, 0x0000, 0x0000, 0x0000, 0x0000, 0x0000, 0x0000, 0x0000, 0x0000, 0x0000, 0x0000,
  0x0000, 0x0000, 0x0000, 0x0000, 0x0000, 0x0000, 0x0000, 0x0000, 0x0000, 0x0000, 0x0000, 0x0000, 0x0000, 0x0000, 0x0000, 0x0000,
  0x0000, 0x0000, 0x0000, 0x0000, 0x0000, 0x0000, 0x0000, 0x0000, 0x0000, 0x0000, 0x0000, 0x0000, 0x0000, 0x0000, 0x0000, 0x0000,
  0x0000, 0x0000, 0x0000, 0x0000, 0x0000, 0x0000, 0x0000, 0x0000, 0x0000, 0x0000, 0x0000, 0x0000, 0x0000, 0x0000, 0x0000, 0x0000,
  0x0000, 0x0000, 0x0000, 0x0000, 0x0000, 0x0000, 0x0000, 0x0000, 0x0000, 0x0000, 0x0000, 0x0000, 0x0000, 0x0000, 0x0000, 0x0000,
  0x0000, 0x0000, 0x0000, 0x0000, 0x0000, 0x0000, 0x0000, 0x0000, 0x0000, 0x0000, 0x0000, 0x0000, 0x0000, 0x0000, 0x0000, 0x0000,
  0x0000, 0x0000, 0x0000, 0x0000, 0x0000, 0x0000, 0x0000, 0x0000, 0x0000, 0x0000, 0x0000, 0x0000, 0x0000, 0x0000, 0x0000, 0x0000,
  0x0000, 0x0000, 0x0000, 0x0000, 0x0000, 0x0000, 0x0000, 0x0000, 0x0000, 0x0000, 0x0000, 0x0000, 0x0000, 0x0000, 0x0000, 0x0000,
  0x0000, 0x0000, 0x0000, 0x0000, 0x0000, 0x0000, 0x0000, 0x0000, 0x0000, 0x0000, 0x0000, 0x0000, 0x0000, 0x0000, 0x0000, 0x0000,
  0x0000, 0x0000, 0x0000, 0x0000, 0x0000, 0x0000, 0x0000, 0x0000, 0x0000, 0x0000, 0x0000, 0x0020, 0x0020, 0x0020, 0x0020, 0x0020,
  0x0020, 0x0020, 0x0020, 0x0020, 0x0020, 0x0020, 0x0020, 0x0020, 0x0000, 0x0000, 0x0000, 0x0000, 0x0000, 0x0000, 0x0000, 0x0000,
  0x0000, 0x0000, 0x0000, 0x0000, 0x0000, 0x0000, 0x0000, 0x0000, 0x0000, 0x0000, 0x0000, 0x0000, 0x0000, 0x0000, 0x0000, 0x0000,
  0x0000, 0x0020, 0x0000, 0x0000, 0x0000, 0x0000, 0x0000, 0x0020, 0x0020, 0x0000, 0x0000, 0x0000, 0x0000, 0x0000, 0x0000, 0x0000,
  0x0000, 0x0000, 0x0000, 0x0000, 0x0000, 0x0000, 0x0000, 0x0000, 0x0000, 0x0000, 0x0000, 0x0000, 0x0000, 0x0000, 0x0000, 0x0020,
  0x0020, 0x0000, 0x0000, 0x0000, 0x0000, 0x0000, 0x0000, 0x0000, 0x0000, 0x0000, 0x0000, 0x0000, 0x0000, 0x0000, 0x0000, 0x0000,
  0x0000, 0x0000, 0x0000, 0x0000, 0x0000, 0x0000, 0x0000, 0x0000, 0x0000, 0x0000, 0x0000, 0x0000, 0x0000, 0x0000, 0x0000, 0x0000,
  0x0000, 0x0000, 0x0000, 0x0000, 0x0000, 0x0000, 0x0000, 0x0000, 0x0000, 0x0000, 0x0000, 0x0000, 0x0000, 0x0000, 0x0000, 0x0000,
  0x0000, 0x0000, 0x0000, 0x0000, 0x0000, 0x0000, 0x0000, 0x0000, 0x0000, 0x0000, 0x0000, 0x0000, 0x0000, 0x0000, 0x0000, 0x0000,
  0x0000, 0x0000, 0x0000, 0x0000, 0x0000, 0x0000, 0x0000, 0x0000, 0x0000, 0x0000, 0x0000, 0x0000, 0x0000, 0x0000, 0x0000, 0x0000,
  0x0000, 0x0000, 0x0000, 0x0000, 0x0000, 0x0000, 0x0000, 0x0000, 0x0000, 0x0000, 0x0000, 0x0000, 0x0000, 0x0000, 0x0000, 0x0000,
  0x0000, 0x0000, 0x0000, 0x0000, 0x0000, 0x0000, 0x0000, 0x0000, 0x0000, 0x0000, 0x0000, 0x0000, 0x0000, 0x0000, 0x0000, 0x0000,
  0x0000, 0x0000, 0x0000, 0x0000, 0x0000, 0x0000, 0x0000, 0x0000, 0x0000, 0x0000, 0x0000, 0x0000, 0x0000, 0x0000, 0x0000, 0x0000,
  0x0000, 0x0000, 0x0000, 0x0000, 0x0000, 0x0000, 0x0000, 0x0000, 0x0000, 0x0000, 0x0000, 0x0000, 0x0000, 0x0000, 0x0000, 0x0000,
  0x0000, 0x0000, 0x0000, 0x0000, 0x0000, 0x0000, 0x0000, 0x0000, 0x0000, 0x0000, 0x0000, 0x0000, 0x0000, 0x0000, 0x0000, 0x0000,
  0x0000, 0x0000, 0x0000, 0x0000, 0x0000, 0x0000, 0x0000, 0x0000, 0x0000, 0x0000, 0x0000, 0x0000, 0x0000, 0x0000, 0x0000, 0x0000,
  0x0000, 0x0000, 0x0000, 0x0000, 0x0000, 0x0000, 0x0000, 0x0000, 0x0000, 0x0000, 0x0000, 0x0000, 0x0000, 0x0000, 0x0000, 0x0000,
  0x0000, 0x0000, 0x0000, 0x0000, 0x0000, 0x0000, 0x0000, 0x0000, 0x0000, 0x0000, 0x0000, 0x0000, 0x0000, 0x0000, 0x0000, 0x0000,
  0x0000, 0x0000, 0x0000, 0x0040, 0x0040, 0x0040, 0x0000, 0x0000, 0x0000, 0x0000, 0x0000, 0x0000, 0x0000, 0x0000, 0x0000, 0x0000,
  0x0000, 0x0000, 0x0000, 0x0000, 0x0000, 0x0000, 0x0000, 0x0000, 0x0000, 0x0000, 0x0000, 0x0000, 0x0000, 0x0000, 0x0000, 0x0000,
  0x0000, 0x0000, 0x0000, 0x0000, 0x0000, 0x0000, 0x0000, 0x0000, 0x0000, 0x0000, 0x0000, 0x0000, 0x0000, 0x0000, 0x0000, 0x0000,
  0x0000, 0x0000, 0x0000, 0x0000, 0x0000, 0x0000, 0x0000, 0x0000, 0x0000, 0x0000, 0x0000, 0x0000, 0x0000, 0x0000, 0x0000, 0x0000,
  0x0000, 0x0000, 0x0000, 0x0000, 0x0000, 0x0000, 0x0000, 0x0000, 0x0000, 0x0000, 0x0000, 0x0000, 0x0000, 0x0000, 0x0000, 0x0000,
  0x0000, 0x0000, 0x0000, 0x0000, 0x0000, 0x0000, 0x0000, 0x0000, 0x0000, 0x0000, 0x0000, 0x0000, 0x0000, 0x0000, 0x0000, 0x0000,
  0x0000, 0x0000, 0x0000, 0x0000, 0x0000, 0x0000, 0x0000, 0x0000, 0x0000, 0x0000, 0x0000, 0x0000, 0x0000, 0x0000, 0x0000, 0x0000,
  0x0000, 0x0000, 0x0000, 0x0000, 0x0000, 0x0000, 0x0000, 0x0000, 0x0000, 0x0000, 0x0000, 0x0000, 0x0000, 0x0000, 0x0000, 0x0000,
  0x0000, 0x0000, 0x0000, 0x0000, 0x0000, 0x0000, 0x0000, 0x0000, 0x0000, 0x0000, 0x0000, 0x0000, 0x0000, 0x0000, 0x0000, 0x0000,
  0x0000, 0x0000, 0x0000, 0x0000, 0x0000, 0x0000, 0x0000, 0x0000, 0x0000, 0x0000, 0x0000, 0x0000, 0x0000, 0x0000, 0x0000, 0x0000,
  0x0000, 0x0000, 0x0000, 0x0000, 0x0000, 0x0000, 0x0000, 0x0000, 0x0000, 0x0000, 0x0000, 0x0000, 0x0000, 0x0000, 0x0000, 0x0000,
  0x0000, 0x0000, 0x0000, 0x0000, 0x0000, 0x0000, 0x0000, 0x0000, 0x0000, 0x0000, 0x0000, 0x0000, 0x0000, 0x0000, 0x0000, 0x0000,
  0x0000, 0x0000, 0x0000, 0x0000, 0x0000, 0x0000, 0x0000, 0x0000, 0x0000, 0x0000, 0x31A6, 0x8C50, 0x8C51, 0x8C51, 0x8C51, 0x8C51,
  0x8C51, 0x8C51, 0x8C51, 0x8C51, 0x8C51, 0x8C51, 0x8C71, 0x7BCE, 0x0861, 0x0000, 0x0000, 0x0000, 0x0000, 0x0000, 0x0000, 0x0000,
  0x0000, 0x0000, 0x0000, 0x0000, 0x0000, 0x0000, 0x0000, 0x0000, 0x0000, 0x0000, 0x0000, 0x0000, 0x0000, 0x0000, 0x0000, 0x0020,
  0x4A89, 0x8C31, 0x8BF0, 0xC556, 0xBD36, 0xC556, 0x9410, 0x8C31, 0x6B8D, 0x2945, 0x0000, 0x0020, 0x0000, 0x0000, 0x0000, 0x0000,
  0x0000, 0x0000, 0x0000, 0x0000, 0x0000, 0x0000, 0x0000, 0x0000, 0x0000, 0x0000, 0x0000, 0x0000, 0x0000, 0x0000, 0x39C6, 0x94D2,
  0x8C71, 0x1903, 0x0000, 0x0000, 0x0000, 0x0000, 0x0000, 0x0000, 0x0000, 0x0000, 0x0000, 0x0000, 0x0000, 0x0000, 0x0000, 0x0000,
  0x0000, 0x0000, 0x0000, 0x0000, 0x0000, 0x0000, 0x0000, 0x0000, 0x0000, 0x0000, 0x0000, 0x0000, 0x0000, 0x0000, 0x0000, 0x0000,
  0x0000, 0x0000, 0x0000, 0x0000, 0x0000, 0x0000, 0x0000, 0x0000, 0x0000, 0x0000, 0x0000, 0x0000, 0x0000, 0x0000, 0x0000, 0x0000,
  0x0000, 0x0000, 0x0000, 0x0000, 0x0000, 0x0000, 0x0000, 0x0000, 0x0000, 0x0000, 0x0000, 0x0000, 0x0000, 0x0000, 0x0000, 0x0000,
  0x0000, 0x0000, 0x0000, 0x0000, 0x0000, 0x0000, 0x0000, 0x0000, 0x0000, 0x0000, 0x0000, 0x0000, 0x0000, 0x0000, 0x0000, 0x0000,
  0x0000, 0x0000, 0x0000, 0x0000, 0x0000, 0x0000, 0x0000, 0x0000, 0x0000, 0x0000, 0x0000, 0x0000, 0x0000, 0x0000, 0x0000, 0x0000,
  0x0000, 0x0000, 0x0000, 0x0000, 0x0000, 0x0000, 0x0000, 0x0000, 0x0000, 0x0000, 0x0000, 0x0000, 0x0000, 0x0000, 0x0000, 0x0000,
  0x0000, 0x0000, 0x0000, 0x0000, 0x0000, 0x0000, 0x0000, 0x0000, 0x0000, 0x0000, 0x0000, 0x0000, 0x0000, 0x0000, 0x0000, 0x0000,
  0x0000, 0x0000, 0x0000, 0x0000, 0x0000, 0x0000, 0x0000, 0x0000, 0x0000, 0x0000, 0x0000, 0x0000, 0x0000, 0x0000, 0x0000, 0x0000,
  0x0000, 0x0000, 0x0000, 0x0000, 0x0000, 0x0000, 0x0000, 0x0000, 0x0000, 0x0000, 0x0000, 0x0000, 0x0000, 0x0000, 0x0000, 0x0000,
  0x0000, 0x0000, 0x0000, 0x0000, 0x0000, 0x0000, 0x0000, 0x0000, 0x0000, 0x2103, 0xDE39, 0xCC15, 0xC373, 0xC394, 0xC394, 0xC373,
  0xC393, 0xCB94, 0xC3B4, 0xC3B4, 0xCBB4, 0xCBB4, 0xC393, 0xE5B8, 0xC5F7, 0x1082, 0x0000, 0x0000, 0x0000, 0x0000, 0x0000, 0x0000,
  0x0000, 0x0000, 0x0000, 0x0000, 0x0000, 0x0000, 0x0000, 0x0000, 0x0000, 0x0000, 0x0000, 0x0000, 0x0000, 0x0000, 0x31A6, 0xC5D7,
  0xDD58, 0xC353, 0xB271, 0xB1F0, 0xB1F0, 0xB1F0, 0xBA71, 0xBB33, 0xDD38, 0xE6DB, 0x52AA, 0x0000, 0x0020, 0x0000, 0x0000, 0x0000,
  0x0000, 0x0000, 0x0000, 0x0000, 0x0000, 0x0000, 0x0000, 0x0000, 0x0000, 0x0000, 0x0000, 0x0000, 0x0000, 0x7BEF, 0xE639, 0xD4D6,
  0xD4D6, 0xD5B7, 0x6B6C, 0x0000, 0x0000, 0x0000, 0x0000, 0x0000, 0x0000, 0x0000, 0x0000, 0x0000, 0x0000, 0x0000, 0x0000, 0x0000,
  0x0000, 0x0000, 0x0000, 0x0000, 0x0000, 0x0000, 0x0000, 0x0000, 0x0000, 0x0000, 0x0000, 0x0000, 0x0000, 0x0000, 0x0000, 0x0000,
  0x0000, 0x0000, 0x0000, 0x0000, 0x0000, 0x0000, 0x0000, 0x0000, 0x0000, 0x0000, 0x0000, 0x0000, 0x0000, 0x0000, 0x0000, 0x0000,
  0x0000, 0x0000, 0x0000, 0x0000, 0x0000, 0x0000, 0x0000, 0x0000, 0x0000, 0x0000, 0x0000, 0x0000, 0x0000, 0x0000, 0x0000, 0x0000,
  0x0000, 0x0000, 0x0000, 0x0000, 0x0000, 0x0000, 0x0000, 0x0000, 0x0000, 0x0000, 0x0000, 0x0000, 0x0000, 0x0000, 0x0000, 0x0000,
  0x0000, 0x0000, 0x0000, 0x0000, 0x0000, 0x0000, 0x0000, 0x0000, 0x0000, 0x0000, 0x0000, 0x0000, 0x0000, 0x0000, 0x0000, 0x0000,
  0x0000, 0x0000, 0x0000, 0x0000, 0x0000, 0x0000, 0x0000, 0x0000, 0x0000, 0x0000, 0x0000, 0x0000, 0x0000, 0x0000, 0x0000, 0x0000,
  0x0000, 0x0000, 0x0000, 0x0000, 0x0000, 0x0000, 0x0000, 0x0000, 0x0000, 0x0000, 0x0000, 0x0000, 0x0000, 0x0000, 0x0000, 0x0000,
  0x0000, 0x0000, 0x0000, 0x0000, 0x0000, 0x0000, 0x0000, 0x0000, 0x0000, 0x0000, 0x0000, 0x0000, 0x0000, 0x0000, 0x0000, 0x0000,
  0x0000, 0x0000, 0x0000, 0x0000, 0x0000, 0x0000, 0x0000, 0x0000, 0x0000, 0x0000, 0x0000, 0x0000, 0x0000, 0x0000, 0x0000, 0x0000,
  0x0000, 0x0000, 0x0000, 0x0000, 0x0000, 0x0000, 0x0000, 0x0020, 0x0000, 0x6B2C, 0xC3B3, 0xA94F, 0xB9D1, 0xB9B1, 0xB9B1, 0xB991,
  0xB990, 0xB1B1, 0xB1B1, 0xB1B1, 0xB1B1, 0xB1B1, 0xB1B0, 0x99AE, 0xFF1C, 0x3A07, 0x0000, 0x0000, 0x0000, 0x0000, 0x0000, 0x0000,
  0x0000, 0x0000, 0x0000, 0x0000, 0x0000, 0x0000, 0x0000, 0x0000, 0x0000, 0x0000, 0x0000, 0x0000, 0x0000, 0x632C, 0xF6DC, 0xBB12,
  0xA96F, 0xB190, 0xB1D0, 0xB9F1, 0xB9F1, 0xBA12, 0xB9D1, 0xB1B0, 0xA96F, 0xB2B1, 0xEE7B, 0x8430, 0x0000, 0x0000, 0x0000, 0x0000,
  0x0000, 0x0000, 0x0000, 0x0000, 0x0000, 0x0000, 0x0000, 0x0000, 0x0000, 0x0000, 0x0000, 0x0000, 0x31A6, 0xF67A, 0xA1CE, 0xA98F,
  0xA14E, 0xAA90, 0xD618, 0x0861, 0x0000, 0x0000, 0x0000, 0x0000, 0x0000, 0x0000, 0x0000, 0x0000, 0x0000, 0x0000, 0x0000, 0x0000,
  0x0000, 0x0000, 0x0000, 0x0000, 0x0000, 0x0000, 0x0000, 0x0000, 0x0000, 0x0000, 0x0000, 0x0000, 0x0000, 0x0000, 0x0000, 0x0000,
  0x0000, 0x0000, 0x0000, 0x0000, 0x0000, 0x0000, 0x0000, 0x0000, 0x0000, 0x0000, 0x0000, 0x0000, 0x0000, 0x0000, 0x0000, 0x0000,
  0x0000, 0x0000, 0x0000, 0x0000, 0x0000, 0x0000, 0x0000, 0x0000, 0x0000, 0x0000, 0x0000, 0x0000, 0x0000, 0x0000, 0x0000, 0x0000,
  0x0000, 0x0000, 0x0000, 0x0000, 0x0000, 0x0000, 0x0000, 0x0000, 0x0000, 0x0000, 0x0000, 0x0000, 0x0000, 0x0000, 0x0000, 0x0000,
  0x0000, 0x0000, 0x0000, 0x0000, 0x0000, 0x0000, 0x0000, 0x0000, 0x0000, 0x0000, 0x0000, 0x0000, 0x0000, 0x0000, 0x0000, 0x0000,
  0x0000, 0x0000, 0x0000, 0x0000, 0x0000, 0x0000, 0x0000, 0x0000, 0x0000, 0x0000, 0x0000, 0x0000, 0x0000, 0x0000, 0x0000, 0x0000,
  0x0000, 0x0000, 0x0000, 0x0000, 0x0000, 0x0000, 0x0000, 0x0000, 0x0000, 0x0000, 0x0000, 0x0000, 0x0000, 0x0000, 0x0000, 0x0000,
  0x0000, 0x0000, 0x0000, 0x0000, 0x0000, 0x0000, 0x0000, 0x0000, 0x0000, 0x0000, 0x0000, 0x0000, 0x0000, 0x0000, 0x0000, 0x0000,
  0x0000, 0x0000, 0x0000, 0x0000, 0x0000, 0x0000, 0x0000, 0x0000, 0x0000, 0x0000, 0x0000, 0x0000, 0x0000, 0x0000, 0x0000, 0x0000,
  0x0000, 0x0000, 0x0000, 0x0000, 0x0000, 0x0000, 0x0000, 0x0000, 0x0000, 0x9C72, 0xBAD2, 0xC1F2, 0xC212, 0xC212, 0xC232, 0xC212,
  0xC212, 0xC212, 0xC212, 0xC212, 0xC212, 0xC232, 0xC253, 0xA9D0, 0xE61A, 0x52AA, 0x0000, 0x0000, 0x0000, 0x0000, 0x0000, 0x0000,
  0x0000, 0x0000, 0x0000, 0x0000, 0x0000, 0x0000, 0x0000, 0x0000, 0x0000, 0x0000, 0x0000, 0x0000, 0x2144, 0xEEFC, 0xB291, 0xB16F,
  0xC212, 0xBA11, 0xBA11, 0xB9F1, 0xB9D1, 0xB9F1, 0xC212, 0xC212, 0xC232, 0xB9D1, 0xA20F, 0xFF3E, 0x31A6, 0x0000, 0x0000, 0x0000,
  0x0000, 0x0000, 0x0000, 0x0000, 0x0000, 0x0000, 0x0000, 0x0000, 0x0000, 0x0000, 0x0000, 0x0000, 0x4A48, 0xCC75, 0xA98F, 0xC232,
  0xBA11, 0xA1AF, 0xE61A, 0x4268, 0x0000, 0x0000, 0x0000, 0x0000, 0x0000, 0x0000, 0x0000, 0x0000, 0x0000, 0x0000, 0x0000, 0x0000,
  0x0000, 0x0000, 0x0000, 0x0000, 0x0000, 0x0000, 0x0000, 0x0000, 0x0000, 0x0000, 0x0000, 0x0000, 0x0000, 0x0000, 0x0000, 0x0000,
  0x0000, 0x0000, 0x0000, 0x0000, 0x0000, 0x0000, 0x0000, 0x0000, 0x0000, 0x0000, 0x0000, 0x0000, 0x0000, 0x0000, 0x0000, 0x0000,
  0x0000, 0x0000, 0x0000, 0x0000, 0x0000, 0x0000, 0x0000, 0x0000, 0x0000, 0x0000, 0x0000, 0x0000, 0x0000, 0x0000, 0x0000, 0x0000,
  0x0000, 0x0000, 0x0000, 0x0000, 0x0000, 0x0000, 0x0000, 0x0000, 0x0000, 0x0000, 0x0000, 0x0000, 0x0000, 0x0000, 0x0000, 0x0000,
  0x0000, 0x0000, 0x0000, 0x0020, 0x0000, 0x0000, 0x0000, 0x0000, 0x0000, 0x0000, 0x0000, 0x0000, 0x0000, 0x0000, 0x0020, 0x0000,
  0x0000, 0x0000, 0x0000, 0x0000, 0x0000, 0x0020, 0x0000, 0x0000, 0x0000, 0x0000, 0x0000, 0x0000, 0x0000, 0x0000, 0x0000, 0x0000,
  0x0000, 0x0020, 0x0000, 0x0000, 0x0000, 0x0000, 0x0000, 0x0000, 0x0000, 0x0000, 0x0000, 0x0000, 0x0000, 0x0000, 0x0000, 0x0000,
  0x0000, 0x0000, 0x0000, 0x0000, 0x0000, 0x0000, 0x0000, 0x0000, 0x0000, 0x0000, 0x0000, 0x0000, 0x0000, 0x0000, 0x0000, 0x0000,
  0x0000, 0x0000, 0x0000, 0x0000, 0x0000, 0x0000, 0x0000, 0x0000, 0x0000, 0x0000, 0x0000, 0x0000, 0x0000, 0x0000, 0x0000, 0x0000,
  0x0000, 0x0000, 0x0000, 0x0000, 0x0000, 0x0000, 0x0000, 0x0000, 0x18E3, 0xDE7A, 0xB231, 0xC1F2, 0xC212, 0xB9F2, 0xB9B1, 0xB1B0,
  0xB1B0, 0xA990, 0xA9B0, 0xB1B0, 0xB1B0, 0xB1D0, 0xB1B0, 0xA20F, 0xF6FC, 0x2965, 0x0000, 0x0000, 0x0000, 0x0000, 0x0000, 0x0000,
  0x0000, 0x0000, 0x0000, 0x0000, 0x0000, 0x0000, 0x0000, 0x0000, 0x0000, 0x0000, 0x0000, 0x0000, 0xBDD6, 0xC3D4, 0xB18F, 0xC212,
  0xB9F1, 0xB9F1, 0xA9AF, 0xBA51, 0xC2D2, 0xBA51, 0xB1B0, 0xB9F1, 0xC212, 0xC232, 0xA990, 0xCC56, 0xC638, 0x0000, 0x0000, 0x0000,
  0x0000, 0x0000, 0x0000, 0x0000, 0x0000, 0x0000, 0x0000, 0x0000, 0x0000, 0x0000, 0x0000, 0x0000, 0x4A48, 0xD476, 0xB1B0, 0xC232,
  0xBA11, 0xA9D0, 0xEE3B, 0x5AEB, 0x0000, 0x0820, 0x0000, 0x0000, 0x0000, 0x0000, 0x0000, 0x0000, 0x0000, 0x0000, 0x0000, 0x0000,
  0x0000, 0x0000, 0x0000, 0x0000, 0x0000, 0x0000, 0x0000, 0x0000, 0x0000, 0x0000, 0x0000, 0x0000, 0x0000, 0x0000, 0x0000, 0x0000,
  0x0000, 0x0000, 0x0000, 0x0000, 0x0000, 0x0000, 0x0000, 0x0000, 0x0000, 0x0000, 0x0000, 0x0000, 0x0000, 0x0000, 0x0000, 0x0000,
  0x0000, 0x0000, 0x0000, 0x0000, 0x0000, 0x0000, 0x0000, 0x0000, 0x0000, 0x0000, 0x0000, 0x0000, 0x0000, 0x0000, 0x0000, 0x0000,
  0x0000, 0x0000, 0x0000, 0x0000, 0x0000, 0x0000, 0x0000, 0x0000, 0x0000, 0x0000, 0x0000, 0x0000, 0x0000, 0x0000, 0x0020, 0x0881,
  0x0861, 0x0861, 0x0000, 0x0000, 0x0000, 0x0000, 0x0000, 0x0000, 0x0000, 0x0000, 0x0000, 0x0000, 0x0000, 0x0000, 0x0000, 0x0020,
  0x0861, 0x0861, 0x0861, 0x0861, 0x0020, 0x0000, 0x0000, 0x0000, 0x0000, 0x0000, 0x0000, 0x0000, 0x0000, 0x0000, 0x0000, 0x0861,
  0x0000, 0x0000, 0x0000, 0x0000, 0x0000, 0x0861, 0x0881, 0x0000, 0x0000, 0x0000, 0x0000, 0x0000, 0x0000, 0x0000, 0x0000, 0x0000,
  0x0000, 0x0041, 0x0881, 0x0861, 0x0000, 0x0000, 0x0000, 0x0000, 0x0000, 0x0000, 0x0000, 0x0000, 0x0000, 0x0000, 0x0000, 0x0000,
  0x0000, 0x0000, 0x0000, 0x0000, 0x0000, 0x0881, 0x0861, 0x0861, 0x0000, 0x0000, 0x0000, 0x0000, 0x0000, 0x0000, 0x0020, 0x0881,
  0x0861, 0x0861, 0x0000, 0x0000, 0x0000, 0x0000, 0x0000, 0x0000, 0x1903, 0xDE19, 0xB1D0, 0xC212, 0xC212, 0xB1D1, 0xC394, 0xBBF4,
  0xB3B3, 0xB3B3, 0xB3B2, 0xB3B3, 0xBBD3, 0xBBD3, 0xB3B2, 0xD577, 0x8C71, 0x0000, 0x0000, 0x0000, 0x0000, 0x0000, 0x0000, 0x0000,
  0x0000, 0x0861, 0x0881, 0x0881, 0x0861, 0x0000, 0x0000, 0x0000, 0x0000, 0x0000, 0x0000, 0x31A6, 0xE67A, 0xA9AF, 0xC212, 0xC212,
  0xBA11, 0xB210, 0xCC55, 0xACD4, 0x83D0, 0xB4D4, 0xBB32, 0xB1B0, 0xC212, 0xC212, 0xC1F2, 0xB271, 0xEEFC, 0x2124, 0x0000, 0x0000,
  0x0000, 0x0000, 0x0000, 0x0000, 0x0000, 0x0000, 0x0000, 0x0000, 0x0000, 0x0000, 0x0000, 0x0000, 0x39E7, 0xD4B7, 0xB1B0, 0xC252,
  0xBA11, 0xA9D0, 0xF67C, 0x4A89, 0x0000, 0x0000, 0x0000, 0x0000, 0x0000, 0x0000, 0x0861, 0x0000, 0x0000, 0x0000, 0x0000, 0x0000,
  0x0000, 0x0000, 0x0000, 0x0000, 0x0000, 0x0861, 0x0040, 0x0000, 0x0000, 0x0000, 0x0000, 0x0000, 0x0000, 0x0000, 0x0000, 0x0000,
  0x0000, 0x0000, 0x0000, 0x0000, 0x0000, 0x0000, 0x0000, 0x0000, 0x0000, 0x0000, 0x0000, 0x0000, 0x0000, 0x0000, 0x0000, 0x0000,
  0x0000, 0x0000, 0x0000, 0x0000, 0x0000, 0x0000, 0x0000, 0x0000, 0x0000, 0x0000, 0x0000, 0x0000, 0x0000, 0x0000, 0x0000, 0x0000,
  0x0000, 0x0000, 0x0000, 0x0000, 0x0000, 0x0000, 0x0000, 0x0000, 0x0000, 0x0000, 0x0000, 0x0861, 0x632C, 0x9CD3, 0xBD35, 0xCD77,
  0xC556, 0xD5D8, 0xB555, 0x6B8E, 0x10C3, 0x0000, 0x0020, 0x0000, 0x0000, 0x0000, 0x0000, 0x0000, 0x0000, 0x2965, 0x7BCF, 0xD639,
  0xCDD8, 0xCD56, 0xCD56, 0xD5D8, 0xD659, 0x7BEF, 0x2124, 0x0000, 0x0000, 0x0000, 0x0000, 0x0000, 0x0000, 0x3186, 0xD679, 0xDE18,
  0xCDF7, 0x6B6D, 0x4208, 0x31A6, 0x8C31, 0xCDD8, 0xC556, 0xBD76, 0x632C, 0x0000, 0x0000, 0x0000, 0x0000, 0x0020, 0x4A89, 0x62EC,
  0x8BB0, 0xB4B4, 0xCD56, 0xCD97, 0x9C92, 0x52AA, 0x0041, 0x0000, 0x0000, 0x0000, 0x0000, 0x0000, 0x0000, 0x5AEB, 0x9C52, 0x9431,
  0x5ACB, 0x0041, 0x31C6, 0x5AEB, 0xA493, 0xCD77, 0xC4F5, 0xCDF8, 0xA4F3, 0x39E7, 0x0000, 0x0000, 0x18E3, 0x6B6D, 0xBD56, 0xCD57,
  0xC536, 0xD619, 0xA513, 0x2124, 0x0000, 0x0000, 0x0000, 0x0000, 0x4A69, 0xDD97, 0xA16F, 0xC1F3, 0xC1F2, 0xB1F0, 0xF71D, 0x52CA,
  0x2104, 0x2144, 0x2124, 0x2124, 0x2104, 0x2104, 0x2124, 0x1903, 0x0000, 0x0000, 0x0000, 0x0000, 0x0000, 0x0000, 0x1904, 0x6B4D,
  0xAD14, 0xCDB8, 0xCD77, 0xCD76, 0xD619, 0x8C10, 0x4A8A, 0x0041, 0x0000, 0x0020, 0x0000, 0x6B6D, 0xD517, 0xA96E, 0xC212, 0xC212,
  0xB1B0, 0xCC35, 0xA513, 0x0000, 0x0000, 0x0061, 0xCDD8, 0xBA71, 0xC1D1, 0xC1F2, 0xC1F2, 0xB1D0, 0xDDB8, 0x2985, 0x0000, 0x0000,
  0x0000, 0x0000, 0x0000, 0x0000, 0x0000, 0x0000, 0x0000, 0x0000, 0x0000, 0x0000, 0x0020, 0x4248, 0xAD75, 0xCC56, 0xB9D1, 0xC253,
  0xBA11, 0xB1D0, 0xEDFB, 0xA4F4, 0x4A08, 0x528A, 0x39E6, 0x0000, 0x5AEB, 0xCE18, 0xDE18, 0xBDB7, 0x6B4C, 0x0000, 0x0000, 0x0000,
  0x0000, 0x0000, 0x0000, 0x2124, 0xB5B6, 0xDE7A, 0xD658, 0xA513, 0x3186, 0x0000, 0x0000, 0x0000, 0x0000, 0x0000, 0x0000, 0x0000,
  0x0000, 0x0000, 0x0000, 0x0000, 0x0000, 0x0000, 0x0000, 0x0000, 0x0000, 0x0000, 0x0000, 0x0000, 0x0000, 0x0000, 0x0000, 0x0000,
  0x0000, 0x0000, 0x0000, 0x0000, 0x0000, 0x0000, 0x0000, 0x0000, 0x0000, 0x0000, 0x0000, 0x0000, 0x0000, 0x0000, 0x0000, 0x0000,
  0x0000, 0x0000, 0x0000, 0x0000, 0x0000, 0x0000, 0x0000, 0x0000, 0x0000, 0x0000, 0x630B, 0xDE7A, 0xD4D6, 0xC374, 0xBA91, 0xBA51,
  0xBA51, 0xBA71, 0xC333, 0xD4D7, 0xD619, 0x4A69, 0x0000, 0x0000, 0x0000, 0x0000, 0x0000, 0x0000, 0x7C0F, 0xEEBB, 0xD4B7, 0xBB12,
  0xBA71, 0xB251, 0xBA71, 0xBA91, 0xBB13, 0xD4F8, 0xDE39, 0x632C, 0x0000, 0x0020, 0x0000, 0x0000, 0x2965, 0xDDF8, 0xB311, 0xB270,
  0xB291, 0xEE1A, 0xFFFF, 0xDDD9, 0xBB33, 0xBA51, 0xBA72, 0xBAD2, 0xE61A, 0x4A89, 0x0000, 0x0000, 0x3A07, 0xBD35, 0xD4D7, 0xC313,
  0xBA92, 0xB231, 0xB210, 0xB231, 0xC313, 0xCC76, 0xCDD7, 0x4A69, 0x0000, 0x0020, 0x0000, 0x0000, 0x736D, 0xED99, 0xBAB2, 0xC2B2,
  0xCC14, 0xDEDB, 0xF71C, 0xCC76, 0xBA92, 0xB211, 0xB231, 0xBA71, 0xC394, 0xE61A, 0x6B6D, 0x3A08, 0xB4B5, 0xD415, 0xBA92, 0xBA51,
  0xBA51, 0xBA72, 0xC3B4, 0xE65A, 0x52CA, 0x0000, 0x0020, 0x0000, 0x6B6D, 0xDD57, 0xA14E, 0xC1F2, 0xB9D2, 0xA1AF, 0xFF7E, 0x31A6,
  0x0000, 0x0000, 0x0000, 0x0000, 0x0000, 0x0000, 0x0000, 0x0000, 0x0000, 0x0000, 0x0000, 0x0000, 0x0841, 0x8450, 0xCD98, 0xD476,
  0xC313, 0xBA51, 0xB231, 0xB231, 0xB271, 0xC353, 0xD517, 0xC5B7, 0x39E7, 0x0000, 0x0000, 0x6B6D, 0xEE1A, 0xA18E, 0xB9F1, 0xB9F1,
  0x994E, 0xEE5A, 0x39E7, 0x0000, 0x0841, 0x0000, 0x840F, 0xCBD4, 0xB170, 0xB9F1, 0xC1F2, 0xB1B0, 0xDD77, 0x2985, 0x0000, 0x0000,
  0x0000, 0x0000, 0x0000, 0x0000, 0x0000, 0x0000, 0x0000, 0x0000, 0x0000, 0x0841, 0x9C72, 0xCC15, 0xC354, 0xBA72, 0xC232, 0xC232,
  0xBA32, 0xBA12, 0xBA71, 0xCB33, 0xCB13, 0xCBB4, 0xE67A, 0x52AA, 0xCCB5, 0xBAD1, 0xBA71, 0xC353, 0xF6BB, 0x31A6, 0x0000, 0x0000,
  0x0000, 0x0000, 0x2965, 0xEF1C, 0xCC55, 0xBAB1, 0xBAB1, 0xD4D6, 0xEF3C, 0x10A2, 0x0000, 0x0000, 0x0000, 0x0000, 0x0000, 0x0000,
  0x0000, 0x0000, 0x0000, 0x0000, 0x0000, 0x0000, 0x0000, 0x0000, 0x0000, 0x0000, 0x0000, 0x0000, 0x0000, 0x0000, 0x0000, 0x0000,
  0x0000, 0x0000, 0x0000, 0x0000, 0x0000, 0x0000, 0x0000, 0x0000, 0x0000, 0x0000, 0x0000, 0x0000, 0x0000, 0x0000, 0x0000, 0x0000,
  0x0000, 0x0000, 0x0000, 0x0000, 0x0000, 0x0000, 0x0000, 0x0000, 0x0000, 0x7BEF, 0xEE3A, 0xAA70, 0xA96F, 0xB1B0, 0xBA11, 0xC232,
  0xC252, 0xC232, 0xB9F1, 0xA98F, 0xB291, 0xE5D9, 0x840F, 0x0000, 0x0000, 0x0000, 0x0000, 0xA534, 0xEDDA, 0xAA30, 0xA98F, 0xB9F1,
  0xC232, 0xC252, 0xC252, 0xC232, 0xB9F1, 0xA98F, 0xAA30, 0xEDFA, 0x6B6D, 0x0000, 0x0020, 0x0000, 0xA534, 0xCC35, 0xA92E, 0xC1F1,
  0xB16F, 0xB2F2, 0xE5FB, 0xA9EF, 0xB9B0, 0xC212, 0xCA32, 0xB9D1, 0xC3B4, 0xAD55, 0x0020, 0x94B2, 0xE5D9, 0xB291, 0xA96F, 0xB190,
  0xB9F1, 0xC212, 0xC212, 0xB9F1, 0xB9B0, 0xA96F, 0xB291, 0xE63A, 0x4A69, 0x0000, 0x0000, 0x0000, 0xBD35, 0xB231, 0xB170, 0xB9B0,
  0xA16E, 0xE539, 0xB2F2, 0xA14F, 0xB9F2, 0xC212, 0xC212, 0xC232, 0xB9F1, 0x99AF, 0xEE9C, 0xE5FA, 0xB231, 0xB1D1, 0xC232, 0xC232,
  0xC232, 0xC212, 0xB9D1, 0xAA30, 0xDE19, 0x2144, 0x0000, 0x0000, 0x634C, 0xD4B6, 0xA14F, 0xC1F2, 0xB9B1, 0xAA50, 0xB555, 0x0841,
  0x0020, 0x2985, 0x08A2, 0x0020, 0x0000, 0x0000, 0x0000, 0x0000, 0x0000, 0x0000, 0x0000, 0x0861, 0xBD96, 0xCC76, 0xA9CF, 0xB1B0,
  0xB9F1, 0xC212, 0xC232, 0xC232, 0xBA12, 0xB9D1, 0xA98F, 0xB2D1, 0xEE9B, 0x4A69, 0x0000, 0x2104, 0xAD55, 0xB474, 0xA330, 0x9AAF,
  0xA3F1, 0x9491, 0x1082, 0x0020, 0x0841, 0x0000, 0x738D, 0xD3F5, 0xB170, 0xB9F1, 0xC1F2, 0xB1B0, 0xD537, 0x2145, 0x0000, 0x0000,
  0x0000, 0x0000, 0x0000, 0x0000, 0x0000, 0x0000, 0x0000, 0x0000, 0x0000, 0x4208, 0xC434, 0xA96F, 0xC211, 0xC212, 0xC211, 0xC211,
  0xC212, 0xBA11, 0xB9F1, 0xB9D1, 0xC1D1, 0xA12E, 0xC454, 0xEEFC, 0xA1CF, 0xB9B0, 0xB9D0, 0xA12E, 0xC3B4, 0xC5F7, 0x0000, 0x0000,
  0x0020, 0x0000, 0x6B6D, 0xE5B9, 0xA12D, 0xC211, 0xC211, 0x998D, 0xE65A, 0x4228, 0x0000, 0x0000, 0x0000, 0x0000, 0x0000, 0x0000,
  0x0000, 0x0000, 0x0000, 0x0000, 0x0000, 0x0000, 0x0000, 0x0000, 0x0000, 0x0000, 0x0000, 0x0000, 0x0000, 0x0000, 0x0000, 0x0000,
  0x0000, 0x0000, 0x0000, 0x0000, 0x0000, 0x0000, 0x0000, 0x0000, 0x0000, 0x0000, 0x0000, 0x0000, 0x0000, 0x0000, 0x0000, 0x0000,
  0x0000, 0x0000, 0x0000, 0x0000, 0x0000, 0x0000, 0x0000, 0x0000, 0x2985, 0xEE5B, 0xA1EF, 0xA9AF, 0xB9F1, 0xB9F0, 0xB9F0, 0xB1B0,
  0xB1B0, 0xBA11, 0xBA11, 0xBA11, 0xB9D1, 0xA1AF, 0xF67B, 0x3A07, 0x0000, 0x0000, 0x8C91, 0xEE1A, 0x992D, 0xB9D1, 0xBA11, 0xBA11,
  0xB9F1, 0xB1D0, 0xB9F1, 0xBA11, 0xBA11, 0xBA11, 0xB9D0, 0xA18E, 0xEE3A, 0x52CA, 0x0000, 0x0000, 0xB5B6, 0xC3B4, 0xB18F, 0xC212,
  0xB9D1, 0xBA72, 0xBA92, 0xB1B0, 0xBA11, 0xB9F1, 0xBA11, 0xB9D1, 0xC373, 0xA4F3, 0x73AE, 0xFF3E, 0xA18E, 0xB190, 0xB9F1, 0xB9D1,
  0xB9B1, 0xB190, 0xB1B0, 0xB9D1, 0xB9F1, 0xB9F1, 0xB9B0, 0xAA10, 0xE67A, 0x4A69, 0x0000, 0x0020, 0xB473, 0xC211, 0xC1D1, 0xB9F1,
  0xC212, 0xB1F1, 0xB1D1, 0xB9D1, 0xB1D1, 0xB9F1, 0xBA12, 0xBA12, 0xC232, 0xB9D1, 0xB231, 0xB231, 0xB9D1, 0xB9F1, 0xB9D1, 0xBA11,
  0xB9F2, 0xC212, 0xC233, 0xB170, 0xCB94, 0xBDD7, 0x0000, 0x0000, 0x634C, 0xCC55, 0xA94F, 0xC212, 0xB991, 0xB2F2, 0xE71C, 0xA4F4,
  0xAC73, 0xDDB8, 0xBC94, 0xB4B4, 0x9CB2, 0x4248, 0x0000, 0x0000, 0x0000, 0x0000, 0x0000, 0xB5B6, 0xDD17, 0xA12E, 0xB9D1, 0xB9F1,
  0xB9D1, 0xB1B0, 0xB1B0, 0xB1B0, 0xB9D1, 0xB9F1, 0xB9F1, 0xA990, 0xAA50, 0xF6FB, 0x39E7, 0x0000, 0x0000, 0x0041, 0x0040, 0x0040,
  0x0041, 0x0000, 0x0000, 0x0000, 0x0000, 0x0020, 0xC5D7, 0xBAB2, 0xB9D1, 0xB9F1, 0xB9D1, 0xBA52, 0xBD35, 0x0000, 0x0000, 0x0000,
  0x0000, 0x0000, 0x0000, 0x0000, 0x0000, 0x0000, 0x0000, 0x0020, 0x0000, 0x6B4D, 0xC3F4, 0xA98F, 0xBA11, 0xB9F1, 0xBA11, 0xBA11,
  0xBA11, 0xB9F1, 0xB9F1, 0xB9F0, 0xB9F0, 0xA96E, 0xB351, 0xEEBC, 0xB230, 0xB9F1, 0xB1F0, 0xB9F1, 0xB291, 0xCDB7, 0x2124, 0x0000,
  0x0020, 0x0000, 0x9CF3, 0xC3B4, 0xA96F, 0xBA11, 0xB9F1, 0xA9CF, 0xDE3A, 0x2985, 0x0000, 0x0000, 0x0000, 0x0000, 0x0000, 0x0000,
  0x0000, 0x0000, 0x0000, 0x0000, 0x0000, 0x0000, 0x0000, 0x0000, 0x0000, 0x0000, 0x0000, 0x0000, 0x0000, 0x0000, 0x0000, 0x0000,
  0x0000, 0x0000, 0x0000, 0x0000, 0x0000, 0x0000, 0x0000, 0x0000, 0x0000, 0x0000, 0x0000, 0x0000, 0x0000, 0x0000, 0x0000, 0x0000,
  0x0000, 0x0000, 0x0000, 0x0000, 0x0000, 0x0000, 0x0000, 0x0040, 0xCDF8, 0xBB53, 0xB1D0, 0xBA11, 0xBA11, 0xB9F0, 0xA9CF, 0xBB33,
  0xC374, 0xB231, 0xBA12, 0xC232, 0xC252, 0xB9B0, 0xBB33, 0xBDB6, 0x0000, 0x4208, 0xFF7E, 0xAA30, 0xB9F1, 0xC212, 0xC212, 0xB9F1,
  0xAA10, 0xC353, 0xC333, 0xAA10, 0xBA11, 0xC232, 0xC232, 0xB9F1, 0xC333, 0xC5B6, 0x0000, 0x0000, 0xB596, 0xCBD4, 0xB18F, 0xC212,
  0xC1F2, 0xB9F1, 0xB9F1, 0xB9F1, 0xB1B0, 0xB1D0, 0xB9D1, 0xB1B0, 0xD4D6, 0xE71B, 0xE6DB, 0xB2B1, 0xB9D1, 0xB9F1, 0xC212, 0xB9D0,
  0xBAD2, 0xCC56, 0xCC36, 0xBAF2, 0xB9D1, 0xC212, 0xCA32, 0xB170, 0xC373, 0xC617, 0x0000, 0x0000, 0xAC32, 0xC232, 0xC1D2, 0xC1F2,
  0xC212, 0xC212, 0xB9F1, 0xB251, 0xC2F3, 0xB1F0, 0xB9F2, 0xC212, 0xC212, 0xC212, 0xC212, 0xC1F2, 0xB1D1, 0xB271, 0xC313, 0xB1F0,
  0xB9F1, 0xC212, 0xC1F2, 0xC1F2, 0xBA32, 0xB473, 0x0040, 0x0000, 0x5B0B, 0xCC15, 0xB170, 0xC213, 0xB9B1, 0xCB75, 0xDCF8, 0xBAB2,
  0xBA31, 0xB1D0, 0xBA11, 0xBA51, 0xBAF2, 0xDD37, 0xAD34, 0x10C3, 0x0000, 0x0000, 0x2945, 0xEEBC, 0xAA30, 0xC232, 0xB9F1, 0xB9F1,
  0xBA71, 0xCC35, 0xCCB6, 0xC455, 0xBAB2, 0xB1D0, 0xBA12, 0xC232, 0xA16F, 0xDD37, 0x6B6C, 0x0000, 0x0020, 0x0000, 0x0000, 0x0000,
  0x0000, 0x0841, 0x5AEA, 0x9492, 0x8C92, 0xBD97, 0xC3B4, 0xB1B0, 0xC212, 0xC212, 0xA96F, 0xD456, 0x9CF3, 0x0000, 0x0000, 0x0000,
  0x0000, 0x0000, 0x0000, 0x0000, 0x0000, 0x0000, 0x0000, 0x0000, 0x0000, 0x2965, 0xD557, 0xBA71, 0xB210, 0xB9F1, 0xB9F1, 0xBA11,
  0xB9F1, 0xB9F1, 0xB1F0, 0xB210, 0xBA71, 0xAA0F, 0xDD98, 0xA514, 0xBB73, 0xB9B0, 0xBA11, 0xC232, 0xA9CF, 0xEE1B, 0x4A69, 0x0000,
  0x0020, 0x0000, 0xB556, 0xBAB1, 0xB1AF, 0xBA11, 0xB9D0, 0xB2B1, 0xD639, 0x0000, 0x0000, 0x0000, 0x0000, 0x0000, 0x0000, 0x0000,
  0x0000, 0x0000, 0x0000, 0x0000, 0x0000, 0x0000, 0x0000, 0x0000, 0x0000, 0x0000, 0x0000, 0x0000, 0x0000, 0x0000, 0x0000, 0x0000,
  0x0000, 0x0000, 0x0000, 0x0000, 0x0000, 0x0000, 0x0000, 0x0000, 0x0000, 0x0000, 0x0000, 0x0000, 0x0000, 0x0000, 0x0000, 0x0000,
  0x0000, 0x0000, 0x0000, 0x0000, 0x0000, 0x0000, 0x0000, 0x4228, 0xDD78, 0xA9AF, 0xC252, 0xBA11, 0xB9F1, 0xB271, 0xDDD9, 0x9CB3,
  0x8430, 0xDDFA, 0xBA91, 0xC232, 0xC252, 0xBA11, 0xB211, 0xDDD9, 0x0041, 0xBDD6, 0xD4F7, 0xB1B0, 0xC211, 0xB9F2, 0xB9D1, 0xBA91,
  0xD578, 0xAD55, 0xB556, 0xD557, 0xB251, 0xC232, 0xC232, 0xC232, 0xB1F0, 0xC4B6, 0x2985, 0x0000, 0xB596, 0xC3B4, 0xB1B0, 0xC212,
  0xC1F2, 0xB9F1, 0xB9F1, 0xB1F0, 0xCBF5, 0xCCB6, 0xC475, 0xB433, 0xC5D7, 0xFFFF, 0xCCD6, 0xA96F, 0xBA11, 0xB9F1, 0xB1B0, 0xD416,
  0xA4F4, 0x52CA, 0x4248, 0xCE19, 0xCBB5, 0xB9D1, 0xC212, 0xB9D1, 0xA9B0, 0xE5F9, 0x1903, 0x4208, 0xE5F9, 0xB1B0, 0xC1D2, 0xC1F2,
  0xC232, 0xB9F1, 0xC394, 0xDE5A, 0xAD35, 0xDDB9, 0xBA92, 0xC212, 0xC212, 0xC1F2, 0xC1F2, 0xB1B0, 0xC3B4, 0xE69B, 0xB555, 0xDD99,
  0xB231, 0xC1F2, 0xC1F2, 0xC1F2, 0xB1B1, 0xC455, 0x2965, 0x0000, 0x94B2, 0xC3B4, 0xB190, 0xC1F2, 0xC1F2, 0xB9D1, 0xB190, 0xB1B0,
  0xB9D1, 0xB9F1, 0xB9F1, 0xB9F2, 0xB1B0, 0xA14E, 0xCBD4, 0xCDF8, 0x18E3, 0x0000, 0x632C, 0xE579, 0xB1B0, 0xC232, 0xB9F1, 0xB1F1,
  0xDD79, 0x6B6D, 0x2144, 0x31C7, 0xC577, 0xB291, 0xA96F, 0xB9D1, 0x990D, 0xCC95, 0x6B6C, 0x0000, 0x0020, 0x0000, 0x0000, 0x0000,
  0x0841, 0xA4D2, 0xD4F7, 0xCBB4, 0xCBB4, 0xBA92, 0xA96F, 0xB9F1, 0xC212, 0xB1B0, 0xAA71, 0xF71C, 0x31A6, 0x0000, 0x0000, 0x0000,
  0x0020, 0x0020, 0x0020, 0x0020, 0x0020, 0x0020, 0x0020, 0x0020, 0x0020, 0x0000, 0x4228, 0xACB4, 0xEE7C, 0xCBB5, 0xB1B0, 0xBA12,
  0xB9F1, 0xB1B0, 0xE4F8, 0xCD98, 0x93D1, 0xB515, 0x6B4D, 0x10C2, 0xCD37, 0xB1F0, 0xBA11, 0xC232, 0xB1B0, 0xD496, 0x73AE, 0x0000,
  0x0000, 0x31A6, 0xDDB9, 0xA9AF, 0xB1D0, 0xC211, 0xB18F, 0xD455, 0x8410, 0x0000, 0x0000, 0x0000, 0x0000, 0x0000, 0x0000, 0x0000,
  0x0000, 0x0000, 0x0000, 0x0000, 0x0000, 0x0000, 0x0000, 0x0000, 0x0000, 0x0000, 0x0000, 0x0000, 0x0000, 0x0000, 0x0000, 0x0000,
  0x0000, 0x0000, 0x0000, 0x0000, 0x0000, 0x0000, 0x0000, 0x0000, 0x0000, 0x0000, 0x0000, 0x0000, 0x0000, 0x0000, 0x0000, 0x0000,
  0x0000, 0x0000, 0x0000, 0x0000, 0x0000, 0x0000, 0x0000, 0xC5F7, 0xBB53, 0xB9D1, 0xC232, 0xB9F1, 0xA9AF, 0xDD99, 0x5B2C, 0x0000,
  0x0000, 0x842F, 0xE538, 0xA98F, 0xCA52, 0xB9F1, 0xB1D0, 0xCCB6, 0x2965, 0xAD14, 0xC353, 0xB9D1, 0xC212, 0xC1F2, 0xA9B0, 0xDD79,
  0x4248, 0x0000, 0x0000, 0x39E7, 0xD4F7, 0xB9F1, 0xC212, 0xC232, 0xB9F1, 0xC394, 0x9CB2, 0x0000, 0xBDD7, 0xC394, 0xB1B0, 0xC212,
  0xC212, 0xB9F1, 0xB1F0, 0xD537, 0x73AE, 0x10E3, 0x18E3, 0x10A2, 0x0020, 0xA4F3, 0xB312, 0xB190, 0xB9F1, 0xA990, 0xAA51, 0x9431,
  0x0020, 0x0000, 0x0000, 0x18E3, 0xCD98, 0xBA11, 0xC212, 0xB9F1, 0xB170, 0xDCB7, 0x4A48, 0x8C91, 0xEE1A, 0xB1B0, 0xC1D2, 0xC1F2,
  0xC212, 0xB251, 0xD5F9, 0x2165, 0x0000, 0x636D, 0xDCF8, 0xB1B1, 0xC212, 0xC1F2, 0xC1D2, 0xBA92, 0xCDF7, 0x18E3, 0x0000, 0x9CF2,
  0xDCB7, 0xB170, 0xC1F2, 0xC213, 0xB9B1, 0xC455, 0x3185, 0x0000, 0xB575, 0xC353, 0xB190, 0xC1F2, 0xC1F2, 0xB9D2, 0xC1F2, 0xB191,
  0xA970, 0xB190, 0xB9F2, 0xB9F2, 0xB9F1, 0xC232, 0xA990, 0xC3F5, 0xD69A, 0x1082, 0xCE99, 0xD4B7, 0xB1D0, 0xC232, 0xB9F2, 0xB211,
  0xE61A, 0x10E3, 0x0000, 0x0000, 0x31C6, 0xE639, 0xBB12, 0xBAF2, 0xB331, 0xDE18, 0x4A48, 0x0000, 0x0000, 0x0000, 0x0000, 0x0000,
  0x2965, 0xCD16, 0x990D, 0xB1B0, 0xB190, 0xB9D1, 0xC212, 0xB9F2, 0xBA12, 0xC333, 0xEEDC, 0x52AA, 0x0000, 0x0000, 0x0000, 0x0000,
  0x0000, 0x0000, 0x0000, 0x0000, 0x0000, 0x0000, 0x0000, 0x0000, 0x0000, 0x0000, 0x0000, 0x0000, 0x6B6D, 0xD456, 0xB16F, 0xC212,
  0xB1F0, 0xB1AF, 0xDD78, 0x29A6, 0x0000, 0x0020, 0x0000, 0x0861, 0xCDF8, 0xB271, 0xB1F0, 0xC232, 0xB9F1, 0xC353, 0x9C92, 0x0000,
  0x0000, 0xA513, 0xDCF7, 0xA98F, 0xB9F1, 0xC211, 0xA9AF, 0xE5B8, 0x39E6, 0x0000, 0x0000, 0x0000, 0x0000, 0x0000, 0x0000, 0x0000,
  0x0000, 0x0000, 0x0000, 0x0000, 0x0000, 0x0000, 0x0000, 0x0000, 0x0000, 0x0000, 0x0000, 0x0000, 0x0000, 0x0000, 0x0000, 0x0000,
  0x0000, 0x0000, 0x0000, 0x0000, 0x0000, 0x0000, 0x0000, 0x0000, 0x0000, 0x0000, 0x0000, 0x0000, 0x0000, 0x0000, 0x0000, 0x0000,
  0x0000, 0x0000, 0x0000, 0x0000, 0x0000, 0x0000, 0x0000, 0xCDF8, 0xAA30, 0xB9F1, 0xC232, 0xB9D1, 0xBAD3, 0xB556, 0x0000, 0x0020,
  0x0020, 0x2103, 0xD597, 0xAA0F, 0xB190, 0xB1D0, 0xBA31, 0xCD37, 0x4A89, 0xCD97, 0xAA30, 0xC1F2, 0xB9F1, 0xB9D1, 0xC313, 0xCE18,
  0x0000, 0x0000, 0x0000, 0x0000, 0xA4B3, 0xC314, 0xB9D1, 0xC212, 0xC1F2, 0xB271, 0xC576, 0xAD75, 0xF79D, 0xB311, 0xB1B0, 0xC212,
  0xC212, 0xB190, 0xDC97, 0x8C71, 0x0000, 0x0000, 0x0000, 0x0000, 0x0000, 0x836F, 0xB251, 0xB1B1, 0xB9F1, 0xA94F, 0xC3B5, 0x6B6D,
  0x0020, 0x0061, 0x0041, 0x0061, 0xB596, 0xCB74, 0xB9D1, 0xC1F2, 0xB9B1, 0xC374, 0x528A, 0x9D14, 0xB494, 0xC212, 0xC1D2, 0xC212,
  0xB9B1, 0xCBB4, 0xBDD6, 0x0000, 0x0000, 0x2144, 0xE61A, 0xB1D0, 0xC212, 0xC212, 0xB991, 0xD415, 0x9CD2, 0x0000, 0x0000, 0x4A68,
  0xDD98, 0xB190, 0xC1F2, 0xC213, 0xB9D1, 0xC435, 0x2144, 0x0020, 0xD69A, 0xAAB1, 0xB9B1, 0xC1F2, 0xC1F2, 0xC1F2, 0xB1B0, 0xC2F4,
  0xCBD6, 0xCB95, 0xB231, 0xBA11, 0xC212, 0xBA12, 0xC232, 0xA16E, 0xE63A, 0xC638, 0xFFFE, 0xCC95, 0xB9D0, 0xC232, 0xBA12, 0xB9F1,
  0xBB33, 0xCDB8, 0xB596, 0x52CA, 0x2144, 0x2965, 0x62EB, 0x83AF, 0x83EF, 0x10A2, 0x0000, 0x0000, 0x0000, 0x0000, 0x0020, 0x0000,
  0x634C, 0xCC75, 0xA96F, 0xC212, 0xBA12, 0xBA12, 0xBA12, 0xB9F1, 0xB1D1, 0xCBB4, 0xF6FC, 0xAD75, 0x0000, 0x0020, 0x0000, 0x31C6,
  0x738E, 0x6B2C, 0x6B4D, 0x6B4D, 0x6B4D, 0x6B4D, 0x6B4D, 0x6B2C, 0x6B6D, 0x0882, 0x0000, 0x0000, 0x39E7, 0xD435, 0xB18F, 0xC212,
  0xB1F0, 0xB1D0, 0xCCD6, 0x10A2, 0x0000, 0x0000, 0x0020, 0x0000, 0x8C71, 0xC3D4, 0xB1AF, 0xC232, 0xC211, 0xB210, 0xBD16, 0x0000,
  0x0861, 0xD679, 0xBB13, 0xB9D0, 0xBA11, 0xB9F1, 0xBAD1, 0xD638, 0x0861, 0x0000, 0x0000, 0x0000, 0x0000, 0x0000, 0x0000, 0x0000,
  0x0000, 0x0000, 0x0000, 0x0000, 0x0000, 0x0000, 0x0000, 0x0000, 0x0000, 0x0000, 0x0000, 0x0000, 0x0000, 0x0000, 0x0000, 0x0000,
  0x0000, 0x0000, 0x0000, 0x0000, 0x0000, 0x0000, 0x0000, 0x0000, 0x0000, 0x0000, 0x0000, 0x0000, 0x0000, 0x0000, 0x0000, 0x0000,
  0x0000, 0x0000, 0x0000, 0x0000, 0x0000, 0x0000, 0x1924, 0xD598, 0xA98F, 0xBA11, 0xC232, 0xB190, 0xCB95, 0xAD55, 0x0000, 0x0000,
  0x0000, 0x0000, 0x4A28, 0xD598, 0xCC75, 0xC475, 0xAC53, 0xBDD7, 0x94D2, 0xDDD8, 0xA18E, 0xC212, 0xC1F2, 0xB170, 0xDC97, 0x94B2,
  0x0000, 0x0000, 0x0020, 0x0000, 0x7BCE, 0xD416, 0xB190, 0xC1F2, 0xC212, 0xA18E, 0xDDB8, 0xFFFF, 0xFFDD, 0xB2F1, 0xB1B0, 0xC212,
  0xC1F2, 0xA98F, 0xEE3B, 0x4249, 0x0000, 0x0020, 0x0000, 0x0000, 0x1924, 0xD5B8, 0xA98F, 0xB9F1, 0xB9F1, 0xB1B0, 0xBAD3, 0xCCB6,
  0xA371, 0xA372, 0xA371, 0xB3F3, 0xDD38, 0xC2B3, 0xC1F2, 0xC1F2, 0xC1D2, 0xBAB2, 0xCE39, 0xF7DE, 0xE5F9, 0xB9F1, 0xC1F2, 0xC1F2,
  0xB991, 0xD415, 0x840F, 0x0000, 0x0000, 0x0861, 0xBCD5, 0xBA32, 0xC1F2, 0xC213, 0xB991, 0xD456, 0x6B4D, 0x0000, 0x0000, 0x0000,
  0xA412, 0xBA12, 0xC1F2, 0xC212, 0xB9F1, 0xC435, 0x2965, 0x0000, 0xCE38, 0xBB52, 0xA10E, 0xB190, 0xB170, 0xA9AF, 0xD4F7, 0x9CD3,
  0x632D, 0x632C, 0xD5B9, 0xB251, 0xB9F1, 0xC212, 0xC212, 0xB1B0, 0xC415, 0xFFFF, 0xFFFF, 0xE61A, 0xA9AF, 0xBA12, 0xB1D1, 0xB9F2,
  0xB1B0, 0xB211, 0xC3B4, 0xD4D7, 0xD598, 0xB535, 0x6BAE, 0x10C2, 0x0000, 0x0000, 0x0000, 0x0000, 0x0000, 0x0000, 0x0000, 0x0000,
  0x3186, 0xDD98, 0xA9CF, 0xB9F0, 0xB1AF, 0xA96F, 0xB1D1, 0xB1D1, 0xB9F1, 0xB1B0, 0xA9EF, 0xFEDC, 0x9CF3, 0x0000, 0x18E3, 0xD5D8,
  0xCBD4, 0xC353, 0xCB74, 0xCB94, 0xCB94, 0xCB94, 0xCB73, 0xC373, 0xC3B3, 0xCD56, 0x39C7, 0x0000, 0x4A48, 0xD435, 0xB16F, 0xC212,
  0xB1F0, 0xB1D0, 0xD4F6, 0x10C2, 0x0000, 0x0000, 0x0000, 0x0000, 0x2965, 0xCCD6, 0xA9CF, 0xC232, 0xBA11, 0xA9AF, 0xCCD6, 0x2104,
  0x4A48, 0xFEFC, 0xA9AF, 0xC211, 0xBA11, 0xB1B0, 0xD4D7, 0x94B1, 0x0000, 0x0020, 0x0000, 0x0000, 0x0000, 0x0000, 0x0000, 0x0000,
  0x0000, 0x0000, 0x0000, 0x0000, 0x0000, 0x0000, 0x0000, 0x0000, 0x0000, 0x0000, 0x0000, 0x0000, 0x0000, 0x0000, 0x0000, 0x0000,
  0x0000, 0x0000, 0x0000, 0x0000, 0x0000, 0x0000, 0x0000, 0x0000, 0x0000, 0x0000, 0x0000, 0x0000, 0x0000, 0x0000, 0x0000, 0x0000,
  0x0000, 0x0000, 0x0000, 0x0000, 0x0000, 0x0000, 0x3A07, 0xEE1A, 0xA14E, 0xBA11, 0xBA32, 0xA96F, 0xCBF5, 0x738E, 0x0000, 0x0020,
  0x0000, 0x0000, 0x0000, 0x1903, 0x2985, 0x2144, 0x0020, 0x0000, 0x632C, 0xDD78, 0xA16E, 0xC212, 0xC1F2, 0xA96F, 0xE539, 0x8430,
  0x0000, 0x0020, 0x0020, 0x0000, 0x8450, 0xDCB8, 0xB14F, 0xC1F2, 0xC212, 0xA98F, 0xCD16, 0xFFFF, 0xFFDE, 0xB2F1, 0xB1B0, 0xC211,
  0xC1F1, 0xA98F, 0xEE7B, 0x31C6, 0x0000, 0x0000, 0x0000, 0x0000, 0x3A07, 0xEE3B, 0xA16F, 0xBA12, 0xB9F1, 0xB9F2, 0xB9D1, 0xB1B0,
  0xB9F1, 0xC1F1, 0xC1F1, 0xB9F1, 0xB1B0, 0xC1F2, 0xC1F2, 0xC1F2, 0xC1F2, 0xBA71, 0xE6BB, 0xEF5D, 0xDDF9, 0xBA11, 0xC1F2, 0xC1F2,
  0xB991, 0xD416, 0x6B6D, 0x0000, 0x0000, 0x0000, 0xAC73, 0xC252, 0xC1D2, 0xC9F3, 0xB991, 0xD476, 0x738D, 0x0000, 0x0000, 0x0020,
  0xAC33, 0xBA32, 0xC1F2, 0xC213, 0xB9F1, 0xC414, 0x2965, 0x0000, 0x6B6D, 0xC576, 0xAB11, 0xC333, 0xBB13, 0xCCF7, 0x6B6D, 0x0000,
  0x0000, 0x0000, 0x4A89, 0xD517, 0xB1B0, 0xC232, 0xC212, 0xB9D1, 0xBAD2, 0xFFFF, 0xA514, 0x9471, 0xC393, 0xA96F, 0xB9F1, 0xB9F2,
  0xC212, 0xB9F2, 0xB1B1, 0xB190, 0xB211, 0xC2F3, 0xDC97, 0xE63A, 0x94B2, 0x0861, 0x0000, 0x0000, 0x0000, 0x0000, 0x0020, 0x0020,
  0x0000, 0x7BCF, 0x9C11, 0x8ACE, 0xB3D2, 0xCC55, 0xAA30, 0xB1B0, 0xC1F2, 0xC1F2, 0xB9B1, 0xB271, 0xFFBF, 0x7C0F, 0x73AE, 0xD435,
  0xA94F, 0xB9B0, 0xB9D1, 0xB9B1, 0xB9D1, 0xB9B1, 0xB9B1, 0xB9D1, 0xA92E, 0xCBF5, 0x8C50, 0x0000, 0x4A48, 0xD435, 0xB190, 0xC232,
  0xB211, 0xB1F0, 0xD537, 0x10C3, 0x0000, 0x0000, 0x0000, 0x0000, 0x0020, 0xB4F4, 0xB251, 0xB9F1, 0xBA11, 0xA96F, 0xDC57, 0x83F0,
  0xAD95, 0xDD38, 0xA96F, 0xC232, 0xB9F1, 0xAA10, 0xDDF9, 0x1904, 0x0000, 0x0000, 0x0000, 0x0000, 0x0000, 0x0000, 0x0000, 0x0000,
  0x0000, 0x0000, 0x0000, 0x0000, 0x0000, 0x0000, 0x0000, 0x0000, 0x0000, 0x0000, 0x0000, 0x0000, 0x0000, 0x0000, 0x0000, 0x0000,
  0x0000, 0x0000, 0x0000, 0x0000, 0x0000, 0x0000, 0x0000, 0x0000, 0x0000, 0x0000, 0x0000, 0x0000, 0x0000, 0x0000, 0x0000, 0x0000,
  0x0000, 0x0000, 0x0000, 0x0000, 0x0000, 0x0000, 0x39E7, 0xE5DA, 0xA14E, 0xBA12, 0xC212, 0xA96F, 0xCBF5, 0x5B0C, 0x0000, 0x0020,
  0x0000, 0x0000, 0x0000, 0x0000, 0x0000, 0x0000, 0x0020, 0x0020, 0x6B6D, 0xDD17, 0xA96F, 0xC212, 0xC212, 0xA96F, 0xE579, 0x8451,
  0x0000, 0x0020, 0x0020, 0x0000, 0x8450, 0xE519, 0xA94F, 0xC1F2, 0xC1F2, 0xA98F, 0xCCF6, 0xFFFF, 0xFFDF, 0xB2F1, 0xB18F, 0xC1F1,
  0xC1F1, 0xA18E, 0xEE7B, 0x39E7, 0x0000, 0x0000, 0x0000, 0x0000, 0x39E7, 0xE61B, 0xA96F, 0xBA12, 0xB9F1, 0xB9F1, 0xB9F1, 0xB9B1,
  0xB9B1, 0xB9B1, 0xB9B1, 0xB9B1, 0xB9B1, 0xB9B1, 0xB190, 0xB1B1, 0xB170, 0xBAD2, 0x62CB, 0xAD95, 0xBCF5, 0xC252, 0xC1F2, 0xC1F2,
  0xB991, 0xCC15, 0x738E, 0x0000, 0x0000, 0x0000, 0xB493, 0xC232, 0xC1D2, 0xC1F2, 0xB991, 0xD476, 0x738D, 0x0000, 0x0000, 0x0020,
  0xAC33, 0xC232, 0xC1F2, 0xC213, 0xB9D1, 0xC414, 0x31A6, 0x0000, 0x0000, 0x0861, 0x2965, 0x5ACB, 0x5ACB, 0x2124, 0x0000, 0x0000,
  0x0000, 0x0020, 0x0000, 0xB514, 0xC292, 0xC212, 0xC212, 0xC1D2, 0xBA92, 0xD619, 0x0861, 0x0000, 0x9C51, 0xD3B5, 0xA990, 0xB1B0,
  0xB9F1, 0xC1F2, 0xC212, 0xBA12, 0xB9F2, 0xB9F2, 0xB190, 0xA98F, 0xD4F7, 0xDEBA, 0x10A2, 0x0020, 0x0000, 0x0000, 0x0000, 0x0000,
  0x0000, 0x0000, 0x0000, 0x0000, 0x10C2, 0x5B0B, 0xDE3A, 0xBAD2, 0xB9D1, 0xC212, 0xC232, 0xB9D1, 0xDD38, 0xC638, 0x9CB3, 0xCBB4,
  0xB9F1, 0xC1F1, 0xC212, 0xC211, 0xC211, 0xC211, 0xC212, 0xC211, 0xB9B0, 0xBB12, 0x8C30, 0x0000, 0x4A49, 0xD456, 0xB1B0, 0xC232,
  0xB211, 0xB210, 0xCD58, 0x10C2, 0x0000, 0x0000, 0x0000, 0x0000, 0x0000, 0xA4F3, 0xC393, 0xB1B0, 0xB9F1, 0xB9D1, 0xB271, 0xE6BC,
  0xFFFE, 0xB312, 0xB9B1, 0xC232, 0xB9D0, 0xBB12, 0xC5F8, 0x0020, 0x0000, 0x0000, 0x0000, 0x0000, 0x0000, 0x0000, 0x0000, 0x0000,
  0x0000, 0x0000, 0x0000, 0x0000, 0x0000, 0x0000, 0x0000, 0x0000, 0x0000, 0x0000, 0x0000, 0x0000, 0x0000, 0x0000, 0x0000, 0x0000,
  0x0000, 0x0000, 0x0000, 0x0000, 0x0000, 0x0000, 0x0000, 0x0000, 0x0000, 0x0000, 0x0000, 0x0000, 0x0000, 0x0000, 0x0000, 0x0000,
  0x0000, 0x0000, 0x0000, 0x0000, 0x0000, 0x0000, 0x39E7, 0xE5DA, 0xA14E, 0xBA12, 0xC212, 0xA96F, 0xC3D5, 0x6B6D, 0x0000, 0x0020,
  0x0000, 0x0000, 0x0000, 0x0000, 0x0000, 0x0000, 0x0000, 0x0000, 0x5B0B, 0xDD37, 0xA16E, 0xC212, 0xC1F2, 0xA14E, 0xE538, 0x8450,
  0x0000, 0x0020, 0x0020, 0x0000, 0x8450, 0xE4D8, 0xA94F, 0xC1F2, 0xC212, 0xA18F, 0xCCD5, 0xFFFF, 0xFFDF, 0xB2F1, 0xB190, 0xC211,
  0xB9F1, 0xA18F, 0xEE7B, 0x39E7, 0x0000, 0x0000, 0x0000, 0x0000, 0x39E7, 0xE61A, 0xA96F, 0xC212, 0xBA12, 0xB1D1, 0xAA51, 0xB333,
  0xB312, 0xB2F2, 0xB2D1, 0xB2D1, 0xB2F1, 0xB2F2, 0xBB12, 0xBB13, 0xB312, 0xD516, 0x4228, 0x6B6D, 0xBCF5, 0xBA52, 0xC1F2, 0xC212,
  0xB9B1, 0xD435, 0x73AE, 0x0000, 0x0000, 0x0000, 0xAC73, 0xC232, 0xC1F2, 0xC213, 0xB991, 0xD476, 0x738D, 0x0000, 0x0000, 0x0020,
  0xAC33, 0xC232, 0xC1F2, 0xC213, 0xB9B1, 0xC3F4, 0x31C6, 0x0000, 0x0000, 0x0000, 0x0000, 0x0000, 0x0000, 0x0000, 0x0000, 0x0000,
  0x0000, 0x0000, 0x0000, 0xB535, 0xC2F3, 0xC1D2, 0xC212, 0xC1F2, 0xC292, 0xB515, 0x0000, 0x0000, 0x1903, 0x734D, 0xB3D3, 0xBB33,
  0xBA51, 0xB1D1, 0xB1B0, 0xB9D1, 0xB9F2, 0xBA12, 0xC232, 0xC233, 0xA16F, 0xDD79, 0x6B4D, 0x0000, 0x0000, 0x4248, 0x634C, 0x632C,
  0x2124, 0x0000, 0x0000, 0x0000, 0x0000, 0x0000, 0x5B0B, 0xDD79, 0xB190, 0xB9F2, 0xC212, 0xB9D1, 0xCBB4, 0x840F, 0x632C, 0xDD18,
  0xA96E, 0xB1D0, 0xB1D0, 0xB1B0, 0xB1B0, 0xB1B0, 0xB1D0, 0xB1D0, 0xA14E, 0xD455, 0x9CB2, 0x0000, 0x4A69, 0xD476, 0xB1B0, 0xC232,
  0xBA11, 0xB210, 0xD578, 0x1903, 0x0000, 0x0000, 0x0000, 0x0020, 0x0000, 0x634C, 0xDD17, 0xA98F, 0xB9F1, 0xBA11, 0xA9AF, 0xE61B,
  0xFF5E, 0xA1CF, 0xB9F1, 0xC232, 0xA96E, 0xD4D7, 0x8430, 0x0000, 0x0020, 0x0000, 0x0000, 0x0000, 0x0000, 0x0000, 0x0000, 0x0000,
  0x0000, 0x0000, 0x0000, 0x0000, 0x0000, 0x0000, 0x0000, 0x0000, 0x0000, 0x0000, 0x0000, 0x0000, 0x0000, 0x0000, 0x0000, 0x0000,
  0x0000, 0x0000, 0x0000, 0x0000, 0x0000, 0x0000, 0x0000, 0x0000, 0x0000, 0x0000, 0x0000, 0x0000, 0x0000, 0x0000, 0x0000, 0x0000,
  0x0000, 0x0000, 0x0000, 0x0000, 0x0000, 0x0000, 0x39E7, 0xEE3A, 0xA14E, 0xBA12, 0xBA12, 0xA98F, 0xBB74, 0xAD55, 0x0000, 0x0000,
  0x0000, 0x0000, 0x2103, 0x9CB3, 0x9C12, 0x9BD1, 0xACD4, 0xB595, 0x9CF3, 0xD516, 0xA16E, 0xC212, 0xC1F1, 0xA14E, 0xDCD7, 0x8430,
  0x0000, 0x0020, 0x0020, 0x0000, 0x8410, 0xDC97, 0xB16F, 0xC212, 0xC232, 0xA9CF, 0xD577, 0xFFFF, 0xFFFF, 0xB2F1, 0xB190, 0xC211,
  0xC1F1, 0xA18F, 0xEE7C, 0x39E7, 0x0000, 0x0000, 0x0000, 0x0000, 0x3A07, 0xF67B, 0xA14E, 0xC212, 0xC212, 0xB190, 0xD477, 0x8C71,
  0x39C7, 0x41C7, 0x39A7, 0x39A7, 0x39C7, 0x3166, 0x3165, 0x2945, 0x2965, 0x2944, 0x0000, 0x0000, 0xB493, 0xC252, 0xC1D2, 0xC1F2,
  0xB9D2, 0xC3B4, 0x39C7, 0x0000, 0x0000, 0x0000, 0xAC73, 0xC232, 0xC1F2, 0xC213, 0xB9B1, 0xD476, 0x738D, 0x0000, 0x0000, 0x0020,
  0xAC33, 0xBA32, 0xC1F2, 0xCA13, 0xB9B1, 0xCC15, 0x4A48, 0x0000, 0x4228, 0x8C30, 0x9C11, 0x9BF1, 0xB555, 0x52CA, 0x0000, 0x0000,
  0x0000, 0x0000, 0x0000, 0xAD14, 0xC2D2, 0xC1D1, 0xC1F2, 0xC1D2, 0xBA52, 0xB4F4, 0x0000, 0x0000, 0x0000, 0x0000, 0x0041, 0x39A7,
  0x72ED, 0xAC33, 0xC3D4, 0xC2F3, 0xB9F1, 0xC212, 0xC232, 0xC232, 0xB1D1, 0xAA50, 0xE6FB, 0x73AE, 0x838E, 0xDD37, 0xDCB7, 0xCC96,
  0xEEBB, 0x632C, 0x0000, 0x0020, 0x0000, 0x0000, 0x0000, 0xB4D4, 0xBA31, 0xB9D1, 0xC1F2, 0xC1F2, 0xC333, 0x7B6E, 0x0861, 0xA4F4,
  0xAC13, 0xA371, 0xA392, 0xA371, 0xA372, 0xA372, 0xA371, 0xA351, 0xA3D2, 0x9431, 0x2965, 0x0000, 0x4A48, 0xD476, 0xB1B0, 0xC232,
  0xBA11, 0xA9D0, 0xEE3B, 0x52CA, 0x0000, 0x0020, 0x0000, 0x0000, 0x0000, 0x0020, 0xBCF5, 0xB251, 0xB9F1, 0xBA12, 0xB190, 0xD4D7,
  0xE65B, 0xA14E, 0xC212, 0xC212, 0xA9CF, 0xDDD9, 0x3A08, 0x0000, 0x0000, 0x0000, 0x0000, 0x0000, 0x0000, 0x0000, 0x0000, 0x0000,
  0x0000, 0x0000, 0x0000, 0x0000, 0x0000, 0x0000, 0x0000, 0x0000, 0x0000, 0x0000, 0x0000, 0x0000, 0x0000, 0x0000, 0x0000, 0x0000,
  0x0000, 0x0000, 0x0000, 0x0000, 0x0000, 0x0000, 0x0000, 0x0000, 0x0000, 0x0000, 0x0000, 0x0000, 0x0000, 0x0000, 0x0000, 0x0000,
  0x0000, 0x0000, 0x0000, 0x0000, 0x0000, 0x0000, 0x0882, 0xCDB8, 0xA9F0, 0xB9F2, 0xC212, 0xB1D0, 0xBB13, 0xA4F4, 0x0000, 0x0020,
  0x0020, 0x0000, 0xA4B2, 0xD3F5, 0xBA10, 0xBA51, 0xB270, 0xDDF8, 0xD6B9, 0xDD98, 0xA18F, 0xC1F2, 0xB9F1, 0xB190, 0xCBB5, 0xBDB6,
  0x0000, 0x0020, 0x0020, 0x0000, 0x8C30, 0xD3B5, 0xB9B1, 0xC212, 0xC232, 0xBA71, 0xB4F4, 0xAD95, 0xEF5D, 0xB311, 0xB18F, 0xC212,
  0xB9F1, 0xA18F, 0xEE7B, 0x39E7, 0x0000, 0x0000, 0x0000, 0x0000, 0x0861, 0xA453, 0xB1F0, 0xB9F1, 0xC212, 0xB190, 0xD3F6, 0x4A69,
  0x0000, 0x0000, 0x0000, 0x0000, 0x0000, 0x10C2, 0x41E8, 0x62CB, 0x5AAA, 0x18C3, 0x0000, 0x0020, 0xB493, 0xBA32, 0xC1D2, 0xC212,
  0xB9D2, 0xBB93, 0x2124, 0x0000, 0x0000, 0x0000, 0xAC73, 0xC232, 0xC1F2, 0xC213, 0xB9B1, 0xD476, 0x738D, 0x0000, 0x0000, 0x0020,
  0xAC33, 0xC232, 0xC1F2, 0xCA13, 0xB9B1, 0xD497, 0x9CD3, 0x39E7, 0xFF7E, 0xBAF2, 0xBA11, 0xBA11, 0xBAF2, 0xFF3C, 0x18E3, 0x0000,
  0x0020, 0x0020, 0x0040, 0xC576, 0xB211, 0xC1D2, 0xC1F2, 0xB9B1, 0xB231, 0xF75D, 0x4228, 0x2104, 0x6B4C, 0x7B8E, 0x528A, 0x10A2,
  0x0000, 0x0061, 0x2965, 0x7B6E, 0xCC96, 0xAA10, 0xB9F2, 0xC212, 0xB9D1, 0xA9D0, 0xEE9B, 0xFFFF, 0xBB92, 0xA14E, 0xB18F, 0xA10E,
  0xBB52, 0xD679, 0x0000, 0x0020, 0x0020, 0x0020, 0x0000, 0xBCD5, 0xBA32, 0xB9D1, 0xC212, 0xC1F2, 0xBAB1, 0xD679, 0x0861, 0x0000,
  0x0861, 0x0041, 0x0041, 0x0041, 0x0041, 0x0041, 0x0041, 0x0041, 0x0061, 0x0000, 0x0000, 0x0000, 0x4248, 0xD496, 0xB9B0, 0xC232,
  0xBA11, 0xA9D0, 0xEDFB, 0x52AA, 0x0000, 0x0020, 0x0000, 0x0000, 0x0000, 0x0000, 0x8C51, 0xCBD4, 0xB1B0, 0xC232, 0xB9D1, 0xC395,
  0xD4D8, 0xA96F, 0xC211, 0xB9D0, 0xBAF2, 0xB555, 0x0000, 0x0000, 0x0000, 0x0000, 0x0000, 0x0000, 0x0000, 0x0000, 0x0000, 0x0000,
  0x0000, 0x0000, 0x0000, 0x0000, 0x0000, 0x0000, 0x0000, 0x0000, 0x0000, 0x0000, 0x0000, 0x0000, 0x0000, 0x0000, 0x0000, 0x0000,
  0x0000, 0x0000, 0x0000, 0x0000, 0x0000, 0x0000, 0x0000, 0x0000, 0x0000, 0x0000, 0x0000, 0x0000, 0x0000, 0x0000, 0x0000, 0x0000,
  0x0000, 0x0000, 0x0000, 0x0000, 0x0000, 0x0000, 0x0000, 0xD659, 0xB2B1, 0xB9F1, 0xC232, 0xB9F1, 0xB230, 0xD5D9, 0x31A6, 0x0000,
  0x0000, 0x4A89, 0xEE3A, 0xA98F, 0xC232, 0xBA11, 0xB1D0, 0xC475, 0x6BAD, 0xD5D8, 0xB250, 0xC1F2, 0xB9F1, 0xB9D1, 0xB251, 0xDE5A,
  0x10A2, 0x0000, 0x0000, 0x0881, 0xD5B8, 0xBA31, 0xC212, 0xC232, 0xBA12, 0xC333, 0xAD14, 0x10A2, 0xBDD7, 0xC393, 0xB18F, 0xC212,
  0xB9F1, 0xA18E, 0xEE7B, 0x39E7, 0x0000, 0x0000, 0x0000, 0x0000, 0x0000, 0x83CF, 0xBAD2, 0xB1B0, 0xC212, 0xB9D1, 0xBA71, 0xA4B4,
  0x0020, 0x0000, 0x0000, 0x0000, 0x4A68, 0xD537, 0xC2F2, 0xCB13, 0xCB74, 0xDDF9, 0x2104, 0x0000, 0xB493, 0xBA32, 0xC1D2, 0xC1F2,
  0xB9D2, 0xBBB3, 0x2944, 0x0000, 0x0000, 0x0000, 0xAC73, 0xC252, 0xC1F2, 0xC213, 0xB9B1, 0xD476, 0x73AD, 0x0000, 0x0000, 0x0020,
  0xAC32, 0xC232, 0xC1F2, 0xC233, 0xB9D1, 0xDCD7, 0x632C, 0x73CE, 0xE5B9, 0xA96F, 0xB9D1, 0xC1F2, 0xA92F, 0xD4B7, 0x94B1, 0x0000,
  0x0000, 0x0000, 0x5B0B, 0xD4F7, 0xA94F, 0xC1F2, 0xB9F2, 0xB1B1, 0xBAF2, 0xD69A, 0xEF7D, 0xCD77, 0xC373, 0xCB74, 0xC373, 0xE65A,
  0x39E7, 0x0000, 0x0000, 0x0000, 0x632C, 0xD436, 0xB190, 0xC212, 0xB1D1, 0xA9D0, 0xE61A, 0xFFBD, 0xA270, 0xB9F1, 0xC232, 0xCA53,
  0xA9AF, 0xEE9C, 0x4269, 0x0000, 0x0000, 0x0000, 0x73EF, 0xDD38, 0xB1B0, 0xC212, 0xC212, 0xC1D2, 0xBAF2, 0xC5B6, 0x0041, 0x0000,
  0x0000, 0x0000, 0x0000, 0x0000, 0x0000, 0x0000, 0x0000, 0x0000, 0x0000, 0x0000, 0x0020, 0x0000, 0x4248, 0xD4B6, 0xB1B0, 0xC232,
  0xBA11, 0xA98F, 0xF5FA, 0x7C0F, 0x0000, 0x0000, 0x0000, 0x0000, 0x0000, 0x0000, 0x4228, 0xE599, 0xA98F, 0xC252, 0xBA32, 0xC2B3,
  0xC2D3, 0xB9D0, 0xC211, 0xB18F, 0xD495, 0x7BEF, 0x0000, 0x0020, 0x0000, 0x0000, 0x0000, 0x0000, 0x0000, 0x0000, 0x0000, 0x0000,
  0x0000, 0x0000, 0x0000, 0x0000, 0x0000, 0x0000, 0x0000, 0x0000, 0x0000, 0x0000, 0x0000, 0x0000, 0x0000, 0x0000, 0x0000, 0x0000,
  0x0000, 0x0000, 0x0000, 0x0000, 0x0000, 0x0000, 0x0000, 0x0000, 0x0000, 0x0000, 0x0000, 0x0000, 0x0000, 0x0000, 0x0000, 0x0000,
  0x0000, 0x0000, 0x0000, 0x0000, 0x0000, 0x0000, 0x0000, 0x6B8D, 0xCC56, 0xB1B0, 0xC232, 0xBA11, 0xB1D1, 0xC3B4, 0xDE7A, 0x39E7,
  0x1924, 0xCDF8, 0xBB33, 0xB9D1, 0xC232, 0xBA11, 0xB211, 0xD538, 0x0861, 0xA4F3, 0xCBD4, 0xB9B1, 0xC212, 0xC212, 0xB1D0, 0xCC15,
  0xAD55, 0x52CA, 0x5B0C, 0xACF4, 0xBB33, 0xB9D1, 0xC212, 0xC232, 0xB9F1, 0xBC14, 0x3A07, 0x0000, 0xB595, 0xC3B4, 0xB18F, 0xC212,
  0xC1F1, 0xA18E, 0xEE7B, 0x39E7, 0x0000, 0x0000, 0x0000, 0x0020, 0x0000, 0x6B4C, 0xCBF4, 0xA96F, 0xC212, 0xB9F1, 0xB1B0, 0xD456,
  0xB5B6, 0x3A07, 0x18E3, 0x634C, 0xD5D9, 0xBA71, 0xB9B1, 0xB190, 0xA12E, 0xD496, 0x5AEA, 0x0000, 0xB4B4, 0xBA32, 0xC1D2, 0xC1F2,
  0xC1D2, 0xBBB3, 0x2944, 0x0000, 0x0000, 0x0000, 0xAC73, 0xC252, 0xC1F2, 0xC213, 0xB9B1, 0xD476, 0x73AD, 0x0000, 0x0000, 0x0020,
  0xAC32, 0xC232, 0xC1F2, 0xCA33, 0xB9D1, 0xD4B6, 0xA514, 0x4A69, 0xF65B, 0xA9AF, 0xB9F1, 0xC1F2, 0xC1D2, 0xA9D0, 0xE61A, 0xC638,
  0x5AEB, 0x6B4D, 0xD5B9, 0xAA10, 0xB1B0, 0xC1F2, 0xC1F2, 0xB190, 0xCC56, 0x7BEF, 0xFFBD, 0xA2B0, 0xB190, 0xB9F1, 0xA94F, 0xC394,
  0xC618, 0x0041, 0x0000, 0x0000, 0x7BAF, 0xD3F5, 0xB190, 0xC212, 0xB9D1, 0xB230, 0xEE9B, 0xFFFF, 0xBBD4, 0xB1D0, 0xC232, 0xCA53,
  0xB1D1, 0xBB53, 0xDE7B, 0x73CF, 0x52CB, 0x8C71, 0xDDB9, 0xBA72, 0xC1F2, 0xC212, 0xC212, 0xB991, 0xCBF5, 0x8C51, 0x0000, 0x0000,
  0x0000, 0x0000, 0x0000, 0x0000, 0x0000, 0x0000, 0x0000, 0x0000, 0x0000, 0x0000, 0x0000, 0x0000, 0x4A48, 0xD4B6, 0xB1B0, 0xC232,
  0xBA11, 0xB1B0, 0xCBB4, 0xE6BB, 0x7BAF, 0x52AA, 0x2945, 0x0000, 0x0000, 0x0000, 0x0020, 0xA4B3, 0xBA92, 0xBA12, 0xC232, 0xC212,
  0xC1F1, 0xB9F1, 0xB9F1, 0xA9CF, 0xEE3A, 0x31A6, 0x0000, 0x0000, 0x0000, 0x0000, 0x0000, 0x0000, 0x0000, 0x0000, 0x0000, 0x0000,
  0x0000, 0x0000, 0x0000, 0x0000, 0x0000, 0x0000, 0x0000, 0x0000, 0x0000, 0x0000, 0x0000, 0x0000, 0x0000, 0x0000, 0x0000, 0x0000,
  0x0000, 0x0000, 0x0000, 0x0000, 0x0000, 0x0000, 0x0000, 0x0000, 0x0000, 0x0000, 0x0000, 0x0000, 0x0000, 0x0000, 0x0000, 0x0000,
  0x0000, 0x0000, 0x0000, 0x0000, 0x0000, 0x0000, 0x0000, 0x10C3, 0xE65A, 0xB210, 0xB9F1, 0xBA11, 0xC211, 0xB1D0, 0xBB32, 0xD4F7,
  0xC4B6, 0xC333, 0xB1D0, 0xC212, 0xC232, 0xB9F1, 0xBAB2, 0xB515, 0x0000, 0x5AEB, 0xEE5B, 0xA9AF, 0xC212, 0xC212, 0xC232, 0xB1F0,
  0xC353, 0xDCF8, 0xDD18, 0xC354, 0xB1D0, 0xC212, 0xB9F1, 0xC212, 0xBA51, 0xB4D4, 0x0000, 0x0000, 0xB596, 0xC3B4, 0xB18F, 0xC212,
  0xC1F2, 0xA98F, 0xEE5B, 0x39E7, 0x0000, 0x0000, 0x0000, 0x0000, 0x0000, 0x2965, 0xEE3A, 0xA9AF, 0xB9D1, 0xB9D1, 0xC1F2, 0xB1B0,
  0xCBB5, 0xDD99, 0xD578, 0xDD38, 0xBAB2, 0xBA11, 0xC232, 0xB9F1, 0xA98F, 0xD517, 0x3A07, 0x0000, 0xB4B4, 0xBA32, 0xC1D2, 0xC1F2,
  0xC1B2, 0xBBB3, 0x2944, 0x0000, 0x0000, 0x0000, 0xB493, 0xC252, 0xC1F2, 0xC213, 0xB991, 0xD476, 0x738D, 0x0000, 0x0000, 0x0020,
  0xAC53, 0xC252, 0xC1F2, 0xC213, 0xB9B1, 0xD4B7, 0x73AE, 0x10A2, 0xF73D, 0xAA30, 0xB190, 0xC1F2, 0xC1F2, 0xC1D2, 0xB1F0, 0xCBD5,
  0xD4D8, 0xD416, 0xBA31, 0xB9F1, 0xB9F2, 0xB9F1, 0xC1F2, 0xA18F, 0xE65B, 0x5B0C, 0xE73C, 0xB352, 0xB9B1, 0xBA12, 0xC212, 0xB1D0,
  0xC3F5, 0xAC94, 0xA493, 0xACB4, 0xD457, 0xB1F1, 0xC1F1, 0xC212, 0xB9B1, 0xAA90, 0xFFDF, 0xDF1C, 0xCD36, 0xA9D0, 0xCA33, 0xC212,
  0xC232, 0xBA11, 0xBAB2, 0xD456, 0xD4D8, 0xD416, 0xBA31, 0xB9F2, 0xC212, 0xB9F2, 0xC1F2, 0xA98F, 0xDDB9, 0x2985, 0x0000, 0x0000,
  0x0000, 0x0000, 0x0000, 0x0000, 0x0000, 0x0000, 0x0000, 0x0000, 0x0000, 0x0000, 0x0000, 0x0000, 0x4227, 0xD4F6, 0xB1AF, 0xC211,
  0xB9F1, 0xC1F1, 0xB1D0, 0xC2F3, 0xD3B5, 0xC393, 0xDDF8, 0x632C, 0x0000, 0x0020, 0x0000, 0x6B6D, 0xCBD4, 0xB9B0, 0xC232, 0xC212,
  0xC212, 0xC212, 0xB9B0, 0xBB12, 0xD659, 0x0861, 0x0000, 0x0000, 0x0000, 0x0000, 0x0000, 0x0000, 0x0000, 0x0000, 0x0000, 0x0000,
  0x0000, 0x0000, 0x0000, 0x0000, 0x0000, 0x0000, 0x0000, 0x0000, 0x0000, 0x0000, 0x0000, 0x0000, 0x0000, 0x0000, 0x0000, 0x0000,
  0x0000, 0x0000, 0x0000, 0x0000, 0x0000, 0x0000, 0x0000, 0x0000, 0x0000, 0x0000, 0x0000, 0x0000, 0x0000, 0x0000, 0x0000, 0x0000,
  0x0000, 0x0000, 0x0000, 0x0000, 0x0000, 0x0000, 0x0000, 0x0000, 0x8C50, 0xDD18, 0xA16E, 0xC231, 0xBA11, 0xBA11, 0xB1F0, 0xB1D0,
  0xB1F0, 0xB9F1, 0xC232, 0xC232, 0xC252, 0xA16E, 0xD4B6, 0x4248, 0x0000, 0x0841, 0x94B2, 0xD476, 0xA12E, 0xC212, 0xBA11, 0xC231,
  0xB9D1, 0xB1B0, 0xB1B0, 0xB1D1, 0xC211, 0xBA11, 0xC212, 0xA94E, 0xDCD7, 0x632C, 0x0000, 0x0000, 0xB595, 0xC3B3, 0xB18F, 0xC212,
  0xC212, 0xA9AF, 0xEE5B, 0x31E7, 0x0000, 0x0000, 0x0000, 0x0000, 0x0000, 0x0000, 0x6B6D, 0xDCD7, 0xA94E, 0xC1F1, 0xC1F1, 0xB9F2,
  0xB190, 0xB1D0, 0xBA11, 0xB1D0, 0xB9F1, 0xC232, 0xC232, 0xB16F, 0xBB33, 0xBDB6, 0x0000, 0x0020, 0xB4D4, 0xC272, 0xC1F2, 0xCA13,
  0xC1D2, 0xBBB3, 0x2144, 0x0000, 0x0000, 0x0000, 0xAC73, 0xC252, 0xC1D2, 0xCA12, 0xB991, 0xD476, 0x738D, 0x0000, 0x0000, 0x0000,
  0xAC53, 0xC252, 0xC1F2, 0xCA12, 0xB991, 0xD456, 0x6B4C, 0x0000, 0x5AEB, 0xD557, 0xA18F, 0xC1F2, 0xC212, 0xC212, 0xC212, 0xB1B1,
  0xB190, 0xB1B1, 0xC212, 0xC212, 0xC212, 0xC232, 0xA96F, 0xD496, 0x94D2, 0x0000, 0x6B8D, 0xF67B, 0xA1AF, 0xC212, 0xBA12, 0xC212,
  0xB1B0, 0xB231, 0xBAB2, 0xBA72, 0xB1D0, 0xB9F1, 0xC212, 0xC212, 0xA14E, 0xDD38, 0xBDF7, 0x1082, 0x738E, 0xCC15, 0xA96F, 0xC212,
  0xC212, 0xC232, 0xC212, 0xB9D1, 0xB9D1, 0xB9D1, 0xC212, 0xC232, 0xC212, 0xC212, 0xA94F, 0xD416, 0xB576, 0x0000, 0x0000, 0x0000,
  0x0000, 0x0000, 0x0000, 0x0000, 0x0000, 0x0000, 0x0000, 0x0000, 0x0000, 0x0000, 0x0000, 0x0000, 0x0881, 0xD597, 0xA9EF, 0xC211,
  0xBA11, 0xC211, 0xC211, 0xB9D1, 0xB9D0, 0xA94E, 0xC3D3, 0xBDD6, 0x0000, 0x0020, 0x0000, 0x39E7, 0xD557, 0xB1D0, 0xC232, 0xC212,
  0xC212, 0xC232, 0xB1AF, 0xDCF7, 0x7BCF, 0x0000, 0x0020, 0x0000, 0x0000, 0x0000, 0x0000, 0x0000, 0x0000, 0x0000, 0x0000, 0x0000,
  0x0000, 0x0000, 0x0000, 0x0000, 0x0000, 0x0000, 0x0000, 0x0000, 0x0000, 0x0000, 0x0000, 0x0000, 0x0000, 0x0000, 0x0000, 0x0000,
  0x0000, 0x0000, 0x0000, 0x0000, 0x0000, 0x0000, 0x0000, 0x0000, 0x0000, 0x0000, 0x0000, 0x0000, 0x0000, 0x0000, 0x0000, 0x0000,
  0x0000, 0x0000, 0x0000, 0x0000, 0x0000, 0x0000, 0x0000, 0x0000, 0x0000, 0xC5F7, 0xCC76, 0x992D, 0xB18F, 0xB1D0, 0xB9F0, 0xBA11,
  0xBA11, 0xBA11, 0xBA11, 0xB9D0, 0xA98F, 0xCBF4, 0xA4F3, 0x0000, 0x0000, 0x0000, 0x0040, 0xC5B7, 0xC3B4, 0xA14E, 0xB1B0, 0xB1F0,
  0xB9F1, 0xBA11, 0xBA11, 0xB9F1, 0xB1D0, 0xB1B0, 0xA14E, 0xD415, 0x9451, 0x0020, 0x0020, 0x0000, 0xB5B5, 0xBB93, 0xA94E, 0xB9D1,
  0xB9D1, 0xA14E, 0xF6BB, 0x3A07, 0x0000, 0x0000, 0x0000, 0x0000, 0x0000, 0x0000, 0x0000, 0x9CD3, 0xD476, 0xA14E, 0xB16F, 0xB1B0,
  0xB1D1, 0xB1F1, 0xB1F0, 0xB9F1, 0xB1D0, 0xB190, 0xA94E, 0xB270, 0xEE7B, 0x4A69, 0x0000, 0x0020, 0xBD15, 0xB231, 0xB9B1, 0xB9D1,
  0xB970, 0xBBB3, 0x2965, 0x0000, 0x0000, 0x0000, 0xB4B4, 0xB1D0, 0xB170, 0xB991, 0xA92F, 0xD475, 0x7BEE, 0x0000, 0x0000, 0x0000,
  0xB493, 0xB1F1, 0xB191, 0xB9B1, 0xB14F, 0xBBB3, 0x2965, 0x0000, 0x0000, 0x52AA, 0xCCD7, 0xA9F0, 0xB170, 0xB9D1, 0xB9D1, 0xB9F1,
  0xBA11, 0xBA11, 0xB9F1, 0xB9D1, 0xB1B1, 0xA16F, 0xD436, 0xB535, 0x0000, 0x0020, 0x0000, 0x7BAE, 0xCC95, 0xA18F, 0xA96F, 0xB190,
  0xB1D1, 0xB1D1, 0xA9B0, 0xB1B0, 0xB1F1, 0xB1D1, 0xB1B0, 0xA94F, 0xC3D4, 0xA4F3, 0x0861, 0x0000, 0x0041, 0xB535, 0xCBD5, 0xA96F,
  0xB9B1, 0xB9D1, 0xB9F1, 0xB9F1, 0xBA12, 0xB9F1, 0xB9F1, 0xB9F1, 0xB1B0, 0xA94F, 0xC394, 0xE69A, 0x2144, 0x0000, 0x0000, 0x0000,
  0x0000, 0x0000, 0x0000, 0x0000, 0x0000, 0x0000, 0x0000, 0x0000, 0x0000, 0x0000, 0x0000, 0x0000, 0x0000, 0xA4F3, 0xD476, 0x990D,
  0xB1B0, 0xB9F0, 0xB9F0, 0xBA11, 0xBA11, 0xB1AF, 0xB2F1, 0xAD54, 0x0000, 0x0000, 0x0000, 0x0861, 0xDE59, 0xAA30, 0xB1B0, 0xB9D0,
  0xB1F0, 0xB9F1, 0xA18E, 0xEE7B, 0x39E7, 0x0000, 0x0000, 0x0000, 0x0000, 0x0000, 0x0000, 0x0000, 0x0000, 0x0000, 0x0000, 0x0000,
  0x0000, 0x0000, 0x0000, 0x0000, 0x0000, 0x0000, 0x0000, 0x0000, 0x0000, 0x0000, 0x0000, 0x0000, 0x0000, 0x0000, 0x0000, 0x0000,
  0x0000, 0x0000, 0x0000, 0x0000, 0x0000, 0x0000, 0x0000, 0x0000, 0x0000, 0x0000, 0x0000, 0x0000, 0x0000, 0x0000, 0x0000, 0x0000,
  0x0000, 0x0000, 0x0000, 0x0000, 0x0000, 0x0000, 0x0000, 0x0000, 0x0000, 0x1082, 0xB595, 0xDD38, 0xBAD2, 0xB1F0, 0xB1D0, 0xB1B0,
  0xB1D0, 0xBA11, 0xBA31, 0xBAB2, 0xDD38, 0x9471, 0x0020, 0x0000, 0x0000, 0x0000, 0x0000, 0x0861, 0x9C92, 0xCC96, 0xB271, 0xB1F0,
  0xB1D0, 0xB1D0, 0xB1D0, 0xB9F1, 0xB210, 0xB2B2, 0xD517, 0x9CB2, 0x0041, 0x0000, 0x0020, 0x0000, 0x6B8D, 0xE5B9, 0xA9EF, 0xC232,
  0xBA11, 0xC373, 0xD679, 0x18C3, 0x0000, 0x0000, 0x0000, 0x0000, 0x0000, 0x0000, 0x0000, 0x0041, 0x8C51, 0xCCD6, 0xBAD2, 0xB210,
  0xB1D0, 0xB1D0, 0xB1B0, 0xB1D0, 0xB1F1, 0xB230, 0xC3B3, 0xBD76, 0x4A69, 0x0000, 0x0020, 0x0000, 0xB575, 0xD456, 0xB9F1, 0xC212,
  0xBA71, 0xD598, 0x2124, 0x0000, 0x0000, 0x0000, 0xB554, 0xCBB4, 0xB1B0, 0xB9D1, 0xB210, 0xF67B, 0x4A69, 0x0000, 0x0020, 0x0000,
  0xB575, 0xCBD5, 0xB1D1, 0xB9F1, 0xB251, 0xDDD8, 0x2124, 0x0000, 0x0020, 0x0000, 0x52AA, 0xCD36, 0xC373, 0xB211, 0xB1B0, 0xB190,
  0xB1B0, 0xB1D1, 0xB9F1, 0xBA52, 0xB2D2, 0xDD58, 0xBDB6, 0x0861, 0x0000, 0x0000, 0x0000, 0x0000, 0x6B4D, 0xCD37, 0xBB33, 0xB231,
  0xB1F1, 0xB1D1, 0xB1D1, 0xB9D1, 0xB1D1, 0xBA31, 0xB291, 0xCC95, 0x9CD2, 0x0000, 0x0000, 0x0000, 0x0000, 0x10A2, 0x9CD3, 0xD4F7,
  0xC2F3, 0xBA11, 0xB9D1, 0xB1B0, 0xB1B0, 0xB9D1, 0xB1D0, 0xB1F0, 0xBAD2, 0xCCB6, 0xBD96, 0x2945, 0x0000, 0x0000, 0x0000, 0x0000,
  0x0000, 0x0000, 0x0000, 0x0000, 0x0000, 0x0000, 0x0000, 0x0000, 0x0000, 0x0000, 0x0000, 0x0000, 0x0000, 0x0861, 0xBD76, 0xD496,
  0xB251, 0xBA11, 0xB9F1, 0xB9F1, 0xBA11, 0xA9CE, 0xE5B9, 0xA513, 0x0000, 0x0020, 0x0000, 0x0000, 0x5ACB, 0xDD17, 0xAA10, 0xBA31,
  0xC252, 0xBA31, 0xCC35, 0xD69A, 0x0841, 0x0000, 0x0000, 0x0000, 0x0000, 0x0000, 0x0000, 0x0000, 0x0000, 0x0000, 0x0000, 0x0000,
  0x0000, 0x0000, 0x0000, 0x0000, 0x0000, 0x0000, 0x0000, 0x0000, 0x0000, 0x0000, 0x0000, 0x0000, 0x0000, 0x0000, 0x0000, 0x0000,
  0x0000, 0x0000, 0x0000, 0x0000, 0x0000, 0x0000, 0x0000, 0x0000, 0x0000, 0x0000, 0x0000, 0x0000, 0x0000, 0x0000, 0x0000, 0x0000,
  0x0000, 0x0000, 0x0000, 0x0000, 0x0000, 0x0000, 0x0000, 0x0000, 0x0000, 0x0000, 0x0000, 0x5AEB, 0x9C93, 0xB4B4, 0xBC55, 0xD4B7,
  0xCC76, 0xBC34, 0xBCB5, 0x9C93, 0x4A69, 0x0000, 0x0000, 0x0000, 0x0000, 0x0000, 0x0000, 0x0000, 0x0000, 0x52CA, 0xA4B3, 0xBCB5,
  0xCCD7, 0xD4B7, 0xCC96, 0xBC54, 0xAC33, 0xA4F4, 0x5AEB, 0x0000, 0x0000, 0x0000, 0x0000, 0x0000, 0x0841, 0x738D, 0x9C11, 0x8B2F,
  0x9390, 0xA4B3, 0x1904, 0x0000, 0x0000, 0x0000, 0x0000, 0x0000, 0x0000, 0x0000, 0x0000, 0x0000, 0x0000, 0x3A07, 0x9CB3, 0x9390,
  0xB413, 0xB3D3, 0xC435, 0xB414, 0xB433, 0x9C52, 0x738D, 0x0000, 0x0000, 0x0000, 0x0000, 0x0000, 0x18E3, 0xA4D3, 0x8B70, 0x8B0F,
  0x9C32, 0x738E, 0x0000, 0x0000, 0x0000, 0x0000, 0x18E3, 0x9C92, 0x8B0F, 0x82CE, 0x9C32, 0x7BCF, 0x0000, 0x0000, 0x0000, 0x0000,
  0x2985, 0xA4B2, 0x8B2F, 0x8B0F, 0x9C52, 0x5AEB, 0x0000, 0x0000, 0x0000, 0x0000, 0x0000, 0x2124, 0x9492, 0xA473, 0xC4B6, 0xD4D7,
  0xD4B7, 0xCC97, 0xBC95, 0xA432, 0x9492, 0x52CA, 0x0000, 0x0000, 0x0000, 0x0000, 0x0000, 0x0000, 0x0000, 0x2124, 0x8430, 0x9411,
  0xAC13, 0xB414, 0xBBF4, 0xB3D3, 0xBC34, 0x93B1, 0x9CB3, 0x4248, 0x0000, 0x0000, 0x0000, 0x0000, 0x0000, 0x0000, 0x0000, 0x4A69,
  0x8C31, 0xAC73, 0xBC54, 0xCC76, 0xD476, 0xB3B3, 0xBC75, 0xAC33, 0xA4F3, 0x5ACB, 0x0000, 0x0000, 0x0000, 0x0000, 0x0000, 0x0000,
  0x0000, 0x0000, 0x0000, 0x0000, 0x0000, 0x0000, 0x0000, 0x0000, 0x0000, 0x0000, 0x0000, 0x0000, 0x0000, 0x0000, 0x0841, 0x738E,
  0x9C52, 0xB474, 0xC4B6, 0xC475, 0xC4D6, 0xC577, 0x9CD3, 0x0861, 0x0000, 0x0000, 0x0000, 0x0000, 0x0000, 0x9451, 0x93F1, 0x8B0E,
  0x8B2F, 0x93B0, 0x9451, 0x31A6, 0x0000, 0x0000, 0x0000, 0x0000, 0x0000, 0x0000, 0x0000, 0x0000, 0x0000, 0x0000, 0x0000, 0x0000,
  0x0000, 0x0000, 0x0000, 0x0000, 0x0000, 0x0000, 0x0000, 0x0000, 0x0000, 0x0000, 0x0000, 0x0000, 0x0000, 0x0000, 0x0000, 0x0000,
  0x0000, 0x0000, 0x0000, 0x0000, 0x0000, 0x0000, 0x0000, 0x0000, 0x0000, 0x0000, 0x0000, 0x0000, 0x0000, 0x0000, 0x0000, 0x0000,
  0x0000, 0x0000, 0x0000, 0x0000, 0x0000, 0x0000, 0x0000, 0x0000, 0x0000, 0x0000, 0x0000, 0x0000, 0x0000, 0x0881, 0x1903, 0x52CA,
  0x4A49, 0x10C3, 0x0881, 0x0000, 0x0000, 0x0000, 0x0000, 0x0000, 0x0000, 0x0000, 0x0000, 0x0000, 0x0000, 0x0000, 0x0000, 0x10A2,
  0x39E7, 0x52AA, 0x4A89, 0x10E3, 0x0061, 0x0000, 0x0000, 0x0000, 0x0000, 0x0000, 0x0000, 0x0000, 0x0000, 0x0000, 0x0000, 0x0000,
  0x0000, 0x0000, 0x0000, 0x0000, 0x0000, 0x0000, 0x0000, 0x0000, 0x0000, 0x0000, 0x0000, 0x0000, 0x0000, 0x0000, 0x0000, 0x0000,
  0x10C2, 0x2124, 0x4A49, 0x10C3, 0x0881, 0x0000, 0x0000, 0x0000, 0x0000, 0x0000, 0x0000, 0x0000, 0x0000, 0x0000, 0x0000, 0x0000,
  0x0000, 0x0000, 0x0000, 0x0000, 0x0000, 0x0000, 0x0000, 0x0000, 0x0000, 0x0000, 0x0000, 0x0000, 0x0000, 0x0000, 0x0000, 0x0000,
  0x0000, 0x0000, 0x0000, 0x0000, 0x0000, 0x0000, 0x0000, 0x0000, 0x0000, 0x0000, 0x0000, 0x0000, 0x0000, 0x0020, 0x2124, 0x52AA,
  0x52CA, 0x4228, 0x10E3, 0x0020, 0x0000, 0x0000, 0x0000, 0x0000, 0x0000, 0x0000, 0x0000, 0x0000, 0x0000, 0x0000, 0x0000, 0x0000,
  0x0881, 0x10E3, 0x2145, 0x18E3, 0x10C2, 0x0000, 0x0000, 0x0000, 0x0000, 0x0000, 0x0000, 0x0000, 0x0000, 0x0000, 0x0000, 0x0000,
  0x0000, 0x0040, 0x10E3, 0x4A69, 0x52AA, 0x18E3, 0x10E3, 0x0061, 0x0000, 0x0000, 0x0000, 0x0000, 0x0000, 0x0000, 0x0000, 0x0000,
  0x0000, 0x0000, 0x0000, 0x0000, 0x0000, 0x0000, 0x0000, 0x0000, 0x0000, 0x0000, 0x0000, 0x0000, 0x0000, 0x0000, 0x0000, 0x0000,
  0x0000, 0x0861, 0x10E3, 0x10C2, 0x10E3, 0x08A2, 0x0000, 0x0000, 0x0000, 0x0000, 0x0000, 0x0000, 0x0000, 0x0000, 0x0000, 0x0000,
  0x0000, 0x0000, 0x0000, 0x0000, 0x0000, 0x0000, 0x0000, 0x0000, 0x0000, 0x0000, 0x0000, 0x0000, 0x0000, 0x0000, 0x0000, 0x0000,
  0x0000, 0x0000, 0x0000, 0x0000, 0x0000, 0x0000, 0x0000, 0x0000, 0x0000, 0x0000, 0x0000, 0x0000, 0x0000, 0x0000, 0x0000, 0x0000,
  0x0000, 0x0000, 0x0000, 0x0000, 0x0000, 0x0000, 0x0000, 0x0000, 0x0000, 0x0000, 0x0000, 0x0000, 0x0000, 0x0000, 0x0000, 0x0000,
  0x0000, 0x0000, 0x0000, 0x0000, 0x0000, 0x0000, 0x0000, 0x0000, 0x0000, 0x0000, 0x0000, 0x0000, 0x0000, 0x0000, 0x0000, 0x0000,
  0x0000, 0x0000, 0x0000, 0x0000, 0x0000, 0x0000, 0x0000, 0x0000, 0x0000, 0x0000, 0x0000, 0x0000, 0x0000, 0x0000, 0x0000, 0x0000,
  0x0000, 0x0000, 0x0000, 0x0000, 0x0000, 0x0000, 0x0000, 0x0000, 0x0000, 0x0000, 0x0000, 0x0000, 0x0000, 0x0000, 0x0000, 0x0000,
  0x0000, 0x0000, 0x0000, 0x0000, 0x0000, 0x0000, 0x0000, 0x0000, 0x0000, 0x0000, 0x0000, 0x0000, 0x0000, 0x0000, 0x0000, 0x0000,
  0x0000, 0x0000, 0x0000, 0x0000, 0x0000, 0x0000, 0x0000, 0x0000, 0x0000, 0x0000, 0x0000, 0x0000, 0x0000, 0x0000, 0x0000, 0x0000,
  0x0000, 0x0000, 0x0000, 0x0000, 0x0000, 0x0000, 0x0000, 0x0000, 0x0000, 0x0000, 0x0000, 0x0000, 0x0000, 0x0000, 0x0000, 0x0000,
  0x0000, 0x0000, 0x0000, 0x0000, 0x0000, 0x0000, 0x0000, 0x0000, 0x0000, 0x0000, 0x0000, 0x0000, 0x0000, 0x0000, 0x0000, 0x0000,
  0x0000, 0x0000, 0x0000, 0x0000, 0x0000, 0x0000, 0x0000, 0x0000, 0x0000, 0x0000, 0x0000, 0x0000, 0x0000, 0x0000, 0x0000, 0x0000,
  0x0000, 0x0000, 0x0000, 0x0000, 0x0000, 0x0000, 0x0000, 0x0000, 0x0000, 0x0000, 0x0000, 0x0000, 0x0000, 0x0000, 0x0000, 0x0000,
  0x0000, 0x0000, 0x0000, 0x0000, 0x0000, 0x0000, 0x0000, 0x0000, 0x0000, 0x0000, 0x0000, 0x0000, 0x0000, 0x0000, 0x0000, 0x0000,
  0x0000, 0x0000, 0x0000, 0x0000, 0x0000, 0x0000, 0x0000, 0x0000, 0x0000, 0x0000, 0x0000, 0x0000, 0x0000, 0x0000, 0x0000, 0x0020,
  0x0000, 0x0000, 0x0000, 0x0000, 0x0000, 0x0000, 0x0000, 0x0000, 0x0000, 0x0000, 0x0000, 0x0000, 0x0000, 0x0000, 0x0000, 0x0000,
  0x0000, 0x0000, 0x0000, 0x0000, 0x0000, 0x0000, 0x0000, 0x0000, 0x0000, 0x0000, 0x0000, 0x0000, 0x0000, 0x0000, 0x0000, 0x0000,
  0x0000, 0x0000, 0x0000, 0x0000, 0x0000, 0x0000, 0x0000, 0x0000, 0x0000, 0x0000, 0x0000, 0x0000, 0x0000, 0x0000, 0x0000, 0x0000,
  0x0000, 0x0000, 0x0000, 0x0000, 0x0000, 0x0000, 0x0000, 0x0000, 0x0000, 0x0000, 0x0000, 0x0000, 0x0000, 0x0000, 0x0000, 0x0000,
  0x0000, 0x0000, 0x0000, 0x0000, 0x0000, 0x0000, 0x0000, 0x0000, 0x0000, 0x0000, 0x0000, 0x0000, 0x0000, 0x0000, 0x0000, 0x0000,
  0x0000, 0x0000, 0x0000, 0x0000, 0x0000, 0x0000, 0x0000, 0x0000, 0x0000, 0x0000, 0x0000, 0x0000, 0x0000, 0x0000, 0x0000, 0x0000,
  0x0000, 0x0000, 0x0000, 0x0000, 0x0000, 0x0000, 0x0000, 0x0000, 0x0000, 0x0000, 0x0000, 0x0000, 0x0000, 0x0000, 0x0000, 0x0000,
  0x0000, 0x0000, 0x0000, 0x0000, 0x0000, 0x0000, 0x0000, 0x0000, 0x0000, 0x0000, 0x0000, 0x0000, 0x0000, 0x0000, 0x0000, 0x0000,
  0x0000, 0x0000, 0x0000, 0x0000, 0x0000, 0x0000, 0x0000, 0x0000, 0x0000, 0x0000, 0x0000, 0x0000, 0x0000, 0x0000, 0x0000, 0x0000,
  0x0000, 0x0000, 0x0000, 0x0000, 0x0000, 0x0000, 0x0000, 0x0000, 0x0000, 0x0000, 0x0000, 0x0000, 0x0000, 0x0000, 0x0000, 0x0000,
  0x0000, 0x0000, 0x0000, 0x0000, 0x0000, 0x0000, 0x0000, 0x0000, 0x0000, 0x0000, 0x0000, 0x0000, 0x0000, 0x0000, 0x0000, 0x0000,
  0x0000, 0x0000, 0x0000, 0x0000, 0x0000, 0x0000, 0x0000, 0x0000, 0x0000, 0x0000, 0x0000, 0x0000, 0x0000, 0x0000, 0x0000, 0x0000,
  0x0000, 0x0000, 0x0000, 0x0000, 0x0000, 0x0000, 0x0000, 0x0000, 0x0000, 0x0000, 0x0000, 0x0000, 0x0000, 0x0000, 0x0000, 0x0000,
  0x0000, 0x0000, 0x0000, 0x0000, 0x0000, 0x0000, 0x0000, 0x0000, 0x0000, 0x0000, 0x0000, 0x0000, 0x0000, 0x0000, 0x0000, 0x0000,
  0x0000, 0x0000, 0x0000, 0x0000, 0x0000, 0x0000, 0x0000, 0x0000, 0x0000, 0x0000, 0x0000, 0x0000, 0x0000, 0x0000, 0x0000, 0x0000,
  0x0000, 0x0000, 0x0000, 0x0000, 0x0000, 0x0000, 0x0000, 0x0000, 0x0000, 0x0000, 0x0000, 0x0000, 0x0000, 0x0000, 0x0000, 0x0000,
  0x0000, 0x0000, 0x0000, 0x0000, 0x0000, 0x0000, 0x0000, 0x0000, 0x0000, 0x0000, 0x0000, 0x0000, 0x0000, 0x0000, 0x0000, 0x0000,
  0x0000, 0x0000, 0x0000, 0x0000, 0x0000, 0x0000, 0x0000, 0x0000, 0x0000, 0x0000, 0x0000, 0x0000, 0x0000, 0x0000, 0x0000, 0x0000,
  0x0000, 0x0000, 0x0000, 0x0000, 0x0000, 0x0000, 0x0000, 0x0000, 0x0000, 0x0000, 0x0000, 0x0000, 0x0000, 0x0000, 0x0000, 0x0000,
  0x0000, 0x0000, 0x0000, 0x0000, 0x0000, 0x0000, 0x0000, 0x0000, 0x0000, 0x0000, 0x0000, 0x0000, 0x0000, 0x0000, 0x0000, 0x0000,
  0x0000, 0x0000, 0x0000, 0x0000, 0x0000, 0x0000, 0x0000, 0x0000, 0x0000, 0x0000, 0x0000, 0x0000, 0x0000, 0x0000, 0x0000, 0x0000,
  0x0000, 0x0000, 0x0000, 0x0000, 0x0000, 0x0000, 0x0000, 0x0000, 0x0000, 0x0000, 0x0000, 0x0000, 0x0000, 0x0000, 0x0000, 0x0000,
  0x0000, 0x0000, 0x0000, 0x0000, 0x0000, 0x0000, 0x0000, 0x0000, 0x0000, 0x0000, 0x0000, 0x0000, 0x0000, 0x0000, 0x0000, 0x0000,
  0x0000, 0x0000, 0x0000, 0x0000, 0x0000, 0x0000, 0x0000, 0x0000, 0x0000, 0x0000, 0x0000, 0x0000, 0x0000, 0x0000, 0x0000, 0x0000,
  0x0000, 0x0000, 0x0000, 0x0000, 0x0000, 0x0000, 0x0000, 0x0000, 0x0000, 0x0000, 0x0000, 0x0000, 0x0000, 0x0000, 0x0000, 0x0000,
  0x0000, 0x0000, 0x0000, 0x0000, 0x0000, 0x0000, 0x0000, 0x0000, 0x0000, 0x0000, 0x0000, 0x0000, 0x0000, 0x0000, 0x0000, 0x0000,
  0x0000, 0x0000, 0x0000, 0x0000, 0x0000, 0x0000, 0x0000, 0x0000, 0x0000, 0x0000, 0x0000, 0x0000, 0x0000, 0x0000, 0x0000, 0x0000,
  0x0000, 0x0000, 0x0000, 0x0000, 0x0000, 0x0000, 0x0000, 0x0000, 0x0000, 0x0000, 0x0000, 0x0000, 0x0000, 0x0000, 0x0000, 0x0000,
  0x0000, 0x0000, 0x0000, 0x0000, 0x0000, 0x0000, 0x0000, 0x0000, 0x0000, 0x0000, 0x0000, 0x0000, 0x0000, 0x0000, 0x0000, 0x0000,
  0x0000, 0x0000, 0x0000, 0x0000, 0x0000, 0x0000, 0x0000, 0x0000, 0x0000, 0x0000, 0x0000, 0x0000, 0x0000, 0x0000, 0x0000, 0x0000,
  0x0000, 0x0000, 0x0000, 0x0000, 0x0000, 0x0000, 0x0000, 0x0000, 0x0000, 0x0000, 0x0000, 0x0000, 0x0000, 0x0000, 0x0000, 0x0000,
  0x0000, 0x0000, 0x0000, 0x0000, 0x0000, 0x0000, 0x0000, 0x0000, 0x0000, 0x0000, 0x0000, 0x0000, 0x0000, 0x0000, 0x0000, 0x0000,
  0x0000, 0x0000, 0x0000, 0x0000, 0x0000, 0x0000, 0x0000, 0x0000, 0x0000, 0x0000, 0x0000, 0x0000, 0x0000, 0x0000, 0x0000, 0x0000,
  0x0000, 0x0000, 0x0000, 0x0000, 0x0000, 0x0000, 0x0000, 0x0000, 0x0000, 0x0000, 0x0000, 0x0000, 0x0000, 0x0000, 0x0000, 0x0000,
  0x0000, 0x0000, 0x0000, 0x0000, 0x0000, 0x0000, 0x0000, 0x0000, 0x0000, 0x0000, 0x0000, 0x0000, 0x0000, 0x0000, 0x0000, 0x0000,
  0x0000, 0x0000, 0x0000, 0x0000, 0x0000, 0x0000, 0x0000, 0x0000, 0x0000, 0x0000, 0x0000, 0x0000, 0x0000, 0x0000, 0x0000, 0x0000,
  0x0000, 0x0020, 0x0020, 0x0020, 0x0020, 0x0020, 0x0020, 0x0020, 0x0020, 0x0020, 0x0000, 0x0000, 0x0000, 0x0000, 0x0000, 0x0000,
  0x0000, 0x0020, 0x0020, 0x0000, 0x0000, 0x0000, 0x0000, 0x0000, 0x0020, 0x0020, 0x0020, 0x0000, 0x0000, 0x0000, 0x0000, 0x0020,
  0x0020, 0x0020, 0x0020, 0x0000, 0x0000, 0x0000, 0x0000, 0x0020, 0x0020, 0x0020, 0x0020, 0x0000, 0x0000, 0x0000, 0x0020, 0x0020,
  0x0020, 0x0020, 0x0000, 0x0000, 0x0000, 0x0000, 0x0020, 0x0020, 0x0000, 0x0000, 0x0000, 0x0000, 0x0000, 0x0000, 0x0000, 0x0000,
  0x0000, 0x0000, 0x0000, 0x0000, 0x0000, 0x0020, 0x0000, 0x0000, 0x0020, 0x0020, 0x0000, 0x0020, 0x0020, 0x0000, 0x0000, 0x0000,
  0x0000, 0x0020, 0x0000, 0x0000, 0x0020, 0x0020, 0x0000, 0x0000, 0x0000, 0x0000, 0x0020, 0x0020, 0x0020, 0x0020, 0x0020, 0x0020,
  0x0020, 0x0020, 0x0020, 0x0000, 0x0000, 0x0000, 0x0000, 0x0020, 0x0000, 0x0000, 0x0000, 0x0000, 0x0000, 0x0020, 0x0020, 0x0020,
  0x0000, 0x0000, 0x0000, 0x0000, 0x0020, 0x0000, 0x0000, 0x0000, 0x0000, 0x0000, 0x0000, 0x0000, 0x0000, 0x0020, 0x0020, 0x0000,
  0x0000, 0x0000, 0x0000, 0x0000, 0x0000, 0x0000, 0x0000, 0x0020, 0x0020, 0x0020, 0x0020, 0x0020, 0x0020, 0x0020, 0x0000, 0x0000,
  0x0020, 0x0020, 0x0020, 0x0020, 0x0000, 0x0000, 0x0000, 0x0000, 0x0000, 0x0000, 0x0000, 0x0000, 0x0000, 0x0000, 0x0000, 0x0000,
  0x0000, 0x0000, 0x0000, 0x0000, 0x0000, 0x0000, 0x0000, 0x0000, 0x0000, 0x0000, 0x0000, 0x0000, 0x0000, 0x0000, 0x0000, 0x0000,
  0x0000, 0x0000, 0x0000, 0x0000, 0x0000, 0x0000, 0x0000, 0x0000, 0x0000, 0x0000, 0x0000, 0x0000, 0x0000, 0x0000, 0x0000, 0x0000,
  0x0000, 0x0000, 0x0000, 0x0000, 0x0000, 0x0000, 0x0000, 0x0000, 0x0000, 0x0000, 0x0000, 0x0000, 0x0000, 0x0000, 0x0000, 0x0000,
  0x0000, 0x0000, 0x0000, 0x0000, 0x0000, 0x0000, 0x0000, 0x0000, 0x0000, 0x0000, 0x0000, 0x0000, 0x0000, 0x0000, 0x0000, 0x0000,
  0x0000, 0x0000, 0x0000, 0x0000, 0x0000, 0x0000, 0x0000, 0x0000, 0x0000, 0x0000, 0x0000, 0x0000, 0x0000, 0x0000, 0x0000, 0x0000,
  0x0000, 0x0000, 0x0000, 0x0000, 0x0000, 0x0000, 0x0000, 0x0000, 0x0000, 0x0000, 0x0000, 0x0000, 0x0000, 0x0000, 0x0000, 0x0000,
  0x0000, 0x0000, 0x0000, 0x0000, 0x0000, 0x0000, 0x0000, 0x0000, 0x0000, 0x0000, 0x0000, 0x0000, 0x0000, 0x0000, 0x0000, 0x0000,
  0x0000, 0x0000, 0x0000, 0x0000, 0x0000, 0x0000, 0x0000, 0x0000, 0x0000, 0x0000, 0x0000, 0x0000, 0x0000, 0x0000, 0x0000, 0x0000,
  0x0000, 0x0000, 0x0000, 0x0000, 0x0000, 0x0000, 0x0000, 0x0000, 0x0000, 0x0000, 0x0000, 0x0000, 0x0000, 0x0000, 0x0000, 0x0000,
  0x0000, 0x0000, 0x0000, 0x0000, 0x0000, 0x0000, 0x0000, 0x0000, 0x0000, 0x0000, 0x0000, 0x0000, 0x0000, 0x0000, 0x0000, 0x0000,
  0x0000, 0x0000, 0x0000, 0x0000, 0x0000, 0x0000, 0x0000, 0x0000, 0x0000, 0x0000, 0x0000, 0x0000, 0x0000, 0x0000, 0x0000, 0x0000,
  0x0000, 0x0000, 0x0000, 0x0000, 0x0000, 0x0000, 0x0000, 0x0000, 0x0000, 0x0000, 0x0000, 0x0000, 0x0000, 0x0000, 0x0000, 0x0000,
  0x0000, 0x0000, 0x0000, 0x0000, 0x0000, 0x0000, 0x0000, 0x0000, 0x0000, 0x0000, 0x0000, 0x0000, 0x0000, 0x0000, 0x0000, 0x0000,
  0x0000, 0x0000, 0x0000, 0x0000, 0x0000, 0x0000, 0x0000, 0x0000, 0x0000, 0x0000, 0x0000, 0x0000, 0x0000, 0x0000, 0x0000, 0x0000,
  0x0000, 0x0000, 0x0000, 0x0000, 0x0000, 0x0000, 0x0000, 0x0000, 0x0000, 0x0000, 0x0000, 0x0000, 0x0000, 0x0000, 0x0000, 0x0000,
  0x0000, 0x0000, 0x0000, 0x0000, 0x0000, 0x0000, 0x0000, 0x0000, 0x0000, 0x0000, 0x0000, 0x0000, 0x0000, 0x0000, 0x0000, 0x0000,
  0x0000, 0x0000, 0x0000, 0x0000, 0x0000, 0x0000, 0x0000, 0x0000, 0x0000, 0x0000, 0x0000, 0x0000, 0x0000, 0x0000, 0x0000, 0x0000,
  0x0000, 0x0000, 0x0000, 0x0000, 0x0000, 0x0000, 0x0000, 0x0000, 0x0000, 0x0000, 0x0000, 0x0000, 0x0000, 0x0000, 0x0000, 0x0000,
  0x0000, 0x0000, 0x0000, 0x0000, 0x0000, 0x0000, 0x0000, 0x0000, 0x0000, 0x0000, 0x0000, 0x0000, 0x0000, 0x0000, 0x0000, 0x0000,
  0x0000, 0x0000, 0x0000, 0x0000, 0x0000, 0x0000, 0x0000, 0x0000, 0x0000, 0x0000, 0x2104, 0x4228, 0x2945, 0x0000, 0x0020, 0x0000,
  0x4A49, 0x73AE, 0x73AE, 0x6B6C, 0x5AEB, 0x7BCE, 0x73AE, 0x73AE, 0x73AE, 0x6B4D, 0x0861, 0x0000, 0x0000, 0x0000, 0x0000, 0x0020,
  0x5AEB, 0x73AE, 0x6B6D, 0x10A2, 0x0000, 0x0000, 0x0000, 0x18E3, 0x7BCE, 0x73AE, 0x7BCE, 0x5ACB, 0x0020, 0x0000, 0x2944, 0x7BCF,
  0x73AE, 0x73AE, 0x7BCE, 0x4A69, 0x2124, 0x2125, 0x31A6, 0x7BCE, 0x7BAD, 0x7BAC, 0x7BCE, 0x4207, 0x2124, 0x39C7, 0x7BCE, 0x73AD,
  0x73AE, 0x6B4C, 0x0000, 0x0000, 0x0841, 0x4A69, 0x73AE, 0x73AE, 0x4A48, 0x0000, 0x0000, 0x0000, 0x0000, 0x0000, 0x18E3, 0x2965,
  0x0020, 0x0000, 0x0000, 0x0000, 0x0841, 0x738E, 0x4A49, 0x31A6, 0x738D, 0x7BCE, 0x31A6, 0x630B, 0x7BAE, 0x5ACB, 0x0000, 0x0000,
  0x0861, 0x6B4D, 0x3186, 0x2965, 0x738D, 0x7BAE, 0x31A6, 0x0000, 0x0000, 0x0861, 0x6B6D, 0x73AD, 0x73AD, 0x73AD, 0x7BCD, 0x7BCD,
  0x73AD, 0x73AD, 0x73AE, 0x4A49, 0x0020, 0x0000, 0x2104, 0x6B4D, 0x2945, 0x0020, 0x0000, 0x0000, 0x31A6, 0x7BCE, 0x7BCE, 0x7BCE,
  0x5AEB, 0x0021, 0x0000, 0x0841, 0x6B6D, 0x2945, 0x0000, 0x0000, 0x0000, 0x0000, 0x0000, 0x0000, 0x4228, 0x7BCE, 0x5ACB, 0x0020,
  0x0000, 0x3186, 0x0861, 0x0000, 0x0000, 0x0000, 0x630C, 0x73AE, 0x738D, 0x7BCE, 0x7BCE, 0x7BCE, 0x73AE, 0x7BCE, 0x39C7, 0x4228,
  0x7BCE, 0x73AE, 0x73CE, 0x738E, 0x18C3, 0x0000, 0x0000, 0x0000, 0x0000, 0x0000, 0x0000, 0x0000, 0x0000, 0x0000, 0x0000, 0x0000,
  0x0000, 0x0000, 0x0000, 0x0000, 0x0000, 0x0000, 0x0000, 0x0000, 0x0000, 0x0000, 0x0000, 0x0000, 0x0000, 0x0000, 0x0000, 0x0000,
  0x0000, 0x0000, 0x0000, 0x0000, 0x0000, 0x0000, 0x0000, 0x0000, 0x0000, 0x0000, 0x0000, 0x0000, 0x0000, 0x0000, 0x0000, 0x0000,
  0x0000, 0x0000, 0x0000, 0x0000, 0x0000, 0x0000, 0x0000, 0x0000, 0x0000, 0x0000, 0x0000, 0x0000, 0x0000, 0x0000, 0x0000, 0x0000,
  0x0000, 0x0000, 0x0000, 0x0000, 0x0000, 0x0000, 0x0000, 0x0000, 0x0000, 0x0000, 0x0000, 0x0000, 0x0000, 0x0000, 0x0000, 0x0000,
  0x0000, 0x0000, 0x0000, 0x0000, 0x0000, 0x0000, 0x0000, 0x0000, 0x0000, 0x5AEA, 0xD698, 0xA533, 0x9CF2, 0x0020, 0x0000, 0x31A6,
  0xF77C, 0xA533, 0xDED9, 0xFFFF, 0xF7BD, 0xBDF6, 0xC5F6, 0xC616, 0xB5B5, 0xDEFA, 0xB595, 0x0000, 0x0020, 0x0000, 0x52AA, 0xBDF6,
  0xB5B5, 0x9CF2, 0xAD74, 0xCE78, 0x4208, 0x18E3, 0xB5B6, 0xC637, 0xB5B5, 0xA533, 0xBDD5, 0xF7BD, 0x9491, 0x10A2, 0xCE58, 0xBDD6,
  0xBDD6, 0xBDD5, 0xC617, 0xE73B, 0xFFFE, 0xFFFE, 0xD6B8, 0xB5B5, 0xBDB5, 0xBDD5, 0xB595, 0xCE37, 0xFFFE, 0xFFFD, 0xCE57, 0xA533,
  0xAD33, 0xD698, 0x73AD, 0x4A49, 0xDEFB, 0xDEDA, 0xB594, 0xAD74, 0xC637, 0xA533, 0x0841, 0x0000, 0x0000, 0x18E3, 0xBDD5, 0xA513,
  0x9CB1, 0x0020, 0x0020, 0x2965, 0xCE58, 0xB595, 0xD699, 0xFFFF, 0xF7BC, 0xBDF6, 0xF7BD, 0xFFFF, 0xBDF6, 0xDED9, 0x738D, 0x0000,
  0x7BEE, 0xCE78, 0xBDD5, 0xFFFE, 0xE71A, 0xAD74, 0xDED9, 0x1082, 0x0000, 0xA533, 0xD698, 0xB5B5, 0xBDF6, 0xC617, 0xBDF6, 0xBDD5,
  0xEF7B, 0xDED9, 0xD699, 0xFFFF, 0x31A6, 0x0020, 0xC617, 0xBDF6, 0xE73A, 0x2965, 0x0000, 0x7BEF, 0xDEDA, 0xB595, 0xB5B5, 0xB594,
  0xC616, 0xC617, 0x2945, 0x8C50, 0xB5B5, 0xE73B, 0x73AE, 0x0000, 0x0000, 0x0000, 0x0000, 0x528A, 0xCE58, 0xB574, 0xFFDD, 0xC638,
  0x840F, 0xAD54, 0xB5B5, 0x39C7, 0x39C7, 0x842F, 0xA533, 0xE71A, 0xFFFC, 0xC5F5, 0xBDF6, 0xBDF6, 0xBDF6, 0xC5F6, 0xFFDD, 0xF7BD,
  0xC616, 0xBDF6, 0xBDD6, 0xBDD6, 0xC637, 0x6B6C, 0x0841, 0x0000, 0x0000, 0x0000, 0x0000, 0x0000, 0x0000, 0x0000, 0x0000, 0x0000,
  0x0000, 0x0000, 0x0000, 0x0000, 0x0000, 0x0000, 0x0000, 0x0000, 0x0000, 0x0000, 0x0000, 0x0000, 0x0000, 0x0000, 0x0000, 0x0000,
  0x0000, 0x0000, 0x0000, 0x0000, 0x0000, 0x0000, 0x0000, 0x0000, 0x0000, 0x0000, 0x0000, 0x0000, 0x0000, 0x0000, 0x0000, 0x0000,
  0x0000, 0x0000, 0x0000, 0x0000, 0x0000, 0x0000, 0x0000, 0x0000, 0x0000, 0x0000, 0x0000, 0x0000, 0x0000, 0x0000, 0x0000, 0x0000,
  0x0000, 0x0000, 0x0000, 0x0000, 0x0000, 0x0000, 0x0000, 0x0000, 0x0000, 0x0000, 0x0000, 0x0000, 0x0000, 0x0000, 0x0000, 0x0000,
  0x0000, 0x0000, 0x0000, 0x0000, 0x0000, 0x0000, 0x0000, 0x0020, 0x0000, 0x7BEE, 0xB5D5, 0x632C, 0xA533, 0xB5B5, 0x8C71, 0xD698,
  0xA533, 0x5ACB, 0x9490, 0xFFDE, 0xC616, 0x6B6C, 0x8430, 0x8C50, 0x7BEF, 0xB595, 0xCE58, 0x0000, 0x0000, 0x632C, 0xF7BC, 0x840F,
  0x738D, 0xA533, 0x7BEE, 0x738D, 0xC637, 0xF79E, 0xD6D9, 0x738D, 0x73AD, 0x9491, 0x738D, 0x83EF, 0xA534, 0x5289, 0xC616, 0x632C,
  0x840F, 0x8C70, 0x7BCE, 0x6B6D, 0xD698, 0xDEFA, 0x8C50, 0x632C, 0x7C0F, 0x73AE, 0x73AE, 0x9CF2, 0xFFFD, 0x9CF2, 0x630C, 0x9491,
  0x8C70, 0x630B, 0xB594, 0xFFFF, 0xC637, 0x6B4C, 0x8C70, 0x9491, 0x6B4C, 0xBDD5, 0x8430, 0x0000, 0x0000, 0x5ACA, 0xB5B5, 0x630C,
  0xA533, 0x5289, 0x0000, 0xA512, 0xC637, 0x5AEB, 0x7BEE, 0xCE78, 0xC637, 0x62EB, 0xD699, 0xF7BD, 0x73AE, 0x7BCE, 0xD6B9, 0x39E7,
  0xB5D5, 0x840F, 0x842F, 0xFFFE, 0xAD53, 0x5B0B, 0xCE78, 0x18C3, 0x0000, 0xB595, 0x9CD2, 0x9491, 0x7BEF, 0x73AE, 0x8430, 0x8C50,
  0xC637, 0xA4F2, 0x738D, 0xF7BD, 0xA534, 0x39E7, 0xC637, 0x630B, 0xDED9, 0x3185, 0x0000, 0xBDF6, 0x9CF2, 0x5B0B, 0x840F, 0x9491,
  0x6B8D, 0x8C50, 0xD6B9, 0xD698, 0x52AA, 0xCE57, 0x738D, 0x0000, 0x0020, 0x0000, 0x0862, 0xD6B9, 0x840F, 0x632C, 0xAD53, 0xF7BE,
  0xBDD6, 0x6B2C, 0xA513, 0xFFFF, 0xFFFE, 0xCE58, 0x52AA, 0xCE78, 0xCE57, 0x630B, 0x840F, 0x8C50, 0x840F, 0x8C50, 0xF79C, 0xC637,
  0x6B4C, 0x8C50, 0x9CD2, 0x842F, 0x738D, 0xDEF9, 0x6B6C, 0x0000, 0x0020, 0x0000, 0x0000, 0x0000, 0x0000, 0x0000, 0x0000, 0x0000,
  0x0000, 0x0000, 0x0000, 0x0000, 0x0000, 0x0000, 0x0000, 0x0000, 0x0000, 0x0000, 0x0000, 0x0000, 0x0000, 0x0000, 0x0000, 0x0000,
  0x0000, 0x0000, 0x0000, 0x0000, 0x0000, 0x0000, 0x0000, 0x0000, 0x0000, 0x0000, 0x0000, 0x0000, 0x0000, 0x0000, 0x0000, 0x0000,
  0x0000, 0x0000, 0x0000, 0x0000, 0x0000, 0x0000, 0x0000, 0x0000, 0x0000, 0x0000, 0x0000, 0x0000, 0x0000, 0x0000, 0x0000, 0x0000,
  0x0000, 0x0000, 0x0000, 0x0000, 0x0000, 0x0000, 0x0000, 0x0000, 0x0000, 0x0000, 0x0000, 0x0000, 0x0000, 0x0000, 0x0000, 0x0000,
  0x0000, 0x0000, 0x0000, 0x0000, 0x0000, 0x0000, 0x0000, 0x0020, 0x0000, 0x738D, 0xBDD5, 0x7BEF, 0x840F, 0xEF5B, 0xFFFF, 0xEF7B,
  0x7BCF, 0x738E, 0x94B1, 0xFFFE, 0xBDF6, 0x7BEF, 0xFFFF, 0xCE78, 0xD699, 0xFFFF, 0x52AA, 0x0000, 0x0000, 0xC5F6, 0xAD54, 0x6B6D,
  0xD6B9, 0x73CE, 0xC637, 0x94B1, 0xA512, 0xFFFE, 0x840F, 0x7BCF, 0xF7BD, 0xE73C, 0xD699, 0x7BEF, 0x7BEF, 0xDEDA, 0xBDD6, 0x6B6D,
  0xE71A, 0xFFFE, 0xEF5A, 0x7BEF, 0x9CD2, 0xFFFF, 0x9CF3, 0x8C50, 0xD6B9, 0x8C50, 0xD699, 0xFFFE, 0xEF5B, 0x73AE, 0xA533, 0xFFDE,
  0xFFFE, 0xBDD6, 0xAD54, 0xFFFF, 0xBDF6, 0xAD53, 0xFFFE, 0xFFFF, 0x94B1, 0x7BEF, 0xDEFA, 0x0020, 0x0000, 0x52AA, 0xBDD5, 0x7BCE,
  0x8450, 0xB595, 0x7BCF, 0xF79C, 0x7BEF, 0x7BCE, 0x7BEF, 0xC657, 0xCE78, 0x6B6D, 0xD6B9, 0xFFDD, 0x8430, 0x7BCF, 0x9491, 0xF79C,
  0xFFFE, 0x8430, 0x94B1, 0xFFFE, 0xB5B5, 0x73AE, 0xD699, 0x10A2, 0x0000, 0x0861, 0x2104, 0x9491, 0xBDF6, 0x7BEE, 0xF79C, 0x630C,
  0x39E7, 0xCE58, 0x736D, 0xD6B9, 0xBDF6, 0x4A69, 0x9CD2, 0x8C90, 0xBDD5, 0x0020, 0x0000, 0xB595, 0xA512, 0x8C70, 0xCE78, 0x7BCF,
  0xD699, 0x6B6D, 0xD699, 0xE73B, 0x632B, 0xD698, 0x9CF3, 0x0000, 0x0841, 0x0000, 0x7BEF, 0xCE57, 0x7BCE, 0xAD54, 0x840F, 0xF79D,
  0xFFFF, 0xA513, 0x6B2C, 0xE6FA, 0xF7BC, 0x738D, 0x8C70, 0xFFFE, 0xD698, 0x6B4C, 0xD6B9, 0x52AA, 0x2965, 0xCE59, 0xFFFF, 0xCE57,
  0x73AD, 0xDEFB, 0x7BEF, 0xE71A, 0x8C50, 0x9491, 0xBDB5, 0x0000, 0x0000, 0x0000, 0x0000, 0x0000, 0x0000, 0x0000, 0x0000, 0x0000,
  0x0000, 0x0000, 0x0000, 0x0000, 0x0000, 0x0000, 0x0000, 0x0000, 0x0000, 0x0000, 0x0000, 0x0000, 0x0000, 0x0000, 0x0000, 0x0000,
  0x0000, 0x0000, 0x0000, 0x0000, 0x0000, 0x0000, 0x0000, 0x0000, 0x0000, 0x0000, 0x0000, 0x0000, 0x0000, 0x0000, 0x0000, 0x0000,
  0x0000, 0x0000, 0x0000, 0x0000, 0x0000, 0x0000, 0x0000, 0x0000, 0x0000, 0x0000, 0x0000, 0x0000, 0x0000, 0x0000, 0x0000, 0x0000,
  0x0000, 0x0000, 0x0000, 0x0000, 0x0000, 0x0000, 0x0000, 0x0000, 0x0000, 0x0000, 0x0000, 0x0000, 0x0000, 0x0000, 0x0000, 0x0000,
  0x0000, 0x0000, 0x0000, 0x0000, 0x0000, 0x0000, 0x0000, 0x0020, 0x0000, 0x73AD, 0xBDD5, 0x8450, 0x8C71, 0xAD54, 0xFFFF, 0xAD54,
  0x8410, 0x8410, 0x94B1, 0xFFFE, 0xB595, 0x7BCF, 0xB5B5, 0x9CD1, 0xAD74, 0xF7BC, 0x8C50, 0x0000, 0x0000, 0xBDD5, 0x9491, 0x9CF2,
  0x94B2, 0x0000, 0x2965, 0x8C70, 0xDEDA, 0xE73A, 0x6B6D, 0xBDD5, 0xF79D, 0x2945, 0x9491, 0xA512, 0x7BEF, 0xFFFE, 0xB595, 0x6B6D,
  0xE73B, 0xFFFE, 0xEF7B, 0x7BEE, 0x9CD2, 0xFFFF, 0xA513, 0x7BEF, 0xD6B9, 0xDEFB, 0xDEFA, 0xFFBD, 0xF7BD, 0x840F, 0x7BEF, 0xC637,
  0xEF7C, 0xFFFE, 0xFFFF, 0xE71B, 0xEF3B, 0xFFBD, 0xEF5B, 0xD698, 0x7BEE, 0xA533, 0xBDD6, 0x0000, 0x0000, 0x52AA, 0xBDB5, 0x8C51,
  0x8430, 0xAD54, 0xFFFF, 0xB5B5, 0x840F, 0x7BEF, 0x8C71, 0xFFFE, 0xC617, 0x6B6D, 0xD699, 0xFFDD, 0x7BCE, 0x94B2, 0x7BCE, 0xBDD5,
  0xFFFF, 0x8C50, 0x94B1, 0xFFFF, 0xBDD6, 0x73AE, 0xD699, 0x10A2, 0x0000, 0x0000, 0x0000, 0x4A69, 0xC617, 0x7BCE, 0xEF5B, 0x20E4,
  0x0000, 0xB5B5, 0x7BEE, 0x9CD2, 0xFFDE, 0xD6B9, 0x6B6D, 0xB5D5, 0x630B, 0x0000, 0x0000, 0xBDD5, 0x9CF2, 0x94B1, 0xB5B6, 0x0000,
  0xDEFA, 0x73AD, 0xC637, 0xE73B, 0x5AEB, 0xC636, 0x630B, 0x0000, 0x0020, 0x0000, 0xB5B5, 0x9CD2, 0x9CB2, 0xE71B, 0x6B6C, 0xC658,
  0xFFFF, 0xFFFE, 0x7BEE, 0x9CB2, 0xB595, 0x6B4C, 0xE71A, 0xFFFE, 0xCE57, 0x6B4C, 0xC617, 0xA533, 0x9CF2, 0xEF7C, 0xFFFE, 0xBDF5,
  0x6B6C, 0xDEFA, 0xD6BA, 0xEF7C, 0x8C50, 0x94B1, 0xBDD5, 0x0000, 0x0000, 0x0000, 0x0000, 0x0000, 0x0000, 0x0000, 0x0000, 0x0000,
  0x0000, 0x0000, 0x0000, 0x0000, 0x0000, 0x0000, 0x0000, 0x0000, 0x0000, 0x0000, 0x0000, 0x0000, 0x0000, 0x0000, 0x0000, 0x0000,
  0x0000, 0x0000, 0x0000, 0x0000, 0x0000, 0x0000, 0x0000, 0x0000, 0x0000, 0x0000, 0x0000, 0x0000, 0x0000, 0x0000, 0x0000, 0x0000,
  0x0000, 0x0000, 0x0000, 0x0000, 0x0000, 0x0000, 0x0000, 0x0000, 0x0000, 0x0000, 0x0000, 0x0000, 0x0000, 0x0000, 0x0000, 0x0000,
  0x0000, 0x0000, 0x0000, 0x0000, 0x0000, 0x0000, 0x0000, 0x0000, 0x0000, 0x0000, 0x0000, 0x0000, 0x0000, 0x0000, 0x0000, 0x0000,
  0x0000, 0x0000, 0x0000, 0x0000, 0x0000, 0x0000, 0x0000, 0x0020, 0x0000, 0x73AD, 0xB5B5, 0x9491, 0xBDF6, 0x840F, 0xE73C, 0x840F,
  0xC617, 0x8C30, 0x9491, 0xFFFE, 0xAD74, 0x630B, 0x8C70, 0xA513, 0x632C, 0xA512, 0xCE58, 0x0000, 0x0000, 0xAD74, 0x8C70, 0xA534,
  0x632C, 0x0020, 0x0000, 0x4208, 0xFFDE, 0xDED9, 0x6B6D, 0xCE57, 0x4A49, 0x0000, 0x4A69, 0xAD74, 0x738D, 0xF7BC, 0xB5B5, 0x6B6D,
  0x8C71, 0x9CF2, 0x8C50, 0x7BCE, 0xD698, 0xFFFF, 0x9CF2, 0x6B8D, 0x7BEE, 0x8450, 0x738D, 0xD6B8, 0xFFFF, 0xCE78, 0x7BEE, 0x73AD,
  0x7BCE, 0x9491, 0xE71B, 0xAD55, 0x0021, 0xB595, 0x9CD2, 0x632C, 0x6B4C, 0xDEDA, 0x9CD2, 0x0000, 0x0000, 0x52AA, 0xB595, 0x9CD2,
  0xB5B6, 0x7BCE, 0xE71B, 0x840F, 0xBDD6, 0x8C50, 0x8C70, 0xFFFF, 0xC637, 0x6B6D, 0xD698, 0xFFDD, 0x738D, 0xAD75, 0xBDF6, 0x6B4C,
  0xE71B, 0x94B1, 0x9491, 0xFFFF, 0xBDD6, 0x7BCE, 0xD699, 0x10A2, 0x0000, 0x0020, 0x0000, 0x5ACA, 0xBDF6, 0x73AE, 0xEF3B, 0x3186,
  0x0000, 0x7BCE, 0xAD33, 0x6B6D, 0xFFDD, 0xBDD5, 0x738D, 0xA553, 0x0000, 0x0000, 0x0000, 0x7BCE, 0xAD53, 0x840F, 0xA513, 0x8C50,
  0x9491, 0x7BEE, 0xDED9, 0xDEDA, 0x630B, 0xC616, 0x4A47, 0x0000, 0x0020, 0x0841, 0xC616, 0x738D, 0xCE57, 0xFFFF, 0x842F, 0x9CF3,
  0xF79E, 0x6B6D, 0x9491, 0x7C0F, 0x73AD, 0xB595, 0xC617, 0xEF7B, 0xD698, 0x736D, 0x7BCE, 0x8C70, 0x842F, 0xAD74, 0xFFDE, 0xB594,
  0x738D, 0x8C71, 0xA513, 0x94B1, 0x738D, 0xD6B9, 0x6B6D, 0x0000, 0x0020, 0x0000, 0x0000, 0x0000, 0x0000, 0x0000, 0x0000, 0x0000,
  0x0000, 0x0000, 0x0000, 0x0000, 0x0000, 0x0000, 0x0000, 0x0000, 0x0000, 0x0000, 0x0000, 0x0000, 0x0000, 0x0000, 0x0000, 0x0000,
  0x0000, 0x0000, 0x0000, 0x0000, 0x0000, 0x0000, 0x0000, 0x0000, 0x0000, 0x0000, 0x0000, 0x0000, 0x0000, 0x0000, 0x0000, 0x0000,
  0x0000, 0x0000, 0x0000, 0x0000, 0x0000, 0x0000, 0x0000, 0x0000, 0x0000, 0x0000, 0x0000, 0x0000, 0x0000, 0x0000, 0x0000, 0x0000,
  0x0000, 0x0000, 0x0000, 0x0000, 0x0000, 0x0000, 0x0000, 0x0000, 0x0000, 0x0000, 0x0000, 0x0000, 0x0000, 0x0000, 0x0000, 0x0000,
  0x0000, 0x0000, 0x0000, 0x0000, 0x0000, 0x0000, 0x0000, 0x0020, 0x0000, 0x73AD, 0xB5B5, 0x8450, 0xF77C, 0x8C50, 0x8C51, 0x8C71,
  0xF79D, 0x83EF, 0x9CB2, 0xFFFD, 0xEF5B, 0xCE78, 0xF7BC, 0xFFFF, 0xAD74, 0x7BEE, 0x9CF2, 0x0000, 0x0000, 0xBDD5, 0x8C71, 0xA513,
  0xB595, 0x0000, 0x31A6, 0xFFFE, 0xE73B, 0xDED9, 0x6B8D, 0xC637, 0x8430, 0x0000, 0x52AA, 0xA533, 0x7BCE, 0xFFFD, 0xB5B5, 0x6B6D,
  0x94B2, 0x8C70, 0x632C, 0xAD74, 0xFFFE, 0xFFFD, 0x94D1, 0x7BCE, 0xBDD5, 0x6B4C, 0xB595, 0xF7BD, 0xFFFF, 0xFFFF, 0xF7BD, 0xAD54,
  0xA513, 0x7BEE, 0x842F, 0xFFFF, 0xC617, 0xCE78, 0xBDF7, 0xDED9, 0x840F, 0x840F, 0xD6B9, 0x1082, 0x0000, 0x5AAA, 0xB5B5, 0x8C91,
  0xF79C, 0x8430, 0x8C71, 0x842F, 0xEF5B, 0x840F, 0x8C70, 0xFFFF, 0xC637, 0x6B6D, 0xD698, 0xFFDD, 0x73AD, 0xA533, 0xFFFE, 0x842F,
  0x9491, 0x8C71, 0x94B1, 0xFFFF, 0xBDD6, 0x73CE, 0xD698, 0x10A2, 0x0000, 0x0020, 0x0000, 0x5ACA, 0xBDF6, 0x73AD, 0xEF1A, 0x2965,
  0x0000, 0x39E7, 0xBDF6, 0x632B, 0xCE58, 0x8C70, 0x8C71, 0x8C71, 0x0000, 0x0840, 0x0000, 0x5AEB, 0xAD74, 0x73AD, 0x94B1, 0x9CD2,
  0x9CD2, 0xAD54, 0x3186, 0x9CF3, 0x6B8D, 0xC616, 0x4207, 0x0000, 0x0000, 0x6B6D, 0xC616, 0x632C, 0xA513, 0xB595, 0x840F, 0x8430,
  0xCE58, 0x0000, 0x8430, 0x94D2, 0x840F, 0xAD54, 0x0000, 0x630B, 0xDEF9, 0x6B6C, 0xB5B5, 0x6B4C, 0x4A48, 0xAD94, 0xFFFE, 0xC5F5,
  0x6B6D, 0x9491, 0xA4F2, 0x73AE, 0xA533, 0xFFFF, 0x2104, 0x0000, 0x0000, 0x0000, 0x0000, 0x0000, 0x0000, 0x0000, 0x0000, 0x0000,
  0x0000, 0x0000, 0x0000, 0x0000, 0x0000, 0x0000, 0x0000, 0x0000, 0x0000, 0x0000, 0x0000, 0x0000, 0x0000, 0x0000, 0x0000, 0x0000,
  0x0000, 0x0000, 0x0000, 0x0000, 0x0000, 0x0000, 0x0000, 0x0000, 0x0000, 0x0000, 0x0000, 0x0000, 0x0000, 0x0000, 0x0000, 0x0000,
  0x0000, 0x0000, 0x0000, 0x0000, 0x0000, 0x0000, 0x0000, 0x0000, 0x0000, 0x0000, 0x0000, 0x0000, 0x0000, 0x0000, 0x0000, 0x0000,
  0x0000, 0x0000, 0x0000, 0x0000, 0x0000, 0x0000, 0x0000, 0x0000, 0x0000, 0x0000, 0x0000, 0x0000, 0x0000, 0x0000, 0x0000, 0x0000,
  0x0000, 0x0000, 0x0000, 0x0000, 0x0000, 0x0000, 0x0000, 0x0020, 0x0000, 0x73AD, 0xB595, 0x840F, 0xFFFE, 0xB595, 0x630B, 0xBDD6,
  0xFFFE, 0x840F, 0x9CF2, 0xFFFE, 0xC637, 0xCE78, 0xFFFD, 0xFFFF, 0xAD95, 0x73CE, 0xAD53, 0x0000, 0x0000, 0x9CD2, 0xA533, 0x7BEF,
  0xDEDA, 0x41E8, 0x8C50, 0x9491, 0x9CD1, 0xF7BD, 0x7BEE, 0x9CD2, 0xFFFF, 0xAD55, 0xBDF6, 0x8430, 0x7BEF, 0xD6B9, 0xBDF6, 0x6B4D,
  0xE71A, 0xFFDD, 0x7BEF, 0x7C0F, 0xF79C, 0xFFFE, 0x9CD2, 0x842F, 0xC637, 0x5ACB, 0xDEFA, 0xFFFF, 0xF79C, 0x9CF2, 0xEF5B, 0xBDD6,
  0xF79D, 0xB5B5, 0x73AE, 0xE73B, 0xBDF6, 0xC5F6, 0xCE79, 0xFFFF, 0xAD74, 0x632B, 0xEF5B, 0x39E7, 0x0000, 0x5AAA, 0xB595, 0x8450,
  0xF79C, 0xB595, 0x6B4D, 0xB5B5, 0xFFFD, 0x7C0F, 0x9491, 0xFFFE, 0xC637, 0x6B8D, 0xD698, 0xFFDD, 0x7BCE, 0xA513, 0xFFFF, 0xE73B,
  0x73CE, 0x7BEF, 0x9CD2, 0xFFFF, 0xBDD5, 0x73AD, 0xCE78, 0x10A2, 0x0000, 0x0020, 0x0000, 0x4A49, 0xBDD5, 0x73CD, 0xEF1A, 0x2945,
  0x0000, 0x0000, 0xA533, 0x842F, 0x8C71, 0x73AE, 0xC5F6, 0x738D, 0x0000, 0x0020, 0x0000, 0xAD54, 0xAD53, 0x8C70, 0xBDD6, 0x39E7,
  0x2965, 0x0861, 0x0000, 0x6B6D, 0x7BCE, 0xC616, 0x840F, 0x4A49, 0x5AEB, 0xDEFA, 0x9491, 0x7BCE, 0x9491, 0x9471, 0x8C50, 0x738D,
  0xC638, 0x10A2, 0x8C50, 0xA533, 0x840F, 0xD699, 0x0000, 0x4208, 0xDEDA, 0x738D, 0xC617, 0x10A2, 0x2124, 0xB594, 0xFFFE, 0xBDF5,
  0x6B4C, 0xDED9, 0xBDF7, 0x8C71, 0x7BCE, 0xF7BC, 0x4A69, 0x0000, 0x0000, 0x0000, 0x0000, 0x0000, 0x0000, 0x0000, 0x0000, 0x0000,
  0x0000, 0x0000, 0x0000, 0x0000, 0x0000, 0x0000, 0x0000, 0x0000, 0x0000, 0x0000, 0x0000, 0x0000, 0x0000, 0x0000, 0x0000, 0x0000,
  0x0000, 0x0000, 0x0000, 0x0000, 0x0000, 0x0000, 0x0000, 0x0000, 0x0000, 0x0000, 0x0000, 0x0000, 0x0000, 0x0000, 0x0000, 0x0000,
  0x0000, 0x0000, 0x0000, 0x0000, 0x0000, 0x0000, 0x0000, 0x0000, 0x0000, 0x0000, 0x0000, 0x0000, 0x0000, 0x0000, 0x0000, 0x0000,
  0x0000, 0x0000, 0x0000, 0x0000, 0x0000, 0x0000, 0x0000, 0x0000, 0x0000, 0x0000, 0x0000, 0x0000, 0x0000, 0x0000, 0x0000, 0x0000,
  0x0000, 0x0000, 0x0000, 0x0000, 0x0000, 0x0000, 0x0000, 0x0020, 0x0000, 0x738D, 0xA533, 0x73AE, 0xFFFD, 0xFFDD, 0xC616, 0xFFFE,
  0xFFDD, 0x7BCE, 0x94B1, 0xFFFF, 0xAD53, 0x6B4C, 0xB595, 0xBDF6, 0x6B6D, 0x9491, 0x8C71, 0x0000, 0x0000, 0x5ACA, 0xE71A, 0x6B2C,
  0x8C50, 0xBDD6, 0x94B2, 0x632C, 0xCE78, 0xFFFF, 0xC616, 0x6B6D, 0x9CF3, 0xC638, 0x8C71, 0x73CE, 0x840F, 0x6B4C, 0xBDF6, 0x630B,
  0xD677, 0xFFFD, 0xBDD5, 0x5AEB, 0xBDB5, 0xF79D, 0x94B1, 0x738D, 0xA533, 0xBDD5, 0xAD53, 0xC616, 0xEF7B, 0x6B6D, 0x73AD, 0xAD95,
  0xBDF6, 0x73AE, 0x94B1, 0xFFFF, 0x8C70, 0x738D, 0xBDF6, 0xB5B6, 0x6B6D, 0x8C50, 0xCE78, 0x0841, 0x0000, 0x52AA, 0xA533, 0x7BCE,
  0xEF7B, 0xFFFE, 0xB5B5, 0xE6FA, 0xFFDD, 0x7BEE, 0x8C71, 0xFFFF, 0xBDF6, 0x6B4C, 0xCE98, 0xFFDD, 0x73AE, 0xA533, 0xEF5C, 0xAD54,
  0xAD54, 0x6B4D, 0x8C70, 0xFFFE, 0xAD74, 0x632C, 0xD699, 0x18C3, 0x0000, 0x0020, 0x0000, 0x4A48, 0xAD74, 0x6B6D, 0xE71A, 0x2965,
  0x0000, 0x0000, 0x840E, 0xAD74, 0x632C, 0x73AE, 0xC5F6, 0x18C3, 0x0000, 0x0020, 0x0000, 0xB5B6, 0x9CF2, 0x8C70, 0x9CD2, 0x0000,
  0x0000, 0x0000, 0x0000, 0x6B4C, 0x7BCE, 0x840F, 0xAD54, 0xA533, 0xC616, 0xD698, 0x630B, 0xB5D6, 0x9CD3, 0x9CF3, 0xDEFA, 0x6B6D,
  0xA513, 0x73AE, 0xCE79, 0x94B1, 0x7BCE, 0xCE58, 0x0000, 0x4A69, 0xDED9, 0x632C, 0x9CF3, 0x9CD1, 0xA4F2, 0xB574, 0xF79B, 0xBDF5,
  0x630B, 0xCE78, 0x1082, 0x840E, 0x6B6C, 0xB594, 0x94B1, 0x0000, 0x0000, 0x0000, 0x0000, 0x0000, 0x0000, 0x0000, 0x0000, 0x0000,
  0x0000, 0x0000, 0x0000, 0x0000, 0x0000, 0x0000, 0x0000, 0x0000, 0x0000, 0x0000, 0x0000, 0x0000, 0x0000, 0x0000, 0x0000, 0x0000,
  0x0000, 0x0000, 0x0000, 0x0000, 0x0000, 0x0000, 0x0000, 0x0000, 0x0000, 0x0000, 0x0000, 0x0000, 0x0000, 0x0000, 0x0000, 0x0000,
  0x0000, 0x0000, 0x0000, 0x0000, 0x0000, 0x0000, 0x0000, 0x0000, 0x0000, 0x0000, 0x0000, 0x0000, 0x0000, 0x0000, 0x0000, 0x0000,
  0x0000, 0x0000, 0x0000, 0x0000, 0x0000, 0x0000, 0x0000, 0x0000, 0x0000, 0x0000, 0x0000, 0x0000, 0x0000, 0x0000, 0x0000, 0x0000,
  0x0000, 0x0000, 0x0000, 0x0000, 0x0000, 0x0000, 0x0000, 0x0020, 0x0000, 0x7BCE, 0xCE77, 0xAD53, 0xDED8, 0x52AA, 0x5AEB, 0x630B,
  0xEF7B, 0xAD54, 0xC616, 0xFFDD, 0xBDF7, 0xAD74, 0x94B1, 0x8C91, 0xA554, 0xCE78, 0x10A2, 0x0000, 0x0000, 0x0000, 0x7BCE, 0xC637,
  0x9491, 0x844F, 0x8C70, 0xBE16, 0xA513, 0x7BEF, 0xB5B6, 0xBDF6, 0x94B1, 0x8C50, 0x9491, 0xD6D9, 0x5AEB, 0x2103, 0xD6B9, 0x9491,
  0xF79C, 0xFFFE, 0xFFFD, 0x9CD2, 0xB5B5, 0xFFDE, 0xBDF6, 0x9CD2, 0x9CD2, 0x94B1, 0x9491, 0xAD53, 0xFFFF, 0xDEFA, 0x9491, 0x8C50,
  0x842F, 0x9CD2, 0xA512, 0xA514, 0xDEDA, 0xAD74, 0x8C50, 0x8450, 0x9CF2, 0xB5B5, 0x31A6, 0x0000, 0x0000, 0x5269, 0xCE77, 0xA512,
  0xFFFD, 0x6B4C, 0x3186, 0x1082, 0xAD74, 0xBDF6, 0xAD74, 0xFFFF, 0xE73B, 0x94B1, 0xEF7B, 0xFFFF, 0x9CD2, 0xDED9, 0x9491, 0x0000,
  0xA513, 0xA513, 0xAD53, 0xFFFF, 0xD678, 0x9CB1, 0xBDF6, 0x0861, 0x0000, 0x0000, 0x0000, 0x0841, 0x840F, 0xAD53, 0xF77B, 0x2124,
  0x0000, 0x0000, 0x2124, 0xC616, 0x94B1, 0xBDD5, 0x738D, 0x0000, 0x0000, 0x0000, 0x0000, 0xB595, 0xC637, 0xBDD5, 0x94B2, 0x0000,
  0x0020, 0x0020, 0x0000, 0x7BEF, 0xAD74, 0x94B1, 0x9491, 0x8C70, 0x9CF2, 0xD698, 0x9CD1, 0xBDD5, 0x0000, 0x0000, 0x7BCF, 0xBDF6,
  0x9CF2, 0xE71A, 0xFFFF, 0xB5B5, 0xAD74, 0x94B1, 0x0000, 0x3186, 0xDED9, 0x9CD2, 0x9CD2, 0x9CF2, 0x9CD1, 0x8C70, 0xF79C, 0xE6F9,
  0x9490, 0xD698, 0x1082, 0xA512, 0xB5B4, 0xB5B5, 0x9491, 0x0000, 0x0000, 0x0000, 0x0000, 0x0000, 0x0000, 0x0000, 0x0000, 0x0000,
  0x0000, 0x0000, 0x0000, 0x0000, 0x0000, 0x0000, 0x0000, 0x0000, 0x0000, 0x0000, 0x0000, 0x0000, 0x0000, 0x0000, 0x0000, 0x0000,
  0x0000, 0x0000, 0x0000, 0x0000, 0x0000, 0x0000, 0x0000, 0x0000, 0x0000, 0x0000, 0x0000, 0x0000, 0x0000, 0x0000, 0x0000, 0x0000,
  0x0000, 0x0000, 0x0000, 0x0000, 0x0000, 0x0000, 0x0000, 0x0000, 0x0000, 0x0000, 0x0000, 0x0000, 0x0000, 0x0000, 0x0000, 0x0000,
  0x0000, 0x0000, 0x0000, 0x0000, 0x0000, 0x0000, 0x0000, 0x0000, 0x0000, 0x0000, 0x0000, 0x0000, 0x0000, 0x0000, 0x0000, 0x0000,
  0x0000, 0x0000, 0x0000, 0x0000, 0x0000, 0x0000, 0x0000, 0x0000, 0x0000, 0x2945, 0x8C71, 0x8C71, 0x31A6, 0x0000, 0x0000, 0x0000,
  0x39C7, 0x8C71, 0x8430, 0x2945, 0x0000, 0x6B4C, 0x8430, 0x840F, 0x738D, 0x2124, 0x0000, 0x0000, 0x0000, 0x0000, 0x0000, 0x3185,
  0x8430, 0x840F, 0x7BEE, 0x39E7, 0x0000, 0x0000, 0x0000, 0x4228, 0x8C50, 0x7BEF, 0x8430, 0x4228, 0x0000, 0x0000, 0x630B, 0x8C50,
  0x5ACA, 0x4207, 0x4208, 0x7BEE, 0x8C70, 0x39C7, 0x39C7, 0x7BEF, 0x8C71, 0x8C71, 0x8C71, 0x52AA, 0x4208, 0x4228, 0x6B6D, 0x840F,
  0x840F, 0x5289, 0x0840, 0x0000, 0x2104, 0x6B2C, 0x840F, 0x7BEF, 0x630C, 0x10A2, 0x0000, 0x0000, 0x0000, 0x0020, 0x73AD, 0x8C30,
  0x31A6, 0x0000, 0x0000, 0x0000, 0x10A2, 0x8C50, 0x5AEB, 0x528A, 0x8C71, 0x7BEF, 0x4207, 0x4207, 0x738D, 0x7BCE, 0x10A2, 0x0000,
  0x2124, 0x8C70, 0x5289, 0x5AEA, 0x8C50, 0x8C50, 0x2103, 0x0000, 0x0000, 0x0000, 0x0000, 0x0000, 0x4A48, 0x8C50, 0x31A6, 0x0000,
  0x0000, 0x0000, 0x0000, 0x4207, 0x8C50, 0x738D, 0x0000, 0x0000, 0x0000, 0x0000, 0x0000, 0x2124, 0x8C71, 0x9491, 0x2104, 0x0000,
  0x0000, 0x0000, 0x0000, 0x2944, 0x8430, 0x8C50, 0x8C71, 0x8C51, 0x8C70, 0x8C71, 0x8C71, 0x39C6, 0x0000, 0x0020, 0x0000, 0x5ACA,
  0x8C50, 0x2124, 0x31A6, 0x8C51, 0x738D, 0x2124, 0x0000, 0x0000, 0x2945, 0x4A48, 0x8C50, 0x8C71, 0x8C70, 0x8C50, 0x4207, 0x73AE,
  0x8C71, 0x2965, 0x0000, 0x2124, 0x8C71, 0x9491, 0x2104, 0x0000, 0x0000, 0x0000, 0x0000, 0x0000, 0x0000, 0x0000, 0x0000, 0x0000,
  0x0000, 0x0000, 0x0000, 0x0000, 0x0000, 0x0000, 0x0000, 0x0000, 0x0000, 0x0000, 0x0000, 0x0000, 0x0000, 0x0000, 0x0000, 0x0000,
  0x0000, 0x0000, 0x0000, 0x0000, 0x0000, 0x0000, 0x0000, 0x0000, 0x0000, 0x0000, 0x0000, 0x0000, 0x0000, 0x0000, 0x0000, 0x0000,
  0x0000, 0x0000, 0x0000, 0x0000, 0x0000, 0x0000, 0x0000, 0x0000, 0x0000, 0x0000, 0x0000, 0x0000, 0x0000, 0x0000, 0x0000, 0x0000,
  0x0000, 0x0000, 0x0000, 0x0000, 0x0000, 0x0000, 0x0000, 0x0000, 0x0000, 0x0000, 0x0000, 0x0000, 0x0000, 0x0000, 0x0000, 0x0000,
  0x0000, 0x0000, 0x0000, 0x0000, 0x0000, 0x0000, 0x0000, 0x0000, 0x0000, 0x0000, 0x0000, 0x0000, 0x0000, 0x0020, 0x0000, 0x0020,
  0x0000, 0x0000, 0x0000, 0x0000, 0x0000, 0x0000, 0x0000, 0x0000, 0x0000, 0x0000, 0x0000, 0x0000, 0x0000, 0x0000, 0x0000, 0x0000,
  0x0000, 0x0000, 0x0000, 0x0000, 0x0000, 0x0020, 0x0000, 0x0000, 0x0000, 0x0000, 0x0000, 0x0000, 0x0000, 0x0000, 0x0000, 0x0000,
  0x0000, 0x0000, 0x0000, 0x0000, 0x0000, 0x0000, 0x0000, 0x0000, 0x0000, 0x0000, 0x0000, 0x0000, 0x0000, 0x0000, 0x0000, 0x0000,
  0x0000, 0x0000, 0x0000, 0x0020, 0x0000, 0x0000, 0x0000, 0x0000, 0x0000, 0x0000, 0x0000, 0x0000, 0x0000, 0x0000, 0x0000, 0x0000,
  0x0000, 0x0000, 0x0000, 0x0000, 0x0000, 0x0000, 0x0000, 0x0000, 0x0000, 0x0000, 0x0000, 0x0000, 0x0000, 0x0000, 0x0000, 0x0000,
  0x0000, 0x0000, 0x0000, 0x0000, 0x0000, 0x0000, 0x0000, 0x0000, 0x0000, 0x0000, 0x0000, 0x0000, 0x0000, 0x0000, 0x0000, 0x0000,
  0x0000, 0x0000, 0x0000, 0x0000, 0x0000, 0x0000, 0x0000, 0x0000, 0x0000, 0x0000, 0x0000, 0x0000, 0x0000, 0x0000, 0x0000, 0x0000,
  0x0000, 0x0000, 0x0000, 0x0000, 0x0000, 0x0000, 0x0000, 0x0000, 0x0000, 0x0000, 0x0000, 0x0000, 0x0000, 0x0000, 0x0000, 0x0000,
  0x0000, 0x0000, 0x0000, 0x0000, 0x0000, 0x0000, 0x0000, 0x0000, 0x0000, 0x0000, 0x0000, 0x0000, 0x0000, 0x0000, 0x0000, 0x0000,
  0x0000, 0x0000, 0x0000, 0x0000, 0x0000, 0x0000, 0x0000, 0x0000, 0x0000, 0x0000, 0x0000, 0x0000, 0x0000, 0x0000, 0x0000, 0x0000,
  0x0000, 0x0000, 0x0000, 0x0000, 0x0000, 0x0000, 0x0000, 0x0000, 0x0000, 0x0000, 0x0000, 0x0000, 0x0000, 0x0000, 0x0000, 0x0000,
  0x0000, 0x0000, 0x0000, 0x0000, 0x0000, 0x0000, 0x0000, 0x0000, 0x0000, 0x0000, 0x0000, 0x0000, 0x0000, 0x0000, 0x0000, 0x0000,
  0x0000, 0x0000, 0x0000, 0x0000, 0x0000, 0x0000, 0x0000, 0x0000, 0x0000, 0x0000, 0x0000, 0x0000, 0x0000, 0x0000, 0x0000, 0x0000,
  0x0000, 0x0000, 0x0000, 0x0000, 0x0000, 0x0000, 0x0000, 0x0000, 0x0000, 0x0000, 0x0000, 0x0000, 0x0000, 0x0000, 0x0000, 0x0000,
  0x0000, 0x0000, 0x0000, 0x0000, 0x0000, 0x0000, 0x0000, 0x0000, 0x0000, 0x0000, 0x0020, 0x0020, 0x0000, 0x0000, 0x0000, 0x0000,
  0x0000, 0x0020, 0x0020, 0x0000, 0x0000, 0x0000, 0x0020, 0x0000, 0x0020, 0x0000, 0x0000, 0x0000, 0x0000, 0x0000, 0x0000, 0x0000,
  0x0020, 0x0000, 0x0020, 0x0000, 0x0000, 0x0000, 0x0000, 0x0000, 0x0020, 0x0000, 0x0020, 0x0000, 0x0000, 0x0000, 0x0000, 0x0020,
  0x0000, 0x0000, 0x0000, 0x0020, 0x0020, 0x0000, 0x0000, 0x0020, 0x0020, 0x0020, 0x0020, 0x0000, 0x0000, 0x0000, 0x0000, 0x0000,
  0x0020, 0x0000, 0x0000, 0x0000, 0x0000, 0x0000, 0x0000, 0x0000, 0x0000, 0x0000, 0x0000, 0x0000, 0x0000, 0x0000, 0x0020, 0x0020,
  0x0000, 0x0000, 0x0000, 0x0000, 0x0000, 0x0020, 0x0000, 0x0000, 0x0020, 0x0020, 0x0000, 0x0000, 0x0000, 0x0020, 0x0000, 0x0000,
  0x0000, 0x0020, 0x0000, 0x0020, 0x0020, 0x0020, 0x0000, 0x0000, 0x0000, 0x0000, 0x0000, 0x0000, 0x0000, 0x0020, 0x0000, 0x0000,
  0x0000, 0x0000, 0x0000, 0x0000, 0x0020, 0x0020, 0x0000, 0x0000, 0x0000, 0x0000, 0x0000, 0x0000, 0x0020, 0x0020, 0x0000, 0x0000,
  0x0000, 0x0000, 0x0000, 0x0000, 0x0020, 0x0020, 0x0020, 0x0020, 0x0020, 0x0020, 0x0020, 0x0000, 0x0000, 0x0000, 0x0000, 0x0000,
  0x0020, 0x0000, 0x0000, 0x0020, 0x0020, 0x0000, 0x0000, 0x0000, 0x0000, 0x0000, 0x0020, 0x0020, 0x0020, 0x0020, 0x0000, 0x0020,
  0x0020, 0x0000, 0x0000, 0x0000, 0x0020, 0x0020, 0x0000, 0x0000, 0x0000, 0x0000, 0x0000, 0x0000, 0x0000, 0x0000, 0x0000, 0x0000,
  0x0000, 0x0000, 0x0000, 0x0000, 0x0000, 0x0000, 0x0000, 0x0000, 0x0000, 0x0000, 0x0000, 0x0000, 0x0000, 0x0000, 0x0000, 0x0000,
  0x0000, 0x0000, 0x0000, 0x0000, 0x0000, 0x0000, 0x0000, 0x0000, 0x0000, 0x0000, 0x0000, 0x0000, 0x0000, 0x0000, 0x0000, 0x0000,
  0x0000, 0x0000, 0x0000, 0x0000, 0x0000, 0x0000, 0x0000, 0x0000, 0x0000, 0x0000, 0x0000, 0x0000, 0x0000, 0x0000, 0x0000, 0x0000,
  0x0000, 0x0000, 0x0000, 0x0000, 0x0000, 0x0000, 0x0000, 0x0000, 0x0000, 0x0000, 0x0000, 0x0000, 0x0000, 0x0000, 0x0000, 0x0000,
  0x0000, 0x0000, 0x0000, 0x0000, 0x0000, 0x0000, 0x0000, 0x0000, 0x0000, 0x0000, 0x0000, 0x0000, 0x0000, 0x0000, 0x0000, 0x0000,
  0x0000, 0x0000, 0x0000, 0x0000, 0x0000, 0x0000, 0x0000, 0x0000, 0x0000, 0x0000, 0x0000, 0x0000, 0x0000, 0x0000, 0x0000, 0x0000,
  0x0000, 0x0000, 0x0000, 0x0000, 0x0000, 0x0000, 0x0000, 0x0000, 0x0000, 0x0000, 0x0000, 0x0000, 0x0000, 0x0000, 0x0000, 0x0000,
  0x0000, 0x0000, 0x0000, 0x0000, 0x0000, 0x0000, 0x0000, 0x0000, 0x0000, 0x0000, 0x0000, 0x0000, 0x0000, 0x0000, 0x0000, 0x0000,
  0x0000, 0x0000, 0x0000, 0x0000, 0x0000, 0x0000, 0x0000, 0x0000, 0x0000, 0x0000, 0x0000, 0x0000, 0x0000, 0x0000, 0x0000, 0x0000,
  0x0000, 0x0000, 0x0000, 0x0000, 0x0000, 0x0000, 0x0000, 0x0000, 0x0000, 0x0000, 0x0000, 0x0000, 0x0000, 0x0000, 0x0000, 0x0000,
  0x0000, 0x0000, 0x0000, 0x0000, 0x0000, 0x0000, 0x0000, 0x0000, 0x0000, 0x0000, 0x0000, 0x0000, 0x0000, 0x0000, 0x0000, 0x0000,
  0x0000, 0x0000, 0x0000, 0x0000, 0x0000, 0x0000, 0x0000, 0x0000, 0x0000, 0x0000, 0x0000, 0x0000, 0x0000, 0x0000, 0x0000, 0x0000,
  0x0000, 0x0000, 0x0000, 0x0000, 0x0000, 0x0000, 0x0000, 0x0000, 0x0000, 0x0000, 0x0000, 0x0000, 0x0000, 0x0000, 0x0000, 0x0000,
  0x0000, 0x0000, 0x0000, 0x0000, 0x0000, 0x0000, 0x0000, 0x0000, 0x0000, 0x0000, 0x0000, 0x0000, 0x0000, 0x0000, 0x0000, 0x0000,
  0x0000, 0x0000, 0x0000, 0x0000, 0x0000, 0x0000, 0x0000, 0x0000, 0x0000, 0x0000, 0x0000, 0x0000, 0x0000, 0x0000, 0x0000, 0x0000,
  0x0000, 0x0000, 0x0000, 0x0000, 0x0000, 0x0000, 0x0000, 0x0000, 0x0000, 0x0000, 0x0000, 0x0000, 0x0000, 0x0000, 0x0000, 0x0000,
  0x0000, 0x0000, 0x0000, 0x0000, 0x0000, 0x0000, 0x0000, 0x0000, 0x0000, 0x0000, 0x0000, 0x0000, 0x0000, 0x0000, 0x0000, 0x0000,
  0x0000, 0x0000, 0x0000, 0x0000, 0x0000, 0x0000, 0x0000, 0x0000, 0x0000, 0x0000, 0x0000, 0x0000, 0x0000, 0x0000, 0x0000, 0x0000,
  0x0000, 0x0000, 0x0000, 0x0000, 0x0000, 0x0000, 0x0000, 0x0000, 0x0000, 0x0000, 0x0000, 0x0000, 0x0000, 0x0000, 0x0000, 0x0000,
  0x0000, 0x0000, 0x0000, 0x0000, 0x0000, 0x0000, 0x0000, 0x0000, 0x0000, 0x0000, 0x0000, 0x0000, 0x0000, 0x0000, 0x0000, 0x0000,
  0x0000, 0x0000, 0x0000, 0x0000, 0x0000, 0x0000, 0x0000, 0x0000, 0x0000, 0x0000, 0x0000, 0x0000, 0x0000, 0x0000, 0x0000, 0x0000,
  0x0000, 0x0000, 0x0000, 0x0000, 0x0000, 0x0000, 0x0000, 0x0000, 0x0000, 0x0000, 0x0000, 0x0000, 0x0000, 0x0000, 0x0000, 0x0000,
  0x0000, 0x0000, 0x0000, 0x0000, 0x0000, 0x0000, 0x0000, 0x0000, 0x0000, 0x0000, 0x0000, 0x0000, 0x0000, 0x0000, 0x0000, 0x0000,
  0x0000, 0x0000, 0x0000, 0x0000, 0x0000, 0x0000, 0x0000, 0x0000, 0x0000, 0x0000, 0x0000, 0x0000, 0x0000, 0x0000, 0x0000, 0x0000,
  0x0000, 0x0000, 0x0000, 0x0000, 0x0000, 0x0000, 0x0000, 0x0000, 0x0000, 0x0000, 0x0000, 0x0000, 0x0000, 0x0000, 0x0000, 0x0000,
  0x0000, 0x0000, 0x0000, 0x0000, 0x0000, 0x0000, 0x0000, 0x0000, 0x0000, 0x0000, 0x0000, 0x0000, 0x0000, 0x0000, 0x0000, 0x0000,
  0x0000, 0x0000, 0x0000, 0x0000, 0x0000, 0x0000, 0x0000, 0x0000, 0x0000, 0x0000, 0x0000, 0x0000, 0x0000, 0x0000, 0x0000, 0x0000,
  0x0000, 0x0000, 0x0000, 0x0000, 0x0000, 0x0000, 0x0000, 0x0000, 0x0000, 0x0000, 0x0000, 0x0000, 0x0000, 0x0000, 0x0000, 0x0000,
  0x0000, 0x0000, 0x0000, 0x0000, 0x0000, 0x0000, 0x0000, 0x0000, 0x0000, 0x0000, 0x0000, 0x0000, 0x0000, 0x0000, 0x0000, 0x0000,
  0x0000, 0x0000, 0x0000, 0x0000, 0x0000, 0x0000, 0x0000, 0x0000, 0x0000, 0x0000, 0x0000, 0x0000, 0x0000, 0x0000, 0x0000, 0x0000,
  0x0000, 0x0000, 0x0000, 0x0000, 0x0000, 0x0000, 0x0000, 0x0000, 0x0000, 0x0000, 0x0000, 0x0000, 0x0000, 0x0000, 0x0000, 0x0000,
  0x0000, 0x0000, 0x0000, 0x0000, 0x0000, 0x0000, 0x0000, 0x0000, 0x0000, 0x0000, 0x0000, 0x0000, 0x0000, 0x0000, 0x0000, 0x0000,
  0x0000, 0x0000, 0x0000, 0x0000, 0x0000, 0x0000, 0x0000, 0x0000, 0x0000, 0x0000, 0x0000, 0x0000, 0x0000, 0x0000, 0x0000, 0x0000,
  0x0000, 0x0000, 0x0000, 0x0000, 0x0000, 0x0000, 0x0000, 0x0000, 0x0000, 0x0000, 0x0000, 0x0000, 0x0000, 0x0000, 0x0000, 0x0000,
  0x0000, 0x0000, 0x0000, 0x0000, 0x0000, 0x0000, 0x0000, 0x0000, 0x0000, 0x0000, 0x0000, 0x0000, 0x0000, 0x0000, 0x0000, 0x0000,
  0x0000, 0x0000, 0x0000, 0x0000, 0x0000, 0x0000, 0x0000, 0x0000, 0x0000, 0x0000, 0x0000, 0x0000, 0x0000, 0x0000, 0x0000, 0x0000,
  0x0000, 0x0000, 0x0000, 0x0000, 0x0000, 0x0000, 0x0000, 0x0000, 0x0000, 0x0000, 0x0000, 0x0000, 0x0000, 0x0000, 0x0000, 0x0000,
  0x0000, 0x0000, 0x0000, 0x0000, 0x0000, 0x0000, 0x0000, 0x0000, 0x0000, 0x0000, 0x0000, 0x0000, 0x0000, 0x0000, 0x0000, 0x0000,
  0x0000, 0x0000, 0x0000, 0x0000, 0x0000, 0x0000, 0x0000, 0x0000, 0x0000, 0x0000, 0x0000, 0x0000, 0x0000, 0x0000, 0x0000, 0x0000,
  0x0000, 0x0000, 0x0000, 0x0000, 0x0000, 0x0000, 0x0000, 0x0000, 0x0000, 0x0000, 0x0000, 0x0000, 0x0000, 0x0000, 0x0000, 0x0000,
  0x0000, 0x0000, 0x0000, 0x0000, 0x0000, 0x0000, 0x0000, 0x0000, 0x0000, 0x0000, 0x0000, 0x0000, 0x0000, 0x0000, 0x0000, 0x0000,
  0x0000, 0x0000, 0x0000, 0x0000, 0x0000, 0x0000, 0x0000, 0x0000, 0x0000, 0x0000, 0x0000, 0x0000, 0x0000, 0x0000, 0x0000, 0x0000,
  0x0000, 0x0000, 0x0000, 0x0000, 0x0000, 0x0000, 0x0000, 0x0000, 0x0000, 0x0000, 0x0000, 0x0000, 0x0000, 0x0000, 0x0000, 0x0000,
  0x0000, 0x0000, 0x0000, 0x0000, 0x0000, 0x0000, 0x0000, 0x0000, 0x0000, 0x0000, 0x0000, 0x0000, 0x0000, 0x0000, 0x0000, 0x0000,
  0x0000, 0x0000, 0x0000, 0x0000, 0x0000, 0x0000, 0x0000, 0x0000, 0x0000, 0x0000, 0x0000, 0x0000, 0x0000, 0x0000, 0x0000, 0x0000,
  0x0000, 0x0000, 0x0000, 0x0000, 0x0000, 0x0000, 0x0000, 0x0000, 0x0000, 0x0000, 0x0000, 0x0000, 0x0000, 0x0000, 0x0000, 0x0000,
  0x0000, 0x0000, 0x0000, 0x0000, 0x0000, 0x0000, 0x0000, 0x0000, 0x0000, 0x0000, 0x0000, 0x0000, 0x0000, 0x0000, 0x0000, 0x0000,
  0x0000, 0x0000, 0x0000, 0x0000, 0x0000, 0x0000, 0x0000, 0x0000, 0x0000, 0x0000, 0x0000, 0x0000, 0x0000, 0x0000, 0x0000, 0x0000,
  0x0000, 0x0000, 0x0000, 0x0000, 0x0000, 0x0000, 0x0000, 0x0000, 0x0000, 0x0000, 0x0000, 0x0000, 0x0000, 0x0000, 0x0000, 0x0000,
  0x0000, 0x0000, 0x0000, 0x0000, 0x0000, 0x0000, 0x0000, 0x0000, 0x0000, 0x0000, 0x0000, 0x0000, 0x0000, 0x0000, 0x0000, 0x0000,
  0x0000, 0x0000, 0x0000, 0x0000, 0x0000, 0x0000, 0x0000, 0x0000, 0x0000, 0x0000, 0x0000, 0x0000, 0x0000, 0x0000, 0x0000, 0x0000,
  0x0000, 0x0000, 0x0000, 0x0000, 0x0000, 0x0000, 0x0000, 0x0000, 0x0000, 0x0000, 0x0000, 0x0000, 0x0000, 0x0000, 0x0000, 0x0000,
  0x0000, 0x0000, 0x0000, 0x0000, 0x0000, 0x0000, 0x0000, 0x0000, 0x0000, 0x0000, 0x0000, 0x0000, 0x0000, 0x0000, 0x0000, 0x0000,
  0x0000, 0x0000, 0x0000, 0x0000, 0x0000, 0x0000, 0x0000, 0x0000, 0x0000, 0x0000, 0x0000, 0x0000, 0x0000, 0x0000, 0x0000, 0x0000,
  0x0000, 0x0000, 0x0000, 0x0000, 0x0000, 0x0000, 0x0000, 0x0000, 0x0000, 0x0000, 0x0000, 0x0000, 0x0000, 0x0000, 0x0000, 0x0000,
  0x0000, 0x0000, 0x0000, 0x0000, 0x0000, 0x0000, 0x0000, 0x0000, 0x0000, 0x0000, 0x0000, 0x0000, 0x0000, 0x0000, 0x0000, 0x0000,
  0x0000, 0x0000, 0x0000, 0x0000, 0x0000, 0x0000, 0x0000, 0x0000, 0x0000, 0x0000, 0x0000, 0x0000, 0x0000, 0x0000, 0x0000, 0x0000,
  0x0000, 0x0000, 0x0000, 0x0000, 0x0000, 0x0000, 0x0000, 0x0000, 0x0000, 0x0000, 0x0000, 0x0000, 0x0000, 0x0000, 0x0000, 0x0000,
  0x0000, 0x0000, 0x0000, 0x0000, 0x0000, 0x0000, 0x0000, 0x0000, 0x0000, 0x0000, 0x0000, 0x0000, 0x0000, 0x0000, 0x0000, 0x0000,
  0x0000, 0x0000, 0x0000, 0x0000, 0x0000, 0x0000, 0x0000, 0x0000, 0x0000, 0x0000, 0x0000, 0x0000, 0x0000, 0x0000, 0x0000, 0x0000,
  0x0000, 0x0000, 0x0000, 0x0000, 0x0000, 0x0000, 0x0000, 0x0000, 0x0000, 0x0000, 0x0000, 0x0000, 0x0000, 0x0000, 0x0000, 0x0000,
  0x0000, 0x0000, 0x0000, 0x0000, 0x0000, 0x0000, 0x0000, 0x0000, 0x0000, 0x0000, 0x0000, 0x0000, 0x0000, 0x0000, 0x0000, 0x0000,
  0x0000, 0x0000, 0x0000, 0x0000, 0x0000, 0x0000, 0x0000, 0x0000, 0x0000, 0x0000, 0x0000, 0x0000, 0x0000, 0x0000, 0x0000, 0x0000,
  0x0000, 0x0000, 0x0000, 0x0000, 0x0000, 0x0000, 0x0000, 0x0000, 0x0000, 0x0000, 0x0000, 0x0000, 0x0000, 0x0000, 0x0000, 0x0000,
  0x0000, 0x0000, 0x0000, 0x0000, 0x0000, 0x0000, 0x0000, 0x0000, 0x0000, 0x0000, 0x0000, 0x0000, 0x0000, 0x0000, 0x0000, 0x0000,
  0x0000, 0x0000, 0x0000, 0x0000, 0x0000, 0x0000, 0x0000, 0x0000, 0x0000, 0x0000, 0x0000, 0x0000, 0x0000, 0x0000, 0x0000, 0x0000,
  0x0000, 0x0000, 0x0000, 0x0000, 0x0000, 0x0000, 0x0000, 0x0000, 0x0000, 0x0000, 0x0000, 0x0000, 0x0000, 0x0000, 0x0000, 0x0000,
  0x0000, 0x0000, 0x0000, 0x0000, 0x0000, 0x0000, 0x0000, 0x0000, 0x0000, 0x0000, 0x0000, 0x0000, 0x0000, 0x0000, 0x0000, 0x0000,
  0x0000, 0x0000, 0x0000, 0x0000, 0x0000, 0x0000, 0x0000, 0x0000, 0x0000, 0x0000, 0x0000, 0x0000, 0x0000, 0x0000, 0x0000, 0x0000,
  0x0000, 0x0000, 0x0000, 0x0000, 0x0000, 0x0000, 0x0000, 0x0000, 0x0000, 0x0000, 0x0000, 0x0000, 0x0000, 0x0000, 0x0000, 0x0000,
  0x0000, 0x0000, 0x0000, 0x0000, 0x0000, 0x0000, 0x0000, 0x0000, 0x0000, 0x0000, 0x0000, 0x0000, 0x0000, 0x0000, 0x0000, 0x0000,
  0x0000, 0x0000, 0x0000, 0x0000, 0x0000, 0x0000, 0x0000, 0x0000, 0x0000, 0x0000, 0x0000, 0x0000, 0x0000, 0x0000, 0x0000, 0x0000,
  0x0000, 0x0000, 0x0000, 0x0000, 0x0000, 0x0000, 0x0000, 0x0000, 0x0000, 0x0000, 0x0000, 0x0000, 0x0000, 0x0000, 0x0000, 0x0000,
  0x0000, 0x0000, 0x0000, 0x0000, 0x0000, 0x0000, 0x0000, 0x0000, 0x0000, 0x0000, 0x0000, 0x0000, 0x0000, 0x0000, 0x0000, 0x0000,
  0x0000, 0x0000, 0x0000, 0x0000, 0x0000, 0x0000, 0x0000, 0x0000, 0x0000, 0x0000, 0x0000, 0x0000, 0x0000, 0x0000, 0x0000, 0x0000,
  0x0000, 0x0000, 0x0000, 0x0000, 0x0000, 0x0000, 0x0000, 0x0000, 0x0000, 0x0000, 0x0000, 0x0000, 0x0000, 0x0000, 0x0000, 0x0000,
  0x0000, 0x0000, 0x0000, 0x0000, 0x0000, 0x0000, 0x0000, 0x0000, 0x0000, 0x0000, 0x0000, 0x0000, 0x0000, 0x0000, 0x0000, 0x0000,
  0x0000, 0x0000, 0x0000, 0x0000, 0x0000, 0x0000, 0x0000, 0x0000, 0x0000, 0x0000, 0x0000, 0x0000, 0x0000, 0x0000, 0x0000, 0x0000,
  0x0000, 0x0000, 0x0000, 0x0000, 0x0000, 0x0000, 0x0000, 0x0000, 0x0000, 0x0000, 0x0000, 0x0000, 0x0000, 0x0000, 0x0000, 0x0000,
  0x0000, 0x0000, 0x0000, 0x0000, 0x0000, 0x0000, 0x0000, 0x0000, 0x0000, 0x0000, 0x0000, 0x0000, 0x0000, 0x0000, 0x0000, 0x0000,
  0x0000, 0x0000, 0x0000, 0x0000, 0x0000, 0x0000, 0x0000, 0x0000, 0x0000, 0x0000, 0x0000, 0x0000, 0x0000, 0x0000, 0x0000, 0x0000,
  0x0000, 0x0000, 0x0000, 0x0000, 0x0000, 0x0000, 0x0000, 0x0000, 0x0000, 0x0000, 0x0000, 0x0000, 0x0000, 0x0000, 0x0000, 0x0000,
  0x0000, 0x0000, 0x0000, 0x0000, 0x0000, 0x0000, 0x0000, 0x0000, 0x0000, 0x0000, 0x0000, 0x0000, 0x0000, 0x0000, 0x0000, 0x0000,
  0x0000, 0x0000, 0x0000, 0x0000, 0x0000, 0x0000, 0x0000, 0x0000, 0x0000, 0x0000, 0x0000, 0x0000, 0x0000, 0x0000, 0x0000, 0x0000,
  0x0000, 0x0000, 0x0000, 0x0000, 0x0000, 0x0000, 0x0000, 0x0000, 0x0000, 0x0000, 0x0000, 0x0000, 0x0000, 0x0000, 0x0000, 0x0000,
  0x0000, 0x0000, 0x0000, 0x0000, 0x0000, 0x0000, 0x0000, 0x0000, 0x0000, 0x0000, 0x0000, 0x0000, 0x0000, 0x0000, 0x0000, 0x0000,
  0x0000, 0x0000, 0x0000, 0x0000, 0x0000, 0x0000, 0x0000, 0x0000, 0x0000, 0x0000, 0x0000, 0x0000, 0x0000, 0x0000, 0x0000, 0x0000,
  0x0000, 0x0000, 0x0000, 0x0000, 0x0000, 0x0000, 0x0000, 0x0000, 0x0000, 0x0000, 0x0000, 0x0000, 0x0000, 0x0000, 0x0000, 0x0000,
  0x0000, 0x0000, 0x0000, 0x0000, 0x0000, 0x0000, 0x0000, 0x0000, 0x0000, 0x0000, 0x0000, 0x0000, 0x0000, 0x0000, 0x0000, 0x0000,
  0x0000, 0x0000, 0x0000, 0x0000, 0x0000, 0x0000, 0x0000, 0x0000, 0x0000, 0x0000, 0x0000, 0x0000, 0x0000, 0x0000, 0x0000, 0x0000,
  0x0000, 0x0000, 0x0000, 0x0000, 0x0000, 0x0000, 0x0000, 0x0000, 0x0000, 0x0000, 0x0000, 0x0000, 0x0000, 0x0000, 0x0000, 0x0000,
  0x0000, 0x0000, 0x0000, 0x0000, 0x0000, 0x0000, 0x0000, 0x0000, 0x0000, 0x0000, 0x0000, 0x0000, 0x0000, 0x0000, 0x0000, 0x0000,
  0x0000, 0x0000, 0x0000, 0x0000, 0x0000, 0x0000, 0x0000, 0x0000, 0x0000, 0x0000, 0x0000, 0x0000, 0x0000, 0x0000, 0x0000, 0x0000,
  0x0000, 0x0000, 0x0000, 0x0000, 0x0000, 0x0000, 0x0000, 0x0000, 0x0000, 0x0000, 0x0000, 0x0000, 0x0000, 0x0000, 0x0000, 0x0000,
  0x0000, 0x0000, 0x0000, 0x0000, 0x0000, 0x0000, 0x0000, 0x0000, 0x0000, 0x0000, 0x0000, 0x0000, 0x0000, 0x0000, 0x0000, 0x0000,
  0x0000, 0x0000, 0x0000, 0x0000, 0x0000, 0x0000, 0x0000, 0x0000, 0x0000, 0x0000, 0x0000, 0x0000, 0x0000, 0x0000, 0x0000, 0x0000,
  0x0000, 0x0000, 0x0000, 0x0000, 0x0000, 0x0000, 0x0000, 0x0000, 0x0000, 0x0000, 0x0000, 0x0000, 0x0000, 0x0000, 0x0000, 0x0000,
  0x0000, 0x0000, 0x0000, 0x0000, 0x0000, 0x0000, 0x0000, 0x0000, 0x0000, 0x0000, 0x0000, 0x0000, 0x0000, 0x0000, 0x0000, 0x0000,
  0x0000, 0x0000, 0x0000, 0x0000, 0x0000, 0x0000, 0x0000, 0x0000, 0x0000, 0x0000, 0x0000, 0x0000, 0x0000, 0x0000, 0x0000, 0x0000,
  0x0000, 0x0000, 0x0000, 0x0000, 0x0000, 0x0000, 0x0000, 0x0000, 0x0000, 0x0000, 0x0000, 0x0000, 0x0000, 0x0000, 0x0000, 0x0000,
  0x0000, 0x0000, 0x0000, 0x0000, 0x0000, 0x0000, 0x0000, 0x0000, 0x0000, 0x0000, 0x0000, 0x0000, 0x0000, 0x0000, 0x0000, 0x0000,
  0x0000, 0x0000, 0x0000, 0x0000, 0x0000, 0x0000, 0x0000, 0x0000, 0x0000, 0x0000, 0x0000, 0x0000, 0x0000, 0x0000, 0x0000, 0x0000,
  0x0000, 0x0000, 0x0000, 0x0000, 0x0000, 0x0000, 0x0000, 0x0000, 0x0000, 0x0000, 0x0000, 0x0000, 0x0000, 0x0000, 0x0000, 0x0000,
  0x0000, 0x0000, 0x0000, 0x0000, 0x0000, 0x0000, 0x0000, 0x0000, 0x0000, 0x0000, 0x0000, 0x0000, 0x0000, 0x0000, 0x0000, 0x0000,
  0x0000, 0x0000, 0x0000, 0x0000, 0x0000, 0x0000, 0x0000, 0x0000, 0x0000, 0x0000, 0x0000, 0x0000, 0x0000, 0x0000, 0x0000, 0x0000,
  0x0000, 0x0000, 0x0000, 0x0000, 0x0000, 0x0000, 0x0000, 0x0000, 0x0000, 0x0000, 0x0000, 0x0000, 0x0000, 0x0000, 0x0000, 0x0000,
  0x0000, 0x0000, 0x0000, 0x0000, 0x0000, 0x0000, 0x0000, 0x0000, 0x0000, 0x0000, 0x0000, 0x0000, 0x0000, 0x0000, 0x0000, 0x0000,
  0x0000, 0x0000, 0x0000, 0x0000, 0x0000, 0x0000, 0x0000, 0x0000, 0x0000, 0x0000, 0x0000, 0x0000, 0x0000, 0x0000, 0x0000, 0x0000,
  0x0000, 0x0000, 0x0000, 0x0000, 0x0000, 0x0000, 0x0000, 0x0000, 0x0000, 0x0000, 0x0000, 0x0000, 0x0000, 0x0000, 0x0000, 0x0000,
  0x0000, 0x0000, 0x0000, 0x0000, 0x0000, 0x0000, 0x0000, 0x0000, 0x0000, 0x0000, 0x0000, 0x0000, 0x0000, 0x0000, 0x0000, 0x0000,
  0x0000, 0x0000, 0x0000, 0x0000, 0x0000, 0x0000, 0x0000, 0x0000, 0x0000, 0x0000, 0x0000, 0x0000, 0x0000, 0x0000, 0x0000, 0x0000,
  0x0000, 0x0000, 0x0000, 0x0000, 0x0000, 0x0000, 0x0000, 0x0000, 0x0000, 0x0000, 0x0000, 0x0000, 0x0000, 0x0000, 0x0000, 0x0000,
  0x0000, 0x0000, 0x0000, 0x0000, 0x0000, 0x0000, 0x0000, 0x0000, 0x0000, 0x0000, 0x0000, 0x0000, 0x0000, 0x0000, 0x0000, 0x0000,
  0x0000, 0x0000, 0x0000, 0x0000, 0x0000, 0x0000, 0x0000, 0x0000, 0x0000, 0x0000, 0x0000, 0x0000, 0x0000, 0x0000, 0x0000, 0x0000,
  0x0000, 0x0000, 0x0000, 0x0000, 0x0000, 0x0000, 0x0000, 0x0000, 0x0000, 0x0000, 0x0000, 0x0000, 0x0000, 0x0000, 0x0000, 0x0000,
  0x0000, 0x0000, 0x0000, 0x0000, 0x0000, 0x0000, 0x0000, 0x0000, 0x0000, 0x0000, 0x0000, 0x0000, 0x0000, 0x0000, 0x0000, 0x0000,
  0x0000, 0x0000, 0x0000, 0x0000, 0x0000, 0x0000, 0x0000, 0x0000, 0x0000, 0x0000, 0x0000, 0x0000, 0x0000, 0x0000, 0x0000, 0x0000,
  0x0000, 0x0000, 0x0000, 0x0000, 0x0000, 0x0000, 0x0000, 0x0000, 0x0000, 0x0000, 0x0000, 0x0000, 0x0000, 0x0000, 0x0000, 0x0000,
  0x0000, 0x0000, 0x0000, 0x0000, 0x0000, 0x0000, 0x0000, 0x0000, 0x0000, 0x0000, 0x0000, 0x0000, 0x0000, 0x0000, 0x0000, 0x0000,
  0x0000, 0x0000, 0x0000, 0x0000, 0x0000, 0x0000, 0x0000, 0x0000, 0x0000, 0x0000, 0x0000, 0x0000, 0x0000, 0x0000, 0x0000, 0x0000,
  0x0000, 0x0000, 0x0000, 0x0000, 0x0000, 0x0000, 0x0000, 0x0000, 0x0000, 0x0000, 0x0000, 0x0000, 0x0000, 0x0000, 0x0000, 0x0000,
  0x0000, 0x0000, 0x0000, 0x0000, 0x0000, 0x0000, 0x0000, 0x0000, 0x0000, 0x0000, 0x0000, 0x0000, 0x0000, 0x0000, 0x0000, 0x0000,
  0x0000, 0x0000, 0x0000, 0x0000, 0x0000, 0x0000, 0x0000, 0x0000, 0x0000, 0x0000, 0x0000, 0x0000, 0x0000, 0x0000, 0x0000, 0x0000,
  0x0000, 0x0000, 0x0000, 0x0000, 0x0000, 0x0000, 0x0000, 0x0000, 0x0000, 0x0000, 0x0000, 0x0000, 0x0000, 0x0000, 0x0000, 0x0000,
  0x0000, 0x0000, 0x0000, 0x0000, 0x0000, 0x0000, 0x0000, 0x0000, 0x0000, 0x0000, 0x0000, 0x0000, 0x0000, 0x0000, 0x0000, 0x0000,
  0x0000, 0x0000, 0x0000, 0x0000, 0x0000, 0x0000, 0x0000, 0x0000, 0x0000, 0x0000, 0x0000, 0x0000, 0x0000, 0x0000, 0x0000, 0x0000,
  0x0000, 0x0000, 0x0000, 0x0000, 0x0000, 0x0000, 0x0000, 0x0000, 0x0000, 0x0000, 0x0000, 0x0000, 0x0000, 0x0000, 0x0000, 0x0000,
  0x0000, 0x0000, 0x0000, 0x0000, 0x0000, 0x0000, 0x0000, 0x0000, 0x0000, 0x0000, 0x0000, 0x0000, 0x0000, 0x0000, 0x0000, 0x0000,
  0x0000, 0x0000, 0x0000, 0x0000, 0x0000, 0x0000, 0x0000, 0x0000, 0x0000, 0x0000, 0x0000, 0x0000, 0x0000, 0x0000, 0x0000, 0x0000,
  0x0000, 0x0000, 0x0000, 0x0000, 0x0000, 0x0000, 0x0000, 0x0000, 0x0000, 0x0000, 0x0000, 0x0000, 0x0000, 0x0000, 0x0000, 0x0000,
  0x0000, 0x0000, 0x0000, 0x0000, 0x0000, 0x0000, 0x0000, 0x0000, 0x0000, 0x0000, 0x0000, 0x0000, 0x0000, 0x0000, 0x0000, 0x0000,
  0x0000, 0x0000, 0x0000, 0x0000, 0x0000, 0x0000, 0x0000, 0x0000, 0x0000, 0x0000, 0x0000, 0x0000, 0x0000, 0x0000, 0x0000, 0x0000,
  0x0000, 0x0000, 0x0000, 0x0000, 0x0000, 0x0000, 0x0000, 0x0000, 0x0000, 0x0000, 0x0000, 0x0000, 0x0000, 0x0000, 0x0000, 0x0000,
  0x0000, 0x0000, 0x0000, 0x0000, 0x0000, 0x0000, 0x0000, 0x0000, 0x0000, 0x0000, 0x0000, 0x0000, 0x0000, 0x0000, 0x0000, 0x0000,
  0x0000, 0x0000, 0x0000, 0x0000, 0x0000, 0x0000, 0x0000, 0x0000, 0x0000, 0x0000, 0x0000, 0x0000, 0x0000, 0x0000, 0x0000, 0x0000,
  0x0000, 0x0000, 0x0000, 0x0000, 0x0000, 0x0000, 0x0000, 0x0000, 0x0000, 0x0000, 0x0000, 0x0000, 0x0000, 0x0000, 0x0000, 0x0000,
  0x0000, 0x0000, 0x0000, 0x0000, 0x0000, 0x0000, 0x0000, 0x0000, 0x0000, 0x0000, 0x0000, 0x0000, 0x0000, 0x0000, 0x0000, 0x0000,
  0x0000, 0x0000, 0x0000, 0x0000, 0x0000, 0x0000, 0x0000, 0x0000, 0x0000, 0x0000, 0x0000, 0x0000, 0x0000, 0x0000, 0x0000, 0x0000,
  0x0000, 0x0000, 0x0000, 0x0000, 0x0000, 0x0000, 0x0000, 0x0000, 0x0000, 0x0000, 0x0000, 0x0000, 0x0000, 0x0000, 0x0000, 0x0000,
  0x0000, 0x0000, 0x0000, 0x0000, 0x0000, 0x0000, 0x0000, 0x0000, 0x0000, 0x0000, 0x0000, 0x0000, 0x0000, 0x0000, 0x0000, 0x0000,
  0x0000, 0x0000, 0x0000, 0x0000, 0x0000, 0x0000, 0x0000, 0x0000, 0x0000, 0x0000, 0x0000, 0x0000, 0x0000, 0x0000, 0x0000, 0x0000,
  0x0000, 0x0000, 0x0000, 0x0000, 0x0000, 0x0000, 0x0000, 0x0000, 0x0000, 0x0000, 0x0000, 0x0000, 0x0000, 0x0000, 0x0000, 0x0000,
  0x0000, 0x0000, 0x0000, 0x0000, 0x0000, 0x0000, 0x0000, 0x0000, 0x0000, 0x0000, 0x0000, 0x0000, 0x0000, 0x0000, 0x0000, 0x0000,
  0x0000, 0x0000, 0x0000, 0x0000, 0x0000, 0x0000, 0x0000, 0x0000, 0x0000, 0x0000, 0x0000, 0x0000, 0x0000, 0x0000, 0x0000, 0x0000,
  0x0000, 0x0000, 0x0000, 0x0000, 0x0000, 0x0000, 0x0000, 0x0000, 0x0000, 0x0000, 0x0000, 0x0000, 0x0000, 0x0000, 0x0000, 0x0000,
  0x0000, 0x0000, 0x0000, 0x0000, 0x0000, 0x0000, 0x0000, 0x0000, 0x0000, 0x0000, 0x0000, 0x0000, 0x0000, 0x0000, 0x0000, 0x0000,
  0x0000, 0x0000, 0x0000, 0x0000, 0x0000, 0x0000, 0x0000, 0x0000, 0x0000, 0x0000, 0x0000, 0x0000, 0x0000, 0x0000, 0x0000, 0x0000,
  0x0000, 0x0000, 0x0000, 0x0000, 0x0000, 0x0000, 0x0000, 0x0000, 0x0000, 0x0000, 0x0000, 0x0000, 0x0000, 0x0000, 0x0000, 0x0000,
  0x0000, 0x0000, 0x0000, 0x0000, 0x0000, 0x0000, 0x0000, 0x0000, 0x0000, 0x0000, 0x0000, 0x0000, 0x0000, 0x0000, 0x0000, 0x0000,
  0x0000, 0x0000, 0x0000, 0x0000, 0x0000, 0x0000, 0x0000, 0x0000, 0x0000, 0x0000, 0x0000, 0x0000, 0x0000, 0x0000, 0x0000, 0x0000,
  0x0000, 0x0000, 0x0000, 0x0000, 0x0000, 0x0000, 0x0000, 0x0000, 0x0000, 0x0000, 0x0000, 0x0000, 0x0000, 0x0000, 0x0000, 0x0000,
  0x0000, 0x0000, 0x0000, 0x0000, 0x0000, 0x0000, 0x0000, 0x0000, 0x0000, 0x0000, 0x0000, 0x0000, 0x0000, 0x0000, 0x0000, 0x0000,
  0x0000, 0x0000, 0x0000, 0x0000, 0x0000, 0x0000, 0x0000, 0x0000, 0x0000, 0x0000, 0x0000, 0x0000, 0x0000, 0x0000, 0x0000, 0x0000,
  0x0000, 0x0000, 0x0000, 0x0000, 0x0000, 0x0000, 0x0000, 0x0000, 0x0000, 0x0000, 0x0000, 0x0000, 0x0000, 0x0000, 0x0000, 0x0000,
  0x0000, 0x0000, 0x0000, 0x0000, 0x0000, 0x0000, 0x0000, 0x0000, 0x0000, 0x0000, 0x0000, 0x0000, 0x0000, 0x0000, 0x0000, 0x0000,
  0x0000, 0x0000, 0x0000, 0x0000, 0x0000, 0x0000, 0x0000, 0x0000, 0x0000, 0x0000, 0x0000, 0x0000, 0x0000, 0x0000, 0x0000, 0x0000,
  0x0000, 0x0000, 0x0000, 0x0000, 0x0000, 0x0000, 0x0000, 0x0000, 0x0000, 0x0000, 0x0000, 0x0000, 0x0000, 0x0000, 0x0000, 0x0000,
  0x0000, 0x0000, 0x0000, 0x0000, 0x0000, 0x0000, 0x0000, 0x0000, 0x0000, 0x0000, 0x0000, 0x0000, 0x0000, 0x0000, 0x0000, 0x0000,
  0x0000, 0x0000, 0x0000, 0x0000, 0x0000, 0x0000, 0x0000, 0x0000, 0x0000, 0x0000, 0x0000, 0x0000, 0x0000, 0x0000, 0x0000, 0x0000,
  0x0000, 0x0000, 0x0000, 0x0000, 0x0000, 0x0000, 0x0000, 0x0000, 0x0000, 0x0000, 0x0000, 0x0000, 0x0000, 0x0000, 0x0000, 0x0000,
  0x0000, 0x0000, 0x0000, 0x0000, 0x0000, 0x0000, 0x0000, 0x0000, 0x0000, 0x0000, 0x0000, 0x0000, 0x0000, 0x0000, 0x0000, 0x0000,
  0x0000, 0x0000, 0x0000, 0x0000, 0x0000, 0x0000, 0x0000, 0x0000, 0x0000, 0x0000, 0x0000, 0x0000, 0x0000, 0x0000, 0x0000, 0x0000,
  0x0000, 0x0000, 0x0000, 0x0000, 0x0000, 0x0000, 0x0000, 0x0000, 0x0000, 0x0000, 0x0000, 0x0000, 0x0000, 0x0000, 0x0000, 0x0000,
  0x0000, 0x0000, 0x0000, 0x0000, 0x0000, 0x0000, 0x0000, 0x0000, 0x0000, 0x0000, 0x0000, 0x0000, 0x0000, 0x0000, 0x0000, 0x0000,
  0x0000, 0x0000, 0x0000, 0x0000, 0x0000, 0x0000, 0x0000, 0x0000, 0x0000, 0x0000, 0x0000, 0x0000, 0x0000, 0x0000, 0x0000, 0x0000,
  0x0000, 0x0000, 0x0000, 0x0000, 0x0000, 0x0000, 0x0000, 0x0000, 0x0000, 0x0000, 0x0000, 0x0000, 0x0000, 0x0000, 0x0000, 0x0000,
  0x0000, 0x0000, 0x0000, 0x0000, 0x0000, 0x0000, 0x0000, 0x0000, 0x0000, 0x0000, 0x0000, 0x0000, 0x0000, 0x0000, 0x0000, 0x0000,
  0x0000, 0x0000, 0x0000, 0x0000, 0x0000, 0x0000, 0x0000, 0x0000, 0x0000, 0x0000, 0x0000, 0x0000, 0x0000, 0x0000, 0x0000, 0x0000,
  0x0000, 0x0000, 0x0000, 0x0000, 0x0000, 0x0000, 0x0000, 0x0000, 0x0000, 0x0000, 0x0000, 0x0000, 0x0000, 0x0000, 0x0000, 0x0000,
  0x0000, 0x0000, 0x0000, 0x0000, 0x0000, 0x0000, 0x0000, 0x0000, 0x0000, 0x0000, 0x0000, 0x0000, 0x0000, 0x0000, 0x0000, 0x0000,
  0x0000, 0x0000, 0x0000, 0x0000, 0x0000, 0x0000, 0x0000, 0x0000, 0x0000, 0x0000, 0x0000, 0x0000, 0x0000, 0x0000, 0x0000, 0x0000,
  0x0000, 0x0000, 0x0000, 0x0000, 0x0000, 0x0000, 0x0000, 0x0000, 0x0000, 0x0000, 0x0000, 0x0000, 0x0000, 0x0000, 0x0000, 0x0000,
  0x0000, 0x0000, 0x0000, 0x0000, 0x0000, 0x0000, 0x0000, 0x0000, 0x0000, 0x0000, 0x0000, 0x0000, 0x0000, 0x0000, 0x0000, 0x0000,
  0x0000, 0x0000, 0x0000, 0x0000, 0x0000, 0x0000, 0x0000, 0x0000, 0x0000, 0x0000, 0x0000, 0x0000, 0x0000, 0x0000, 0x0000, 0x0000,
  0x0000, 0x0000, 0x0000, 0x0000, 0x0000, 0x0000, 0x0000, 0x0000, 0x0000, 0x0000, 0x0000, 0x0000, 0x0000, 0x0000, 0x0000, 0x0000,
  0x0000, 0x0000, 0x0000, 0x0000, 0x0000, 0x0000, 0x0000, 0x0000, 0x0000, 0x0000, 0x0000, 0x0000, 0x0000, 0x0000, 0x0000, 0x0000,
  0x0000, 0x0000, 0x0000, 0x0000, 0x0000, 0x0000, 0x0000, 0x0000, 0x0000, 0x0000, 0x0000, 0x0000, 0x0000, 0x0000, 0x0000, 0x0000,
  0x0000, 0x0000, 0x0000, 0x0000, 0x0000, 0x0000, 0x0000, 0x0000, 0x0000, 0x0000, 0x0000, 0x0000, 0x0000, 0x0000, 0x0000, 0x0000,
  0x0000, 0x0000, 0x0000, 0x0000, 0x0000, 0x0000, 0x0000, 0x0000, 0x0000, 0x0000, 0x0000, 0x0000, 0x0000, 0x0000, 0x0000, 0x0000,
  0x0000, 0x0000, 0x0000, 0x0000, 0x0000, 0x0000, 0x0000, 0x0000, 0x0000, 0x0000, 0x0000, 0x0000, 0x0000, 0x0000, 0x0000, 0x0000,
  0x0000, 0x0000, 0x0000, 0x0000, 0x0000, 0x0000, 0x0000, 0x0000, 0x0000, 0x0000, 0x0000, 0x0000, 0x0000, 0x0000, 0x0000, 0x0000,
  0x0000, 0x0000, 0x0000, 0x0000, 0x0000, 0x0000, 0x0000, 0x0000, 0x0000, 0x0000, 0x0000, 0x0000, 0x0000, 0x0000, 0x0000, 0x0000,
  0x0000, 0x0000, 0x0000, 0x0000, 0x0000, 0x0000, 0x0000, 0x0000, 0x0000, 0x0000, 0x0000, 0x0000, 0x0000, 0x0000, 0x0000, 0x0000,
  0x0000, 0x0000, 0x0000, 0x0000, 0x0000, 0x0000, 0x0000, 0x0000, 0x0000, 0x0000, 0x0000, 0x0000, 0x0000, 0x0000, 0x0000, 0x0000,
  0x0000, 0x0000, 0x0000, 0x0000, 0x0000, 0x0000, 0x0000, 0x0000, 0x0000, 0x0000, 0x0000, 0x0000, 0x0000, 0x0000, 0x0000, 0x0000,
  0x0000, 0x0000, 0x0000, 0x0000, 0x0000, 0x0000, 0x0000, 0x0000, 0x0000, 0x0000, 0x0000, 0x0000, 0x0000, 0x0000, 0x0000, 0x0000,
  0x0000, 0x0000, 0x0000, 0x0000, 0x0000, 0x0000, 0x0000, 0x0000, 0x0000, 0x0000, 0x0000, 0x0000, 0x0000, 0x0000, 0x0000, 0x0000,
  0x0000, 0x0000, 0x0000, 0x0000, 0x0000, 0x0000, 0x0000, 0x0000, 0x0000, 0x0000, 0x0000, 0x0000, 0x0000, 0x0000, 0x0000, 0x0000,
  0x0000, 0x0000, 0x0000, 0x0000, 0x0000, 0x0000, 0x0000, 0x0000, 0x0000, 0x0000, 0x0000, 0x0000, 0x0000, 0x0000, 0x0000, 0x0000,
  0x0000, 0x0000, 0x0000, 0x0000, 0x0000, 0x0000, 0x0000, 0x0000, 0x0000, 0x0000, 0x0000, 0x0000, 0x0000, 0x0000, 0x0000, 0x0000,
  0x0000, 0x0000, 0x0000, 0x0000, 0x0000, 0x0000, 0x0000, 0x0000, 0x0000, 0x0000, 0x0000, 0x0000, 0x0000, 0x0000, 0x0000, 0x0000,
  0x0000, 0x0000, 0x0000, 0x0000, 0x0000, 0x0000, 0x0000, 0x0000, 0x0000, 0x0000, 0x0000, 0x0000, 0x0000, 0x0000, 0x0000, 0x0000,
  0x0000, 0x0000, 0x0000, 0x0000, 0x0000, 0x0000, 0x0000, 0x0000, 0x0000, 0x0000, 0x0000, 0x0000, 0x0000, 0x0000, 0x0000, 0x0000,
  0x0000, 0x0000, 0x0000, 0x0000, 0x0000, 0x0000, 0x0000, 0x0000, 0x0000, 0x0000, 0x0000, 0x0000, 0x0000, 0x0000, 0x0000, 0x0000,
  0x0000, 0x0000, 0x0000, 0x0000, 0x0000, 0x0000, 0x0000, 0x0000, 0x0000, 0x0000, 0x0000, 0x0000, 0x0000, 0x0000, 0x0000, 0x0000,
  0x0000, 0x0000, 0x0000, 0x0000, 0x0000, 0x0000, 0x0000, 0x0000, 0x0000, 0x0000, 0x0000, 0x0000, 0x0000, 0x0000, 0x0000, 0x0000,
  0x0000, 0x0000, 0x0000, 0x0000, 0x0000, 0x0000, 0x0000, 0x0000, 0x0000, 0x0000, 0x0000, 0x0000, 0x0000, 0x0000, 0x0000, 0x0000,
  0x0000, 0x0000, 0x0000, 0x0000, 0x0000, 0x0000, 0x0000, 0x0000, 0x0000, 0x0000, 0x0000, 0x0000, 0x0000, 0x0000, 0x0000, 0x0000,
  0x0000, 0x0000, 0x0000, 0x0000, 0x0000, 0x0000, 0x0000, 0x0000, 0x0000, 0x0000, 0x0000, 0x0000, 0x0000, 0x0000, 0x0000, 0x0000,
  0x0000, 0x0000, 0x0000, 0x0000, 0x0000, 0x0000, 0x0000, 0x0000, 0x0000, 0x0000, 0x0000, 0x0000, 0x0000, 0x0000, 0x0000, 0x0000,
  0x0000, 0x0000, 0x0000, 0x0000, 0x0000, 0x0000, 0x0000, 0x0000, 0x0000, 0x0000, 0x0000, 0x0000, 0x0000, 0x0000, 0x0000, 0x0000,
  0x0000, 0x0000, 0x0000, 0x0000, 0x0000, 0x0000, 0x0000, 0x0000, 0x0000, 0x0000, 0x0000, 0x0000, 0x0000, 0x0000, 0x0000, 0x0000,
  0x0000, 0x0000, 0x0000, 0x0000, 0x0000, 0x0000, 0x0000, 0x0000, 0x0000, 0x0000, 0x0000, 0x0000, 0x0000, 0x0000, 0x0000, 0x0000,
  0x0000, 0x0000, 0x0000, 0x0000, 0x0000, 0x0000, 0x0000, 0x0000, 0x0000, 0x0000, 0x0000, 0x0000, 0x0000, 0x0000, 0x0000, 0x0000,
  0x0000, 0x0000, 0x0000, 0x0000, 0x0000, 0x0000, 0x0000, 0x0000, 0x0000, 0x0000, 0x0000, 0x0000, 0x0000, 0x0000, 0x0000, 0x0000,
  0x0000, 0x0000, 0x0000, 0x0000, 0x0000, 0x0000, 0x0000, 0x0000, 0x0000, 0x0000, 0x0000, 0x0000, 0x0000, 0x0000, 0x0000, 0x0000,
  0x0000, 0x0000, 0x0000, 0x0000, 0x0000, 0x0000, 0x0000, 0x0000, 0x0000, 0x0000, 0x0000, 0x0000, 0x0000, 0x0000, 0x0000, 0x0000,
  0x0000, 0x0000, 0x0000, 0x0000, 0x0000, 0x0000, 0x0000, 0x0000, 0x0000, 0x0000, 0x0000, 0x0000, 0x0000, 0x0000, 0x0000, 0x0000,
  0x0000, 0x0000, 0x0000, 0x0000, 0x0000, 0x0000, 0x0000, 0x0000, 0x0000, 0x0000, 0x0000, 0x0000, 0x0000, 0x0000, 0x0000, 0x0000,
  0x0000, 0x0000, 0x0000, 0x0000, 0x0000, 0x0000, 0x0000, 0x0000, 0x0000, 0x0000, 0x0000, 0x0000, 0x0000, 0x0000, 0x0000, 0x0000,
  0x0000, 0x0000, 0x0000, 0x0000, 0x0000, 0x0000, 0x0000, 0x0000, 0x0000, 0x0000, 0x0000, 0x0000, 0x0000, 0x0000, 0x0000, 0x0000,
  0x0000, 0x0000, 0x0000, 0x0000, 0x0000, 0x0000, 0x0000, 0x0000, 0x0000, 0x0000, 0x0000, 0x0000, 0x0000, 0x0000, 0x0000, 0x0000,
  0x0000, 0x0000, 0x0000, 0x0000, 0x0000, 0x0000, 0x0000, 0x0000, 0x0000, 0x0000, 0x0000, 0x0000, 0x0000, 0x0000, 0x0000, 0x0000,
  0x0000, 0x0000, 0x0000, 0x0000, 0x0000, 0x0000, 0x0000, 0x0000, 0x0000, 0x0000, 0x0000, 0x0000, 0x0000, 0x0000, 0x0000, 0x0000,
  0x0000, 0x0000, 0x0000, 0x0000, 0x0000, 0x0000, 0x0000, 0x0000, 0x0000, 0x0000, 0x0000, 0x0000, 0x0000, 0x0000, 0x0000, 0x0000,
  0x0000, 0x0000, 0x0000, 0x0000, 0x0000, 0x0000, 0x0000, 0x0000, 0x0000, 0x0000, 0x0000, 0x0000, 0x0000, 0x0000, 0x0000, 0x0000,
  0x0000, 0x0000, 0x0000, 0x0000, 0x0000, 0x0000, 0x0000, 0x0000, 0x0000, 0x0000, 0x0000, 0x0000, 0x0000, 0x0000, 0x0000, 0x0000,
  0x0000, 0x0000, 0x0000, 0x0000, 0x0000, 0x0000, 0x0000, 0x0000, 0x0000, 0x0000, 0x0000, 0x0000, 0x0000, 0x0000, 0x0000, 0x0000,
  0x0000, 0x0000, 0x0000, 0x0000, 0x0000, 0x0000, 0x0000, 0x0000, 0x0000, 0x0000, 0x0000, 0x0000, 0x0000, 0x0000, 0x0000, 0x0000,
  0x0000, 0x0000, 0x0000, 0x0000, 0x0000, 0x0000, 0x0000, 0x0000, 0x0000, 0x0000, 0x0000, 0x0000, 0x0000, 0x0000, 0x0000, 0x0000,
  0x0000, 0x0000, 0x0000, 0x0000, 0x0000, 0x0000, 0x0000, 0x0000, 0x0000, 0x0000, 0x0000, 0x0000, 0x0000, 0x0000, 0x0000, 0x0000,
  0x0000, 0x0000, 0x0000, 0x0000, 0x0000, 0x0000, 0x0000, 0x0000, 0x0000, 0x0000, 0x0000, 0x0000, 0x0000, 0x0000, 0x0000, 0x0000,
  0x0000, 0x0000, 0x0000, 0x0000, 0x0000, 0x0000, 0x0000, 0x0000, 0x0000, 0x0000, 0x0000, 0x0000, 0x0000, 0x0000, 0x0000, 0x0000,
  0x0000, 0x0000, 0x0000, 0x0000, 0x0000, 0x0000, 0x0000, 0x0000, 0x0000, 0x0000, 0x0000, 0x0000, 0x0000, 0x0000, 0x0000, 0x0000,
  0x0000, 0x0000, 0x0000, 0x0000, 0x0000, 0x0000, 0x0000, 0x0000, 0x0000, 0x0000, 0x0000, 0x0000, 0x0000, 0x0000, 0x0000, 0x0000,
  0x0000, 0x0000, 0x0000, 0x0000, 0x0000, 0x0000, 0x0000, 0x0000, 0x0000, 0x0000, 0x0000, 0x0000, 0x0000, 0x0000, 0x0000, 0x0000,
  0x0000, 0x0000, 0x0000, 0x0000, 0x0000, 0x0000, 0x0000, 0x0000, 0x0000, 0x0000, 0x0000, 0x0000, 0x0000, 0x0000, 0x0000, 0x0000,
  0x0000, 0x0000, 0x0000, 0x0000, 0x0000, 0x0000, 0x0000, 0x0000, 0x0000, 0x0000, 0x0000, 0x0000, 0x0000, 0x0000, 0x0000, 0x0000,
  0x0000, 0x0000, 0x0000, 0x0000, 0x0000, 0x0000, 0x0000, 0x0000, 0x0000, 0x0000, 0x0000, 0x0000, 0x0000, 0x0000, 0x0000, 0x0000,
  0x0000, 0x0000, 0x0000, 0x0000, 0x0000, 0x0000, 0x0000, 0x0000, 0x0000, 0x0000, 0x0000, 0x0000, 0x0000, 0x0000, 0x0000, 0x0000,
  0x0000, 0x0000, 0x0000, 0x0000, 0x0000, 0x0000, 0x0000, 0x0000, 0x0000, 0x0000, 0x0000, 0x0000, 0x0000, 0x0000, 0x0000, 0x0000,
  0x0000, 0x0000, 0x0000, 0x0000, 0x0000, 0x0000, 0x0000, 0x0000, 0x0000, 0x0000, 0x0000, 0x0000, 0x0000, 0x0000, 0x0000, 0x0000,
  0x0000, 0x0000, 0x0000, 0x0000, 0x0000, 0x0000, 0x0000, 0x0000, 0x0000, 0x0000, 0x0000, 0x0000, 0x0000, 0x0000, 0x0000, 0x0000,
  0x0000, 0x0000, 0x0000, 0x0000, 0x0000, 0x0000, 0x0000, 0x0000, 0x0000, 0x0000, 0x0000, 0x0000, 0x0000, 0x0000, 0x0000, 0x0000,
  0x0000, 0x0000, 0x0000, 0x0000, 0x0000, 0x0000, 0x0000, 0x0000, 0x0000, 0x0000, 0x0000, 0x0000, 0x0000, 0x0000, 0x0000, 0x0000,
  0x0000, 0x0000, 0x0000, 0x0000, 0x0000, 0x0000, 0x0000, 0x0000, 0x0000, 0x0000, 0x0000, 0x0000, 0x0000, 0x0000, 0x0000, 0x0000,
  0x0000, 0x0000, 0x0000, 0x0000, 0x0000, 0x0000, 0x0000, 0x0000, 0x0000, 0x0000, 0x0000, 0x0000, 0x0000, 0x0000, 0x0000, 0x0000,
  0x0000, 0x0000, 0x0000, 0x0000, 0x0000, 0x0000, 0x0000, 0x0000, 0x0000, 0x0000, 0x0000, 0x0000, 0x0000, 0x0000, 0x0000, 0x0000,
  0x0000, 0x0000, 0x0000, 0x0000, 0x0000, 0x0000, 0x0000, 0x0000, 0x0000, 0x0000, 0x0000, 0x0000, 0x0000, 0x0000, 0x0000, 0x0000,
  0x0000, 0x0000, 0x0000, 0x0000, 0x0000, 0x0000, 0x0000, 0x0000, 0x0000, 0x0000, 0x0000, 0x0000, 0x0000, 0x0000, 0x0000, 0x0000,
  0x0000, 0x0000, 0x0000, 0x0000, 0x0000, 0x0000, 0x0000, 0x0000, 0x0000, 0x0000, 0x0000, 0x0000, 0x0000, 0x0000, 0x0000, 0x0000,
  0x0000, 0x0000, 0x0000, 0x0000, 0x0000, 0x0000, 0x0000, 0x0000, 0x0000, 0x0000, 0x0000, 0x0000, 0x0000, 0x0000, 0x0000, 0x0000,
  0x0000, 0x0000, 0x0000, 0x0000, 0x0000, 0x0000, 0x0000, 0x0000, 0x0000, 0x0000, 0x0000, 0x0000, 0x0000, 0x0000, 0x0000, 0x0000,
  0x0000, 0x0000, 0x0000, 0x0000, 0x0000, 0x0000, 0x0000, 0x0000, 0x0000, 0x0000, 0x0000, 0x0000, 0x0000, 0x0000, 0x0000, 0x0000,
  0x0000, 0x0000, 0x0000, 0x0000, 0x0000, 0x0000, 0x0000, 0x0000, 0x0000, 0x0000, 0x0000, 0x0000, 0x0000, 0x0000, 0x0000, 0x0000,
  0x0000, 0x0000, 0x0000, 0x0000, 0x0000, 0x0000, 0x0000, 0x0000, 0x0000, 0x0000, 0x0000, 0x0000, 0x0000, 0x0000, 0x0000, 0x0000,
  0x0000, 0x0000, 0x0000, 0x0000, 0x0000, 0x0000, 0x0000, 0x0000, 0x0000, 0x0000, 0x0000, 0x0000, 0x0000, 0x0000, 0x0000, 0x0000,
  0x0000, 0x0000, 0x0000, 0x0000, 0x0000, 0x0000, 0x0000, 0x0000, 0x0000, 0x0000, 0x0000, 0x0000, 0x0000, 0x0000, 0x0000, 0x0000,
  0x0000, 0x0000, 0x0000, 0x0000, 0x0000, 0x0000, 0x0000, 0x0000, 0x0000, 0x0000, 0x0000, 0x0000, 0x0000, 0x0000, 0x0000, 0x0000,
  0x0000, 0x0000, 0x0000, 0x0000, 0x0000, 0x0000, 0x0000, 0x0000, 0x0000, 0x0000, 0x0000, 0x0000, 0x0000, 0x0000, 0x0000, 0x0000,
  0x0000, 0x0000, 0x0000, 0x0000, 0x0000, 0x0000, 0x0000, 0x0000, 0x0000, 0x0000, 0x0000, 0x0000, 0x0000, 0x0000, 0x0000, 0x0000,
  0x0000, 0x0000, 0x0000, 0x0000, 0x0000, 0x0000, 0x0000, 0x0000, 0x0000, 0x0000, 0x0000, 0x0000, 0x0000, 0x0000, 0x0000, 0x0000,
  0x0000, 0x0000, 0x0000, 0x0000, 0x0000, 0x0000, 0x0000, 0x0000, 0x0000, 0x0000, 0x0000, 0x0000, 0x0000, 0x0000, 0x0000, 0x0000,
  0x0000, 0x0000, 0x0000, 0x0000, 0x0000, 0x0000, 0x0000, 0x0000, 0x0000, 0x0000, 0x0000, 0x0000, 0x0000, 0x0000, 0x0000, 0x0000,
  0x0000, 0x0000, 0x0000, 0x0000, 0x0000, 0x0000, 0x0000, 0x0000, 0x0000, 0x0000, 0x0000, 0x0000, 0x0000, 0x0000, 0x0000, 0x0000,
  0x0000, 0x0000, 0x0000, 0x0000, 0x0000, 0x0000, 0x0000, 0x0000, 0x0000, 0x0000, 0x0000, 0x0000, 0x0000, 0x0000, 0x0000, 0x0000,
  0x0000, 0x0000, 0x0000, 0x0000, 0x0000, 0x0000, 0x0000, 0x0000, 0x0000, 0x0000, 0x0000, 0x0000, 0x0000, 0x0000, 0x0000, 0x0000,
  0x0000, 0x0000, 0x0000, 0x0000, 0x0000, 0x0000, 0x0000, 0x0000, 0x0000, 0x0000, 0x0000, 0x0000, 0x0000, 0x0000, 0x0000, 0x0000,
  0x0000, 0x0000, 0x0000, 0x0000, 0x0000, 0x0000, 0x0000, 0x0000, 0x0000, 0x0000, 0x0000, 0x0000, 0x0000, 0x0000, 0x0000, 0x0000,
  0x0000, 0x0000, 0x0000, 0x0000, 0x0000, 0x0000, 0x0000, 0x0000, 0x0000, 0x0000, 0x0000, 0x0000, 0x0000, 0x0000, 0x0000, 0x0000,
  0x0000, 0x0000, 0x0000, 0x0000, 0x0000, 0x0000, 0x0000, 0x0000, 0x0000, 0x0000, 0x0000, 0x0000, 0x0000, 0x0000, 0x0000, 0x0000,
  0x0000, 0x0000, 0x0000, 0x0000, 0x0000, 0x0000, 0x0000, 0x0000, 0x0000, 0x0000, 0x0000, 0x0000, 0x0000, 0x0000, 0x0000, 0x0000,
  0x0000, 0x0000, 0x0000, 0x0000, 0x0000, 0x0000, 0x0000, 0x0000, 0x0000, 0x0000, 0x0000, 0x0000, 0x0000, 0x0000, 0x0000, 0x0000,
  0x0000, 0x0000, 0x0000, 0x0000, 0x0000, 0x0000, 0x0000, 0x0000, 0x0000, 0x0000, 0x0000, 0x0000, 0x0000, 0x0000, 0x0000, 0x0000,
  0x0000, 0x0000, 0x0000, 0x0000, 0x0000, 0x0000, 0x0000, 0x0000, 0x0000, 0x0000, 0x0000, 0x0000, 0x0000, 0x0000, 0x0000, 0x0000,
  0x0000, 0x0000, 0x0000, 0x0000, 0x0000, 0x0000, 0x0000, 0x0000, 0x0000, 0x0000, 0x0000, 0x0000, 0x0000, 0x0000, 0x0000, 0x0000,
  0x0000, 0x0000, 0x0000, 0x0000, 0x0000, 0x0000, 0x0000, 0x0000, 0x0000, 0x0000, 0x0000, 0x0000, 0x0000, 0x0000, 0x0000, 0x0000,
  0x0000, 0x0000, 0x0000, 0x0000, 0x0000, 0x0000, 0x0000, 0x0000, 0x0000, 0x0000, 0x0000, 0x0000, 0x0000, 0x0000, 0x0000, 0x0000,
  0x0000, 0x0000, 0x0000, 0x0000, 0x0000, 0x0000, 0x0000, 0x0000, 0x0000, 0x0000, 0x0000, 0x0000, 0x0000, 0x0000, 0x0000, 0x0000,
  0x0000, 0x0000, 0x0000, 0x0000, 0x0000, 0x0000, 0x0000, 0x0000, 0x0000, 0x0000, 0x0000, 0x0000, 0x0000, 0x0000, 0x0000, 0x0000,
  0x0000, 0x0000, 0x0000, 0x0000, 0x0000, 0x0000, 0x0000, 0x0000, 0x0000, 0x0000, 0x0000, 0x0000, 0x0000, 0x0000, 0x0000, 0x0000,
  0x0000, 0x0000, 0x0000, 0x0000, 0x0000, 0x0000, 0x0000, 0x0000, 0x0000, 0x0000, 0x0000, 0x0000, 0x0000, 0x0000, 0x0000, 0x0000,
  0x0000, 0x0000, 0x0000, 0x0000, 0x0000, 0x0000, 0x0000, 0x0000, 0x0000, 0x0000, 0x0000, 0x0000, 0x0000, 0x0000, 0x0000, 0x0000,
  0x0000, 0x0000, 0x0000, 0x0000, 0x0000, 0x0000, 0x0000, 0x0000, 0x0000, 0x0000, 0x0000, 0x0000, 0x0000, 0x0000, 0x0000, 0x0000,
  0x0000, 0x0000, 0x0000, 0x0000, 0x0000, 0x0000, 0x0000, 0x0000, 0x0000, 0x0000, 0x0000, 0x0000, 0x0000, 0x0000, 0x0000, 0x0000,
  0x0000, 0x0000, 0x0000, 0x0000, 0x0000, 0x0000, 0x0000, 0x0000, 0x0000, 0x0000, 0x0000, 0x0000, 0x0000, 0x0000, 0x0000, 0x0000,
  0x0000, 0x0000, 0x0000, 0x0000, 0x0000, 0x0000, 0x0000, 0x0000, 0x0000, 0x0000, 0x0000, 0x0000, 0x0000, 0x0000, 0x0000, 0x0000,
  0x0000, 0x0000, 0x0000, 0x0000, 0x0000, 0x0000, 0x0000, 0x0000, 0x0000, 0x0000, 0x0000, 0x0000, 0x0000, 0x0000, 0x0000, 0x0000,
  0x0000, 0x0000, 0x0000, 0x0000, 0x0000, 0x0000, 0x0000, 0x0000, 0x0000, 0x0000, 0x0000, 0x0000, 0x0000, 0x0000, 0x0000, 0x0000,
  0x0000, 0x0000, 0x0000, 0x0000, 0x0000, 0x0000, 0x0000, 0x0000, 0x0000, 0x0000, 0x0000, 0x0000, 0x0000, 0x0000, 0x0000, 0x0000,
  0x0000, 0x0000, 0x0000, 0x0000, 0x0000, 0x0000, 0x0000, 0x0000, 0x0000, 0x0000, 0x0000, 0x0000, 0x0000, 0x0000, 0x0000, 0x0000,
  0x0000, 0x0000, 0x0000, 0x0000, 0x0000, 0x0000, 0x0000, 0x0000, 0x0000, 0x0000, 0x0000, 0x0000, 0x0000, 0x0000, 0x0000, 0x0000,
  0x0000, 0x0000, 0x0000, 0x0000, 0x0000, 0x0000, 0x0000, 0x0000, 0x0000, 0x0000, 0x0000, 0x0000, 0x0000, 0x0000, 0x0000, 0x0000,
  0x0000, 0x0000, 0x0000, 0x0000, 0x0000, 0x0000, 0x0000, 0x0000, 0x0000, 0x0000, 0x0000, 0x0000, 0x0000, 0x0000, 0x0000, 0x0000,
  0x0000, 0x0000, 0x0000, 0x0000, 0x0000, 0x0000, 0x0000, 0x0000, 0x0000, 0x0000, 0x0000, 0x0000, 0x0000, 0x0000, 0x0000, 0x0000,
  0x0000, 0x0000, 0x0000, 0x0000, 0x0000, 0x0000, 0x0000, 0x0000, 0x0000, 0x0000, 0x0000, 0x0000, 0x0000, 0x0000, 0x0000, 0x0000,
  0x0000, 0x0000, 0x0000, 0x0000, 0x0000, 0x0000, 0x0000, 0x0000, 0x0000, 0x0000, 0x0000, 0x0000, 0x0000, 0x0000, 0x0000, 0x0000,
  0x0000, 0x0000, 0x0000, 0x0000, 0x0000, 0x0000, 0x0000, 0x0000, 0x0000, 0x0000, 0x0000, 0x0000, 0x0000, 0x0000, 0x0000, 0x0000,
  0x0000, 0x0000, 0x0000, 0x0000, 0x0000, 0x0000, 0x0000, 0x0000, 0x0000, 0x0000, 0x0000, 0x0000, 0x0000, 0x0000, 0x0000, 0x0000,
  0x0000, 0x0000, 0x0000, 0x0000, 0x0000, 0x0000, 0x0000, 0x0000, 0x0000, 0x0000, 0x0000, 0x0000, 0x0000, 0x0000, 0x0000, 0x0000,
  0x0000, 0x0000, 0x0000, 0x0000, 0x0000, 0x0000, 0x0000, 0x0000, 0x0000, 0x0000, 0x0000, 0x0000, 0x0000, 0x0000, 0x0000, 0x0000,
  0x0000, 0x0000, 0x0000, 0x0000, 0x0000, 0x0000, 0x0000, 0x0000, 0x0000, 0x0000, 0x0000, 0x0000, 0x0000, 0x0000, 0x0000, 0x0000,
  0x0000, 0x0000, 0x0000, 0x0000, 0x0000, 0x0000, 0x0000, 0x0000, 0x0000, 0x0000, 0x0000, 0x0000, 0x0000, 0x0000, 0x0000, 0x0000,
  0x0000, 0x0000, 0x0000, 0x0000, 0x0000, 0x0000, 0x0000, 0x0000, 0x0000, 0x0000, 0x0000, 0x0000, 0x0000, 0x0000, 0x0000, 0x0000,
  0x0000, 0x0000, 0x0000, 0x0000, 0x0000, 0x0000, 0x0000, 0x0000, 0x0000, 0x0000, 0x0000, 0x0000, 0x0000, 0x0000, 0x0000, 0x0000,
  0x0000, 0x0000, 0x0000, 0x0000, 0x0000, 0x0000, 0x0000, 0x0000, 0x0000, 0x0000, 0x0000, 0x0000, 0x0000, 0x0000, 0x0000, 0x0000,
  0x0000, 0x0000, 0x0000, 0x0000, 0x0000, 0x0000, 0x0000, 0x0000, 0x0000, 0x0000, 0x0000, 0x0000, 0x0000, 0x0000, 0x0000, 0x0000,
  0x0000, 0x0000, 0x0000, 0x0000, 0x0000, 0x0000, 0x0000, 0x0000, 0x0000, 0x0000, 0x0000, 0x0000, 0x0000, 0x0000, 0x0000, 0x0000,
  0x0000, 0x0000, 0x0000, 0x0000, 0x0000, 0x0000, 0x0000, 0x0000, 0x0000, 0x0000, 0x0000, 0x0000, 0x0000, 0x0000, 0x0000, 0x0000,
  0x0000, 0x0000, 0x0000, 0x0000, 0x0000, 0x0000, 0x0000, 0x0000, 0x0000, 0x0000, 0x0000, 0x0000, 0x0000, 0x0000, 0x0000, 0x0000,
  0x0000, 0x0000, 0x0000, 0x0000, 0x0000, 0x0000, 0x0000, 0x0000, 0x0000, 0x0000, 0x0000, 0x0000, 0x0000, 0x0000, 0x0000, 0x0000,
  0x0000, 0x0000, 0x0000, 0x0000, 0x0000, 0x0000, 0x0000, 0x0000, 0x0000, 0x0000, 0x0000, 0x0000, 0x0000, 0x0000, 0x0000, 0x0000,
  0x0000, 0x0000, 0x0000, 0x0000, 0x0000, 0x0000, 0x0000, 0x0000, 0x0000, 0x0000, 0x0000, 0x0000, 0x0000, 0x0000, 0x0000, 0x0000,
  0x0000, 0x0000, 0x0000, 0x0000, 0x0000, 0x0000, 0x0000, 0x0000, 0x0000, 0x0000, 0x0000, 0x0000, 0x0000, 0x0000, 0x0000, 0x0000,
  0x0000, 0x0000, 0x0000, 0x0000, 0x0000, 0x0000, 0x0000, 0x0000, 0x0000, 0x0000, 0x0000, 0x0000, 0x0000, 0x0000, 0x0000, 0x0000,
  0x0000, 0x0000, 0x0000, 0x0000, 0x0000, 0x0000, 0x0000, 0x0000, 0x0000, 0x0000, 0x0000, 0x0000, 0x0000, 0x0000, 0x0000, 0x0000,
  0x0000, 0x0000, 0x0000, 0x0000, 0x0000, 0x0000, 0x0000, 0x0000, 0x0000, 0x0000, 0x0000, 0x0000, 0x0000, 0x0000, 0x0000, 0x0000,
  0x0000, 0x0000, 0x0000, 0x0000, 0x0000, 0x0000, 0x0000, 0x0000, 0x0000, 0x0000, 0x0000, 0x0000, 0x0000, 0x0000, 0x0000, 0x0000,
  0x0000, 0x0000, 0x0000, 0x0000, 0x0000, 0x0000, 0x0000, 0x0000, 0x0000, 0x0000, 0x0000, 0x0000, 0x0000, 0x0000, 0x0000, 0x0000,
  0x0000, 0x0000, 0x0000, 0x0000, 0x0000, 0x0000, 0x0000, 0x0000, 0x0000, 0x0000, 0x0000, 0x0000, 0x0000, 0x0000, 0x0000, 0x0000,
  0x0000, 0x0000, 0x0000, 0x0000, 0x0000, 0x0000, 0x0000, 0x0000, 0x0000, 0x0000, 0x0000, 0x0000, 0x0000, 0x0000, 0x0000, 0x0000,
  0x0000, 0x0000, 0x0000, 0x0000, 0x0000, 0x0000, 0x0000, 0x0000, 0x0000, 0x0000, 0x0000, 0x0000, 0x0000, 0x0000, 0x0000, 0x0000,
  0x0000, 0x0000, 0x0000, 0x0000, 0x0000, 0x0000, 0x0000, 0x0000, 0x0000, 0x0000, 0x0000, 0x0000, 0x0000, 0x0000, 0x0000, 0x0000,
  0x0000, 0x0000, 0x0000, 0x0000, 0x0000, 0x0000, 0x0000, 0x0000, 0x0000, 0x0000, 0x0000, 0x0000, 0x0000, 0x0000, 0x0000, 0x0000,
  0x0000, 0x0000, 0x0000, 0x0000, 0x0000, 0x0000, 0x0000, 0x0000, 0x0000, 0x0000, 0x0000, 0x0000, 0x0000, 0x0000, 0x0000, 0x0000,
  0x0000, 0x0000, 0x0000, 0x0000, 0x0000, 0x0000, 0x0000, 0x0000, 0x0000, 0x0000, 0x0000, 0x0000, 0x0000, 0x0000, 0x0000, 0x0000,
  0x0000, 0x0000, 0x0000, 0x0000, 0x0000, 0x0000, 0x0000, 0x0000, 0x0000, 0x0000, 0x0000, 0x0000, 0x0000, 0x0000, 0x0000, 0x0000,
  0x0000, 0x0000, 0x0000, 0x0000, 0x0000, 0x0000, 0x0000, 0x0000, 0x0000, 0x0000, 0x0000, 0x0000, 0x0000, 0x0000, 0x0000, 0x0000,
  0x0000, 0x0000, 0x0000, 0x0000, 0x0000, 0x0000, 0x0000, 0x0000, 0x0000, 0x0000, 0x0000, 0x0000, 0x0000, 0x0000, 0x0000, 0x0000,
  0x0000, 0x0000, 0x0000, 0x0000, 0x0000, 0x0000, 0x0000, 0x0000, 0x0000, 0x0000, 0x0000, 0x0000, 0x0000, 0x0000, 0x0000, 0x0000,
  0x0000, 0x0000, 0x0000, 0x0000, 0x0000, 0x0000, 0x0000, 0x0000, 0x0000, 0x0000, 0x0000, 0x0000, 0x0000, 0x0000, 0x0000, 0x0000,
  0x0000, 0x0000, 0x0000, 0x0000, 0x0000, 0x0000, 0x0000, 0x0000, 0x0000, 0x0000, 0x0000, 0x0000, 0x0000, 0x0000, 0x0000, 0x0000,
  0x0000, 0x0000, 0x0000, 0x0000, 0x0000, 0x0000, 0x0000, 0x0000, 0x0000, 0x0000, 0x0000, 0x0000, 0x0000, 0x0000, 0x0000, 0x0000,
  0x0000, 0x0000, 0x0000, 0x0000, 0x0000, 0x0000, 0x0000, 0x0000, 0x0000, 0x0000, 0x0000, 0x0000, 0x0000, 0x0000, 0x0000, 0x0000,
  0x0000, 0x0000, 0x0000, 0x0000, 0x0000, 0x0000, 0x0000, 0x0000, 0x0000, 0x0000, 0x0000, 0x0000, 0x0000, 0x0000, 0x0000, 0x0000,
  0x0000, 0x0000, 0x0000, 0x0000, 0x0000, 0x0000, 0x0000, 0x0000, 0x0000, 0x0000, 0x0000, 0x0000, 0x0000, 0x0000, 0x0000, 0x0000,
  0x0000, 0x0000, 0x0000, 0x0000, 0x0000, 0x0000, 0x0000, 0x0000, 0x0000, 0x0000, 0x0000, 0x0000, 0x0000, 0x0000, 0x0000, 0x0000,
  0x0000, 0x0000, 0x0000, 0x0000, 0x0000, 0x0000, 0x0000, 0x0000, 0x0000, 0x0000, 0x0000, 0x0000, 0x0000, 0x0000, 0x0000, 0x0000,
  0x0000, 0x0000, 0x0000, 0x0000, 0x0000, 0x0000, 0x0000, 0x0000, 0x0000, 0x0000, 0x0000, 0x0000, 0x0000, 0x0000, 0x0000, 0x0000,
  0x0000, 0x0000, 0x0000, 0x0000, 0x0000, 0x0000, 0x0000, 0x0000, 0x0000, 0x0000, 0x0000, 0x0000, 0x0000, 0x0000, 0x0000, 0x0000,
  0x0000, 0x0000, 0x0000, 0x0000, 0x0000, 0x0000, 0x0000, 0x0000, 0x0000, 0x0000, 0x0000, 0x0000, 0x0000, 0x0000, 0x0000, 0x0000,
  0x0000, 0x0000, 0x0000, 0x0000, 0x0000, 0x0000, 0x0000, 0x0000, 0x0000, 0x0000, 0x0000, 0x0000, 0x0000, 0x0000, 0x0000, 0x0000,
  0x0000, 0x0000, 0x0000, 0x0000, 0x0000, 0x0000, 0x0000, 0x0000, 0x0000, 0x0000, 0x0000, 0x0000, 0x0000, 0x0000, 0x0000, 0x0000,
  0x0000, 0x0000, 0x0000, 0x0000, 0x0000, 0x0000, 0x0000, 0x0000, 0x0000, 0x0000, 0x0000, 0x0000, 0x0000, 0x0000, 0x0000, 0x0000,
  0x0000, 0x0000, 0x0000, 0x0000, 0x0000, 0x0000, 0x0000, 0x0000, 0x0000, 0x0000, 0x0000, 0x0000, 0x0000, 0x0000, 0x0000, 0x0000,
  0x0000, 0x0000, 0x0000, 0x0000, 0x0000, 0x0000, 0x0000, 0x0000, 0x0000, 0x0000, 0x0000, 0x0000, 0x0000, 0x0000, 0x0000, 0x0000,
  0x0000, 0x0000, 0x0000, 0x0000, 0x0000, 0x0000, 0x0000, 0x0000, 0x0000, 0x0000, 0x0000, 0x0000, 0x0000, 0x0000, 0x0000, 0x0000,
  0x0000, 0x0000, 0x0000, 0x0000, 0x0000, 0x0000, 0x0000, 0x0000, 0x0000, 0x0000, 0x0000, 0x0000, 0x0000, 0x0000, 0x0000, 0x0000,
  0x0000, 0x0000, 0x0000, 0x0000, 0x0000, 0x0000, 0x0000, 0x0000, 0x0000, 0x0000, 0x0000, 0x0000, 0x0000, 0x0000, 0x0000, 0x0000,
  0x0000, 0x0000, 0x0000, 0x0000, 0x0000, 0x0000, 0x0000, 0x0000, 0x0000, 0x0000, 0x0000, 0x0000, 0x0000, 0x0000, 0x0000, 0x0000,
  0x0000, 0x0000, 0x0000, 0x0000, 0x0000, 0x0000, 0x0000, 0x0000, 0x0000, 0x0000, 0x0000, 0x0000, 0x0000, 0x0000, 0x0000, 0x0000,
  0x0000, 0x0000, 0x0000, 0x0000, 0x0000, 0x0000, 0x0000, 0x0000, 0x0000, 0x0000, 0x0000, 0x0000, 0x0000, 0x0000, 0x0000, 0x0000,
  0x0000, 0x0000, 0x0000, 0x0000, 0x0000, 0x0000, 0x0000, 0x0000, 0x0000, 0x0000, 0x0000, 0x0000, 0x0000, 0x0000, 0x0000, 0x0000,
  0x0000, 0x0000, 0x0000, 0x0000, 0x0000, 0x0000, 0x0000, 0x0000, 0x0000, 0x0000, 0x0000, 0x0000, 0x0000, 0x0000, 0x0000, 0x0000,
  0x0000, 0x0000, 0x0000, 0x0000, 0x0000, 0x0000, 0x0000, 0x0000, 0x0000, 0x0000, 0x0000, 0x0000, 0x0000, 0x0000, 0x0000, 0x0000,
  0x0000, 0x0000, 0x0000, 0x0000, 0x0000, 0x0000, 0x0000, 0x0000, 0x0000, 0x0000, 0x0000, 0x0000, 0x0000, 0x0000, 0x0000, 0x0000,
  0x0000, 0x0000, 0x0000, 0x0000, 0x0000, 0x0000, 0x0000, 0x0000, 0x0000, 0x0000, 0x0000, 0x0000, 0x0000, 0x0000, 0x0000, 0x0000,
  0x0000, 0x0000, 0x0000, 0x0000, 0x0000, 0x0000, 0x0000, 0x0000, 0x0000, 0x0000, 0x0000, 0x0000, 0x0000, 0x0000, 0x0000, 0x0000,
  0x0000, 0x0000, 0x0000, 0x0000, 0x0000, 0x0000, 0x0000, 0x0000, 0x0000, 0x0000, 0x0000, 0x0000, 0x0000, 0x0000, 0x0000, 0x0000,
  0x0000, 0x0000, 0x0000, 0x0000, 0x0000, 0x0000, 0x0000, 0x0000, 0x0000, 0x0000, 0x0000, 0x0000, 0x0000, 0x0000, 0x0000, 0x0000,
  0x0000, 0x0000, 0x0000, 0x0000, 0x0000, 0x0000, 0x0000, 0x0000, 0x0000, 0x0000, 0x0000, 0x0000, 0x0000, 0x0000, 0x0000, 0x0000,
  0x0000, 0x0000, 0x0000, 0x0000, 0x0000, 0x0000, 0x0000, 0x0000, 0x0000, 0x0000, 0x0000, 0x0000, 0x0000, 0x0000, 0x0000, 0x0000,
  0x0000, 0x0000, 0x0000, 0x0000, 0x0000, 0x0000, 0x0000, 0x0000, 0x0000, 0x0000, 0x0000, 0x0000, 0x0000, 0x0000, 0x0000, 0x0000,
  0x0000, 0x0000, 0x0000, 0x0000, 0x0000, 0x0000, 0x0000, 0x0000, 0x0000, 0x0000, 0x0000, 0x0000, 0x0000, 0x0000, 0x0000, 0x0000,
  0x0000, 0x0000, 0x0000, 0x0000, 0x0000, 0x0000, 0x0000, 0x0000, 0x0000, 0x0000, 0x0000, 0x0000, 0x0000, 0x0000, 0x0000, 0x0000,
  0x0000, 0x0000, 0x0000, 0x0000, 0x0000, 0x0000, 0x0000, 0x0000, 0x0000, 0x0000, 0x0000, 0x0000, 0x0000, 0x0000, 0x0000, 0x0000,
  0x0000, 0x0000, 0x0000, 0x0000, 0x0000, 0x0000, 0x0000, 0x0000, 0x0000, 0x0000, 0x0000, 0x0000, 0x0000, 0x0000, 0x0000, 0x0000,
  0x0000, 0x0000, 0x0000, 0x0000, 0x0000, 0x0000, 0x0000, 0x0000, 0x0000, 0x0000, 0x0000, 0x0000, 0x0000, 0x0000, 0x0000, 0x0000,
  0x0000, 0x0000, 0x0000, 0x0000, 0x0000, 0x0000, 0x0000, 0x0000, 0x0000, 0x0000, 0x0000, 0x0000, 0x0000, 0x0000, 0x0000, 0x0000,
  0x0000, 0x0000, 0x0000, 0x0000, 0x0000, 0x0000, 0x0000, 0x0000, 0x0000, 0x0000, 0x0000, 0x0000, 0x0000, 0x0000, 0x0000, 0x0000,
  0x0000, 0x0000, 0x0000, 0x0000, 0x0000, 0x0000, 0x0000, 0x0000, 0x0000, 0x0000, 0x0000, 0x0000, 0x0000, 0x0000, 0x0000, 0x0000,
  0x0000, 0x0000, 0x0000, 0x0000, 0x0000, 0x0000, 0x0000, 0x0000, 0x0000, 0x0000, 0x0000, 0x0000, 0x0000, 0x0000, 0x0000, 0x0000,
  0x0000, 0x0000, 0x0000, 0x0000, 0x0000, 0x0000, 0x0000, 0x0000, 0x0000, 0x0000, 0x0000, 0x0000, 0x0000, 0x0000, 0x0000, 0x0000,
  0x0000, 0x0000, 0x0000, 0x0000, 0x0000, 0x0000, 0x0000, 0x0000, 0x0000, 0x0000, 0x0000, 0x0000, 0x0000, 0x0000, 0x0000, 0x0000,
  0x0000, 0x0000, 0x0000, 0x0000, 0x0000, 0x0000, 0x0000, 0x0000, 0x0000, 0x0000, 0x0000, 0x0000, 0x0000, 0x0000, 0x0000, 0x0000,
  0x0000, 0x0000, 0x0000, 0x0000, 0x0000, 0x0000, 0x0000, 0x0000, 0x0000, 0x0000, 0x0000, 0x0000, 0x0000, 0x0000, 0x0000, 0x0000,
  0x0000, 0x0000, 0x0000, 0x0000, 0x0000, 0x0000, 0x0000, 0x0000, 0x0000, 0x0000, 0x0000, 0x0000, 0x0000, 0x0000, 0x0000, 0x0000,
  0x0000, 0x0000, 0x0000, 0x0000, 0x0000, 0x0000, 0x0000, 0x0000, 0x0000, 0x0000, 0x0000, 0x0000, 0x0000, 0x0000, 0x0000, 0x0000,
  0x0000, 0x0000, 0x0000, 0x0000, 0x0000, 0x0000, 0x0000, 0x0000, 0x0000, 0x0000, 0x0000, 0x0000, 0x0000, 0x0000, 0x0000, 0x0000,
  0x0000, 0x0000, 0x0000, 0x0000, 0x0000, 0x0000, 0x0000, 0x0000, 0x0000, 0x0000, 0x0000, 0x0000, 0x0000, 0x0000, 0x0000, 0x0000,
  0x0000, 0x0000, 0x0000, 0x0000, 0x0000, 0x0000, 0x0000, 0x0000, 0x0000, 0x0000, 0x0000, 0x0000, 0x0000, 0x0000, 0x0000, 0x0000,
  0x0000, 0x0000, 0x0000, 0x0000, 0x0000, 0x0000, 0x0000, 0x0000, 0x0000, 0x0000, 0x0000, 0x0000, 0x0000, 0x0000, 0x0000, 0x0000,
  0x0000, 0x0000, 0x0000, 0x0000, 0x0000, 0x0000, 0x0000, 0x0000, 0x0000, 0x0000, 0x0000, 0x0000, 0x0000, 0x0000, 0x0000, 0x0000,
  0x0000, 0x0000, 0x0000, 0x0000, 0x0000, 0x0000, 0x0000, 0x0000, 0x0000, 0x0000, 0x0000, 0x0000, 0x0000, 0x0000, 0x0000, 0x0000,
  0x0000, 0x0000, 0x0000, 0x0000, 0x0000, 0x0000, 0x0000, 0x0000, 0x0000, 0x0000, 0x0000, 0x0000, 0x0000, 0x0000, 0x0000, 0x0000,
  0x0000, 0x0000, 0x0000, 0x0000, 0x0000, 0x0000, 0x0000, 0x0000, 0x0000, 0x0000, 0x0000, 0x0000, 0x0000, 0x0000, 0x0000, 0x0000,
  0x0000, 0x0000, 0x0000, 0x0000, 0x0000, 0x0000, 0x0000, 0x0000, 0x0000, 0x0000, 0x0000, 0x0000, 0x0000, 0x0000, 0x0000, 0x0000,
  0x0000, 0x0000, 0x0000, 0x0000, 0x0000, 0x0000, 0x0000, 0x0000, 0x0000, 0x0000, 0x0000, 0x0000, 0x0000, 0x0000, 0x0000, 0x0000,
  0x0000, 0x0000, 0x0000, 0x0000, 0x0000, 0x0000, 0x0000, 0x0000, 0x0000, 0x0000, 0x0000, 0x0000, 0x0000, 0x0000, 0x0000, 0x0000,
  0x0000, 0x0000, 0x0000, 0x0000, 0x0000, 0x0000, 0x0000, 0x0000, 0x0000, 0x0000, 0x0000, 0x0000, 0x0000, 0x0000, 0x0000, 0x0000,
  0x0000, 0x0000, 0x0000, 0x0000, 0x0000, 0x0000, 0x0000, 0x0000, 0x0000, 0x0000, 0x0000, 0x0000, 0x0000, 0x0000, 0x0000, 0x0000,
  0x0000, 0x0000, 0x0000, 0x0000, 0x0000, 0x0000, 0x0000, 0x0000, 0x0000, 0x0000, 0x0000, 0x0000, 0x0000, 0x0000, 0x0000, 0x0000,
  0x0000, 0x0000, 0x0000, 0x0000, 0x0000, 0x0000, 0x0000, 0x0000, 0x0000, 0x0000, 0x0000, 0x0000, 0x0000, 0x0000, 0x0000, 0x0000,
  0x0000, 0x0000, 0x0000, 0x0000, 0x0000, 0x0000, 0x0000, 0x0000, 0x0000, 0x0000, 0x0000, 0x0000, 0x0000, 0x0000, 0x0000, 0x0000,
  0x0000, 0x0000, 0x0000, 0x0000, 0x0000, 0x0000, 0x0000, 0x0000, 0x0000, 0x0000, 0x0000, 0x0000, 0x0000, 0x0000, 0x0000, 0x0000,
  0x0000, 0x0000, 0x0000, 0x0000, 0x0000, 0x0000, 0x0000, 0x0000, 0x0000, 0x0000, 0x0000, 0x0000, 0x0000, 0x0000, 0x0000, 0x0000,
  0x0000, 0x0000, 0x0000, 0x0000, 0x0000, 0x0000, 0x0000, 0x0000, 0x0000, 0x0000, 0x0000, 0x0000, 0x0000, 0x0000, 0x0000, 0x0000,
  0x0000, 0x0000, 0x0000, 0x0000, 0x0000, 0x0000, 0x0000, 0x0000, 0x0000, 0x0000, 0x0000, 0x0000, 0x0000, 0x0000, 0x0000, 0x0000,
  0x0000, 0x0000, 0x0000, 0x0000, 0x0000, 0x0000, 0x0000, 0x0000, 0x0000, 0x0000, 0x0000, 0x0000, 0x0000, 0x0000, 0x0000, 0x0000,
  0x0000, 0x0000, 0x0000, 0x0000, 0x0000, 0x0000, 0x0000, 0x0000, 0x0000, 0x0000, 0x0000, 0x0000, 0x0000, 0x0000, 0x0000, 0x0000,
  0x0000, 0x0000, 0x0000, 0x0000, 0x0000, 0x0000, 0x0000, 0x0000, 0x0000, 0x0000, 0x0000, 0x0000, 0x0000, 0x0000, 0x0000, 0x0000,
  0x0000, 0x0000, 0x0000, 0x0000, 0x0000, 0x0000, 0x0000, 0x0000, 0x0000, 0x0000, 0x0000, 0x0000, 0x0000, 0x0000, 0x0000, 0x0000,
};
static const int LOGO_W = 240;
static const int LOGO_H = 240;
